{"lr_gumbel_bin":0.001,"stage1_test_loss":0.6451507773950873,"_timestamp":1.7759008026326373e+09,"best_val_loss":0.8612307415527551,"stage1_test_acc":77.48583204533746,"stage1_test_f1":0.6742216948894117,"stage2_hard_bin_mask_str":"[1.0, 1.0, 1.0, 1.0, 1.0, 1.0, 1.0, 0.0, 0.0, 0.0, 0.0, 0.0, 0.0, 0.0, 0.0, 0.0, 0.0, 0.0, 0.0, 0.0, 0.0, 0.0, 0.0, 0.0, 0.0, 0.0, 0.0, 0.0, 0.0, 0.0, 0.0, 0.0, 0.0, 0.0, 0.0, 0.0, 0.0, 0.0, 0.0, 0.0, 0.0, 0.0, 0.0, 0.0, 0.0, 0.0, 0.0, 0.0, 0.0, 0.0, 0.0]","stage_1_separableconvcnn/confusion_matrix_table":{"_latest_artifact_path":"wandb-client-artifact://564tqp0bv6y5y261czfsv15f96r3r42tzeo0h18zqdre3s6mtt9eomb903qipj1hr2eh56wqp7tfgbq852cvci5ea7kfrfgf3p3me6q3apck4k9nzwffzbft7x3ii2r5:latest/stage_1_separableconvcnn/confusion_matrix_table.table.json","_type":"table-file","path":"media/table/stage_1_separableconvcnn/confusion_matrix_table_0_4c71ec94cf2c83db86b4.table.json","sha256":"4c71ec94cf2c83db86b494c32addd054f445d91a59497064ef560bc5319677b7","size":2015,"log_mode":"IMMUTABLE","ncols":3,"artifact_path":"wandb-client-artifact://dsxfhklhj9qgtdtqxnfuw8ug30node24j9ig1ia413oz383lw7bx0evscdctcvaf6i35bolatlmk63finvuvgd0u03xro5p6lo2xtqtchhhbj9chmymkocac60wo3v2b/stage_1_separableconvcnn/confusion_matrix_table.table.json","nrows":64},"lr":0.001,"val_loss":0.8959386339121039,"train_acc":58.990648305251945,"stage3_test_loss":0.7451206004708653,"stage3_test_f1":0.6397547587902629,"stage2_test_acc":73.086038124678,"stage_3_separableconvcnn/confusion_matrix_table":{"sha256":"d16221db5b2462bcf27c5b4eadddec7d06908e95c207ec6a74152ec83a9afdbe","artifact_path":"wandb-client-artifact://faf9qd2de3zmlbom55q7gpmj47l0q40z4jlz6y4hm8pb3e6xinn0bgsntkwftgjb846dfdr0z03zhqgpug6x7wwfs9ywpln754lcb5i19nfcefxtdzr3eh8ivk3siamn/stage_3_separableconvcnn/confusion_matrix_table.table.json","path":"media/table/stage_3_separableconvcnn/confusion_matrix_table_5_d16221db5b2462bcf27c.table.json","nrows":64,"log_mode":"IMMUTABLE","_latest_artifact_path":"wandb-client-artifact://v6ircdzx0cxh3jv4q44b6ht4y779dtuvvjqy2n2cj0g9nhgaizcrpdwgmt03c6ownzqogen0bi8adv7sqahzqbb0wb3gil5rb4td08swgxzy6ic7q5ndw86n1xkl1zhk:latest/stage_3_separableconvcnn/confusion_matrix_table.table.json","ncols":3,"_type":"table-file","size":2019},"stage2_test_loss":0.8312975406892394,"_runtime":118,"epoch":10,"mask_l1":0.05882352963089943,"stage2_test_f1":0.6030076590824278,"train_loss":0.7821095095542341,"stage3_test_acc":75.98145285935085,"bin_keep_ratio":0.13725490868091583,"val_acc":61.68993913354816,"_step":6,"_wandb":{"runtime":118},"lr_backbone":0.0001,"stage":3}