{"val_acc":95.95015576323988,"model_param_count_pruned":13283,"stage1/test_acc":84.0176450627757,"stage_1_separableconvcnn/confusion_matrix_table":{"_latest_artifact_path":"wandb-client-artifact://jnos1h1xr6ldrfzk68bv31x2yfz2c7jwog2gy55exeomq3nz0t0c39l0amtemfl5trdgyxlecl5ceab57veytlydqhxabcc0j1ieq71o1d01g7x03xp18hb8uqdlx6tl:latest/stage_1_separableconvcnn/confusion_matrix_table.table.json","artifact_path":"wandb-client-artifact://nbsbqi27vepj99dpopcdxykshyvlg5wdm9xf5n8estkcu1eo95et8a38frk2ts4hdx27tuileff0ry6y5xz029twu7tfz47hx3dy5d9linpq6pos6nc0pqcenqojf9ee/stage_1_separableconvcnn/confusion_matrix_table.table.json","sha256":"68f5254b6d00cbcd3f59fd1ef9e2389c9b20ef626d1e7033eccc4fe4bdc696c6","size":1367,"nrows":36,"_type":"table-file","log_mode":"IMMUTABLE","ncols":3,"path":"media/table/stage_1_separableconvcnn/confusion_matrix_table_1_68f5254b6d00cbcd3f59.table.json"},"_runtime":40,"stage2/best_val_loss":0.6271361075457743,"block2_Pruned_%":56.25,"stage":3,"stage2/mask_l1":0.4537757337093353,"stage2/stage_number":2,"epoch":50,"stage1/test_f1":0.8382917571746885,"stage3_test_loss":0.3083363349302438,"model_param_reduction_pct":63.97146576977324,"block4_Pruned_%":26.5625,"stage2/final_mask_keep_ratio_block4":0.734375,"stage1_test_f1":0.8382917571746885,"stage2_test_loss":0.6287089074388268,"stage3_test_acc":88.90397013912454,"stage2/train_loss":0.7765777309424777,"stage1/use_pretrain_model":false,"stage2/Total_Pruned_%":49.0625,"train_loss":0.21749049166564224,"block3_Pruned_%":67.96875,"stage2/lr_backbone":0.0001,"_timestamp":1.7758706590111463e+09,"stage2_test_acc":65.15100101798438,"stage2_test_f1":0.6358506559458408,"stage1_test_loss":0.36175281142630955,"lr_loaded_weights":0.0001,"stage3_test_f1":0.8911560219025709,"model_param_count_dense":36868,"train_acc":90.34276774285308,"stage2/test_acc":65.15100101798438,"stage2/final_mask_keep_ratio_block3":0.3203125,"_wandb":{"runtime":40},"stage2/raw_hard_mask_block2":"[0.0, 0.0, 1.0, 1.0, 1.0, 0.0, 1.0, 0.0, 0.0, 1.0, 0.0, 0.0, 0.0, 1.0, 0.0, 1.0, 0.0, 1.0, 0.0, 1.0, 0.0, 0.0, 1.0, 0.0, 1.0, 1.0, 0.0, 1.0, 0.0, 1.0, 0.0, 0.0, 1.0, 0.0, 1.0, 1.0, 0.0, 0.0, 1.0, 1.0, 1.0, 0.0, 0.0, 1.0, 0.0, 0.0, 1.0, 0.0, 0.0, 1.0, 0.0, 1.0, 1.0, 0.0, 0.0, 0.0, 1.0, 0.0, 0.0, 1.0, 0.0, 1.0, 0.0, 0.0]","_step":22,"stage2/purpose":"train channel-pruning model with masking","stage2/raw_hard_mask_block3":"[0.0, 1.0, 0.0, 0.0, 0.0, 0.0, 0.0, 0.0, 0.0, 1.0, 0.0, 0.0, 1.0, 0.0, 0.0, 0.0, 0.0, 0.0, 0.0, 0.0, 0.0, 1.0, 0.0, 0.0, 0.0, 0.0, 0.0, 0.0, 0.0, 1.0, 0.0, 1.0, 1.0, 0.0, 0.0, 1.0, 0.0, 1.0, 0.0, 1.0, 0.0, 0.0, 0.0, 1.0, 0.0, 0.0, 0.0, 0.0, 0.0, 0.0, 1.0, 0.0, 1.0, 0.0, 1.0, 1.0, 0.0, 0.0, 1.0, 0.0, 0.0, 0.0, 0.0, 0.0, 0.0, 0.0, 0.0, 1.0, 0.0, 0.0, 1.0, 0.0, 0.0, 1.0, 0.0, 0.0, 0.0, 0.0, 0.0, 1.0, 0.0, 0.0, 0.0, 0.0, 1.0, 0.0, 0.0, 1.0, 0.0, 1.0, 0.0, 1.0, 0.0, 1.0, 1.0, 1.0, 0.0, 0.0, 0.0, 0.0, 1.0, 1.0, 1.0, 0.0, 0.0, 1.0, 1.0, 0.0, 0.0, 0.0, 1.0, 0.0, 0.0, 1.0, 0.0, 0.0, 1.0, 1.0, 1.0, 0.0, 1.0, 0.0, 0.0, 0.0, 0.0, 1.0, 1.0, 1.0]","stage2/block3_Pruned_%":67.96875,"stage2/test_f1":0.6358506559458408,"stage2/final_mask_keep_ratio_block2":0.4375,"val_loss":0.1302003717496758,"stage1/test_loss":0.36175281142630955,"stage2/train_acc":63.5471483430522,"stage2/lr_gumbel":0.001,"stage2/val_loss":0.6297622402880418,"stage2/val_acc":62.92834890965732,"stage2/raw_hard_mask_block4":"[1.0, 0.0, 1.0, 1.0, 1.0, 1.0, 1.0, 1.0, 0.0, 1.0, 1.0, 1.0, 1.0, 1.0, 0.0, 1.0, 0.0, 0.0, 0.0, 1.0, 1.0, 1.0, 0.0, 0.0, 1.0, 1.0, 0.0, 0.0, 1.0, 1.0, 1.0, 1.0, 1.0, 1.0, 0.0, 1.0, 0.0, 0.0, 1.0, 1.0, 0.0, 1.0, 1.0, 0.0, 1.0, 0.0, 0.0, 1.0, 0.0, 1.0, 1.0, 1.0, 1.0, 0.0, 1.0, 1.0, 1.0, 0.0, 1.0, 0.0, 0.0, 1.0, 1.0, 1.0, 1.0, 1.0, 1.0, 0.0, 1.0, 1.0, 0.0, 1.0, 1.0, 0.0, 1.0, 1.0, 1.0, 1.0, 1.0, 1.0, 1.0, 0.0, 1.0, 1.0, 1.0, 1.0, 0.0, 0.0, 1.0, 0.0, 0.0, 1.0, 1.0, 1.0, 1.0, 1.0, 1.0, 1.0, 1.0, 1.0, 0.0, 1.0, 1.0, 1.0, 0.0, 1.0, 1.0, 1.0, 1.0, 1.0, 1.0, 1.0, 1.0, 1.0, 1.0, 1.0, 1.0, 1.0, 1.0, 1.0, 1.0, 0.0, 0.0, 1.0, 1.0, 1.0, 1.0, 1.0]","final_summary_log_path":"/home/qphan/master-thesis/models/uci_best_model_three_stage_channel_subject22_val_final_summary_val_22.txt","stage2/test_loss":0.6287089074388268,"stage2/block4_Pruned_%":26.5625,"model_param_count":13283,"stage2/epoch":35,"Total_Pruned_%":49.0625,"best_val_loss":0.12611327099837238,"stage2/best_epoch":26,"stage1_test_acc":84.0176450627757,"stage2/block2_Pruned_%":56.25,"stage_3_prunedseparableconvcnn/confusion_matrix_table":{"size":1366,"_latest_artifact_path":"wandb-client-artifact://cjfm9ibgalncvr87zd3d7xzpj3judwu5zof9b6anzb6g8hl8rf88i3ec517wffoy65o51jmclwh694lt17eqskvgu3kx1ly9drtf3esofigtu96h8yievf8e7qbcos1l:latest/stage_3_prunedseparableconvcnn/confusion_matrix_table.table.json","artifact_path":"wandb-client-artifact://rkl1mtptc27hbpvzmhxjzgmgmqbqpli0k5xlarem06afz3lqddz8wyu6kcy3scufrpfzro3h5egozjy3mastol8d1ubjx1qo300zp8cwjjnlf0c0cwd2ew8wxjrmufin/stage_3_prunedseparableconvcnn/confusion_matrix_table.table.json","log_mode":"IMMUTABLE","ncols":3,"sha256":"25b3e5f7cb03471af2018c20dd56d84f392562dc9a5d77189ecf36e76a008c27","nrows":36,"_type":"table-file","path":"media/table/stage_3_prunedseparableconvcnn/confusion_matrix_table_20_25b3e5f7cb03471af201.table.json"}}