{"stage3_test_acc":82.7281981676281,"lr_gumbel_bin":0.001,"lr_backbone":0.0001,"stage_3_separableconvcnn/confusion_matrix_table":{"ncols":3,"path":"media/table/stage_3_separableconvcnn/confusion_matrix_table_12_08977b1186cc7d7621b1.table.json","nrows":36,"artifact_path":"wandb-client-artifact://vas95h3vubmnq1h206q2adox2owv9f8fvgcpwakc1mv8b5z4kq6cfzitvzeulyuiqp7q219lpvswug896gvaxkzq8vrntqmpf1qecmx6e5c6ga2v6vrqcga3quncw5s9/stage_3_separableconvcnn/confusion_matrix_table.table.json","_type":"table-file","size":1371,"sha256":"08977b1186cc7d7621b129fc73a27f759aeac3bbe5db323dacefca6c15ec49f7","log_mode":"IMMUTABLE","_latest_artifact_path":"wandb-client-artifact://qgc3ipp9rmme5266myn2iy1zjl3j6aj7ysicggouwmj16be57hfw3s1lrb94wiac4hednlz6zv45wkhdxi5woob8736rat9mu1lh9xz63im923q9dj9pe8m3z309ryug:latest/stage_3_separableconvcnn/confusion_matrix_table.table.json"},"best_val_loss":0.45413066240655586,"stage1/test_f1":0.9190924499938599,"_timestamp":1.7764237893676877e+09,"stage2_test_loss":0.7770477843397869,"stage1/test_loss":0.25057173036076164,"stage":3,"stage1/test_acc":91.72039362063116,"stage2_test_acc":74.75398710553105,"stage1/use_pretrain_model":false,"train_loss":0.17182441283599723,"stage2_hard_bin_mask_str":"[0.0, 0.0, 0.0, 0.0, 0.0, 0.0, 0.0, 1.0, 0.0, 0.0, 0.0, 0.0, 0.0, 0.0, 0.0, 0.0, 1.0, 1.0, 0.0, 1.0, 0.0, 1.0, 0.0, 1.0, 1.0, 0.0, 0.0, 0.0, 0.0, 1.0, 1.0, 0.0, 0.0, 1.0, 1.0, 1.0, 0.0, 0.0, 0.0, 0.0, 0.0, 0.0, 0.0, 0.0, 0.0, 0.0, 0.0, 0.0, 1.0, 0.0, 1.0, 1.0, 0.0, 1.0, 1.0, 0.0, 1.0, 0.0, 0.0, 0.0, 1.0, 1.0, 0.0, 0.0, 0.0, 0.0, 0.0, 0.0, 0.0, 0.0, 0.0, 0.0, 0.0, 0.0, 0.0, 0.0, 0.0, 0.0, 0.0, 0.0, 0.0, 0.0, 0.0, 0.0, 0.0, 0.0, 0.0, 0.0, 0.0, 0.0, 0.0, 0.0, 0.0, 0.0, 0.0, 0.0, 0.0, 0.0, 0.0, 0.0, 0.0, 0.0, 0.0, 0.0, 0.0, 0.0, 0.0, 0.0, 0.0, 0.0, 0.0, 0.0, 0.0, 0.0, 0.0, 0.0, 0.0, 0.0, 0.0, 0.0, 0.0, 0.0, 0.0, 0.0, 0.0, 0.0, 0.0, 0.0]","stage3_test_f1":0.8224224576835151,"train_acc":92.23411848679514,"epoch":40,"val_loss":0.6555205118394207,"lr":0.001,"_wandb":{"runtime":22},"stage_1_separableconvcnn/confusion_matrix_table":{"nrows":36,"ncols":3,"_latest_artifact_path":"wandb-client-artifact://276uexxtb09y4yyn7rzpa58u7em0715gqruzn3l71oevsrjbmza1sinj0ihqbwipge0v053mst8q32vnqdhxojrc0vyfbe4kuvlg0rqr2t7vg35rbe4triwcinwl9sxk:latest/stage_1_separableconvcnn/confusion_matrix_table.table.json","size":1366,"path":"media/table/stage_1_separableconvcnn/confusion_matrix_table_1_ba1709b9ded253dca6f1.table.json","_type":"table-file","log_mode":"IMMUTABLE","sha256":"ba1709b9ded253dca6f14b8d1a777336f0cb86899167c45d58f90d5e787020ac","artifact_path":"wandb-client-artifact://ptkfrz0kfsww2l8t23t2wji4exodynpkg4vx9ay8gzxien7sqnwjlf3wmzesntzidg59ywvje6xj90gyq54sawckdnublq0yw0p6g9ni1cs3a7c0ya01d9fr0hc414k6/stage_1_separableconvcnn/confusion_matrix_table.table.json"},"stage1_test_acc":91.72039362063116,"stage1_test_f1":0.9190924499938599,"bin_keep_ratio":0.15625,"stage2_test_f1":0.7476027672860095,"_runtime":22,"val_acc":77.80979827089337,"stage1_test_loss":0.25057173036076164,"_step":13,"mask_l1":0.015625,"stage3_test_loss":0.6321035450233401}