{"_wandb":{"runtime":15},"mask_l1":0.0078125,"lr_gumbel_bin":0.001,"stage3_test_loss":0.5489710759501719,"stage_3_separableconvcnn/confusion_matrix_table":{"_type":"table-file","path":"media/table/stage_3_separableconvcnn/confusion_matrix_table_8_f6e4bb12468b54f98884.table.json","ncols":3,"log_mode":"IMMUTABLE","nrows":36,"size":1370,"artifact_path":"wandb-client-artifact://olq6cc79486sy31jl2307jz3yvsoriww3i7a5x2tlo0v2hvhv0o6q62agt0zabxvojerje6e471j9yzay7i80ognc1puxmmtrcoy6sxzc10uz30xrxjpa3jthymidelw/stage_3_separableconvcnn/confusion_matrix_table.table.json","_latest_artifact_path":"wandb-client-artifact://h10ybppjl54iy94sg5sfv5vyt239mv08fn8cgzg4e7kuq42u4eoitpvop0lsxffi7dujas8t8iglbcvd2ecvgq169s7ush19jdzxu8k9aexe58tje19vc5f7hgxrhi1w:latest/stage_3_separableconvcnn/confusion_matrix_table.table.json","sha256":"f6e4bb12468b54f988840c1a5b27e1c0b84793cf1122cd74fc65d0e0225c3efe"},"train_loss":0.22311380048209986,"epoch":20,"lr":0.001,"stage":3,"stage1_test_f1":0.9190924499938599,"stage2_hard_bin_mask_str":"[0.0, 0.0, 1.0, 0.0, 0.0, 0.0, 0.0, 0.0, 1.0, 0.0, 0.0, 0.0, 0.0, 0.0, 0.0, 0.0, 1.0, 0.0, 0.0, 0.0, 1.0, 0.0, 1.0, 1.0, 0.0, 0.0, 0.0, 0.0, 0.0, 1.0, 1.0, 0.0, 0.0, 1.0, 1.0, 0.0, 0.0, 1.0, 1.0, 0.0, 0.0, 0.0, 1.0, 0.0, 0.0, 0.0, 1.0, 1.0, 1.0, 1.0, 1.0, 1.0, 0.0, 0.0, 1.0, 0.0, 0.0, 0.0, 0.0, 0.0, 0.0, 0.0, 0.0, 1.0, 0.0, 0.0, 0.0, 0.0, 0.0, 0.0, 0.0, 0.0, 0.0, 0.0, 0.0, 0.0, 0.0, 0.0, 0.0, 0.0, 0.0, 0.0, 0.0, 0.0, 0.0, 0.0, 0.0, 0.0, 0.0, 0.0, 0.0, 0.0, 0.0, 0.0, 0.0, 0.0, 0.0, 0.0, 0.0, 0.0, 0.0, 0.0, 0.0, 0.0, 0.0, 0.0, 0.0, 0.0, 0.0, 0.0, 0.0, 0.0, 0.0, 0.0, 0.0, 0.0, 0.0, 0.0, 0.0, 0.0, 0.0, 0.0, 0.0, 0.0, 0.0, 0.0, 0.0, 0.0]","stage1_test_acc":91.72039362063116,"stage1_test_loss":0.25057173036076164,"stage1/test_acc":91.72039362063116,"train_acc":89.87865810135618,"stage2_test_acc":78.99558873430607,"stage1/use_pretrain_model":false,"stage1/test_loss":0.25057173036076164,"bin_keep_ratio":0.1640625,"stage2_test_loss":0.5906283835724658,"_step":9,"stage3_test_acc":80.28503562945369,"_timestamp":1.7764216127414756e+09,"lr_backbone":0.0001,"stage3_test_f1":0.7995315004814936,"val_loss":0.5128311120209845,"stage1/test_f1":0.9190924499938599,"best_val_loss":0.4694449726803502,"stage_1_separableconvcnn/confusion_matrix_table":{"path":"media/table/stage_1_separableconvcnn/confusion_matrix_table_1_ba1709b9ded253dca6f1.table.json","log_mode":"IMMUTABLE","artifact_path":"wandb-client-artifact://ru50ty7kcz7by4rc9uruuq4ajh6dt2i3mk92hm4uvdsyvqrdttyd09we1aao45zmoopssr3rzxzz6y1r2hdr3al7qg59nfywnjp4lutirtimquo0gwfcdsbbaz51vwfx/stage_1_separableconvcnn/confusion_matrix_table.table.json","size":1366,"ncols":3,"sha256":"ba1709b9ded253dca6f14b8d1a777336f0cb86899167c45d58f90d5e787020ac","_type":"table-file","_latest_artifact_path":"wandb-client-artifact://f5v07wmcp4zj9d8xy1brdswjfqylsjfg7emhjhru6azvboxwgrza6u4drid550epy5b8yojjzqzrqzchzsih3i6hm817eahe13cx20gebpb1sv0ihe0msnaogytbewgu:latest/stage_1_separableconvcnn/confusion_matrix_table.table.json","nrows":36},"val_acc":84.43804034582132,"_runtime":15,"stage2_test_f1":0.7910043171945107}