{"stage3_test_acc":86.66440447913132,"stage1_test_acc":91.75432643366135,"mask_l1":0.1171875,"stage1_test_loss":0.26111875705798304,"epoch":15,"lr":0.001,"stage2_test_loss":0.41121733410035527,"_wandb":{"runtime":16},"stage2_hard_bin_mask_str":"[0.0, 0.0, 0.0, 0.0, 0.0, 0.0, 0.0, 1.0, 0.0, 0.0, 1.0, 1.0, 1.0, 0.0, 1.0, 1.0, 0.0, 0.0, 1.0, 1.0, 0.0, 1.0, 1.0, 1.0, 1.0, 0.0, 1.0, 1.0, 0.0, 1.0, 0.0, 0.0, 1.0, 0.0, 1.0, 1.0, 0.0, 1.0, 1.0, 1.0, 1.0, 0.0, 1.0, 1.0, 0.0, 0.0, 0.0, 1.0, 0.0, 0.0, 1.0, 1.0, 1.0, 1.0, 1.0, 1.0, 1.0, 0.0, 1.0, 0.0, 0.0, 0.0, 0.0, 0.0, 0.0, 0.0, 0.0, 0.0, 0.0, 0.0, 0.0, 0.0, 0.0, 0.0, 0.0, 0.0, 0.0, 0.0, 0.0, 0.0, 0.0, 0.0, 0.0, 0.0, 0.0, 0.0, 0.0, 0.0, 0.0, 0.0, 0.0, 0.0, 0.0, 0.0, 0.0, 0.0, 0.0, 0.0, 0.0, 0.0, 0.0, 0.0, 0.0, 0.0, 0.0, 0.0, 0.0, 0.0, 0.0, 0.0, 0.0, 0.0, 0.0, 0.0, 0.0, 0.0, 0.0, 0.0, 0.0, 0.0, 0.0, 0.0, 0.0, 0.0, 0.0, 0.0, 0.0, 0.0]","stage2_test_f1":0.8533381139669328,"best_val_loss":0.3368275471969156,"bin_keep_ratio":0.2578125,"lr_gumbel_bin":0.001,"stage3_test_f1":0.8699158390652788,"stage1_test_f1":0.9193935492291428,"val_loss":0.7188374589610573,"train_loss":0.19896621644919646,"stage_1_separableconvcnn/confusion_matrix_table":{"ncols":3,"path":"media/table/stage_1_separableconvcnn/confusion_matrix_table_1_7339811d8764bb2828a3.table.json","log_mode":"IMMUTABLE","artifact_path":"wandb-client-artifact://g8qy4ruqd1dkgfh9suppspjvwyxpxabw3mix0rwgddn02rs98kvdvek4rzirehnenhm3ktz2p9b8wbtrtipzd0rpe8u7p9949n0wg1p2pwc572wi0fujmr99b43x7c6k/stage_1_separableconvcnn/confusion_matrix_table.table.json","_type":"table-file","_latest_artifact_path":"wandb-client-artifact://ugte5ufp0bwqw6uyx9ihjp1s39ivr17ka7y2fziejzdgwt8u2izmfz0h9i4hgjhyr7lxdyz8jdi65y0y4et4pfwln5todt4cove3gbuagrdmvw1s7iy3s860xehxlbru:latest/stage_1_separableconvcnn/confusion_matrix_table.table.json","size":1366,"nrows":36,"sha256":"7339811d8764bb2828a3fbe9cf3beb37209fefb5c65d94bc1df225d2b288d01a"},"stage1/test_loss":0.26111875705798304,"val_acc":76.49006622516556,"lr_backbone":0.0001,"_runtime":16,"stage1/test_acc":91.75432643366135,"_step":10,"stage":3,"_timestamp":1.775777245592996e+09,"stage3_test_loss":0.36840124299533594,"stage_3_separableconvcnn/confusion_matrix_table":{"size":1370,"log_mode":"IMMUTABLE","_type":"table-file","artifact_path":"wandb-client-artifact://scuunm6r3mw67jr1jqrwbal1w6c51983j8x7n137ibjr1l6fkovuxp6iv6oa57urahh7e2yzyi1o8gi44s3kvbi14rgxtt3tbdq0w6ugbotefw0kaix3kitmd1i32szs/stage_3_separableconvcnn/confusion_matrix_table.table.json","sha256":"7ee55ed6e9816db304d488f3a23610faa9dcf4c81db9c926961074d7581e653e","nrows":36,"_latest_artifact_path":"wandb-client-artifact://e77klwb3c11orggh197s6pzxg7rshlrml7pnce2bqk7c7lrldj3rzqxgjf9655frme6a4hrf3g8tcb3zged7nsxja1xk638ozpqacjweftrfanvbiv4wrz5do9voai9e:latest/stage_3_separableconvcnn/confusion_matrix_table.table.json","path":"media/table/stage_3_separableconvcnn/confusion_matrix_table_9_7ee55ed6e9816db304d4.table.json","ncols":3},"stage1/use_pretrain_model":false,"stage2_test_acc":85.10349507974212,"stage1/test_f1":0.9193935492291428,"train_acc":91.0354609929078}