{"test_acc":91.00780454699695,"_runtime":26,"stage1/use_pretrain_model":false,"stage1/test_acc":91.00780454699695,"stage1_test_f1":0.9114597953604786,"test_f1_macro":0.9114597953604786,"_wandb":{"runtime":26},"stage1/test_f1":0.9114597953604786,"stage1/best_val_loss":0.19534861370661824,"stage1/stage_number":1,"stage1/val_loss":0.24251460855753806,"stage1_test_loss":0.26241459981148063,"best_val_loss":0.19534861370661824,"test_loss":0.26241459981148063,"stage1/test_loss":0.26241459981148063,"stage1/lr":0.001,"stage1_test_acc":91.00780454699695,"stage1/purpose":"train baseline model","stage1/epoch":40,"stage_1_separableconvcnn/confusion_matrix_table":{"_latest_artifact_path":"wandb-client-artifact://9j8eil5tncx3ifthremz5a9iv431moh7fs5tjndm79xm9tqfhosevbbizmknunduccncq865galm4vtmne1orpfzqeoi96dnvjvht0wy7jtwr5ekbezkgbn7p4t6euwv:latest/stage_1_separableconvcnn/confusion_matrix_table.table.json","ncols":3,"size":1367,"nrows":36,"_type":"table-file","artifact_path":"wandb-client-artifact://89oo95et54qdhnq5qmbqe5y1ui7irbwcx3zahigr1gab32m3in73x4sib275rddefoeowoe8v3umtxabyjjo08tql02gf3py1ru68rxbomic5kk9bzfhgi1i71g64ryn/stage_1_separableconvcnn/confusion_matrix_table.table.json","log_mode":"IMMUTABLE","path":"media/table/stage_1_separableconvcnn/confusion_matrix_table_10_c00c763d302031feb986.table.json","sha256":"c00c763d302031feb9866229d0b7c28247ab821837d7399a92ca32ebb691d192"},"stage1/val_acc":90.69767441860465,"stage1/train_loss":0.0819302455577404,"_timestamp":1.7757558289628758e+09,"stage1/train_acc":96.78938356164383,"_step":10,"best_epoch":30}