{"_runtime":42,"_step":18,"final_channel_mask_block4":[1,1,0,1,0,1,1,0,0,1,1,1,1,1,1,0,1,0,0,1,0,0,0,0,1,0,1,1,0,1,0,1,1,1,1,0,1,1,1,1,0,0,1,0,0,1,0,0,0,1,1,1,1,0,0,1,1,1,0,1,0,0,0,0,1,1,1,1,0,1,0,1,1,0,1,1,1,0,1,1,1,1,0,0,1,1,1,0,0,1,1,1,0,0,1,0,1,0,0,0,0,0,1,1,1,0,1,0,0,1,0,1,0,1,0,0,0,0,0,0,0,0,0,1,0,0,1,1],"stage2/stage_number":2,"stage1/test_f1":0.9108162276968897,"stage2/final_mask_keep_ratio_block2":0.8125,"model_param_count_dense":36868,"model_param_reduction_pct":50.585873928610184,"stage2/val_loss":0.9506073137881819,"stage2/val_acc":59.82404692082111,"stage2/lr_gumbel":0.001,"lr_gumbel_bin":0.001,"stage1_test_f1":0.9108162276968897,"stage2/test_acc":63.759755683746185,"stage1/test_loss":0.2390684281721116,"_wandb":{"runtime":42},"stage1/use_pretrain_model":false,"_timestamp":1.7767062589494886e+09,"stage1_test_loss":0.2390684281721116,"stage2/train_acc":63.771216659535014,"final_channel_mask_block3":[1,1,1,1,0,0,1,1,1,1,1,1,1,1,1,1,0,0,1,1,1,0,1,1,1,1,0,1,0,1,0,1,1,1,0,0,1,1,1,0,0,1,1,1,1,0,0,1,0,0,1,0,1,1,1,0,1,0,0,1,0,1,1,1,1,0,1,0,0,1,1,1,0,1,1,1,0,1,0,1,1,1,1,0,1,1,1,0,1,1,1,1,1,1,1,1,1,1,1,1,1,0,0,0,1,1,0,1,1,0,0,0,1,1,0,1,0,1,1,1,1,1,1,1,1,1,1,0],"stage1/test_acc":90.97387173396675,"stage2/final_mask_keep_ratio_block3":0.6953125,"stage2/block2_Pruned_%":18.75,"stage_5_prunedseparableconvcnn/confusion_matrix_table":{"size":1368,"artifact_path":"wandb-client-artifact://4ivnnu8loja26k1f6dyi36lppgz5799xgfey11y45zx4tgv5pal6w2syj5a68y1brrmmjigqzznwuj1xxck9dyvf1kqacve023w60cviyjhboa42zkzyq2zc1vohff4y/stage_5_prunedseparableconvcnn/confusion_matrix_table.table.json","path":"media/table/stage_5_prunedseparableconvcnn/confusion_matrix_table_17_568e0c972a381e8d8870.table.json","_latest_artifact_path":"wandb-client-artifact://j3ksrj6yx857973qi5fudfw3x1f2aw0m8qho97dl5fnpw7v04nmla4c76wj4h6d7egx12xczthm90agbe7fnatg0mvdtsdfoagorpi38jnm40my8mp5sokn1z39q1x75:latest/stage_5_prunedseparableconvcnn/confusion_matrix_table.table.json","_type":"table-file","ncols":3,"nrows":36,"log_mode":"IMMUTABLE","sha256":"568e0c972a381e8d88706ae0599712970d7ce947b8969ef1ca603f91cbb76df2"},"stage_3_separableconvcnn/confusion_matrix_table":{"log_mode":"IMMUTABLE","nrows":36,"_latest_artifact_path":"wandb-client-artifact://7zprp83iailm9mx3ckj20u81loqp5cx3bshb7w8eicgx1wftrgdhae0ohp8jxc05suvgeocsao560ee1sa47mb2mqat7t02k0fpjgr6raxas0oz5omf5fbrng3e7b1gl:latest/stage_3_separableconvcnn/confusion_matrix_table.table.json","size":1367,"artifact_path":"wandb-client-artifact://25nih0me236bbyi54vgxl9e9tsvazgu3fwrrn0v5ox58t2x546z7qcscruj1h8sg8jfmm86espl1qxqvoyyuzin0frfnj8yulnnib11afolp5k2wajjtnxq7j1wohm9q/stage_3_separableconvcnn/confusion_matrix_table.table.json","sha256":"d4ff4aa6b9071bcc1659e753f83017068718a9458a286717edc8df7f330a5183","_type":"table-file","path":"media/table/stage_3_separableconvcnn/confusion_matrix_table_10_d4ff4aa6b9071bcc1659.table.json","ncols":3},"val_acc":80.93841642228739,"stage2/raw_hard_mask_block3":"[1.0, 1.0, 1.0, 1.0, 0.0, 0.0, 1.0, 1.0, 1.0, 1.0, 1.0, 1.0, 1.0, 1.0, 1.0, 1.0, 0.0, 0.0, 1.0, 1.0, 1.0, 0.0, 1.0, 1.0, 1.0, 1.0, 0.0, 1.0, 0.0, 1.0, 0.0, 1.0, 1.0, 1.0, 0.0, 0.0, 1.0, 1.0, 1.0, 0.0, 0.0, 1.0, 1.0, 1.0, 1.0, 0.0, 0.0, 1.0, 0.0, 0.0, 1.0, 0.0, 1.0, 1.0, 1.0, 0.0, 1.0, 0.0, 0.0, 1.0, 0.0, 1.0, 1.0, 1.0, 1.0, 0.0, 1.0, 0.0, 0.0, 1.0, 1.0, 1.0, 0.0, 1.0, 1.0, 1.0, 0.0, 1.0, 0.0, 1.0, 1.0, 1.0, 1.0, 0.0, 1.0, 1.0, 1.0, 0.0, 1.0, 1.0, 1.0, 1.0, 1.0, 1.0, 1.0, 1.0, 1.0, 1.0, 1.0, 1.0, 1.0, 0.0, 0.0, 0.0, 1.0, 1.0, 0.0, 1.0, 1.0, 0.0, 0.0, 0.0, 1.0, 1.0, 0.0, 1.0, 0.0, 1.0, 1.0, 1.0, 1.0, 1.0, 1.0, 1.0, 1.0, 1.0, 1.0, 0.0]","stage2/raw_hard_mask_block4":"[1.0, 1.0, 0.0, 1.0, 0.0, 1.0, 1.0, 0.0, 0.0, 1.0, 1.0, 1.0, 1.0, 1.0, 1.0, 0.0, 1.0, 0.0, 0.0, 1.0, 0.0, 0.0, 0.0, 0.0, 1.0, 0.0, 1.0, 1.0, 0.0, 1.0, 0.0, 1.0, 1.0, 1.0, 1.0, 0.0, 1.0, 1.0, 1.0, 1.0, 0.0, 0.0, 1.0, 0.0, 0.0, 1.0, 0.0, 0.0, 0.0, 1.0, 1.0, 1.0, 1.0, 0.0, 0.0, 1.0, 1.0, 1.0, 0.0, 1.0, 0.0, 0.0, 0.0, 0.0, 1.0, 1.0, 1.0, 1.0, 0.0, 1.0, 0.0, 1.0, 1.0, 0.0, 1.0, 1.0, 1.0, 0.0, 1.0, 1.0, 1.0, 1.0, 0.0, 0.0, 1.0, 1.0, 1.0, 0.0, 0.0, 1.0, 1.0, 1.0, 0.0, 0.0, 1.0, 0.0, 1.0, 0.0, 0.0, 0.0, 0.0, 0.0, 1.0, 1.0, 1.0, 0.0, 1.0, 0.0, 0.0, 1.0, 0.0, 1.0, 0.0, 1.0, 0.0, 0.0, 0.0, 0.0, 0.0, 0.0, 0.0, 0.0, 0.0, 1.0, 0.0, 0.0, 1.0, 1.0]","model_param_count_pruned":18218,"stage5_test_acc":88.83610451306413,"stage2/block3_Pruned_%":30.46875,"stage":5,"stage2/best_epoch":5,"train_loss":0.2189595561520789,"stage2/mask_l1":0.5070711374282837,"stage1_test_acc":90.97387173396675,"stage2/purpose":"train channel-pruning model with masking","final_channel_mask_block2":[1,1,1,1,1,1,0,1,1,0,1,1,1,1,0,1,1,1,1,1,0,1,1,1,0,1,1,1,0,1,1,1,1,1,1,1,0,1,1,1,1,1,1,1,1,1,1,1,1,1,0,1,1,0,0,1,0,1,1,1,0,1,1,1],"best_val_loss":0.5712321937258992,"stage2/test_f1":0.6006482536855527,"stage5_test_f1":0.8886418842622548,"train_acc":90.47211524746827,"stage2/final_mask_keep_ratio_block4":0.5234375,"val_loss":0.5969771936841725,"lr_loaded_weights":0.0001,"hard_bin_mask":[1,1,1,1,1,1,1,1,1,1,1,1,1,1,1,1,1,1,1,1,1,0,0,1,1,0,0,0,1,0,0,0,0,0,0,0,0,0,0,0,0,0,0,0,0,0,0,0,0,0,0,0,0,0,0,0,0,0,0,0,0,0,0,0,0],"stage2/epoch":15,"stage2/train_loss":0.7407792944181086,"stage_1_separableconvcnn/confusion_matrix_table":{"size":1368,"_latest_artifact_path":"wandb-client-artifact://2edczgt4d9dp9iwkkbbbch0sxv25ovv1i598q6lfsr2zyu0ma2d2wtmv3z7of5sjybnt81zvrn4vs1ad10ooo9vpc7qjil2dbiwpamokrmx1qpes1xo2icpz8ybp2m1w:latest/stage_1_separableconvcnn/confusion_matrix_table.table.json","artifact_path":"wandb-client-artifact://x14f840hhvwhycycrbo8iwhyovm9h74uhlj9ju2m2ouafwbbfrhpt9f8g119izajpt3uu0b7kovwd4exhxvo4mttndrrc6tfod1m2ht4ekltqal8zs1zzm3axh15v5uu/stage_1_separableconvcnn/confusion_matrix_table.table.json","nrows":36,"_type":"table-file","ncols":3,"log_mode":"IMMUTABLE","sha256":"229f633e2f2ecf27ed30b24fb7f00befb11ff430a609ab630cf60411c308e839","path":"media/table/stage_1_separableconvcnn/confusion_matrix_table_1_229f633e2f2ecf27ed30.table.json"},"stage2/best_val_loss":0.8533300143882326,"stage5_test_loss":0.3075688150517398,"stage2/block4_Pruned_%":47.65625,"epoch":10,"stage2/raw_hard_mask_block2":"[1.0, 1.0, 1.0, 1.0, 1.0, 1.0, 0.0, 1.0, 1.0, 0.0, 1.0, 1.0, 1.0, 1.0, 0.0, 1.0, 1.0, 1.0, 1.0, 1.0, 0.0, 1.0, 1.0, 1.0, 0.0, 1.0, 1.0, 1.0, 0.0, 1.0, 1.0, 1.0, 1.0, 1.0, 1.0, 1.0, 0.0, 1.0, 1.0, 1.0, 1.0, 1.0, 1.0, 1.0, 1.0, 1.0, 1.0, 1.0, 1.0, 1.0, 0.0, 1.0, 1.0, 0.0, 0.0, 1.0, 0.0, 1.0, 1.0, 1.0, 0.0, 1.0, 1.0, 1.0]","stage2/lr_backbone":0.0001,"lr_backbone":0.0001,"stage2/Total_Pruned_%":35,"stage2/test_loss":0.6925873643102107,"lr":0.001,"mask_l1":0.32307693362236023}