{"Block2_Pruned_%":18.75,"lr_gumbel_channel":0.001,"lr_backbone":0.0001,"train_acc":77.75506558971205,"final_channel_mask_block2":[1,1,0,1,1,1,1,1,1,1,1,1,0,1,1,1,1,1,1,1,1,1,0,1,1,1,1,0,1,0,1,1,1,1,1,1,1,0,1,1,1,1,0,0,1,1,0,1,1,1,1,1,1,1,0,1,1,0,0,1,1,1,1,1],"stage1_test_f1":0.6694329087623083,"lr":0.001,"stage1_test_loss":0.7614270056540791,"stage2_test_loss":0.7981736931372155,"val_loss":0.6785350098964852,"model_param_reduction_pct":45.54029947564733,"stage3_test_acc":68.61411643482741,"_runtime":586,"stage2_test_f1":0.6496106747113451,"stage4_test_loss":0.8032009722452874,"Total_Pruned_%":31.562500000000004,"stage3_test_loss":0.8372253330235381,"val_acc":73.75404530744336,"stage_1_separableconvcnn/confusion_matrix_table":{"log_mode":"IMMUTABLE","nrows":64,"artifact_path":"wandb-client-artifact://twkoblq16ieq4ctgmlhbvf5d7ff8gokvbde7fckznhn5v0wc0taqiykh42e4bf6x7u4d3udaykppv6z6vug48ifpng861yfu0c497imf10vimmqbczouabf7qlppfs1x/stage_1_separableconvcnn/confusion_matrix_table.table.json","_latest_artifact_path":"wandb-client-artifact://5tb7ybnlc06csq1jc5ghok2olgf8h4kcv29qt4pcfrusf7vtozi2voizzdoavbt9rojuj3cwuiwa3075e5sjx2sb30g99l3lbokhm59ebyxvnhjxgc3ghvu3h3ntt0m7:latest/stage_1_separableconvcnn/confusion_matrix_table.table.json","size":2014,"path":"media/table/stage_1_separableconvcnn/confusion_matrix_table_22_bdccab98fc57aa6a1649.table.json","ncols":3,"sha256":"bdccab98fc57aa6a164934bc3102e77b36b1d814be0f1f2c357b586e2143a786","_type":"table-file"},"model_param_count_dense":36998,"stage5_test_loss":0.8430871556586423,"hard_bin_mask":[1,1,1,1,1,1,1,1,1,1,1,1,1,1,1,1,1,1,1,1,1,1,1,1,1,1,1,1,1,0,0,0,0,0,0,0,0,0,0,0,0,0,0,0,0,0,0,0,0,0,0],"Block3_Pruned_%":36.71875,"lr_loaded_weights":0.0001,"model_param_count_pruned":20149,"stage2_test_acc":69.55177743431221,"_timestamp":1.7752218634512057e+09,"_step":123,"best_val_loss":0.6713640057153301,"stage_3_separableconvcnn/confusion_matrix_table":{"nrows":64,"log_mode":"IMMUTABLE","path":"media/table/stage_3_separableconvcnn/confusion_matrix_table_65_475031ae0075f8ea090c.table.json","artifact_path":"wandb-client-artifact://q7csc8f6gthk7gf163nisf0tmggjm8vf0u5ciy56fqx43qu6fwwk2qzzsdi7k1v6wv6i8v73bjavnate0zqk3uxoxe8e70o3ji4qg3js562se7a2yqmm2zy8ua6s0eic/stage_3_separableconvcnn/confusion_matrix_table.table.json","_latest_artifact_path":"wandb-client-artifact://vgssn81t1z72207efs4kcf00rrj6bd8uha1f19jyxpwlmr574jnqitx2aif77cwtq4fgu74zigsgidbxy7m5ea31psruvadcipx052low2vb0wzvog6iwtn1g2s0hj7h:latest/stage_3_separableconvcnn/confusion_matrix_table.table.json","size":2012,"_type":"table-file","sha256":"475031ae0075f8ea090cde145bbd0bd921cadfaf75beac31cbc70b90f325ed15","ncols":3},"final_channel_mask_block3":[1,1,1,1,1,0,0,1,0,0,1,1,1,1,0,1,1,0,1,0,1,1,0,0,1,1,1,1,1,0,1,1,0,0,1,1,1,1,1,1,0,0,1,1,1,0,0,0,0,1,1,1,1,0,0,1,0,0,1,1,0,1,0,1,1,1,1,0,0,0,1,0,1,1,0,1,1,0,1,0,1,0,0,0,1,0,1,1,1,1,1,1,0,1,0,1,0,1,1,1,0,1,1,0,1,1,1,1,1,1,0,0,1,1,1,1,0,1,1,1,1,1,0,1,0,1,0,0],"epoch":18,"final_channel_mask_block4":[0,0,1,1,0,0,0,1,1,1,1,1,1,1,0,1,1,1,1,1,1,1,1,1,1,1,1,1,1,1,1,1,1,1,1,1,0,1,1,0,1,1,0,1,0,1,1,0,1,1,0,1,1,1,0,0,1,1,1,0,0,0,1,1,1,1,1,0,0,1,0,1,0,1,1,1,0,1,0,0,1,0,0,0,1,1,1,1,1,0,1,1,1,0,0,0,1,1,0,0,0,0,1,0,1,1,1,1,0,1,0,1,1,1,1,1,0,1,1,1,1,1,0,1,1,0,1,0],"stage5_test_acc":67.6661514683153,"stage1_test_acc":72.31324059763008,"lr_gumbel_bin":0.001,"stage5_test_f1":0.6399615194876036,"stage_5_prunedseparableconvcnn/confusion_matrix_table":{"size":2012,"path":"media/table/stage_5_prunedseparableconvcnn/confusion_matrix_table_122_ef5e4b4a5d58583e9e84.table.json","_latest_artifact_path":"wandb-client-artifact://91omumhr444m0patrf3m03kuge9gzc74unw2xkwzlg6fv5gklovxudh284mcda76xtw8281am3bgd03me6t52uw8zojj8u7zc6az0brvvm8zgtpup1xumtxrwgt1qleo:latest/stage_5_prunedseparableconvcnn/confusion_matrix_table.table.json","sha256":"ef5e4b4a5d58583e9e84eaac5101364cdf720ea167b81ead56d3419929e5fcac","_type":"table-file","log_mode":"IMMUTABLE","nrows":64,"artifact_path":"wandb-client-artifact://dw1jrprf8hmnnfnunj12jhhfvkmmu0nabeb4ht58yyzgyudht90uv4fn7p86iic8sj5fqltua2lrs42pu6q2f1vno6jdprk28ythm5nej1buv69c3kgp8gpjioih9oqv/stage_5_prunedseparableconvcnn/confusion_matrix_table.table.json","ncols":3},"stage4_test_acc":69.3456980937661,"Block4_Pruned_%":32.8125,"bin_keep_ratio":0.5686274766921997,"stage4_test_f1":0.6431773350135399,"stage3_test_f1":0.6576284032405328,"train_loss":0.6033263053037441,"stage":5,"_wandb":{"runtime":586},"mask_l1":0.4901960790157318}