{"stage2/final_mask_keep_ratio_block3":0.578125,"stage2/best_val_loss":0.5099134990434757,"stage2/block3_Pruned_%":42.1875,"stage3_test_f1":0.6931692446638535,"stage":3,"stage2/stage_number":2,"stage2/final_mask_keep_ratio_block4":0.796875,"stage2/epoch":25,"best_val_loss":0.4587666265946403,"_timestamp":1.7763802555961843e+09,"stage2/train_loss":0.9161493043614989,"stage2/lr_backbone":0.0001,"final_summary_log_path":"/home/qphan/master-thesis/models/wear_best_model_three_stage_channel_subject6_val_final_summary_val_6.txt","stage2/final_mask_keep_ratio_block2":0.640625,"model_param_reduction_pct":45.49164819719985,"lr_loaded_weights":0.0001,"stage2/lr_gumbel":0.001,"stage2_test_loss":0.6654881664134834,"stage1/use_pretrain_model":false,"stage2/block2_Pruned_%":35.9375,"stage2/mask_l1":0.49892354011535645,"val_loss":0.4811393529426851,"stage_1_separableconvcnn/confusion_matrix_table":{"_latest_artifact_path":"wandb-client-artifact://vm3zj0t7yav0xbfvsy3rc9xp6ohfkwvftpp4tlxcut5ii2l0wt1b2n6sxbl9dsfbfs0hcsaz6yu0vyszo93ag9rbv4zjw8wkx44rjs1xgpaf6cw389vqcrc4kstxc04y:latest/stage_1_separableconvcnn/confusion_matrix_table.table.json","size":2016,"path":"media/table/stage_1_separableconvcnn/confusion_matrix_table_1_7b9eafcc7922d09baa4d.table.json","ncols":3,"nrows":64,"_type":"table-file","log_mode":"IMMUTABLE","sha256":"7b9eafcc7922d09baa4d678b696bb572ee19945ed9a6ec098bc943dfde50f37e","artifact_path":"wandb-client-artifact://74l72jb6yvv0pwqfbnmt8j7d1b1rqtq6oqaoigm1ipy617ijhvlp5yf9c1te5k7xqzm11qmajmttcs0j994jqot6ties2fe1r5jf7vypxr6v3v9unxzsxwot7luhprf5/stage_1_separableconvcnn/confusion_matrix_table.table.json"},"val_acc":73.34132693844924,"_step":20,"stage1_test_f1":0.6826996774173715,"stage3_test_acc":79.49510561566203,"stage1/test_loss":0.5959666350847787,"stage2/test_f1":0.6737972492306215,"model_param_count_pruned":20167,"model_param_count":20167,"stage2/test_loss":0.6654881664134834,"_wandb":{"runtime":228},"stage2/val_loss":0.5160460968276294,"stage3_test_loss":0.600090678307213,"_runtime":228,"block4_Pruned_%":20.3125,"train_loss":0.5587503485605075,"block3_Pruned_%":42.1875,"stage2_test_f1":0.6737972492306215,"stage1_test_loss":0.5959666350847787,"epoch":50,"stage1/test_acc":79.4435857805255,"train_acc":70.8378288247641,"stage1_test_acc":79.4435857805255,"block2_Pruned_%":35.9375,"Total_Pruned_%":32.1875,"stage2_test_acc":79.72179289026275,"model_param_count_dense":36998,"stage2/block4_Pruned_%":20.3125,"stage2/train_acc":57.81430841359829,"stage2/best_epoch":15,"stage2/val_acc":71.38289368505195,"stage2/raw_hard_mask_block3":"[0.0, 1.0, 0.0, 0.0, 0.0, 1.0, 1.0, 0.0, 0.0, 1.0, 0.0, 0.0, 0.0, 0.0, 1.0, 1.0, 0.0, 1.0, 0.0, 0.0, 1.0, 0.0, 0.0, 0.0, 1.0, 1.0, 1.0, 1.0, 0.0, 0.0, 0.0, 0.0, 1.0, 1.0, 1.0, 1.0, 1.0, 0.0, 1.0, 1.0, 1.0, 1.0, 1.0, 1.0, 1.0, 1.0, 1.0, 0.0, 1.0, 0.0, 1.0, 1.0, 0.0, 1.0, 0.0, 1.0, 0.0, 1.0, 1.0, 1.0, 0.0, 0.0, 0.0, 1.0, 0.0, 1.0, 1.0, 1.0, 0.0, 1.0, 0.0, 0.0, 0.0, 1.0, 1.0, 1.0, 0.0, 1.0, 0.0, 0.0, 1.0, 1.0, 0.0, 1.0, 1.0, 0.0, 1.0, 1.0, 1.0, 0.0, 1.0, 0.0, 1.0, 1.0, 1.0, 0.0, 1.0, 1.0, 0.0, 1.0, 1.0, 1.0, 1.0, 1.0, 1.0, 1.0, 1.0, 1.0, 0.0, 1.0, 1.0, 0.0, 0.0, 1.0, 1.0, 1.0, 1.0, 1.0, 0.0, 0.0, 0.0, 0.0, 0.0, 0.0, 1.0, 1.0, 0.0, 0.0]","stage1/test_f1":0.6826996774173715,"stage2/Total_Pruned_%":32.1875,"stage_3_prunedseparableconvcnn/confusion_matrix_table":{"_latest_artifact_path":"wandb-client-artifact://thv6w03wen6oawgovn69zupvsfcxu365b6et1ddjjtc0tff70jycljsg8p4zzqel1s3l076ycvzexulx3rpqhmlx3282qkpvyck7448n0uqkqzl3x9fnyi2seyq897kx:latest/stage_3_prunedseparableconvcnn/confusion_matrix_table.table.json","log_mode":"IMMUTABLE","sha256":"416bde5ada446815fe92dc59b71154bc0ccf27561042afb39d11d94f74fa9b33","nrows":64,"size":2013,"artifact_path":"wandb-client-artifact://le9zs4pbh76gdpxe6oc31xhdyzthxfzhzp5hkzhkcnbnejqkyp07ohm88hp02q2ea4rcoj6eml44q62lavsdlzkavpbh871qwejs5e084v5lxsfisg4n8qlrluq2cs04/stage_3_prunedseparableconvcnn/confusion_matrix_table.table.json","ncols":3,"path":"media/table/stage_3_prunedseparableconvcnn/confusion_matrix_table_18_416bde5ada446815fe92.table.json","_type":"table-file"},"stage2/raw_hard_mask_block4":"[1.0, 1.0, 1.0, 1.0, 1.0, 1.0, 1.0, 1.0, 1.0, 1.0, 1.0, 0.0, 1.0, 0.0, 1.0, 1.0, 1.0, 1.0, 1.0, 1.0, 1.0, 1.0, 1.0, 0.0, 1.0, 1.0, 1.0, 0.0, 1.0, 0.0, 1.0, 1.0, 1.0, 1.0, 1.0, 1.0, 1.0, 1.0, 1.0, 1.0, 0.0, 0.0, 1.0, 1.0, 0.0, 1.0, 1.0, 1.0, 0.0, 1.0, 1.0, 1.0, 1.0, 1.0, 1.0, 1.0, 1.0, 0.0, 1.0, 0.0, 0.0, 1.0, 1.0, 0.0, 1.0, 0.0, 1.0, 0.0, 1.0, 1.0, 0.0, 1.0, 0.0, 1.0, 1.0, 1.0, 1.0, 1.0, 1.0, 1.0, 1.0, 1.0, 1.0, 0.0, 0.0, 1.0, 1.0, 1.0, 1.0, 1.0, 0.0, 0.0, 1.0, 1.0, 1.0, 1.0, 1.0, 1.0, 1.0, 1.0, 1.0, 1.0, 1.0, 1.0, 1.0, 1.0, 0.0, 1.0, 1.0, 1.0, 1.0, 1.0, 1.0, 0.0, 0.0, 0.0, 1.0, 1.0, 1.0, 1.0, 1.0, 1.0, 1.0, 1.0, 1.0, 0.0, 1.0, 1.0]","stage2/purpose":"train channel-pruning model with masking","stage2/test_acc":79.72179289026275,"stage2/raw_hard_mask_block2":"[1.0, 1.0, 0.0, 0.0, 0.0, 1.0, 1.0, 0.0, 1.0, 0.0, 1.0, 1.0, 1.0, 0.0, 0.0, 0.0, 1.0, 1.0, 1.0, 0.0, 0.0, 1.0, 0.0, 0.0, 1.0, 1.0, 0.0, 1.0, 0.0, 1.0, 1.0, 1.0, 1.0, 1.0, 0.0, 0.0, 0.0, 0.0, 1.0, 1.0, 1.0, 1.0, 1.0, 0.0, 1.0, 1.0, 1.0, 1.0, 1.0, 1.0, 1.0, 0.0, 0.0, 1.0, 1.0, 1.0, 0.0, 1.0, 1.0, 1.0, 1.0, 1.0, 0.0, 1.0]"}