{"_timestamp":1.7753153045796936e+09,"stage1_test_loss":0.680011389152344,"_wandb":{"runtime":75},"stage1/purpose":"train baseline model","test_f1_macro":0.6586275886426802,"stage1/train_acc":71.17156823463418,"stage1/test_loss":0.680011389152344,"stage1/test_acc":75.74446161772282,"stage1/lr":0.001,"stage1_test_f1":0.6586275886426802,"stage_1_separableconvcnn/confusion_matrix_table":{"log_mode":"IMMUTABLE","_latest_artifact_path":"wandb-client-artifact://h4x1nupxcoudp1how1yx203jcfu7b2ohr6sonb0gkfmlpllx44o8bnnsfbmpg9anm30ofgthre8bxjp7hdmdlffd7lmt89367mj696cuo2j7bjr30rtkvygeh0ymvcqw:latest/stage_1_separableconvcnn/confusion_matrix_table.table.json","sha256":"8d7d5ca88b1def4b835a369f9b6eb445f97be903989da5cc731fdb1d6ce9bd61","size":2016,"artifact_path":"wandb-client-artifact://oyew4ag9ya4eo5ksik9dxuashx74tynnpd42jn8q74wbf4zbi54tecon7w3wjm8zx6pa4nrwequ0feab8vy14ktxusox54fmv5t5iinc5cczn7y4xtzgt0ic5z0449zv/stage_1_separableconvcnn/confusion_matrix_table.table.json","nrows":64,"ncols":3,"path":"media/table/stage_1_separableconvcnn/confusion_matrix_table_16_8d7d5ca88b1def4b835a.table.json","_type":"table-file"},"test_loss":0.680011389152344,"stage1/test_f1":0.6586275886426802,"stage1/use_pretrain_model":false,"_step":16,"test_acc":75.74446161772282,"_runtime":75,"stage1/val_loss":0.7018170044926021,"stage1/val_acc":64.97333707549818,"stage1/train_loss":0.550051305092282,"stage1/epoch":14,"stage1/stage_number":1,"stage1/best_val_loss":0.609649310579067,"stage1_test_acc":75.74446161772282,"best_val_loss":0.609649310579067,"best_epoch":4}