{"_wandb":{"runtime":15},"mask_l1":0.2153846025466919,"stage1/use_pretrain_model":false,"_timestamp":1.7757709550566492e+09,"lr_backbone":0.0001,"val_acc":87.70491803278688,"stage2_hard_bin_mask_str":"[1.0, 1.0, 1.0, 1.0, 1.0, 1.0, 1.0, 1.0, 1.0, 1.0, 1.0, 1.0, 1.0, 1.0, 0.0, 1.0, 0.0, 0.0, 1.0, 1.0, 0.0, 0.0, 0.0, 0.0, 0.0, 1.0, 1.0, 0.0, 0.0, 0.0, 0.0, 0.0, 0.0, 0.0, 0.0, 0.0, 0.0, 0.0, 0.0, 0.0, 0.0, 0.0, 0.0, 0.0, 0.0, 0.0, 0.0, 0.0, 0.0, 0.0, 0.0, 0.0, 0.0, 0.0, 0.0, 0.0, 0.0, 0.0, 0.0, 0.0, 0.0, 0.0, 0.0, 0.0, 0.0]","_runtime":15,"stage3_test_acc":87.30912792670513,"stage3_test_f1":0.873627049691922,"stage_3_separableconvcnn/confusion_matrix_table":{"artifact_path":"wandb-client-artifact://3n525878lf16mbm9a2dvykls5ukqdr3b6r56aggutps37nxtlc2iyp6tkramyi2xzezhlu6v97s2m2pvoorsr3fhll4z02m2e2iumt4dmrcz6y16p7upam4dh3qpords/stage_3_separableconvcnn/confusion_matrix_table.table.json","log_mode":"IMMUTABLE","ncols":3,"sha256":"8b8a57aaa3508aa48a9e340d1d4e258f4926fe6a998636c640c572697ccabd79","path":"media/table/stage_3_separableconvcnn/confusion_matrix_table_9_8b8a57aaa3508aa48a9e.table.json","_latest_artifact_path":"wandb-client-artifact://338iadn855x7lkibcl5txa5jwrkc03zsq320z3jo08k4fftxzfx1ro2retosx6e9h3od9bpq25420q6dsll7vv86jhyxaqtdkh8espdmnv5tssxy1seibtyuq8nqgs49:latest/stage_3_separableconvcnn/confusion_matrix_table.table.json","size":1369,"_type":"table-file","nrows":36},"stage1_test_acc":90.73634204275534,"val_loss":0.306189936819877,"stage_1_separableconvcnn/confusion_matrix_table":{"sha256":"3a2724ddbaf80f19f6787a62d68af9739588620fdb28353f1eff1624d313c743","_latest_artifact_path":"wandb-client-artifact://hohlz9e5w95v181xbbbgegnjl2ksw7uw467tbx6qyrgej63xy3t2z8o6jebl4828bfq2ps8rkck8yvizubrpoc9nsp5rg6i2c7wz5ycsymy2n5862t4y7xvif6jm527f:latest/stage_1_separableconvcnn/confusion_matrix_table.table.json","artifact_path":"wandb-client-artifact://spz4stqt3ncvjimgwtlla8nztb1mfxfrgw5tw1e5uetps41wb7s44h38agv5uwj862x8wa6frjl6ud3nj8h31o08foksc8lesgoozwq3rtqu2fd5cno1om58jva77nfp/stage_1_separableconvcnn/confusion_matrix_table.table.json","path":"media/table/stage_1_separableconvcnn/confusion_matrix_table_1_3a2724ddbaf80f19f678.table.json","log_mode":"IMMUTABLE","_type":"table-file","nrows":36,"size":1367,"ncols":3},"stage3_test_loss":0.35894213701794303,"lr":0.001,"stage1/test_acc":90.73634204275534,"stage1/test_f1":0.9084024900218363,"train_loss":0.1507518921359934,"lr_gumbel_bin":0.001,"stage1/test_loss":0.26884880924891436,"_step":10,"epoch":20,"bin_keep_ratio":0.29230770468711853,"stage2_test_f1":0.8382829391966414,"stage1_test_loss":0.26884880924891436,"stage2_test_acc":84.0176450627757,"stage1_test_f1":0.9084024900218363,"stage":3,"train_acc":93.58717434869739,"stage2_test_loss":0.49208188113893314,"best_val_loss":0.29942440529400993}