{"stage1_test_f1":0.6742216948894117,"stage1_test_acc":77.48583204533746,"params_before_pruning":36998,"stage":3,"_timestamp":1.7754280653964732e+09,"train_acc":79.94909837035868,"channels_block4":102,"_runtime":59,"val_acc":69.38775510204081,"channels_block3":102,"stage3_channel_metadata_json":"{\"block2\": {\"kept_indices\": [0, 1, 4, 6, 7, 8, 9, 10, 11, 12, 13, 14, 15, 16, 19, 20, 21, 23, 24, 25, 26, 27, 28, 29, 30, 31, 32, 33, 35, 36, 37, 38, 40, 41, 42, 43, 44, 45, 46, 47, 48, 49, 50, 51, 56, 57, 58, 59, 60, 61, 62], \"pruned_indices\": [2, 3, 5, 17, 18, 22, 34, 39, 52, 53, 54, 55, 63], \"kept_count\": 51, \"pruned_count\": 13, \"total_channels\": 64}, \"block3\": {\"kept_indices\": [1, 2, 3, 4, 5, 6, 7, 9, 10, 12, 13, 14, 15, 17, 18, 19, 21, 23, 24, 25, 26, 27, 29, 30, 31, 33, 34, 35, 36, 37, 38, 40, 41, 42, 43, 44, 45, 46, 47, 48, 49, 50, 51, 52, 53, 54, 55, 56, 57, 59, 60, 61, 62, 64, 65, 66, 67, 68, 69, 70, 71, 73, 74, 77, 78, 79, 80, 81, 82, 83, 84, 85, 86, 87, 88, 89, 90, 91, 95, 96, 98, 99, 100, 102, 103, 105, 107, 108, 109, 111, 112, 113, 114, 115, 117, 118, 119, 121, 122, 123, 125, 126], \"pruned_indices\": [0, 8, 11, 16, 20, 22, 28, 32, 39, 58, 63, 72, 75, 76, 92, 93, 94, 97, 101, 104, 106, 110, 116, 120, 124, 127], \"kept_count\": 102, \"pruned_count\": 26, \"total_channels\": 128}, \"block4\": {\"kept_indices\": [0, 1, 2, 3, 4, 5, 7, 8, 9, 10, 11, 14, 15, 16, 17, 18, 19, 20, 21, 22, 24, 25, 26, 29, 31, 32, 33, 35, 36, 37, 38, 39, 41, 43, 44, 45, 46, 47, 49, 50, 52, 53, 54, 55, 56, 57, 58, 59, 60, 61, 62, 63, 64, 66, 67, 69, 70, 72, 73, 76, 77, 78, 79, 80, 81, 82, 83, 84, 86, 87, 88, 89, 90, 91, 92, 93, 94, 95, 97, 100, 101, 103, 104, 106, 107, 108, 110, 111, 112, 114, 115, 116, 117, 118, 119, 120, 121, 123, 124, 125, 126, 127], \"pruned_indices\": [6, 12, 13, 23, 27, 28, 30, 34, 40, 42, 48, 51, 65, 68, 71, 74, 75, 85, 96, 98, 99, 102, 105, 109, 113, 122], \"kept_count\": 102, \"pruned_count\": 26, \"total_channels\": 128}}","channels_block2":51,"val_loss":0.920653730406797,"params_after_pruning":25701,"best_val_loss":0.8968086465046136,"stage_3_prunedseparableconvcnn/confusion_matrix_table":{"log_mode":"IMMUTABLE","sha256":"56ec3c0ca3a16bc0fc4b6dbd65f03a8579a8408f0cdec1335644268bcb99bb25","artifact_path":"wandb-client-artifact://20dja03f6po787t04ztag2a8l0aspch58zzeezgnc30hy0sri2xca5pfec41h9d5gjf9n5a6sdi8wzjruroeepvvfwgyh219v5jie0j30fvs2nbnxxtktna67qvqvxec/stage_3_prunedseparableconvcnn/confusion_matrix_table.table.json","size":2009,"nrows":64,"ncols":3,"path":"media/table/stage_3_prunedseparableconvcnn/confusion_matrix_table_6_56ec3c0ca3a16bc0fc4b.table.json","_type":"table-file","_latest_artifact_path":"wandb-client-artifact://8e7irgwxfxpdun2dbt1b5auc0ldg4hnll46zms1zft9k4858u7gcvgdulxvd0l1o46dtjnbtveosiu2pzo357lsja6p459ptjhemniuz66o8ewuboidzbqnapqxhmgqy:latest/stage_3_prunedseparableconvcnn/confusion_matrix_table.table.json"},"stage3_test_f1":0.6620530490616303,"stage_1_separableconvcnn/confusion_matrix_table":{"ncols":3,"size":2015,"log_mode":"IMMUTABLE","_type":"table-file","path":"media/table/stage_1_separableconvcnn/confusion_matrix_table_0_4c71ec94cf2c83db86b4.table.json","nrows":64,"sha256":"4c71ec94cf2c83db86b494c32addd054f445d91a59497064ef560bc5319677b7","_latest_artifact_path":"wandb-client-artifact://aevksvzy34h04luz581nbr6fpezo3kb8v62mvd04t8abmn5n5j030b38kd7bpa3n10olhkz0l36v2dcrzirp0efo1vj2vnqbetym29cjd3cf529vd6dg850or9kcbx9i:latest/stage_1_separableconvcnn/confusion_matrix_table.table.json","artifact_path":"wandb-client-artifact://ospp86ap598p0hl3qu48giwm0waizeq0lynmipd2vf3192hjt3cxhsm8jyitam76w6j8o30fgbd0q2qm0q7lao4sv07mrow54fbtfrajkiwnmu8p9b4rqycs7updudox/stage_1_separableconvcnn/confusion_matrix_table.table.json"},"train_loss":0.5431383378065522,"stage3_final_mask_json":"{\"block2\": [1.0, 1.0, 0.0, 0.0, 1.0, 0.0, 1.0, 1.0, 1.0, 1.0, 1.0, 1.0, 1.0, 1.0, 1.0, 1.0, 1.0, 0.0, 0.0, 1.0, 1.0, 1.0, 0.0, 1.0, 1.0, 1.0, 1.0, 1.0, 1.0, 1.0, 1.0, 1.0, 1.0, 1.0, 0.0, 1.0, 1.0, 1.0, 1.0, 0.0, 1.0, 1.0, 1.0, 1.0, 1.0, 1.0, 1.0, 1.0, 1.0, 1.0, 1.0, 1.0, 0.0, 0.0, 0.0, 0.0, 1.0, 1.0, 1.0, 1.0, 1.0, 1.0, 1.0, 0.0], \"block3\": [0.0, 1.0, 1.0, 1.0, 1.0, 1.0, 1.0, 1.0, 0.0, 1.0, 1.0, 0.0, 1.0, 1.0, 1.0, 1.0, 0.0, 1.0, 1.0, 1.0, 0.0, 1.0, 0.0, 1.0, 1.0, 1.0, 1.0, 1.0, 0.0, 1.0, 1.0, 1.0, 0.0, 1.0, 1.0, 1.0, 1.0, 1.0, 1.0, 0.0, 1.0, 1.0, 1.0, 1.0, 1.0, 1.0, 1.0, 1.0, 1.0, 1.0, 1.0, 1.0, 1.0, 1.0, 1.0, 1.0, 1.0, 1.0, 0.0, 1.0, 1.0, 1.0, 1.0, 0.0, 1.0, 1.0, 1.0, 1.0, 1.0, 1.0, 1.0, 1.0, 0.0, 1.0, 1.0, 0.0, 0.0, 1.0, 1.0, 1.0, 1.0, 1.0, 1.0, 1.0, 1.0, 1.0, 1.0, 1.0, 1.0, 1.0, 1.0, 1.0, 0.0, 0.0, 0.0, 1.0, 1.0, 0.0, 1.0, 1.0, 1.0, 0.0, 1.0, 1.0, 0.0, 1.0, 0.0, 1.0, 1.0, 1.0, 0.0, 1.0, 1.0, 1.0, 1.0, 1.0, 0.0, 1.0, 1.0, 1.0, 0.0, 1.0, 1.0, 1.0, 0.0, 1.0, 1.0, 0.0], \"block4\": [1.0, 1.0, 1.0, 1.0, 1.0, 1.0, 0.0, 1.0, 1.0, 1.0, 1.0, 1.0, 0.0, 0.0, 1.0, 1.0, 1.0, 1.0, 1.0, 1.0, 1.0, 1.0, 1.0, 0.0, 1.0, 1.0, 1.0, 0.0, 0.0, 1.0, 0.0, 1.0, 1.0, 1.0, 0.0, 1.0, 1.0, 1.0, 1.0, 1.0, 0.0, 1.0, 0.0, 1.0, 1.0, 1.0, 1.0, 1.0, 0.0, 1.0, 1.0, 0.0, 1.0, 1.0, 1.0, 1.0, 1.0, 1.0, 1.0, 1.0, 1.0, 1.0, 1.0, 1.0, 1.0, 0.0, 1.0, 1.0, 0.0, 1.0, 1.0, 0.0, 1.0, 1.0, 0.0, 0.0, 1.0, 1.0, 1.0, 1.0, 1.0, 1.0, 1.0, 1.0, 1.0, 0.0, 1.0, 1.0, 1.0, 1.0, 1.0, 1.0, 1.0, 1.0, 1.0, 1.0, 0.0, 1.0, 0.0, 0.0, 1.0, 1.0, 0.0, 1.0, 1.0, 0.0, 1.0, 1.0, 1.0, 0.0, 1.0, 1.0, 1.0, 0.0, 1.0, 1.0, 1.0, 1.0, 1.0, 1.0, 1.0, 1.0, 0.0, 1.0, 1.0, 1.0, 1.0, 1.0]}","stage3_test_acc":73.39515713549717,"epoch":16,"lr":0.001,"_wandb":{"runtime":59},"_step":7}