{"stage3_test_acc":80.89644513137559,"epoch":45,"stage1/test_acc":81.02009273570324,"stage2/final_mask_keep_ratio_block2":0.671875,"stage2/mask_l1":0.5207674503326416,"_runtime":337,"stage1_test_loss":0.6007880943144553,"stage2/block3_Pruned_%":46.875,"stage2/test_f1":0.6942858771939278,"stage2/block4_Pruned_%":30.46875,"_timestamp":1.7753275256886666e+09,"model_param_count":17747,"stage1/test_f1":0.7044195145040806,"stage3_test_loss":0.5925051567543419,"train_loss":0.532959997311426,"model_param_reduction_pct":52.03254229958376,"stage2/final_mask_keep_ratio_block4":0.6953125,"stage3_test_f1":0.7064005129469003,"_step":25,"stage2/raw_hard_mask_block3":"[1.0, 0.0, 0.0, 0.0, 0.0, 0.0, 0.0, 0.0, 1.0, 1.0, 1.0, 1.0, 1.0, 1.0, 0.0, 1.0, 0.0, 1.0, 0.0, 1.0, 1.0, 1.0, 0.0, 0.0, 1.0, 1.0, 1.0, 0.0, 1.0, 1.0, 0.0, 0.0, 0.0, 0.0, 0.0, 0.0, 1.0, 1.0, 0.0, 1.0, 0.0, 0.0, 0.0, 0.0, 0.0, 0.0, 0.0, 1.0, 1.0, 1.0, 1.0, 1.0, 1.0, 1.0, 1.0, 1.0, 0.0, 0.0, 1.0, 1.0, 0.0, 1.0, 0.0, 1.0, 1.0, 0.0, 1.0, 0.0, 1.0, 0.0, 0.0, 0.0, 1.0, 0.0, 1.0, 1.0, 0.0, 1.0, 1.0, 1.0, 1.0, 1.0, 1.0, 1.0, 1.0, 0.0, 0.0, 1.0, 0.0, 0.0, 0.0, 0.0, 0.0, 0.0, 1.0, 0.0, 1.0, 0.0, 1.0, 1.0, 0.0, 1.0, 1.0, 1.0, 1.0, 1.0, 0.0, 1.0, 0.0, 1.0, 1.0, 1.0, 1.0, 0.0, 1.0, 1.0, 1.0, 0.0, 0.0, 0.0, 0.0, 1.0, 0.0, 0.0, 0.0, 0.0, 1.0, 1.0]","Total_Pruned_%":37.5,"block4_Pruned_%":30.46875,"stage2_test_acc":80.22668727460072,"stage2/best_epoch":47,"stage2/stage_number":2,"stage1/test_loss":0.6007880943144553,"stage1_test_f1":0.7044195145040806,"model_param_count_pruned":17747,"stage2/val_acc":70.04811547714515,"model_param_count_dense":36998,"stage1/use_pretrain_model":false,"lr_loaded_weights":0.0001,"stage":3,"stage2/train_loss":0.7973119835625844,"stage2/lr_gumbel":0.001,"stage2/train_acc":63.756006668628025,"stage2/block2_Pruned_%":32.8125,"val_loss":0.6029057716047085,"block2_Pruned_%":32.8125,"stage2/best_val_loss":0.6320697044432402,"stage_3_prunedseparableconvcnn/confusion_matrix_table":{"_type":"table-file","size":2012,"artifact_path":"wandb-client-artifact://uqxmifqrkmht6xnhlbzi0f8ssl32m6ozeeh2aquz8rimtd6nild89b7gqf31aj47quoukrixay4a9ea8mjxkwo5oef1hi0v0naiylqu93h2g9963tc07z44z0xyni43c/stage_3_prunedseparableconvcnn/confusion_matrix_table.table.json","log_mode":"IMMUTABLE","ncols":3,"sha256":"5aa2185674ccb4c622cf3d909bc29f5817f913ff29dbde23fd921bcf49d19b44","path":"media/table/stage_3_prunedseparableconvcnn/confusion_matrix_table_23_5aa2185674ccb4c622cf.table.json","_latest_artifact_path":"wandb-client-artifact://oefzhve6fy0nv2vkzlylhda2h3l47um841m5em9wq1r31pj0u9x79rmr5kas7meemkfh0fzfjoibmbn65kp65jq91cluvvneryxr3vvlqww3ai7wxw0urnbxhh0tou5r:latest/stage_3_prunedseparableconvcnn/confusion_matrix_table.table.json","nrows":64},"stage2/raw_hard_mask_block4":"[0.0, 0.0, 1.0, 1.0, 1.0, 0.0, 0.0, 1.0, 1.0, 1.0, 1.0, 1.0, 1.0, 1.0, 1.0, 1.0, 0.0, 0.0, 1.0, 1.0, 1.0, 0.0, 0.0, 1.0, 1.0, 0.0, 1.0, 0.0, 0.0, 1.0, 1.0, 1.0, 0.0, 1.0, 1.0, 0.0, 1.0, 0.0, 0.0, 0.0, 1.0, 1.0, 1.0, 1.0, 1.0, 1.0, 1.0, 1.0, 0.0, 1.0, 1.0, 0.0, 1.0, 1.0, 0.0, 1.0, 0.0, 0.0, 1.0, 1.0, 1.0, 1.0, 1.0, 0.0, 1.0, 1.0, 0.0, 1.0, 1.0, 0.0, 1.0, 0.0, 1.0, 1.0, 1.0, 1.0, 1.0, 1.0, 0.0, 1.0, 0.0, 0.0, 1.0, 1.0, 1.0, 0.0, 1.0, 1.0, 1.0, 1.0, 0.0, 0.0, 1.0, 1.0, 1.0, 1.0, 0.0, 1.0, 1.0, 1.0, 1.0, 1.0, 0.0, 1.0, 0.0, 0.0, 1.0, 1.0, 1.0, 1.0, 1.0, 1.0, 0.0, 0.0, 0.0, 1.0, 1.0, 0.0, 1.0, 1.0, 1.0, 1.0, 1.0, 1.0, 1.0, 1.0, 1.0, 1.0]","_wandb":{"runtime":337},"stage2/test_loss":0.5963965057499518,"stage2/lr_backbone":0.0001,"train_acc":70.68941845640875,"stage2/Total_Pruned_%":37.5,"stage2_test_f1":0.6942858771939278,"stage2/raw_hard_mask_block2":"[1.0, 0.0, 1.0, 1.0, 0.0, 1.0, 1.0, 0.0, 1.0, 1.0, 1.0, 1.0, 1.0, 0.0, 1.0, 1.0, 0.0, 1.0, 1.0, 0.0, 0.0, 1.0, 1.0, 1.0, 1.0, 1.0, 1.0, 0.0, 1.0, 0.0, 1.0, 0.0, 1.0, 1.0, 1.0, 1.0, 1.0, 1.0, 0.0, 1.0, 0.0, 0.0, 1.0, 1.0, 1.0, 0.0, 0.0, 1.0, 1.0, 1.0, 0.0, 1.0, 1.0, 0.0, 1.0, 1.0, 0.0, 1.0, 0.0, 1.0, 1.0, 1.0, 0.0, 0.0]","val_acc":71.81234963913393,"stage_1_separableconvcnn/confusion_matrix_table":{"_latest_artifact_path":"wandb-client-artifact://pkkv72ro6zj7zzft9hsr0cyyrij8rhwm7ftqtjtlw18qo0xl6yhjy1vmsa7t1dmduaozl6fm3o54avivggktddbmgu9b8xhyapcpz5675n8gqeo2gqpwumcssyxcocum:latest/stage_1_separableconvcnn/confusion_matrix_table.table.json","artifact_path":"wandb-client-artifact://2i3cbggh7dd2exmki64ak12pl6biyd2vinomuk994fujdwax5ke0n3cxahd6470jvp2m3guxpyov6cuhwbxpgag2iy7bocsgvjihb4jcj51xtc8lvm3wn98mi2moy3wn/stage_1_separableconvcnn/confusion_matrix_table.table.json","path":"media/table/stage_1_separableconvcnn/confusion_matrix_table_1_4d5546a305398ff4a292.table.json","size":2014,"ncols":3,"sha256":"4d5546a305398ff4a292ccded4e9979fc31142fd3426813cca798edeea62d572","_type":"table-file","log_mode":"IMMUTABLE","nrows":64},"stage2/val_loss":0.6438000393970164,"best_val_loss":0.599641296949832,"stage2_test_loss":0.5963965057499518,"stage2/test_acc":80.22668727460072,"final_summary_log_path":"/home/qphan/master-thesis/models/wear_best_model_three_stage_channel_subject8_val_final_summary_val_8.txt","block3_Pruned_%":46.875,"stage1_test_acc":81.02009273570324,"stage2/final_mask_keep_ratio_block3":0.53125,"stage2/epoch":55,"stage2/purpose":"train channel-pruning model with masking"}