{"stage2/train_loss":0.6693776951920233,"stage1/test_acc":78.72230808861411,"stage2/stage_number":2,"stage1/test_loss":0.6092704135868919,"stage2/test_acc":81.3189077794951,"stage2_test_loss":0.556801251418378,"stage2/block3_Pruned_%":44.53125,"stage2/Total_Pruned_%":23.4375,"val_acc":62.92450182430536,"val_loss":1.1443540337980378,"model_param_count_dense":36998,"stage1/test_f1":0.7081741691632448,"Total_Pruned_%":23.4375,"stage2/train_acc":66.11507332318294,"stage2/final_mask_keep_ratio_block3":0.5546875,"model_param_count_pruned":23825,"stage1_test_f1":0.7081741691632448,"stage2/raw_hard_mask_block3":"[0.0, 0.0, 1.0, 0.0, 0.0, 1.0, 0.0, 1.0, 1.0, 0.0, 0.0, 1.0, 1.0, 0.0, 0.0, 1.0, 1.0, 0.0, 1.0, 1.0, 0.0, 0.0, 0.0, 0.0, 1.0, 1.0, 0.0, 1.0, 0.0, 0.0, 0.0, 0.0, 0.0, 1.0, 1.0, 1.0, 1.0, 0.0, 1.0, 0.0, 1.0, 1.0, 1.0, 0.0, 0.0, 1.0, 1.0, 0.0, 1.0, 1.0, 1.0, 0.0, 1.0, 0.0, 0.0, 1.0, 1.0, 0.0, 0.0, 0.0, 1.0, 1.0, 1.0, 0.0, 0.0, 0.0, 1.0, 1.0, 0.0, 1.0, 1.0, 1.0, 1.0, 1.0, 1.0, 0.0, 0.0, 0.0, 1.0, 0.0, 0.0, 1.0, 1.0, 1.0, 0.0, 1.0, 0.0, 1.0, 1.0, 1.0, 1.0, 1.0, 1.0, 1.0, 1.0, 1.0, 0.0, 1.0, 1.0, 0.0, 0.0, 0.0, 1.0, 0.0, 0.0, 1.0, 0.0, 1.0, 1.0, 0.0, 1.0, 0.0, 0.0, 1.0, 1.0, 1.0, 1.0, 0.0, 1.0, 0.0, 0.0, 1.0, 1.0, 1.0, 0.0, 0.0, 1.0, 1.0]","stage2/val_acc":57.08672467022172,"stage2/purpose":"train channel-pruning model with masking","stage2/final_mask_keep_ratio_block4":1,"block2_Pruned_%":28.125,"stage2/best_epoch":45,"_step":23,"stage1/use_pretrain_model":false,"stage2/final_mask_keep_ratio_block2":0.71875,"lr_loaded_weights":0.0001,"stage2/lr_gumbel":0.001,"_timestamp":1.7755010839148993e+09,"_wandb":{"runtime":336},"stage2/block2_Pruned_%":28.125,"stage_3_prunedseparableconvcnn/confusion_matrix_table":{"size":2009,"sha256":"14f10cfd1bc57f6fee400333cf784b81fd66f54737acbc24fa4b0e2379668605","ncols":3,"_latest_artifact_path":"wandb-client-artifact://412r57rtqrpbe4y58x36933rshqv98h2z6qd0mbkr4eigw9w49wwmz32yqtjoww9zdi8hb13dze06g65klff7kw4mgw26iu4n9406ibvr0yq0rp0yexz52hz140tq3qy:latest/stage_3_prunedseparableconvcnn/confusion_matrix_table.table.json","nrows":64,"artifact_path":"wandb-client-artifact://6bitcv8loc04beoduwk3l7e715101y7s5jxp4yxlbmwnxuqecdxn3kzuevekku0nn3wxawxa5kn00yxmgeahqmzh0lg24rwsj2qd49tz24wm4nnb7mxkrd0o6cct6lgh/stage_3_prunedseparableconvcnn/confusion_matrix_table.table.json","_type":"table-file","path":"media/table/stage_3_prunedseparableconvcnn/confusion_matrix_table_21_14f10cfd1bc57f6fee40.table.json","log_mode":"IMMUTABLE"},"stage2/best_val_loss":1.178541797150262,"stage":3,"stage3_test_f1":0.7338497286633318,"stage1_test_loss":0.6092704135868919,"stage2/raw_hard_mask_block4":"[1.0, 1.0, 1.0, 1.0, 1.0, 1.0, 1.0, 1.0, 1.0, 1.0, 1.0, 1.0, 1.0, 1.0, 1.0, 1.0, 1.0, 1.0, 1.0, 1.0, 1.0, 1.0, 1.0, 1.0, 1.0, 1.0, 1.0, 1.0, 1.0, 1.0, 1.0, 1.0, 1.0, 1.0, 1.0, 1.0, 1.0, 1.0, 1.0, 1.0, 1.0, 1.0, 1.0, 1.0, 1.0, 1.0, 1.0, 1.0, 1.0, 1.0, 1.0, 1.0, 1.0, 1.0, 1.0, 1.0, 1.0, 1.0, 1.0, 1.0, 1.0, 1.0, 1.0, 1.0, 1.0, 1.0, 1.0, 1.0, 1.0, 1.0, 1.0, 1.0, 1.0, 1.0, 1.0, 1.0, 1.0, 1.0, 1.0, 1.0, 1.0, 1.0, 1.0, 1.0, 1.0, 1.0, 1.0, 1.0, 1.0, 1.0, 1.0, 1.0, 1.0, 1.0, 1.0, 1.0, 1.0, 1.0, 1.0, 1.0, 1.0, 1.0, 1.0, 1.0, 1.0, 1.0, 1.0, 1.0, 1.0, 1.0, 1.0, 1.0, 1.0, 1.0, 1.0, 1.0, 1.0, 1.0, 1.0, 1.0, 1.0, 1.0, 1.0, 1.0, 1.0, 1.0, 1.0, 1.0]","stage_1_separableconvcnn/confusion_matrix_table":{"ncols":3,"_type":"table-file","size":2011,"log_mode":"IMMUTABLE","sha256":"4c1c8c6551e23da15ac272f06a5d576a902d1f071f8374a8a5c358b86a71a217","artifact_path":"wandb-client-artifact://12d9mgss41zuzqa4pcmyknvblylf04kcl0t440ej8rzb1tlrjlupynnmd1o3fgrf6o3nlotalo3aquzl32exdnw5mwp677rmglvthmeevbkh0ymp0ms68gs2hm0azwmd/stage_1_separableconvcnn/confusion_matrix_table.table.json","_latest_artifact_path":"wandb-client-artifact://1wneo7ehwmioa77k04on39z0617k3kr9z6ws8rgri829ht6ylvz2kftprc36gh90jjkf0k2lwgfuegv39r1kef0zhb19frd0s7k1b6rx88wrht719904fyh4azrqwxc7:latest/stage_1_separableconvcnn/confusion_matrix_table.table.json","path":"media/table/stage_1_separableconvcnn/confusion_matrix_table_1_4c1c8c6551e23da15ac2.table.json","nrows":64},"model_param_count":23825,"stage2/mask_l1":0.647231936454773,"stage3_test_loss":0.542813694089774,"model_param_reduction_pct":35.604627277150115,"stage2/raw_hard_mask_block2":"[1.0, 1.0, 0.0, 1.0, 1.0, 0.0, 0.0, 0.0, 1.0, 1.0, 1.0, 0.0, 1.0, 1.0, 0.0, 0.0, 1.0, 1.0, 1.0, 1.0, 1.0, 1.0, 1.0, 1.0, 0.0, 1.0, 1.0, 1.0, 1.0, 1.0, 1.0, 0.0, 1.0, 0.0, 0.0, 1.0, 1.0, 1.0, 0.0, 1.0, 1.0, 1.0, 0.0, 1.0, 1.0, 0.0, 1.0, 1.0, 1.0, 1.0, 1.0, 1.0, 1.0, 1.0, 0.0, 0.0, 1.0, 1.0, 1.0, 1.0, 1.0, 0.0, 0.0, 1.0]","stage2/epoch":55,"stage2/val_loss":1.2017473625795512,"stage2_test_f1":0.7167881901082157,"block4_Pruned_%":0,"stage3_test_acc":82.19474497681607,"final_summary_log_path":"/home/qphan/master-thesis/models/wear_best_model_three_stage_channel_subject2_val_final_summary_val_2.txt","stage2/test_loss":0.556801251418378,"stage1_test_acc":78.72230808861411,"stage2_test_acc":81.3189077794951,"stage2/test_f1":0.7167881901082157,"epoch":35,"block3_Pruned_%":44.53125,"train_loss":0.4757877060265407,"best_val_loss":1.1419756442617908,"stage2/block4_Pruned_%":0,"train_acc":71.78660149050404,"_runtime":336,"stage2/lr_backbone":0.0001}