{"stage1_test_acc":93.95995928062436,"test_loss":0.21086021907105196,"test_f1_macro":0.9402865062837908,"best_epoch":4,"_runtime":6,"_step":4,"stage1/test_f1":0.9402865062837908,"stage1/val_acc":83.61858190709046,"_timestamp":1.7757570349427052e+09,"stage1/lr":0.001,"stage1/best_val_loss":0.3357733410844593,"stage1_test_f1":0.9402865062837908,"test_acc":93.95995928062436,"stage1/stage_number":1,"stage1_test_loss":0.21086021907105196,"stage1/train_loss":0.08178985283587863,"stage1/purpose":"train baseline model","stage_1_separableconvcnn/confusion_matrix_table":{"path":"media/table/stage_1_separableconvcnn/confusion_matrix_table_4_e8bddad924e757dde1b8.table.json","sha256":"e8bddad924e757dde1b81f31e031831638259fb4974eb769d521003a409a9b0d","nrows":36,"_latest_artifact_path":"wandb-client-artifact://dtkebvbcnekkwpdnqmn482e8rued02v6e8ohudwp611orbjlgy8lajtf7fdrhdc1eopt2uzxsycwm5s23bmdldzs4nczn7hb0qiazfnkkncyz61ufixmppre46il41ig:latest/stage_1_separableconvcnn/confusion_matrix_table.table.json","size":1361,"ncols":3,"log_mode":"IMMUTABLE","artifact_path":"wandb-client-artifact://mt8ozgbrsuq8knf4qvtuvt1ctp33kt7hzepof0dnr1u6rtpp4zzbtq1ln983j0tr86y5z8nbe6szxyo80msmrgqtzwxrpdbve857h3c1ijabfcbz2pj8altrhvrnhrl6/stage_1_separableconvcnn/confusion_matrix_table.table.json","_type":"table-file"},"stage1/epoch":10,"_wandb":{"runtime":6},"stage1/test_loss":0.21086021907105196,"best_val_loss":0.3357733410844593,"stage1/train_acc":96.11119112775457,"stage1/test_acc":93.95995928062436,"stage1/val_loss":0.43652586842497726,"stage1/use_pretrain_model":false}