{"best_epoch":16,"test_f1_macro":0.7383482665258917,"stage1_test_loss":0.5025353937711622,"stage1/train_acc":76.41774174689169,"stage1_test_acc":83.14270994332819,"stage1/val_loss":0.7673837843791993,"_runtime":85,"stage1/stage_number":1,"stage1/test_acc":83.14270994332819,"_wandb":{"runtime":85},"test_loss":0.5025353937711622,"stage1/use_pretrain_model":false,"stage1/purpose":"train baseline model","stage1/lr":0.001,"stage1/val_acc":72.79445727482678,"stage1/train_loss":0.37428700873159204,"stage1/best_val_loss":0.7017715148300827,"stage1/test_f1":0.7383482665258917,"stage1/epoch":26,"_timestamp":1.7753013199459264e+09,"stage1/test_loss":0.5025353937711622,"best_val_loss":0.7017715148300827,"test_acc":83.14270994332819,"_step":27,"stage1_test_f1":0.7383482665258917}