{"stage":3,"channels_block4":51,"_step":6,"stage3_test_f1":0.6370238425385479,"params_before_pruning":36998,"train_loss":0.6319687028750245,"best_val_loss":0.8010396108250015,"params_after_pruning":9476,"channels_block2":26,"val_loss":0.9127256049718901,"lr":0.001,"channels_block3":51,"_timestamp":1.7754341245276587e+09,"_wandb":{"runtime":72},"val_acc":70.53347654851414,"stage1_test_acc":77.48583204533746,"stage3_channel_metadata_json":"{\"block2\": {\"kept_indices\": [0, 4, 7, 8, 11, 12, 13, 14, 16, 24, 25, 26, 27, 30, 31, 33, 40, 42, 45, 46, 47, 48, 50, 57, 59, 61], \"pruned_indices\": [1, 2, 3, 5, 6, 9, 10, 15, 17, 18, 19, 20, 21, 22, 23, 28, 29, 32, 34, 35, 36, 37, 38, 39, 41, 43, 44, 49, 51, 52, 53, 54, 55, 56, 58, 60, 62, 63], \"kept_count\": 26, \"pruned_count\": 38, \"total_channels\": 64}, \"block3\": {\"kept_indices\": [2, 3, 4, 6, 9, 10, 12, 13, 14, 15, 17, 19, 25, 29, 30, 36, 37, 38, 45, 48, 49, 51, 53, 62, 64, 65, 68, 71, 74, 77, 78, 79, 80, 81, 85, 86, 88, 91, 99, 100, 103, 105, 107, 108, 111, 112, 113, 114, 118, 122, 125], \"pruned_indices\": [0, 1, 5, 7, 8, 11, 16, 18, 20, 21, 22, 23, 24, 26, 27, 28, 31, 32, 33, 34, 35, 39, 40, 41, 42, 43, 44, 46, 47, 50, 52, 54, 55, 56, 57, 58, 59, 60, 61, 63, 66, 67, 69, 70, 72, 73, 75, 76, 82, 83, 84, 87, 89, 90, 92, 93, 94, 95, 96, 97, 98, 101, 102, 104, 106, 109, 110, 115, 116, 117, 119, 120, 121, 123, 124, 126, 127], \"kept_count\": 51, \"pruned_count\": 77, \"total_channels\": 128}, \"block4\": {\"kept_indices\": [2, 4, 5, 7, 8, 10, 11, 15, 18, 24, 25, 31, 35, 37, 38, 41, 43, 44, 46, 47, 49, 52, 54, 55, 56, 57, 58, 60, 63, 67, 69, 70, 80, 83, 84, 86, 87, 88, 89, 90, 94, 97, 101, 103, 106, 107, 110, 112, 118, 124, 126], \"pruned_indices\": [0, 1, 3, 6, 9, 12, 13, 14, 16, 17, 19, 20, 21, 22, 23, 26, 27, 28, 29, 30, 32, 33, 34, 36, 39, 40, 42, 45, 48, 50, 51, 53, 59, 61, 62, 64, 65, 66, 68, 71, 72, 73, 74, 75, 76, 77, 78, 79, 81, 82, 85, 91, 92, 93, 95, 96, 98, 99, 100, 102, 104, 105, 108, 109, 111, 113, 114, 115, 116, 117, 119, 120, 121, 122, 123, 125, 127], \"kept_count\": 51, \"pruned_count\": 77, \"total_channels\": 128}}","epoch":14,"train_acc":76.82594799352879,"stage1_test_f1":0.6742216948894117,"stage3_test_acc":69.41782586295724,"stage_3_prunedseparableconvcnn/confusion_matrix_table":{"artifact_path":"wandb-client-artifact://tv0to86t5mbvdss3obzny3p5iec7kviidcb367kprnbaeglerz604xlewzbm73p8o2l1n3bxxwp0bsvamwwtszs4zdbab8mf3kwdejcalfok3bh3vvzbe3qy8pi453vg/stage_3_prunedseparableconvcnn/confusion_matrix_table.table.json","path":"media/table/stage_3_prunedseparableconvcnn/confusion_matrix_table_5_097675b3dc2c58d4604c.table.json","size":2009,"ncols":3,"sha256":"097675b3dc2c58d4604c2e5ae174c24b94485af14d3490e33dd5ac93411f9f06","log_mode":"IMMUTABLE","_type":"table-file","_latest_artifact_path":"wandb-client-artifact://46ehshvg90xt5kozeslsk9z6qr414c55wm32ptbgj60i2vlthlg95dblervxv2xqj8qxgakzz52mcbk4p00jq28v2rcw0zskqw4ux381xlfn8230hwg074srsspe64pv:latest/stage_3_prunedseparableconvcnn/confusion_matrix_table.table.json","nrows":64},"stage_1_separableconvcnn/confusion_matrix_table":{"ncols":3,"_latest_artifact_path":"wandb-client-artifact://nziygjn18x9cc4si3oiz0r1bmms01gwvf3wuggoon0bvgmm8cdf1gghzahmn01gvk870lqt8myotl77f4y2uyqbix42pdpg8bjf8h57eunnwg48akr3xqt8op7k7t9td:latest/stage_1_separableconvcnn/confusion_matrix_table.table.json","path":"media/table/stage_1_separableconvcnn/confusion_matrix_table_0_4c71ec94cf2c83db86b4.table.json","log_mode":"IMMUTABLE","nrows":64,"size":2015,"artifact_path":"wandb-client-artifact://t46si7srr6b2hj7x3cycfy4wwk7c4g3jftr347n3udrrqhucjrjrfui99qgs9q5usvs65jztav5qtap80d1iq98qdkt1gx1fncxndvgicbyebfnp0omo01zuu24s7t6w/stage_1_separableconvcnn/confusion_matrix_table.table.json","_type":"table-file","sha256":"4c71ec94cf2c83db86b494c32addd054f445d91a59497064ef560bc5319677b7"},"stage3_final_mask_json":"{\"block2\": [1.0, 0.0, 0.0, 0.0, 1.0, 0.0, 0.0, 1.0, 1.0, 0.0, 0.0, 1.0, 1.0, 1.0, 1.0, 0.0, 1.0, 0.0, 0.0, 0.0, 0.0, 0.0, 0.0, 0.0, 1.0, 1.0, 1.0, 1.0, 0.0, 0.0, 1.0, 1.0, 0.0, 1.0, 0.0, 0.0, 0.0, 0.0, 0.0, 0.0, 1.0, 0.0, 1.0, 0.0, 0.0, 1.0, 1.0, 1.0, 1.0, 0.0, 1.0, 0.0, 0.0, 0.0, 0.0, 0.0, 0.0, 1.0, 0.0, 1.0, 0.0, 1.0, 0.0, 0.0], \"block3\": [0.0, 0.0, 1.0, 1.0, 1.0, 0.0, 1.0, 0.0, 0.0, 1.0, 1.0, 0.0, 1.0, 1.0, 1.0, 1.0, 0.0, 1.0, 0.0, 1.0, 0.0, 0.0, 0.0, 0.0, 0.0, 1.0, 0.0, 0.0, 0.0, 1.0, 1.0, 0.0, 0.0, 0.0, 0.0, 0.0, 1.0, 1.0, 1.0, 0.0, 0.0, 0.0, 0.0, 0.0, 0.0, 1.0, 0.0, 0.0, 1.0, 1.0, 0.0, 1.0, 0.0, 1.0, 0.0, 0.0, 0.0, 0.0, 0.0, 0.0, 0.0, 0.0, 1.0, 0.0, 1.0, 1.0, 0.0, 0.0, 1.0, 0.0, 0.0, 1.0, 0.0, 0.0, 1.0, 0.0, 0.0, 1.0, 1.0, 1.0, 1.0, 1.0, 0.0, 0.0, 0.0, 1.0, 1.0, 0.0, 1.0, 0.0, 0.0, 1.0, 0.0, 0.0, 0.0, 0.0, 0.0, 0.0, 0.0, 1.0, 1.0, 0.0, 0.0, 1.0, 0.0, 1.0, 0.0, 1.0, 1.0, 0.0, 0.0, 1.0, 1.0, 1.0, 1.0, 0.0, 0.0, 0.0, 1.0, 0.0, 0.0, 0.0, 1.0, 0.0, 0.0, 1.0, 0.0, 0.0], \"block4\": [0.0, 0.0, 1.0, 0.0, 1.0, 1.0, 0.0, 1.0, 1.0, 0.0, 1.0, 1.0, 0.0, 0.0, 0.0, 1.0, 0.0, 0.0, 1.0, 0.0, 0.0, 0.0, 0.0, 0.0, 1.0, 1.0, 0.0, 0.0, 0.0, 0.0, 0.0, 1.0, 0.0, 0.0, 0.0, 1.0, 0.0, 1.0, 1.0, 0.0, 0.0, 1.0, 0.0, 1.0, 1.0, 0.0, 1.0, 1.0, 0.0, 1.0, 0.0, 0.0, 1.0, 0.0, 1.0, 1.0, 1.0, 1.0, 1.0, 0.0, 1.0, 0.0, 0.0, 1.0, 0.0, 0.0, 0.0, 1.0, 0.0, 1.0, 1.0, 0.0, 0.0, 0.0, 0.0, 0.0, 0.0, 0.0, 0.0, 0.0, 1.0, 0.0, 0.0, 1.0, 1.0, 0.0, 1.0, 1.0, 1.0, 1.0, 1.0, 0.0, 0.0, 0.0, 1.0, 0.0, 0.0, 1.0, 0.0, 0.0, 0.0, 1.0, 0.0, 1.0, 0.0, 0.0, 1.0, 1.0, 0.0, 0.0, 1.0, 0.0, 1.0, 0.0, 0.0, 0.0, 0.0, 0.0, 1.0, 0.0, 0.0, 0.0, 0.0, 0.0, 1.0, 0.0, 1.0, 0.0]}","_runtime":72}