{"train_loss":0.1289767482108234,"stage2_test_loss":0.4981062242503379,"mask_l1":0.2734375,"lr_gumbel_bin":0.001,"stage_1_separableconvcnn/confusion_matrix_table":{"nrows":36,"_latest_artifact_path":"wandb-client-artifact://xim9t5lt2jlvvavgbdypvd5i2pgp340sm74c07xehtwj48graa0pbiuf63mjopgmutf6f21fy5a0s85rg0q2yp9qqqrc56huk0tx1wbgre4ffsfwwhspxrnsthqp3xhd:latest/stage_1_separableconvcnn/confusion_matrix_table.table.json","sha256":"02c5a6fac2b98a2cce23216035c71184f8282e95afab8b7a4923ed0654b10cea","size":1368,"ncols":3,"path":"media/table/stage_1_separableconvcnn/confusion_matrix_table_1_02c5a6fac2b98a2cce23.table.json","_type":"table-file","log_mode":"IMMUTABLE","artifact_path":"wandb-client-artifact://r2m7xctxlc4hki796wi5g0tfhrt0pfjgmd5qs7ytxb6pgoch6ysy7gk67ey64wqz1n35wyfi1xhqoldscrargcj9mf2ci0wnqf83t2honikx2995a6dd52c68jovhbk1/stage_1_separableconvcnn/confusion_matrix_table.table.json"},"_timestamp":1.7764294470850055e+09,"stage2_hard_bin_mask_str":"[0.0, 0.0, 0.0, 0.0, 0.0, 1.0, 1.0, 1.0, 1.0, 1.0, 1.0, 1.0, 1.0, 1.0, 1.0, 1.0, 1.0, 1.0, 1.0, 1.0, 1.0, 1.0, 1.0, 1.0, 1.0, 1.0, 1.0, 1.0, 1.0, 0.0, 1.0, 1.0, 1.0, 1.0, 1.0, 1.0, 0.0, 1.0, 1.0, 1.0, 1.0, 1.0, 1.0, 1.0, 1.0, 1.0, 1.0, 1.0, 0.0, 1.0, 1.0, 1.0, 1.0, 1.0, 1.0, 1.0, 1.0, 1.0, 1.0, 1.0, 1.0, 0.0, 0.0, 1.0, 0.0, 0.0, 0.0, 0.0, 0.0, 0.0, 0.0, 0.0, 0.0, 0.0, 0.0, 0.0, 0.0, 0.0, 0.0, 0.0, 0.0, 0.0, 0.0, 0.0, 0.0, 0.0, 0.0, 0.0, 0.0, 0.0, 0.0, 0.0, 0.0, 0.0, 0.0, 0.0, 0.0, 0.0, 0.0, 0.0, 0.0, 0.0, 0.0, 0.0, 0.0, 0.0, 0.0, 0.0, 0.0, 0.0, 0.0, 0.0, 0.0, 0.0, 0.0, 0.0, 0.0, 0.0, 0.0, 0.0, 0.0, 0.0, 0.0, 0.0, 0.0, 0.0, 0.0, 0.0]","stage1/use_pretrain_model":false,"stage1/test_acc":89.85408890397014,"best_val_loss":0.20857425143292224,"stage1_test_f1":0.8992012196111356,"train_acc":94.4801026957638,"stage3_test_f1":0.896262227925936,"bin_keep_ratio":0.421875,"_wandb":{"runtime":12},"stage2_test_f1":0.8895303556772749,"stage3_test_acc":89.58262639972854,"stage3_test_loss":0.4353071897964015,"stage1_test_loss":0.4559599839993571,"stage1_test_acc":89.85408890397014,"val_acc":74.19354838709677,"stage":3,"val_loss":0.8889173186108296,"_runtime":12,"lr":0.001,"stage2_test_acc":88.83610451306413,"_step":7,"stage_3_separableconvcnn/confusion_matrix_table":{"_type":"table-file","nrows":36,"_latest_artifact_path":"wandb-client-artifact://he6fa2084hhbcgqpz3e1adozn9kbmpc2i7fooneu84wi6g2h70vk60nnxslnusvhhauk95ik62mpufu7kk1mbahe0opzb06vwqzw0rymj5ba8dztlghk4cmjpipv4j24:latest/stage_3_separableconvcnn/confusion_matrix_table.table.json","artifact_path":"wandb-client-artifact://x0z7i3mwr62g014lgxz1xs0ci5wq4k5mby8utbwlheeiywcz4d9bk0g345gpggznpctvwcuge90o35y7sro81keqyri13gfpkfoa3rnpqjo7etzqenxqgc6x7rk8efif/stage_3_separableconvcnn/confusion_matrix_table.table.json","ncols":3,"sha256":"9f4dcfd99091ae6bbf474b613bc25bc1ac2138fec3c2fdb6e01c1586c18dce85","log_mode":"IMMUTABLE","size":1369,"path":"media/table/stage_3_separableconvcnn/confusion_matrix_table_6_9f4dcfd99091ae6bbf47.table.json"},"lr_backbone":0.0001,"epoch":10,"stage1/test_loss":0.4559599839993571,"stage1/test_f1":0.8992012196111356}