{"stage_3_separableconvcnn/confusion_matrix_table":{"log_mode":"IMMUTABLE","_type":"table-file","ncols":3,"size":1367,"sha256":"588cad56633fec0c0e9aea0447520e12264f0d59f0ffb35ca3b855881f8cf8b2","nrows":36,"path":"media/table/stage_3_separableconvcnn/confusion_matrix_table_14_588cad56633fec0c0e9a.table.json","artifact_path":"wandb-client-artifact://txmue3gt3wlw74k2g4bsp40prbw4r9el5wdckewb1e5ms9pxzgwk3ghqrn305zkq1fuwomw9e08t8zueer83xeog526nnix271udimsuctaa56hrak7woxmfa5nxd1o5/stage_3_separableconvcnn/confusion_matrix_table.table.json","_latest_artifact_path":"wandb-client-artifact://3d6ljlrabsqb6xe7m6dfdw8shglg9p13s8vixzaqh2ysklfhgah9jssdfsd2cjyzab8bkf6a9h0sodyhacl2f50wl2kgojasanc8viod3vqg11n70uipyqaklghu0exx:latest/stage_3_separableconvcnn/confusion_matrix_table.table.json"},"train_loss":0.1055789564095513,"stage3_test_f1":0.8947460844365009,"best_val_loss":0.4494631538642816,"stage2_test_loss":0.20717076764324782,"_timestamp":1.7757776419598036e+09,"stage1_test_f1":0.9123850769801085,"stage3_test_acc":89.48082796063794,"stage1/test_acc":91.07567017305735,"val_loss":0.5417783442130886,"_runtime":27,"epoch":15,"_step":15,"stage1_test_acc":91.07567017305735,"bin_keep_ratio":0.4609375,"mask_l1":0.421875,"train_acc":95.77806304378834,"stage1/test_loss":0.22617445322285173,"stage1/use_pretrain_model":false,"stage2_hard_bin_mask_str":"[1.0, 1.0, 1.0, 1.0, 1.0, 1.0, 1.0, 1.0, 1.0, 1.0, 0.0, 1.0, 1.0, 1.0, 1.0, 1.0, 1.0, 1.0, 1.0, 1.0, 1.0, 1.0, 1.0, 1.0, 1.0, 1.0, 0.0, 1.0, 0.0, 1.0, 1.0, 1.0, 1.0, 1.0, 1.0, 1.0, 1.0, 1.0, 1.0, 1.0, 0.0, 0.0, 0.0, 1.0, 1.0, 1.0, 1.0, 1.0, 1.0, 1.0, 1.0, 1.0, 1.0, 1.0, 0.0, 0.0, 1.0, 1.0, 0.0, 1.0, 1.0, 1.0, 0.0, 1.0, 1.0, 0.0, 1.0, 1.0, 0.0, 1.0, 0.0, 0.0, 0.0, 0.0, 0.0, 0.0, 0.0, 0.0, 0.0, 0.0, 0.0, 0.0, 0.0, 0.0, 0.0, 0.0, 0.0, 0.0, 0.0, 0.0, 1.0, 0.0, 0.0, 0.0, 0.0, 0.0, 0.0, 0.0, 0.0, 0.0, 0.0, 0.0, 0.0, 0.0, 0.0, 0.0, 0.0, 0.0, 0.0, 0.0, 0.0, 0.0, 0.0, 0.0, 0.0, 0.0, 0.0, 0.0, 0.0, 0.0, 0.0, 0.0, 0.0, 0.0, 0.0, 0.0, 0.0, 0.0]","stage3_test_loss":0.2721164362698406,"stage1_test_loss":0.22617445322285173,"val_acc":84.4574780058651,"stage2_test_acc":91.78825924669155,"stage_1_separableconvcnn/confusion_matrix_table":{"sha256":"ee0fa33fc929b82f93f642ef91fbb8aa9f03d6057574e4a8afa65bbfb16ea3b6","artifact_path":"wandb-client-artifact://fr7fa3w6qpj9slw8n6o5w6soutbwigkz2b8sg6o2rik52boz4c5hl7pynoxj5kuhnno6w0xfbe93gk4qfhimvzg5zl7ij1dy2mo3c2l24l49bg4lymhyb96nxbdilh8l/stage_1_separableconvcnn/confusion_matrix_table.table.json","size":1366,"path":"media/table/stage_1_separableconvcnn/confusion_matrix_table_1_ee0fa33fc929b82f93f6.table.json","nrows":36,"log_mode":"IMMUTABLE","ncols":3,"_latest_artifact_path":"wandb-client-artifact://qigxb7u4zna4uhpa06sr4mir3yl2c9v9cb8m767ibm1bktnnx584efxwojpwqv8343oxfo54yqsusy5gz2ip4quo7dv4mhxwlein141siejyx4bikor3cdqse2rtes3z:latest/stage_1_separableconvcnn/confusion_matrix_table.table.json","_type":"table-file"},"lr_backbone":0.0001,"lr":0.001,"stage2_test_f1":0.9182910179386187,"stage1/test_f1":0.9123850769801085,"lr_gumbel_bin":0.001,"stage":3,"_wandb":{"runtime":27}}