{"stage2/val_acc":31.156968876860624,"model_param_count":6525,"stage2/best_epoch":6,"stage2/block2_Pruned_%":70.3125,"stage2/val_loss":2.0245691387837246,"model_param_reduction_pct":82.36391156278717,"best_val_loss":1.6761940656398726,"stage1/test_loss":0.6567373658043401,"val_acc":39.918809201623816,"stage1_test_loss":0.6567373658043401,"stage2/block4_Pruned_%":64.0625,"lr_loaded_weights":0.0001,"stage2/final_mask_keep_ratio_block3":0.203125,"stage1_test_f1":0.6800136476036338,"stage2_test_loss":0.9007280162964083,"block2_Pruned_%":70.3125,"final_summary_log_path":"/home/qphan/master-thesis/models/wear_best_model_three_stage_channel_subject10_val_final_summary_val_10.txt","train_acc":60.86930704827504,"stage3_test_acc":78.08346213292117,"stage2/raw_hard_mask_block3":"[0.0, 0.0, 1.0, 0.0, 0.0, 1.0, 0.0, 0.0, 0.0, 0.0, 0.0, 0.0, 0.0, 0.0, 0.0, 0.0, 0.0, 0.0, 0.0, 0.0, 0.0, 1.0, 0.0, 0.0, 0.0, 0.0, 1.0, 0.0, 0.0, 0.0, 1.0, 0.0, 0.0, 0.0, 0.0, 1.0, 0.0, 0.0, 0.0, 0.0, 0.0, 0.0, 0.0, 1.0, 1.0, 0.0, 0.0, 0.0, 0.0, 0.0, 1.0, 0.0, 1.0, 0.0, 0.0, 0.0, 0.0, 0.0, 1.0, 1.0, 0.0, 0.0, 0.0, 0.0, 1.0, 1.0, 0.0, 0.0, 1.0, 1.0, 0.0, 0.0, 0.0, 0.0, 0.0, 1.0, 0.0, 0.0, 0.0, 0.0, 0.0, 0.0, 0.0, 0.0, 0.0, 0.0, 0.0, 1.0, 1.0, 0.0, 0.0, 0.0, 0.0, 0.0, 0.0, 0.0, 1.0, 1.0, 0.0, 1.0, 0.0, 0.0, 1.0, 0.0, 0.0, 0.0, 1.0, 0.0, 0.0, 0.0, 0.0, 0.0, 0.0, 0.0, 1.0, 0.0, 0.0, 0.0, 0.0, 0.0, 0.0, 1.0, 0.0, 0.0, 0.0, 0.0, 0.0, 0.0]","stage2/test_f1":0.5841845499908751,"stage2/epoch":15,"_step":13,"stage_1_separableconvcnn/confusion_matrix_table":{"_latest_artifact_path":"wandb-client-artifact://aqcnvzkvrlgq8jmn36pa6clynsm156f37g3dahxgyj7b4w39sqnsphgerk7w64omxj76wjmemk80mrfmcm6jf39dwdzd6u0qe6f9wzson6wvsubdf9j4h3kn606o0t7y:latest/stage_1_separableconvcnn/confusion_matrix_table.table.json","_type":"table-file","size":2014,"log_mode":"IMMUTABLE","sha256":"22c73a0123b0ad491f7a329715df7bd98ee64ccdfae8a04eeedeedfdab902393","ncols":3,"path":"media/table/stage_1_separableconvcnn/confusion_matrix_table_1_22c73a0123b0ad491f7a.table.json","nrows":64,"artifact_path":"wandb-client-artifact://v99rcikbkul3ptfx200q3gqme2chq1ylninsgr7syugmo3uhuki5wlvr4gzyh2hp71n3dk234pu2p0c264t7mtto3b7gvxxvz3981somevzinvorx7kyegvqcxz4boxv/stage_1_separableconvcnn/confusion_matrix_table.table.json"},"stage2/raw_hard_mask_block2":"[0.0, 0.0, 0.0, 1.0, 0.0, 0.0, 1.0, 0.0, 0.0, 0.0, 0.0, 1.0, 1.0, 0.0, 0.0, 1.0, 0.0, 0.0, 0.0, 0.0, 1.0, 1.0, 0.0, 0.0, 0.0, 0.0, 0.0, 0.0, 1.0, 1.0, 0.0, 0.0, 0.0, 1.0, 0.0, 0.0, 1.0, 0.0, 0.0, 0.0, 0.0, 0.0, 0.0, 0.0, 1.0, 1.0, 1.0, 1.0, 0.0, 1.0, 0.0, 0.0, 0.0, 0.0, 0.0, 0.0, 0.0, 0.0, 0.0, 1.0, 1.0, 0.0, 0.0, 1.0]","stage2_test_acc":71.99381761978361,"stage2/train_acc":48.98758981058132,"_timestamp":1.7753912470396447e+09,"stage1_test_acc":78.78413189077794,"stage2/block3_Pruned_%":79.6875,"stage1/test_f1":0.6800136476036338,"stage2/train_loss":1.409747572826513,"stage2_test_f1":0.5841845499908751,"Total_Pruned_%":71.5625,"stage2/purpose":"train channel-pruning model with masking","stage1/test_acc":78.78413189077794,"stage":3,"stage3_test_loss":0.6862907829311077,"stage2/lr_backbone":0.0001,"stage2/best_val_loss":1.6598431443006647,"stage3_test_f1":0.6645931182561025,"stage2/raw_hard_mask_block4":"[1.0, 0.0, 1.0, 0.0, 1.0, 0.0, 0.0, 0.0, 0.0, 1.0, 0.0, 0.0, 1.0, 1.0, 1.0, 0.0, 0.0, 0.0, 1.0, 1.0, 1.0, 0.0, 0.0, 0.0, 1.0, 0.0, 1.0, 0.0, 1.0, 0.0, 0.0, 0.0, 1.0, 0.0, 1.0, 0.0, 0.0, 0.0, 0.0, 1.0, 0.0, 1.0, 0.0, 0.0, 1.0, 0.0, 0.0, 0.0, 0.0, 0.0, 1.0, 1.0, 0.0, 0.0, 0.0, 1.0, 0.0, 0.0, 1.0, 0.0, 0.0, 0.0, 0.0, 0.0, 1.0, 1.0, 1.0, 0.0, 0.0, 0.0, 0.0, 0.0, 0.0, 1.0, 0.0, 0.0, 0.0, 0.0, 1.0, 0.0, 1.0, 0.0, 0.0, 0.0, 0.0, 0.0, 1.0, 0.0, 1.0, 1.0, 1.0, 1.0, 1.0, 0.0, 0.0, 0.0, 0.0, 0.0, 0.0, 1.0, 0.0, 0.0, 0.0, 0.0, 0.0, 0.0, 1.0, 1.0, 0.0, 1.0, 0.0, 1.0, 1.0, 0.0, 1.0, 1.0, 1.0, 1.0, 0.0, 1.0, 0.0, 0.0, 0.0, 0.0, 0.0, 1.0, 0.0, 0.0]","block4_Pruned_%":64.0625,"epoch":25,"stage2/final_mask_keep_ratio_block4":0.359375,"stage2/test_acc":71.99381761978361,"train_loss":0.759298583920555,"stage2/test_loss":0.9007280162964083,"model_param_count_pruned":6525,"val_loss":1.7003998827385807,"_wandb":{"runtime":142},"stage2/final_mask_keep_ratio_block2":0.296875,"stage1/use_pretrain_model":false,"block3_Pruned_%":79.6875,"stage_3_prunedseparableconvcnn/confusion_matrix_table":{"sha256":"9cda069518123fe6a22ce7ecfc17f7c916c42b3e780ba64595872a952adfe7d7","size":2015,"log_mode":"IMMUTABLE","nrows":64,"_type":"table-file","path":"media/table/stage_3_prunedseparableconvcnn/confusion_matrix_table_11_9cda069518123fe6a22c.table.json","artifact_path":"wandb-client-artifact://adf6e7ixinqi34qkicpqef33pp124o4oevvoqxl04igm6q1bq31wgwlh2vjodcvwo2wps1yxbhr0xa810djlbztpk2fzmk0xfo5p2vsgj0xlnh0pkzttuvjjwafss1e4/stage_3_prunedseparableconvcnn/confusion_matrix_table.table.json","ncols":3,"_latest_artifact_path":"wandb-client-artifact://sc0bdms8zovwurqo5c6ovsmngal557b57sxa1ffqlduz96blt2qrqgcppq2pygdv5a8bjoflg88btwqpnq25i98art9miqoynpd6nvs4t09ttcawznujhkehwsyv8esx:latest/stage_3_prunedseparableconvcnn/confusion_matrix_table.table.json"},"model_param_count_dense":36998,"stage2/lr_gumbel":0.001,"stage2/stage_number":2,"stage2/mask_l1":0.3694447875022888,"_runtime":142,"stage2/Total_Pruned_%":71.5625}