{"best_val_loss":0.8317462304190504,"lr_loaded_weights":0.0001,"stage2/raw_hard_mask_block3":"[1.0, 0.0, 1.0, 0.0, 0.0, 0.0, 1.0, 0.0, 1.0, 0.0, 0.0, 1.0, 0.0, 1.0, 1.0, 0.0, 0.0, 0.0, 0.0, 1.0, 0.0, 0.0, 0.0, 1.0, 0.0, 1.0, 0.0, 0.0, 0.0, 1.0, 0.0, 0.0, 1.0, 1.0, 1.0, 1.0, 1.0, 1.0, 0.0, 0.0, 0.0, 1.0, 1.0, 0.0, 0.0, 1.0, 0.0, 0.0, 0.0, 1.0, 1.0, 0.0, 1.0, 0.0, 1.0, 0.0, 0.0, 0.0, 0.0, 0.0, 0.0, 1.0, 0.0, 0.0, 0.0, 0.0, 1.0, 0.0, 0.0, 1.0, 0.0, 0.0, 1.0, 0.0, 0.0, 1.0, 0.0, 0.0, 1.0, 1.0, 1.0, 1.0, 1.0, 0.0, 1.0, 0.0, 1.0, 0.0, 0.0, 1.0, 0.0, 0.0, 0.0, 1.0, 0.0, 0.0, 0.0, 0.0, 0.0, 0.0, 1.0, 0.0, 1.0, 1.0, 0.0, 0.0, 0.0, 1.0, 0.0, 0.0, 0.0, 1.0, 1.0, 0.0, 0.0, 1.0, 0.0, 0.0, 1.0, 0.0, 0.0, 1.0, 0.0, 0.0, 0.0, 0.0, 0.0, 0.0]","stage_1_separableconvcnn/confusion_matrix_table":{"log_mode":"IMMUTABLE","_latest_artifact_path":"wandb-client-artifact://qlzpseq61brp7txed5tq3tmipnws3sbwqsfxkd4z9x1cui0zuxb7f6vogjke75txbkbe42az7qqay5r5hnfjcodrcsi2cfpjhyqtn7cszp1eyx0hw7go7j878s1z2xaf:latest/stage_1_separableconvcnn/confusion_matrix_table.table.json","sha256":"163dbe207017fcc7cecbf38afd8a64c37f9ef035b479f12fd0b025e73ef09b48","ncols":3,"_type":"table-file","size":2014,"artifact_path":"wandb-client-artifact://pivjr5v38jmir6j2gpbw6uyxbn1au3oheeliat1vxnosmg6qfncn16dd66ndr6e5g86j13jpya8iip6bg5ojvk61e4t08tn77bozswba6wz7fxjwz8jmvu1dqrofejcs/stage_1_separableconvcnn/confusion_matrix_table.table.json","nrows":64,"path":"media/table/stage_1_separableconvcnn/confusion_matrix_table_1_163dbe207017fcc7cecb.table.json"},"stage1_test_f1":0.7381101781822514,"stage":3,"stage2/val_acc":58.19229384227584,"stage3_test_acc":81.44255538382278,"stage2/epoch":30,"_wandb":{"runtime":182},"stage2/final_mask_keep_ratio_block2":0.4375,"stage2/train_acc":58.528263184884224,"final_summary_log_path":"/home/qphan/master-thesis/models/wear_best_model_three_stage_channel_subject1_val_final_summary_val_1.txt","val_loss":0.841505353576123,"train_acc":68.7961027178415,"stage1/test_f1":0.7381101781822514,"stage2/block4_Pruned_%":14.0625,"Total_Pruned_%":42.1875,"_timestamp":1.7768762287957895e+09,"stage2/block2_Pruned_%":56.25,"stage2/Total_Pruned_%":42.1875,"stage_3_prunedseparableconvcnn/confusion_matrix_table":{"size":2013,"ncols":3,"_latest_artifact_path":"wandb-client-artifact://g0vldn56gamdjatleh7xznvdaxk46q38ilnos0jko0cu3foyq61cr2amiktrvt2lioe2etubhucjdfwt2vvsyl4n0oe9kennwlk12z7ajzqrwb3cmdbiotoolzzdbjaa:latest/stage_3_prunedseparableconvcnn/confusion_matrix_table.table.json","nrows":64,"log_mode":"IMMUTABLE","artifact_path":"wandb-client-artifact://jt3rj62rud5wr8ekomt1ppmofeg02jbf2llu1ogya3sty3aprcpp14y6f4yhhe95h5wcbxitfhsutkzq9vnzsaah466johjua54aofwg65uzjbbufok6oiboudfapop6/stage_3_prunedseparableconvcnn/confusion_matrix_table.table.json","_type":"table-file","path":"media/table/stage_3_prunedseparableconvcnn/confusion_matrix_table_13_b6c2c061a72ff5a688fe.table.json","sha256":"b6c2c061a72ff5a688fec651c1b076a3092965014f97b3d2a0484e29dce8fc8a"},"stage2/raw_hard_mask_block4":"[1.0, 0.0, 0.0, 1.0, 1.0, 1.0, 1.0, 0.0, 1.0, 1.0, 1.0, 1.0, 1.0, 1.0, 1.0, 1.0, 0.0, 1.0, 1.0, 1.0, 1.0, 1.0, 1.0, 1.0, 1.0, 1.0, 1.0, 1.0, 1.0, 1.0, 1.0, 0.0, 0.0, 1.0, 1.0, 1.0, 1.0, 0.0, 1.0, 1.0, 1.0, 1.0, 1.0, 0.0, 1.0, 1.0, 1.0, 1.0, 1.0, 0.0, 1.0, 1.0, 1.0, 1.0, 1.0, 1.0, 1.0, 1.0, 1.0, 1.0, 1.0, 0.0, 1.0, 1.0, 1.0, 1.0, 0.0, 1.0, 1.0, 1.0, 1.0, 1.0, 1.0, 1.0, 1.0, 1.0, 1.0, 1.0, 1.0, 1.0, 1.0, 1.0, 1.0, 1.0, 1.0, 1.0, 1.0, 1.0, 1.0, 1.0, 1.0, 1.0, 1.0, 1.0, 0.0, 1.0, 1.0, 1.0, 1.0, 0.0, 1.0, 1.0, 1.0, 1.0, 1.0, 1.0, 1.0, 1.0, 1.0, 1.0, 1.0, 1.0, 1.0, 0.0, 1.0, 1.0, 1.0, 0.0, 0.0, 1.0, 1.0, 1.0, 0.0, 1.0, 1.0, 0.0, 1.0, 1.0]","model_param_reduction_pct":56.800367587437165,"stage2_test_f1":0.6906300368460134,"block3_Pruned_%":63.28125,"stage2/val_loss":0.9259892866943739,"stage2/block3_Pruned_%":63.28125,"stage2/train_loss":0.911462903276693,"stage2_test_acc":79.59814528593509,"stage2_test_loss":0.6173946533881853,"model_param_count":15983,"stage2/raw_hard_mask_block2":"[1.0, 0.0, 1.0, 1.0, 1.0, 0.0, 0.0, 0.0, 1.0, 1.0, 1.0, 0.0, 0.0, 1.0, 1.0, 1.0, 1.0, 0.0, 0.0, 0.0, 0.0, 0.0, 0.0, 0.0, 0.0, 0.0, 1.0, 0.0, 1.0, 1.0, 1.0, 1.0, 0.0, 0.0, 0.0, 1.0, 0.0, 1.0, 1.0, 1.0, 0.0, 0.0, 0.0, 1.0, 1.0, 1.0, 0.0, 0.0, 0.0, 0.0, 0.0, 0.0, 1.0, 0.0, 0.0, 0.0, 1.0, 1.0, 0.0, 1.0, 0.0, 0.0, 0.0, 1.0]","epoch":20,"stage2/best_val_loss":0.9212244299619714,"stage2/test_acc":79.59814528593509,"stage2/test_f1":0.6906300368460134,"_runtime":182,"stage1/test_acc":82.90571870170015,"stage3_test_f1":0.722733404973457,"stage2/purpose":"train channel-pruning model with masking","stage2/final_mask_keep_ratio_block3":0.3671875,"block4_Pruned_%":14.0625,"stage3_test_loss":0.534375333256294,"stage1/test_loss":0.5040729534838662,"block2_Pruned_%":56.25,"stage2/mask_l1":0.4619784355163574,"_step":15,"stage1/use_pretrain_model":false,"stage2/lr_gumbel":0.001,"stage2/best_epoch":20,"model_param_count_pruned":15983,"stage2/test_loss":0.6173946533881853,"model_param_count_dense":36998,"val_acc":66.47461289160965,"stage2/final_mask_keep_ratio_block4":0.859375,"stage1_test_acc":82.90571870170015,"stage1_test_loss":0.5040729534838662,"stage2/lr_backbone":0.0001,"stage2/stage_number":2,"train_loss":0.5545846683603505}