{"stage3_test_loss":0.7649351084803503,"stage3_test_f1":0.6386735817295808,"mask_l1":0.09803922474384308,"_timestamp":1.7758998046445847e+09,"lr":0.001,"lr_backbone":0.0001,"stage1_test_acc":79.65996908809892,"best_val_loss":0.8723009467015539,"_wandb":{"runtime":158},"stage1_test_f1":0.6971494130997002,"stage_3_separableconvcnn/confusion_matrix_table":{"ncols":3,"artifact_path":"wandb-client-artifact://leare0aiwfqzbx6gxo2jpk4pjnmsb2xli64i6hjcrplwrsm3e3l8ixzq7299yhml5rpx2gfbgttgd8khpseb2fd7k8go2162d1779r3je358p0armon6vqt8ektpjxnf/stage_3_separableconvcnn/confusion_matrix_table.table.json","sha256":"a2e855517802798cdcb9f322f1490780b2bbd13c69210c10d1b0e64878cbfe12","nrows":64,"_type":"table-file","path":"media/table/stage_3_separableconvcnn/confusion_matrix_table_8_a2e855517802798cdcb9.table.json","_latest_artifact_path":"wandb-client-artifact://uua8wz2dhkx9ql1zjys3dvawj2y35kui99gavs78p2qpi4m0gayzbzipg3xinusoww8im1bb2jqi9gnzatu92ajsz9by84qi61tr929aup5vkrwmnq9xpm6okp1r8uba:latest/stage_3_separableconvcnn/confusion_matrix_table.table.json","size":2020,"log_mode":"IMMUTABLE"},"val_acc":53.0743346589171,"stage2_test_loss":0.7829163206584794,"stage1_test_loss":0.6157203727687284,"_runtime":158,"lr_gumbel_bin":0.001,"train_loss":0.7454346632962207,"stage3_test_acc":75.78567748583204,"epoch":15,"stage_1_separableconvcnn/confusion_matrix_table":{"_latest_artifact_path":"wandb-client-artifact://cs0qpan1h3mna0qdfvvow8jpky1rksxsls43o1ygji9c2xrtycx7dga9pjpflofdc8yxi8e8v0had6xcf698xcyex3o7p0a97a2pv4oy1i53ymuci7d4w09xtd0a0y31:latest/stage_1_separableconvcnn/confusion_matrix_table.table.json","artifact_path":"wandb-client-artifact://34mjqqpl58z0mlabhrkgsv593oibwlz4rl2sxwpj6gm2y750iunx92uo0s1qa6yxcix5gs3yguut0spabnqf9lpvttnael86v76bs7erm25g4gtiqa2dtu2lvhz06nz4/stage_1_separableconvcnn/confusion_matrix_table.table.json","nrows":64,"_type":"table-file","ncols":3,"path":"media/table/stage_1_separableconvcnn/confusion_matrix_table_0_8b433c7cc780213adc05.table.json","size":2013,"sha256":"8b433c7cc780213adc0564b79cd57bafa4481908889fe9ae3faf42cf8ded27b9","log_mode":"IMMUTABLE"},"train_acc":60.69906393148775,"bin_keep_ratio":0.13725490868091583,"stage":3,"val_loss":0.9019065576797233,"stage2_test_f1":0.6216380361363415,"_step":9,"stage2_test_acc":73.87944358578052,"stage2_hard_bin_mask_str":"[1.0, 1.0, 1.0, 1.0, 1.0, 0.0, 1.0, 1.0, 0.0, 0.0, 0.0, 0.0, 0.0, 0.0, 0.0, 0.0, 0.0, 0.0, 0.0, 0.0, 0.0, 0.0, 0.0, 0.0, 0.0, 0.0, 0.0, 0.0, 0.0, 0.0, 0.0, 0.0, 0.0, 0.0, 0.0, 0.0, 0.0, 0.0, 0.0, 0.0, 0.0, 0.0, 0.0, 0.0, 0.0, 0.0, 0.0, 0.0, 0.0, 0.0, 0.0]"}