{"stage1/test_acc":91.55072955548015,"stage2/test_loss":0.6858481835739982,"stage2/train_acc":60.40229885057471,"stage3_test_acc":80.08143875127249,"stage2/test_acc":62.097047845266374,"stage2/block4_Pruned_%":69.53125,"stage2/lr_gumbel":0.001,"_step":26,"stage2/stage_number":2,"stage2/lr_backbone":0.0001,"model_param_count_pruned":4862,"stage3_test_loss":0.47980479309523405,"stage2/block3_Pruned_%":85.9375,"stage1/test_f1":0.9168024661823758,"Total_Pruned_%":78.4375,"_runtime":47,"stage_3_prunedseparableconvcnn/confusion_matrix_table":{"_type":"table-file","nrows":36,"artifact_path":"wandb-client-artifact://pjonwqxcadb0t6acnnw5f5ea5snmtsd4r0uyl7copcjbdflzzx2m2p4p2yjcgk8ecxha6ej2i5kaxj2ag1xifjeomhlmmo8yiua71a48l5su9kwac8npa18fdvaglktu/stage_3_prunedseparableconvcnn/confusion_matrix_table.table.json","_latest_artifact_path":"wandb-client-artifact://9op5xvj6ejt7pib70lbvci6ixdsoru1rcylh6fkdd50ohewwjwk4zb77r05k3q2dc7dwwz1881woa7knte9yosro5icsw2bkt3ij6yb07spapsodrhlhq7msq0iduhz7:latest/stage_3_prunedseparableconvcnn/confusion_matrix_table.table.json","size":1369,"path":"media/table/stage_3_prunedseparableconvcnn/confusion_matrix_table_24_cb8bdb67ff4317858bad.table.json","ncols":3,"log_mode":"IMMUTABLE","sha256":"cb8bdb67ff4317858bad57d4f0a072f4dec870cbd9120f78b7bd57d5d8655cd0"},"_timestamp":1.7758573170400732e+09,"stage2/raw_hard_mask_block2":"[0.0, 0.0, 0.0, 0.0, 0.0, 0.0, 0.0, 0.0, 0.0, 0.0, 0.0, 0.0, 1.0, 1.0, 1.0, 0.0, 1.0, 1.0, 0.0, 0.0, 0.0, 0.0, 0.0, 0.0, 1.0, 0.0, 0.0, 0.0, 0.0, 0.0, 0.0, 0.0, 0.0, 0.0, 0.0, 1.0, 1.0, 0.0, 1.0, 0.0, 0.0, 0.0, 0.0, 0.0, 0.0, 0.0, 0.0, 1.0, 0.0, 1.0, 0.0, 0.0, 0.0, 0.0, 0.0, 0.0, 0.0, 0.0, 1.0, 0.0, 0.0, 0.0, 0.0, 0.0]","stage":3,"stage1/test_loss":0.2481142066477273,"stage2/epoch":45,"stage2/raw_hard_mask_block4":"[0.0, 1.0, 0.0, 1.0, 0.0, 0.0, 0.0, 1.0, 0.0, 0.0, 1.0, 0.0, 1.0, 0.0, 1.0, 0.0, 1.0, 1.0, 1.0, 0.0, 0.0, 0.0, 1.0, 0.0, 0.0, 0.0, 1.0, 0.0, 1.0, 0.0, 0.0, 0.0, 1.0, 0.0, 0.0, 0.0, 1.0, 0.0, 0.0, 0.0, 0.0, 0.0, 1.0, 0.0, 0.0, 1.0, 0.0, 1.0, 0.0, 1.0, 0.0, 0.0, 0.0, 1.0, 0.0, 0.0, 0.0, 0.0, 0.0, 1.0, 0.0, 0.0, 0.0, 1.0, 1.0, 0.0, 1.0, 1.0, 0.0, 0.0, 0.0, 0.0, 0.0, 1.0, 1.0, 0.0, 0.0, 0.0, 0.0, 1.0, 0.0, 0.0, 0.0, 0.0, 0.0, 0.0, 0.0, 1.0, 0.0, 0.0, 0.0, 0.0, 1.0, 1.0, 0.0, 0.0, 0.0, 1.0, 1.0, 0.0, 0.0, 0.0, 0.0, 0.0, 0.0, 1.0, 0.0, 1.0, 0.0, 1.0, 0.0, 1.0, 0.0, 0.0, 0.0, 0.0, 0.0, 1.0, 0.0, 0.0, 0.0, 0.0, 0.0, 0.0, 0.0, 1.0, 0.0, 1.0]","train_acc":79.55459770114942,"stage2_test_f1":0.5826114557664289,"stage1_test_loss":0.2481142066477273,"stage2_test_loss":0.6858481835739982,"stage2/final_mask_keep_ratio_block2":0.1875,"stage2/best_epoch":38,"stage2/final_mask_keep_ratio_block4":0.3046875,"stage2/raw_hard_mask_block3":"[0.0, 0.0, 0.0, 1.0, 0.0, 0.0, 0.0, 0.0, 0.0, 1.0, 1.0, 1.0, 0.0, 0.0, 1.0, 0.0, 0.0, 0.0, 1.0, 0.0, 1.0, 0.0, 0.0, 0.0, 0.0, 0.0, 0.0, 0.0, 0.0, 0.0, 0.0, 0.0, 0.0, 0.0, 0.0, 0.0, 0.0, 0.0, 0.0, 0.0, 1.0, 0.0, 0.0, 0.0, 1.0, 0.0, 0.0, 0.0, 0.0, 0.0, 1.0, 0.0, 0.0, 0.0, 0.0, 0.0, 0.0, 0.0, 0.0, 0.0, 0.0, 0.0, 1.0, 0.0, 0.0, 0.0, 0.0, 0.0, 0.0, 0.0, 0.0, 1.0, 0.0, 0.0, 0.0, 1.0, 0.0, 1.0, 0.0, 0.0, 1.0, 0.0, 0.0, 0.0, 0.0, 0.0, 0.0, 0.0, 0.0, 0.0, 0.0, 0.0, 0.0, 0.0, 0.0, 0.0, 0.0, 0.0, 1.0, 1.0, 0.0, 0.0, 0.0, 0.0, 0.0, 0.0, 0.0, 0.0, 0.0, 0.0, 0.0, 0.0, 0.0, 0.0, 0.0, 0.0, 0.0, 1.0, 0.0, 0.0, 0.0, 0.0, 0.0, 0.0, 0.0, 0.0, 0.0, 0.0]","stage2/Total_Pruned_%":78.4375,"model_param_reduction_pct":86.81241184767278,"stage2/test_f1":0.5826114557664289,"stage2/val_loss":0.6464516373935669,"model_param_count":4862,"_wandb":{"runtime":47},"model_param_count_dense":36868,"stage2/val_acc":63.265306122448976,"stage2/final_mask_keep_ratio_block3":0.140625,"block2_Pruned_%":81.25,"val_acc":84.43877551020408,"stage2_test_acc":62.097047845266374,"block4_Pruned_%":69.53125,"stage2/block2_Pruned_%":81.25,"stage_1_separableconvcnn/confusion_matrix_table":{"_latest_artifact_path":"wandb-client-artifact://lgb34h4g0qp1dcl9gj7r51nwi35nns7tpd171rosinvv5mutfa67qhc8y5yl0n2a673ojclpbe1093qux193az7kpah6vtkiznk1tgg0cmzw9hif2s38at4q0wxw2usm:latest/stage_1_separableconvcnn/confusion_matrix_table.table.json","log_mode":"IMMUTABLE","nrows":36,"_type":"table-file","ncols":3,"sha256":"10e07669296bcf5ba2279e29af0a84a1f88173148e4f0bad6c38df57689af24c","path":"media/table/stage_1_separableconvcnn/confusion_matrix_table_1_10e07669296bcf5ba227.table.json","size":1366,"artifact_path":"wandb-client-artifact://u22mrunolwiptpjik8qkksz44osxx3j5567ygyh9wybh13t4fx0naqokoxnrx25y6eijpjrvnn7ulegn130n3hb1l2quz8t33rbb5jmm07ppifxq1ffvqfymszc575kp/stage_1_separableconvcnn/confusion_matrix_table.table.json"},"block3_Pruned_%":85.9375,"stage2/mask_l1":0.31767675280570984,"epoch":60,"best_val_loss":0.36008648996773573,"stage1_test_f1":0.9168024661823758,"train_loss":0.41788676614048836,"final_summary_log_path":"/home/qphan/master-thesis/models/uci_best_model_three_stage_channel_subject26_val_final_summary_val_26.txt","stage1_test_acc":91.55072955548015,"stage2/train_loss":0.9899901365411693,"stage1/use_pretrain_model":false,"stage3_test_f1":0.8000991167424824,"stage2/best_val_loss":0.6411290281756344,"stage2/purpose":"train channel-pruning model with masking","lr_loaded_weights":0.0001,"val_loss":0.3697617106711045}