{"stage2/train_acc":62.78704892312081,"model_param_reduction_pct":83.66333948139308,"stage2/val_loss":0.6937351408428198,"lr_loaded_weights":0.0001,"final_summary_log_path":"/home/qphan/master-thesis/models/uci_best_model_three_stage_channel_subject3_val_final_summary_val_3.txt","stage2/test_loss":0.703326170400991,"stage2_test_acc":63.115032236172375,"stage_3_prunedseparableconvcnn/confusion_matrix_table":{"log_mode":"IMMUTABLE","size":1367,"ncols":3,"sha256":"3a8817179399aa64cb228df69aa5a8b96370ebe49b6e91b1af7f1a3f55405de2","_type":"table-file","path":"media/table/stage_3_prunedseparableconvcnn/confusion_matrix_table_22_3a8817179399aa64cb22.table.json","_latest_artifact_path":"wandb-client-artifact://bmwvupq8azprjrb5pg0xu056ucv5figpcrok169rj9h3gf67qvagzai2n4sma9f4gf7qeghc8jmx3mt7bel7c7t49d11eo8hn610g4z7un09pbvxjmmlixcno9ykso7j:latest/stage_3_prunedseparableconvcnn/confusion_matrix_table.table.json","nrows":36,"artifact_path":"wandb-client-artifact://ixp6dpmzfkh8mzkkhzws8s0ixekqqqlkq0recq4xd6ua62joyl1nqtmtv9criud50owuvj22k77mn3pv4ol60g4kizqb496kz2h2l2hgayvocpg1u4s4zic8mppbi9zo/stage_3_prunedseparableconvcnn/confusion_matrix_table.table.json"},"train_acc":90.044216231636,"stage2/epoch":35,"val_loss":0.31160683401169315,"stage1/test_f1":0.8992012196111356,"stage2/final_mask_keep_ratio_block3":0.2578125,"stage2/test_acc":63.115032236172375,"stage2/test_f1":0.608040965763507,"stage2/block2_Pruned_%":71.875,"model_param_count_dense":36868,"_timestamp":1.7758728195137599e+09,"stage2/block3_Pruned_%":74.21875,"block3_Pruned_%":74.21875,"stage2/final_mask_keep_ratio_block4":0.296875,"stage2/lr_gumbel":0.001,"Total_Pruned_%":72.1875,"stage1/use_pretrain_model":false,"stage2/best_epoch":27,"best_val_loss":0.31160683401169315,"stage2/val_acc":67.15542521994135,"epoch":60,"stage2/train_loss":0.9038135604636677,"stage2/best_val_loss":0.6466288689272669,"stage2/raw_hard_mask_block2":"[0.0, 0.0, 1.0, 0.0, 1.0, 0.0, 0.0, 0.0, 0.0, 0.0, 0.0, 1.0, 0.0, 1.0, 0.0, 0.0, 1.0, 1.0, 1.0, 0.0, 0.0, 0.0, 0.0, 0.0, 0.0, 0.0, 0.0, 0.0, 0.0, 0.0, 1.0, 0.0, 0.0, 0.0, 0.0, 1.0, 0.0, 1.0, 0.0, 0.0, 0.0, 0.0, 0.0, 0.0, 0.0, 0.0, 1.0, 1.0, 0.0, 0.0, 1.0, 0.0, 0.0, 0.0, 1.0, 0.0, 0.0, 1.0, 0.0, 1.0, 1.0, 0.0, 1.0, 0.0]","stage2/purpose":"train channel-pruning model with masking","stage2/final_mask_keep_ratio_block2":0.28125,"model_param_count_pruned":6023,"block2_Pruned_%":71.875,"stage2_test_loss":0.703326170400991,"stage2/raw_hard_mask_block3":"[1.0, 0.0, 0.0, 0.0, 0.0, 1.0, 1.0, 0.0, 0.0, 0.0, 1.0, 1.0, 0.0, 0.0, 1.0, 0.0, 0.0, 0.0, 1.0, 1.0, 0.0, 0.0, 1.0, 0.0, 0.0, 1.0, 0.0, 0.0, 0.0, 0.0, 0.0, 0.0, 0.0, 0.0, 0.0, 0.0, 0.0, 1.0, 0.0, 1.0, 1.0, 0.0, 0.0, 0.0, 0.0, 1.0, 1.0, 1.0, 0.0, 0.0, 1.0, 0.0, 0.0, 0.0, 1.0, 0.0, 0.0, 0.0, 1.0, 0.0, 0.0, 0.0, 0.0, 1.0, 0.0, 0.0, 0.0, 0.0, 0.0, 0.0, 0.0, 1.0, 0.0, 0.0, 0.0, 1.0, 0.0, 1.0, 0.0, 1.0, 0.0, 0.0, 0.0, 0.0, 1.0, 1.0, 0.0, 1.0, 0.0, 0.0, 0.0, 0.0, 0.0, 0.0, 0.0, 0.0, 0.0, 0.0, 0.0, 0.0, 0.0, 1.0, 0.0, 0.0, 0.0, 0.0, 0.0, 0.0, 0.0, 1.0, 0.0, 1.0, 0.0, 0.0, 0.0, 0.0, 0.0, 0.0, 0.0, 0.0, 0.0, 1.0, 0.0, 0.0, 1.0, 0.0, 1.0, 0.0]","stage1/test_loss":0.4559599839993571,"stage2/stage_number":2,"val_acc":87.3900293255132,"model_param_count":6023,"stage2/mask_l1":0.40793928503990173,"stage3_test_acc":90.70240922972515,"stage2/raw_hard_mask_block4":"[1.0, 0.0, 0.0, 0.0, 1.0, 1.0, 0.0, 1.0, 1.0, 0.0, 0.0, 0.0, 1.0, 0.0, 0.0, 0.0, 0.0, 0.0, 0.0, 1.0, 0.0, 0.0, 0.0, 1.0, 0.0, 0.0, 0.0, 1.0, 1.0, 0.0, 0.0, 0.0, 0.0, 1.0, 0.0, 0.0, 1.0, 1.0, 0.0, 0.0, 0.0, 0.0, 1.0, 0.0, 0.0, 0.0, 0.0, 0.0, 0.0, 0.0, 0.0, 0.0, 0.0, 0.0, 0.0, 0.0, 0.0, 0.0, 0.0, 0.0, 0.0, 1.0, 0.0, 1.0, 0.0, 0.0, 1.0, 0.0, 1.0, 0.0, 0.0, 0.0, 0.0, 0.0, 0.0, 0.0, 0.0, 0.0, 0.0, 0.0, 0.0, 0.0, 0.0, 0.0, 1.0, 1.0, 1.0, 0.0, 0.0, 0.0, 1.0, 0.0, 0.0, 1.0, 0.0, 1.0, 1.0, 1.0, 1.0, 0.0, 1.0, 0.0, 0.0, 0.0, 0.0, 0.0, 1.0, 0.0, 1.0, 1.0, 0.0, 0.0, 0.0, 0.0, 1.0, 0.0, 0.0, 0.0, 1.0, 0.0, 1.0, 1.0, 1.0, 0.0, 1.0, 1.0, 0.0, 0.0]","_step":24,"_runtime":43,"stage3_test_f1":0.9086515534502037,"stage":3,"stage2/lr_backbone":0.0001,"stage2/Total_Pruned_%":72.1875,"stage1_test_acc":89.85408890397014,"train_loss":0.2222232790505762,"stage3_test_loss":0.2934279490881049,"stage_1_separableconvcnn/confusion_matrix_table":{"artifact_path":"wandb-client-artifact://xi3c27rp1t11k09n1n33m2ssfwbecbiqv8956vsvga25inzfy1xrwuqe9g69e6fpz4k7waxyooimnmg24iq1tey75x0vfcw9kx4bm1eprwtr3mzir151w5ni3g1hcta8/stage_1_separableconvcnn/confusion_matrix_table.table.json","_type":"table-file","size":1368,"nrows":36,"log_mode":"IMMUTABLE","sha256":"02c5a6fac2b98a2cce23216035c71184f8282e95afab8b7a4923ed0654b10cea","ncols":3,"_latest_artifact_path":"wandb-client-artifact://yvbhi677mmmtwemv6vgbaez4785xb06oqsnulk4h47tbgfdxj3q93i7aomhefehtylobpvswjxgb7hlhszw525hp55x1074vmzr9d0mjyi4dyxptvyslbv8ihqwuli0a:latest/stage_1_separableconvcnn/confusion_matrix_table.table.json","path":"media/table/stage_1_separableconvcnn/confusion_matrix_table_1_02c5a6fac2b98a2cce23.table.json"},"stage1_test_loss":0.4559599839993571,"stage1/test_acc":89.85408890397014,"stage2/block4_Pruned_%":70.3125,"_wandb":{"runtime":43},"stage2_test_f1":0.608040965763507,"block4_Pruned_%":70.3125,"stage1_test_f1":0.8992012196111356}