{"_timestamp":1.7758527388635771e+09,"Total_Pruned_%":41.87499999999999,"block2_Pruned_%":28.125,"final_summary_log_path":"/home/qphan/master-thesis/models/uci_best_model_three_stage_channel_subject8_val_final_summary_val_8.txt","epoch":55,"stage2/final_mask_keep_ratio_block2":0.71875,"best_val_loss":0.2225458453398188,"stage2/raw_hard_mask_block3":"[1.0, 1.0, 0.0, 1.0, 1.0, 1.0, 0.0, 0.0, 0.0, 1.0, 1.0, 1.0, 1.0, 1.0, 0.0, 1.0, 1.0, 1.0, 1.0, 1.0, 0.0, 0.0, 1.0, 0.0, 0.0, 1.0, 1.0, 1.0, 1.0, 1.0, 1.0, 1.0, 1.0, 1.0, 1.0, 1.0, 1.0, 0.0, 1.0, 0.0, 0.0, 0.0, 1.0, 0.0, 1.0, 1.0, 0.0, 0.0, 1.0, 1.0, 1.0, 1.0, 1.0, 1.0, 1.0, 1.0, 1.0, 0.0, 1.0, 1.0, 1.0, 0.0, 1.0, 0.0, 1.0, 1.0, 1.0, 0.0, 1.0, 1.0, 0.0, 1.0, 1.0, 1.0, 1.0, 1.0, 0.0, 0.0, 1.0, 0.0, 1.0, 1.0, 0.0, 0.0, 1.0, 1.0, 0.0, 1.0, 1.0, 0.0, 1.0, 1.0, 1.0, 1.0, 1.0, 0.0, 1.0, 0.0, 0.0, 0.0, 1.0, 1.0, 1.0, 1.0, 0.0, 1.0, 1.0, 0.0, 0.0, 0.0, 0.0, 0.0, 1.0, 1.0, 0.0, 1.0, 0.0, 0.0, 1.0, 0.0, 0.0, 1.0, 1.0, 1.0, 0.0, 1.0, 0.0, 1.0]","stage1/test_acc":91.07567017305735,"stage2/val_loss":0.827281497067563,"stage2/purpose":"train channel-pruning model with masking","model_param_count_dense":36868,"block3_Pruned_%":35.15625,"stage1_test_f1":0.9114895456985148,"stage2/stage_number":2,"stage1_test_acc":91.07567017305735,"model_param_count_pruned":15264,"stage2/block4_Pruned_%":55.46875,"stage_3_prunedseparableconvcnn/confusion_matrix_table":{"_type":"table-file","log_mode":"IMMUTABLE","nrows":36,"sha256":"c5a7c3c660578d272118c88b0feaa9a06fc6b72b2a0cd10bdbb5495c0cbb04b0","size":1367,"_latest_artifact_path":"wandb-client-artifact://jggxmxci3yav5yxhwka5b8zxpulmaoyb5k555s5gbhhdjqcqln5gzkdowd3pj165xvdxp0b8r17pvtjsevle9cxo8jd5d8g4jshwsibbt3sz9lqhqqyvw1odo6r9n2no:latest/stage_3_prunedseparableconvcnn/confusion_matrix_table.table.json","artifact_path":"wandb-client-artifact://vl9x6ocpx9z1eybukldbogbnwgjeemxmdr0btmsy5i9o821ufha4fdu38931k5rftu85urpgb4minntokctqzk4ovrsjx1d9yabyverv899mkcyi8fhb2oid52pnxim4/stage_3_prunedseparableconvcnn/confusion_matrix_table.table.json","ncols":3,"path":"media/table/stage_3_prunedseparableconvcnn/confusion_matrix_table_16_c5a7c3c660578d272118.table.json"},"stage2/val_acc":59.786476868327405,"stage2/best_val_loss":0.6989474786003037,"stage2_test_acc":62.60604004071938,"stage3_test_loss":0.3142568758108331,"block4_Pruned_%":55.46875,"stage2/raw_hard_mask_block2":"[1.0, 1.0, 0.0, 1.0, 1.0, 1.0, 1.0, 1.0, 1.0, 1.0, 1.0, 1.0, 1.0, 1.0, 1.0, 0.0, 1.0, 0.0, 0.0, 1.0, 1.0, 1.0, 1.0, 0.0, 0.0, 1.0, 1.0, 1.0, 1.0, 1.0, 1.0, 1.0, 1.0, 1.0, 1.0, 0.0, 1.0, 0.0, 0.0, 1.0, 1.0, 1.0, 0.0, 0.0, 1.0, 0.0, 0.0, 1.0, 0.0, 0.0, 0.0, 1.0, 1.0, 1.0, 1.0, 1.0, 0.0, 1.0, 1.0, 1.0, 1.0, 1.0, 0.0, 1.0]","lr_loaded_weights":0.0001,"stage_1_separableconvcnn/confusion_matrix_table":{"artifact_path":"wandb-client-artifact://wzbkr9j8yua7vu0htmqmo082jctkyyr20dmre9zs8e56d6falm66xbpfn2r6fxahrikhubk2e14q3gq30ub6tb3s0946rty8ehnhia9jq7iziiyjca8r3tbdhi9mjluc/stage_1_separableconvcnn/confusion_matrix_table.table.json","log_mode":"IMMUTABLE","_latest_artifact_path":"wandb-client-artifact://003c27m1je4enash8ay6h76gw34ekpceqac5fjlauv1zpbju2jsuiyriva42f3shatwa5c9znfi4cc0lny28ysdqi1lum1hnf3z3taup1sf88c1p9tr1riiklve7ih29:latest/stage_1_separableconvcnn/confusion_matrix_table.table.json","ncols":3,"sha256":"0147b1874f3b7525ec1b1bfbd9b0c58ee6ae5eb7303007ed62f276849052c008","size":1367,"_type":"table-file","nrows":36,"path":"media/table/stage_1_separableconvcnn/confusion_matrix_table_1_0147b1874f3b7525ec1b.table.json"},"stage1/test_f1":0.9114895456985148,"stage2/test_acc":62.60604004071938,"stage2/block2_Pruned_%":28.125,"stage2/epoch":10,"_wandb":{"runtime":28},"stage2_test_f1":0.5541107170308107,"stage1/use_pretrain_model":false,"stage2/Total_Pruned_%":41.87499999999999,"train_loss":0.13199802225932697,"stage1/test_loss":0.2812598028334321,"stage2/block3_Pruned_%":35.15625,"val_loss":0.2697376144181579,"stage2/final_mask_keep_ratio_block4":0.4453125,"stage2/mask_l1":0.5020713806152344,"model_param_count":15264,"stage3_test_f1":0.8983607775003252,"train_acc":94.86635553669919,"stage1_test_loss":0.2812598028334321,"stage3_test_acc":89.82015609093993,"stage2/test_f1":0.5541107170308107,"stage2/train_loss":0.9364494380848426,"val_acc":90.39145907473309,"_runtime":28,"stage2/lr_gumbel":0.001,"stage2/final_mask_keep_ratio_block3":0.6484375,"stage2_test_loss":0.6864887301419875,"stage":3,"stage2/train_acc":59.595531042285394,"stage2/raw_hard_mask_block4":"[0.0, 0.0, 1.0, 1.0, 1.0, 1.0, 1.0, 0.0, 0.0, 1.0, 0.0, 1.0, 0.0, 1.0, 1.0, 0.0, 1.0, 0.0, 0.0, 0.0, 1.0, 0.0, 0.0, 0.0, 1.0, 1.0, 1.0, 0.0, 1.0, 1.0, 0.0, 0.0, 0.0, 0.0, 0.0, 0.0, 1.0, 0.0, 0.0, 0.0, 0.0, 0.0, 1.0, 1.0, 1.0, 0.0, 1.0, 0.0, 0.0, 0.0, 0.0, 1.0, 0.0, 0.0, 1.0, 0.0, 1.0, 1.0, 1.0, 0.0, 1.0, 1.0, 1.0, 0.0, 0.0, 1.0, 0.0, 1.0, 0.0, 0.0, 1.0, 0.0, 0.0, 0.0, 0.0, 0.0, 0.0, 0.0, 1.0, 0.0, 0.0, 0.0, 0.0, 0.0, 1.0, 1.0, 0.0, 0.0, 1.0, 1.0, 0.0, 1.0, 1.0, 0.0, 1.0, 0.0, 1.0, 1.0, 0.0, 1.0, 1.0, 1.0, 1.0, 0.0, 0.0, 1.0, 0.0, 1.0, 0.0, 1.0, 1.0, 1.0, 1.0, 0.0, 1.0, 1.0, 0.0, 0.0, 1.0, 0.0, 1.0, 0.0, 0.0, 0.0, 0.0, 0.0, 1.0, 0.0]","stage2/lr_backbone":0.0001,"model_param_reduction_pct":58.598242378214174,"stage2/best_epoch":4,"stage2/test_loss":0.6864887301419875,"_step":18}