{"val_acc":85.04901960784314,"stage1_test_acc":90.09161859518154,"stage1/use_pretrain_model":false,"_step":14,"_timestamp":1.7757790101796522e+09,"stage_3_separableconvcnn/confusion_matrix_table":{"sha256":"af454f797086330074ec05deda266c901a4c4d2876718946941078b2fd36f518","nrows":36,"ncols":3,"artifact_path":"wandb-client-artifact://0oeorm91nxukoojdac4medh5boixx1ixepx8l7ambrdnlne3ptjwgkg2vf55gno77rn8etr4l489s2uto64pfzid3zbng8nsvtvu7jb4php7ctxn4d7tus5xz5quhrsl/stage_3_separableconvcnn/confusion_matrix_table.table.json","log_mode":"IMMUTABLE","_latest_artifact_path":"wandb-client-artifact://j1vnb9x1g67nqsu4df3word5k75p27ojtuwc9ts4paz17mvrsp6ru7yxmlp1hape5sk6p2y8ckoje9dtd8nqzxfqhewvf5tcv0sd89km4ohm95sk82tcx06i7abxubbw:latest/stage_3_separableconvcnn/confusion_matrix_table.table.json","_type":"table-file","size":1367,"path":"media/table/stage_3_separableconvcnn/confusion_matrix_table_13_af454f797086330074ec.table.json"},"stage1/test_acc":90.09161859518154,"lr_backbone":0.0001,"stage2_test_f1":0.8872588269218881,"val_loss":0.3836687696257643,"train_acc":92.65552995391705,"best_val_loss":0.20721536641027413,"lr_gumbel_bin":0.001,"stage1_test_f1":0.9026068850953561,"epoch":10,"stage1/test_f1":0.9026068850953561,"stage1_test_loss":0.2423111703246832,"stage3_test_f1":0.911083927475658,"_runtime":26,"stage1/test_loss":0.2423111703246832,"lr":0.001,"stage3_test_loss":0.22756984991353357,"stage2_test_loss":0.2823904237890389,"mask_l1":0.21875,"stage2_test_acc":88.63250763488293,"stage2_hard_bin_mask_str":"[1.0, 1.0, 1.0, 1.0, 1.0, 1.0, 1.0, 1.0, 1.0, 1.0, 1.0, 1.0, 1.0, 1.0, 1.0, 1.0, 1.0, 1.0, 1.0, 1.0, 1.0, 1.0, 1.0, 1.0, 1.0, 1.0, 1.0, 1.0, 0.0, 1.0, 0.0, 1.0, 0.0, 0.0, 0.0, 0.0, 1.0, 0.0, 1.0, 0.0, 0.0, 0.0, 0.0, 0.0, 0.0, 0.0, 0.0, 0.0, 0.0, 0.0, 0.0, 0.0, 0.0, 0.0, 0.0, 0.0, 0.0, 0.0, 0.0, 0.0, 0.0, 0.0, 0.0, 0.0, 0.0, 0.0, 0.0, 0.0, 0.0, 0.0, 0.0, 0.0, 0.0, 0.0, 0.0, 0.0, 0.0, 0.0, 0.0, 0.0, 0.0, 0.0, 0.0, 0.0, 0.0, 0.0, 0.0, 0.0, 0.0, 0.0, 0.0, 0.0, 0.0, 0.0, 0.0, 0.0, 0.0, 0.0, 0.0, 0.0, 0.0, 0.0, 0.0, 0.0, 0.0, 0.0, 0.0, 0.0, 0.0, 0.0, 0.0, 0.0, 0.0, 0.0, 0.0, 0.0, 0.0, 0.0, 0.0, 0.0, 0.0, 0.0, 0.0, 0.0, 0.0, 0.0, 0.0, 0.0]","stage_1_separableconvcnn/confusion_matrix_table":{"ncols":3,"path":"media/table/stage_1_separableconvcnn/confusion_matrix_table_1_9fcfc77b550cb040a33c.table.json","nrows":36,"artifact_path":"wandb-client-artifact://c6fgltb2e0fsb6373rni50ayolqnmdt7t891vhu8renfi2j5dmbb8y9j1k08wktalrk8s3da17fv1l9kzj3gmr4r47xk902km3qn7ar1vgjo3gk8wpowkw2on3ijkc9j/stage_1_separableconvcnn/confusion_matrix_table.table.json","log_mode":"IMMUTABLE","size":1367,"_type":"table-file","sha256":"9fcfc77b550cb040a33cc38fbb01a9580f33118f28e5bbd2c2f7d391f110a3ed","_latest_artifact_path":"wandb-client-artifact://ccvt6aeyta8n1msqrwpzk5mf6ec188omosscgvpsrlli6esz2kjrj1m4no3idnbcaeva78tg3txtjj80l96ie2odnu7z3wonkjfpdkjx2iq9phe9yna7n5c9rtn84k4f:latest/stage_1_separableconvcnn/confusion_matrix_table.table.json"},"train_loss":0.17181272770402617,"stage3_test_acc":90.93993892093654,"_wandb":{"runtime":26},"bin_keep_ratio":0.25,"stage":3}