{"stage1_test_acc":89.71835765184935,"mask_l1":0.3384615182876587,"stage3_test_loss":0.46660125215104026,"_timestamp":1.7757684864572508e+09,"stage1/test_loss":0.333903368065058,"stage1/test_acc":89.71835765184935,"val_loss":0.25463901802841094,"stage2_test_acc":86.15541228367832,"_wandb":{"runtime":13},"_runtime":13,"stage":3,"stage2_hard_bin_mask_str":"[1.0, 1.0, 1.0, 1.0, 1.0, 1.0, 1.0, 1.0, 1.0, 1.0, 1.0, 1.0, 1.0, 1.0, 1.0, 1.0, 1.0, 1.0, 1.0, 1.0, 1.0, 0.0, 0.0, 1.0, 1.0, 1.0, 0.0, 1.0, 1.0, 0.0, 0.0, 1.0, 0.0, 1.0, 0.0, 0.0, 1.0, 1.0, 1.0, 0.0, 0.0, 0.0, 0.0, 0.0, 0.0, 0.0, 0.0, 0.0, 1.0, 1.0, 1.0, 0.0, 0.0, 0.0, 1.0, 0.0, 0.0, 0.0, 0.0, 0.0, 0.0, 0.0, 0.0, 0.0, 0.0]","stage3_test_f1":0.8873346050831268,"bin_keep_ratio":0.5384615659713745,"stage2_test_f1":0.8596498938821041,"stage2_test_loss":0.4712242644169903,"stage1/test_f1":0.8970913604633416,"stage1_test_f1":0.8970913604633416,"stage_3_separableconvcnn/confusion_matrix_table":{"size":1366,"artifact_path":"wandb-client-artifact://1iwedewdxnxq85n8v4sbf3favm7k0wbuijkdmuudxd9qjwt7v3tvi0l4dc3vfka28d5wj74h9yaim6v3abeltyozvxukjhuaudg4dm95tfz9wv5vny1u44h9g4qsehao/stage_3_separableconvcnn/confusion_matrix_table.table.json","path":"media/table/stage_3_separableconvcnn/confusion_matrix_table_7_48fb3abbf8ae3dbbf1c8.table.json","log_mode":"IMMUTABLE","ncols":3,"_latest_artifact_path":"wandb-client-artifact://gtoi0vq34yokactrp5zixcolauhkoxu077j5vdq3lkp4g1jz1ahylbl3p2s2nuumv119pl6dww8995petyxqrvgjso4qh2gyub88t7bymymf5nz5m3z5bom7r3k7o7xd:latest/stage_3_separableconvcnn/confusion_matrix_table.table.json","_type":"table-file","sha256":"48fb3abbf8ae3dbbf1c80268e1a45441013ff504e091730413f3c51892e0d860","nrows":36},"stage3_test_acc":88.87003732609433,"epoch":15,"train_acc":96.14561027837259,"lr_backbone":0.0001,"val_acc":91.35446685878962,"train_loss":0.09213743788867572,"_step":8,"lr_gumbel_bin":0.001,"stage_1_separableconvcnn/confusion_matrix_table":{"artifact_path":"wandb-client-artifact://1vn5685x34drhi9id9xb3bp0u4dtqqtlil1d9z36h00er3cavg4tdkdotu7z3rau30zi2pqwhxac9wx87i6v9tca7kl02vwugztkxj76ta2m5pxrqwvg5mly92wmxnmu/stage_1_separableconvcnn/confusion_matrix_table.table.json","_latest_artifact_path":"wandb-client-artifact://78pp1ghrhroopsxky78cd034hxcdve4iny7z2xqz8u4nmt3iwpwqo4a9hcpdyhsjacwxcsuxr38lrboq6guwi02xw114fwbz5gynpdjwjv0b4cn8ojgss5j1kaw8xu5g:latest/stage_1_separableconvcnn/confusion_matrix_table.table.json","log_mode":"IMMUTABLE","size":1366,"sha256":"afe147d38f01e1852de86fb6603c33be46cdb43576857b41a32c382468e7b269","_type":"table-file","path":"media/table/stage_1_separableconvcnn/confusion_matrix_table_1_afe147d38f01e1852de8.table.json","ncols":3,"nrows":36},"lr":0.001,"best_val_loss":0.24740590273217442,"stage1/use_pretrain_model":false,"stage1_test_loss":0.333903368065058}