{"stage2_test_loss":0.5343014347800297,"block4_Pruned_%":13.28125,"stage2/final_mask_keep_ratio_block3":0.609375,"stage2/lr_gumbel":0.001,"_wandb":{"runtime":18},"train_loss":0.08459717582769519,"stage2/raw_hard_mask_block2":"[0.0, 1.0, 0.0, 1.0, 1.0, 1.0, 0.0, 1.0, 1.0, 1.0, 1.0, 1.0, 1.0, 1.0, 1.0, 0.0, 0.0, 1.0, 1.0, 1.0, 0.0, 1.0, 1.0, 1.0, 1.0, 1.0, 1.0, 1.0, 1.0, 0.0, 1.0, 1.0, 1.0, 0.0, 0.0, 0.0, 1.0, 1.0, 1.0, 1.0, 0.0, 1.0, 0.0, 1.0, 1.0, 1.0, 1.0, 1.0, 1.0, 0.0, 0.0, 0.0, 1.0, 1.0, 0.0, 1.0, 1.0, 1.0, 1.0, 1.0, 1.0, 0.0, 1.0, 0.0]","stage2_test_acc":89.78622327790974,"epoch":10,"stage2/test_f1":0.8967545874410998,"_runtime":18,"stage3_test_loss":0.2964302746661665,"val_loss":0.1705285262502333,"stage2/purpose":"train channel-pruning model with masking","stage2/block4_Pruned_%":13.28125,"stage2/best_val_loss":0.06701531597279321,"stage_1_separableconvcnn/confusion_matrix_table":{"nrows":36,"_latest_artifact_path":"wandb-client-artifact://hvq8y5r944cm2qqdx7nvmledvux6g5yne3a5igglm0jceag175ci03j2u1w8nu6tb31gt9c53dseopnjf9o3jimae0xbpoggzfm88c87qjmpfhogdyqgsounbzdi7vj4:latest/stage_1_separableconvcnn/confusion_matrix_table.table.json","artifact_path":"wandb-client-artifact://qaqdjzns5lvqouihb6c7drwlr3o32xm6t3djh88fm5hthjwfsqi6yfu6bdyag5qdaa3fv7ej9lgxeu9v23hnuhsrh9ychr2hah1fu43th2fbgt38ip6glrv9pmmdf20f/stage_1_separableconvcnn/confusion_matrix_table.table.json","log_mode":"IMMUTABLE","_type":"table-file","ncols":3,"path":"media/table/stage_1_separableconvcnn/confusion_matrix_table_1_a75650323a3f6d158cae.table.json","size":1364,"sha256":"a75650323a3f6d158cae8f23b10025d5d98142865c40332b29e91810365f25c6"},"stage2/final_mask_keep_ratio_block4":0.8671875,"stage2/val_acc":97.72727272727273,"stage1/test_loss":0.19997249008898452,"stage2/block3_Pruned_%":39.0625,"_timestamp":1.776799991705009e+09,"final_summary_log_path":"/home/qphan/master-thesis/models/uci_best_model_three_stage_channel_subject7_val_final_summary_val_7.txt","stage2/raw_hard_mask_block4":"[1.0, 1.0, 1.0, 1.0, 0.0, 1.0, 0.0, 1.0, 1.0, 1.0, 1.0, 1.0, 1.0, 1.0, 0.0, 1.0, 1.0, 1.0, 1.0, 1.0, 1.0, 1.0, 0.0, 1.0, 1.0, 1.0, 1.0, 1.0, 1.0, 1.0, 1.0, 1.0, 1.0, 1.0, 0.0, 1.0, 1.0, 1.0, 1.0, 1.0, 1.0, 1.0, 1.0, 1.0, 1.0, 1.0, 1.0, 1.0, 1.0, 1.0, 1.0, 1.0, 1.0, 0.0, 1.0, 1.0, 1.0, 1.0, 1.0, 1.0, 1.0, 1.0, 1.0, 1.0, 1.0, 1.0, 0.0, 1.0, 0.0, 1.0, 1.0, 1.0, 1.0, 1.0, 1.0, 1.0, 1.0, 1.0, 1.0, 1.0, 1.0, 0.0, 0.0, 0.0, 1.0, 0.0, 1.0, 0.0, 1.0, 0.0, 1.0, 1.0, 1.0, 1.0, 1.0, 1.0, 0.0, 0.0, 0.0, 1.0, 1.0, 1.0, 1.0, 1.0, 1.0, 1.0, 1.0, 1.0, 1.0, 1.0, 1.0, 1.0, 1.0, 1.0, 1.0, 1.0, 1.0, 1.0, 1.0, 1.0, 1.0, 1.0, 1.0, 1.0, 1.0, 1.0, 1.0, 1.0]","stage1_test_acc":93.28130302002036,"model_param_reduction_pct":38.97146576977325,"train_acc":96.01078932424758,"stage1/test_acc":93.28130302002036,"stage2/block2_Pruned_%":28.125,"Total_Pruned_%":26.5625,"stage2/stage_number":2,"stage2/train_loss":0.5921299939531958,"stage2/test_acc":89.78622327790974,"val_acc":89.93506493506493,"stage2/lr_backbone":0.0001,"block2_Pruned_%":28.125,"stage2/test_loss":0.5343014347800297,"stage1/test_f1":0.9318696701657935,"stage2/best_epoch":12,"block3_Pruned_%":39.0625,"stage2/epoch":20,"stage2/val_loss":0.08635751212937243,"_step":11,"stage2/raw_hard_mask_block3":"[0.0, 0.0, 1.0, 0.0, 1.0, 0.0, 1.0, 1.0, 1.0, 0.0, 0.0, 0.0, 0.0, 1.0, 1.0, 1.0, 1.0, 1.0, 1.0, 0.0, 1.0, 1.0, 0.0, 0.0, 1.0, 0.0, 1.0, 1.0, 1.0, 1.0, 1.0, 1.0, 1.0, 1.0, 0.0, 1.0, 1.0, 0.0, 0.0, 1.0, 1.0, 1.0, 0.0, 1.0, 0.0, 1.0, 1.0, 1.0, 0.0, 1.0, 0.0, 1.0, 0.0, 1.0, 1.0, 0.0, 1.0, 0.0, 1.0, 0.0, 0.0, 0.0, 1.0, 0.0, 1.0, 1.0, 1.0, 0.0, 1.0, 0.0, 1.0, 1.0, 1.0, 1.0, 1.0, 0.0, 0.0, 0.0, 1.0, 1.0, 0.0, 0.0, 0.0, 0.0, 1.0, 1.0, 1.0, 0.0, 0.0, 0.0, 1.0, 0.0, 1.0, 0.0, 1.0, 1.0, 1.0, 0.0, 0.0, 1.0, 1.0, 1.0, 1.0, 1.0, 0.0, 1.0, 1.0, 1.0, 0.0, 1.0, 0.0, 1.0, 1.0, 1.0, 1.0, 1.0, 1.0, 0.0, 1.0, 0.0, 1.0, 0.0, 1.0, 0.0, 1.0, 1.0, 1.0, 0.0]","lr_loaded_weights":0.0001,"model_param_count":22500,"best_val_loss":0.13389381532285027,"model_param_count_pruned":22500,"stage3_test_acc":91.38106549032915,"stage2_test_f1":0.8967545874410998,"stage1_test_loss":0.19997249008898452,"stage2/Total_Pruned_%":26.5625,"stage_3_prunedseparableconvcnn/confusion_matrix_table":{"sha256":"eb328277c3b3000accaa86a33f860cc97765bfca4d461654e4b7f8f5ccffdbeb","_type":"table-file","log_mode":"IMMUTABLE","ncols":3,"nrows":36,"_latest_artifact_path":"wandb-client-artifact://v4bmq5yt3sv6c87x73uybfoeruug4cf8yguhrsyyei4lobppr7nqx4yetfp999c7sl2oxtoq1l8y7e26e6a22j3px5cvgux4igsf550yayew91zp1si2pxppoksgd6lm:latest/stage_3_prunedseparableconvcnn/confusion_matrix_table.table.json","size":1363,"path":"media/table/stage_3_prunedseparableconvcnn/confusion_matrix_table_9_eb328277c3b3000accaa.table.json","artifact_path":"wandb-client-artifact://sbtmu5e42njfrfjaikxy8anssihwlef1aw0oewblxuxssq6j456oozyoeqhcc8vfi9jsm0gnhwfsmks8ddcdoyy5kak9k3rhissktwwru9fby6tcsgq6r8coann86ryh/stage_3_prunedseparableconvcnn/confusion_matrix_table.table.json"},"stage1/use_pretrain_model":false,"model_param_count_dense":36868,"stage1_test_f1":0.9318696701657935,"stage2/mask_l1":0.5030117034912109,"stage":3,"stage3_test_f1":0.9132756319412584,"stage2/final_mask_keep_ratio_block2":0.71875,"stage2/train_acc":91.55309483248155}