{"lr_backbone":0.0001,"stage2_hard_bin_mask_str":"[1.0, 1.0, 0.0, 0.0, 1.0, 0.0, 1.0, 0.0, 1.0, 0.0, 0.0, 0.0, 0.0, 0.0, 0.0, 0.0, 0.0, 0.0, 0.0, 0.0, 0.0, 0.0, 0.0, 0.0, 0.0, 0.0, 0.0, 0.0, 0.0, 0.0, 0.0, 0.0, 0.0, 0.0, 0.0, 0.0, 0.0, 0.0, 0.0, 0.0, 0.0, 0.0, 0.0, 0.0, 0.0, 0.0, 0.0, 0.0, 0.0, 0.0, 0.0]","mask_l1":0.09803921729326248,"train_acc":56.93858230444558,"stage_1_separableconvcnn/confusion_matrix_table":{"artifact_path":"wandb-client-artifact://zwvz3zl5pmotnyhyevdod5wskcmjju6zqeecxk1bu4xpycfrmlq1yuyd8p77965gzgn4flpofy4fx4jaqmeotyqgeplp8181bju4ttw22d58t2aen7l24hzy7jvw2med/stage_1_separableconvcnn/confusion_matrix_table.table.json","_type":"table-file","_latest_artifact_path":"wandb-client-artifact://247cfwm3kfsub1rc4bwyjirgftwjboe43kuzf23xkj6632s95rzh5ky2xhszyjq6bk72bla67wjb3bwxir3yklhyl9khklbpdldphduusx65xfc08img6pqi41wcbx4d:latest/stage_1_separableconvcnn/confusion_matrix_table.table.json","path":"media/table/stage_1_separableconvcnn/confusion_matrix_table_0_6b5920f7eaf9da6e880b.table.json","ncols":3,"nrows":64,"log_mode":"IMMUTABLE","sha256":"6b5920f7eaf9da6e880b6c5a9bd2bc2d3ed87b55ba1b5511761e1c5b3b00df0f","size":2015},"stage3_test_f1":0.6082433277724546,"stage_3_separableconvcnn/confusion_matrix_table":{"path":"media/table/stage_3_separableconvcnn/confusion_matrix_table_14_0875ff19c770602a3632.table.json","artifact_path":"wandb-client-artifact://lm9o16l3mol8zbppjkofquxvcfsxaswc3lbq34eby1qs2r48sl1ex27so63xgobp7yml4zydt81qi0i4d3a7yeltjs6d37pozrpr6rycefo6jcvmskzu0fecsj9kvhol/stage_3_separableconvcnn/confusion_matrix_table.table.json","_latest_artifact_path":"wandb-client-artifact://chc4ex65gtml54207pmdasz0qocsxlvi7d2twxqotv4wpfocaujge5tpfpko810pz7u2v59n9tqfb620vc5h6qvkl6cou8y627rcqnedzkzcl3hv7xrl2krztrva0c2o:latest/stage_3_separableconvcnn/confusion_matrix_table.table.json","sha256":"0875ff19c770602a36324c1179b1c3cd62f5b7fb1c35178d08a037121657225d","ncols":3,"nrows":64,"_type":"table-file","size":2023,"log_mode":"IMMUTABLE"},"_step":15,"val_loss":1.0921015486598744,"best_val_loss":1.0484233582281663,"stage3_test_acc":73.40546110252447,"stage1_test_f1":0.6782045044792259,"stage2_test_acc":75.39412673879444,"bin_keep_ratio":0.09803921729326248,"stage2_test_loss":0.7162197850725197,"lr_gumbel_bin":0.001,"_timestamp":1.7758946855824866e+09,"val_acc":53.87108390349298,"train_loss":0.849561997200299,"stage":3,"stage3_test_loss":0.7726545718451986,"stage1_test_loss":0.6365662128654477,"lr":0.001,"_wandb":{"runtime":238},"stage1_test_acc":78.7017001545595,"_runtime":238,"epoch":10,"stage2_test_f1":0.6366518568164111}