{"val_loss":0.20946223720575027,"stage2/test_f1":0.7108627900318822,"stage2/train_acc":63.28024106758502,"stage2/purpose":"train channel-pruning model with masking","stage1/use_pretrain_model":false,"Total_Pruned_%":64.0625,"stage2/stage_number":2,"stage2/block3_Pruned_%":68.75,"stage2/raw_hard_mask_block4":"[1.0, 1.0, 1.0, 1.0, 0.0, 0.0, 0.0, 1.0, 1.0, 1.0, 1.0, 0.0, 0.0, 0.0, 1.0, 1.0, 1.0, 0.0, 0.0, 0.0, 0.0, 0.0, 1.0, 1.0, 1.0, 0.0, 0.0, 1.0, 0.0, 1.0, 0.0, 1.0, 1.0, 1.0, 0.0, 0.0, 0.0, 0.0, 0.0, 0.0, 1.0, 0.0, 0.0, 0.0, 0.0, 0.0, 1.0, 0.0, 0.0, 0.0, 0.0, 0.0, 0.0, 0.0, 0.0, 0.0, 1.0, 1.0, 0.0, 0.0, 1.0, 1.0, 1.0, 0.0, 1.0, 0.0, 0.0, 1.0, 0.0, 0.0, 0.0, 1.0, 0.0, 0.0, 1.0, 0.0, 0.0, 0.0, 0.0, 1.0, 1.0, 0.0, 0.0, 0.0, 0.0, 1.0, 0.0, 1.0, 0.0, 0.0, 1.0, 0.0, 0.0, 1.0, 1.0, 1.0, 1.0, 0.0, 0.0, 0.0, 1.0, 1.0, 1.0, 1.0, 1.0, 1.0, 0.0, 0.0, 1.0, 0.0, 0.0, 1.0, 0.0, 1.0, 1.0, 0.0, 0.0, 0.0, 1.0, 0.0, 1.0, 1.0, 0.0, 0.0, 0.0, 1.0, 0.0, 0.0]","stage2/block2_Pruned_%":65.625,"block2_Pruned_%":65.625,"train_acc":89.91246950782035,"block3_Pruned_%":68.75,"stage":3,"stage2/train_loss":0.7691730535394715,"stage2_test_loss":0.6364209935913501,"stage1/test_loss":0.22055789638881276,"_wandb":{"runtime":50},"stage2/final_mask_keep_ratio_block4":0.4140625,"stage2/final_mask_keep_ratio_block2":0.34375,"train_loss":0.2397501466584387,"_timestamp":1.775862013690884e+09,"lr_loaded_weights":0.0001,"stage2/epoch":55,"stage2/test_acc":72.03936206311504,"stage2/lr_backbone":0.0001,"stage2/block4_Pruned_%":58.59375,"stage1_test_f1":0.9239060078892737,"stage2/raw_hard_mask_block3":"[0.0, 0.0, 1.0, 1.0, 1.0, 0.0, 1.0, 0.0, 1.0, 1.0, 0.0, 1.0, 0.0, 1.0, 1.0, 0.0, 0.0, 0.0, 0.0, 1.0, 0.0, 0.0, 0.0, 0.0, 1.0, 0.0, 1.0, 0.0, 1.0, 1.0, 1.0, 0.0, 1.0, 1.0, 0.0, 1.0, 1.0, 0.0, 0.0, 1.0, 0.0, 0.0, 1.0, 0.0, 0.0, 0.0, 0.0, 0.0, 0.0, 1.0, 0.0, 0.0, 0.0, 0.0, 0.0, 1.0, 0.0, 0.0, 0.0, 1.0, 0.0, 0.0, 0.0, 0.0, 1.0, 0.0, 0.0, 0.0, 1.0, 0.0, 0.0, 0.0, 0.0, 1.0, 0.0, 0.0, 1.0, 0.0, 0.0, 1.0, 0.0, 0.0, 0.0, 0.0, 0.0, 0.0, 1.0, 0.0, 1.0, 0.0, 1.0, 0.0, 0.0, 1.0, 1.0, 0.0, 1.0, 0.0, 0.0, 1.0, 0.0, 0.0, 0.0, 0.0, 0.0, 1.0, 0.0, 0.0, 0.0, 0.0, 0.0, 1.0, 1.0, 0.0, 0.0, 0.0, 0.0, 0.0, 0.0, 0.0, 0.0, 0.0, 0.0, 0.0, 0.0, 0.0, 0.0, 1.0]","val_acc":91.38381201044386,"stage2/Total_Pruned_%":64.0625,"model_param_count":8348,"stage2/test_loss":0.6364209935913501,"stage2/best_epoch":46,"stage2/mask_l1":0.37151479721069336,"_step":28,"stage3_test_f1":0.8990299769090306,"model_param_count_pruned":8348,"stage3_test_loss":0.29248571513731203,"block4_Pruned_%":58.59375,"stage3_test_acc":89.71835765184935,"stage2_test_acc":72.03936206311504,"stage2/val_loss":0.5408804600878422,"_runtime":50,"model_param_reduction_pct":77.35705761093632,"stage_1_separableconvcnn/confusion_matrix_table":{"path":"media/table/stage_1_separableconvcnn/confusion_matrix_table_1_cc7b9f814993e0a95cb9.table.json","_type":"table-file","_latest_artifact_path":"wandb-client-artifact://3e4ybhiy7ta1ngq3ufphwppaa2oyxivlf6mnsh09wwhgq4sk3tci2xjyhtl2qqzgrjmad1xjrslw7jr1dwo0yv8x4rp0y33exntpxf723bb5xvvjd7fsn6rf8u5sbiig:latest/stage_1_separableconvcnn/confusion_matrix_table.table.json","log_mode":"IMMUTABLE","nrows":36,"artifact_path":"wandb-client-artifact://y2gdzg5icyznweghtukpfqjymg6bunj0yzib5fo87leum1fga2brn4fidon0doo23ve13t35814tryvms5kbt752ygoocifsceuci1bq5wblaby7fs52wx4apjd37apn/stage_1_separableconvcnn/confusion_matrix_table.table.json","sha256":"cc7b9f814993e0a95cb917ba11f19db645c604b66bb7ffecd44ad2ccf6147a1e","ncols":3,"size":1368},"epoch":60,"stage_3_prunedseparableconvcnn/confusion_matrix_table":{"_latest_artifact_path":"wandb-client-artifact://1ig7heb2zgowyuw232nl6uba4y1lanzwkuw6nz03wrzt4o9zkkcrfmy057e7nahjy0urcuxhbtpx8f329jkiczt61vxr99xqtp7ytflrl67bb0b213rwhs9i7sxqrk79:latest/stage_3_prunedseparableconvcnn/confusion_matrix_table.table.json","ncols":3,"log_mode":"IMMUTABLE","_type":"table-file","nrows":36,"artifact_path":"wandb-client-artifact://jouht1cmp218oqajaq7uv9inkxtjy9j62ksopvrd39hh781y176j2rrk9hhz19hkl1ltluddblip623ooursq8bnp461mfex99f2mhbsx1e018w5wzl2fjc11r0g7vcs/stage_3_prunedseparableconvcnn/confusion_matrix_table.table.json","size":1367,"sha256":"2cb5340b3e87af47835df52e8ea76c9bfaf73bfafc65b4cb9d42f08deeea02ce","path":"media/table/stage_3_prunedseparableconvcnn/confusion_matrix_table_26_2cb5340b3e87af47835d.table.json"},"stage1/test_acc":92.33118425517475,"model_param_count_dense":36868,"stage1_test_loss":0.22055789638881276,"stage2/raw_hard_mask_block2":"[1.0, 0.0, 1.0, 0.0, 0.0, 0.0, 1.0, 0.0, 0.0, 0.0, 0.0, 0.0, 0.0, 0.0, 0.0, 0.0, 1.0, 0.0, 1.0, 0.0, 0.0, 0.0, 1.0, 1.0, 0.0, 0.0, 1.0, 0.0, 0.0, 0.0, 1.0, 0.0, 0.0, 1.0, 0.0, 0.0, 1.0, 0.0, 0.0, 0.0, 0.0, 1.0, 1.0, 1.0, 1.0, 0.0, 1.0, 1.0, 0.0, 1.0, 0.0, 1.0, 0.0, 0.0, 0.0, 1.0, 1.0, 0.0, 0.0, 0.0, 0.0, 1.0, 0.0, 0.0]","stage2_test_f1":0.7108627900318822,"stage1_test_acc":92.33118425517475,"stage2/val_acc":74.1514360313316,"stage2/lr_gumbel":0.001,"final_summary_log_path":"/home/qphan/master-thesis/models/uci_best_model_three_stage_channel_subject30_val_final_summary_val_30.txt","stage1/test_f1":0.9239060078892737,"best_val_loss":0.20547640397378752,"stage2/final_mask_keep_ratio_block3":0.3125,"stage2/best_val_loss":0.5311529392172283}