{"stage_1_separableconvcnn/confusion_matrix_table":{"size":1366,"nrows":36,"ncols":3,"sha256":"ba1709b9ded253dca6f14b8d1a777336f0cb86899167c45d58f90d5e787020ac","path":"media/table/stage_1_separableconvcnn/confusion_matrix_table_1_ba1709b9ded253dca6f1.table.json","artifact_path":"wandb-client-artifact://9c4x55qce6cdvz0xrlhe2i6iuo3ti5y4dpi850b1mv42eh91o7gptdwuoq4klndfni1c48cuxvu77he04n9vqdu3mjlcpa1ufnchxj20spubz7refy5sjek8iowfqo4g/stage_1_separableconvcnn/confusion_matrix_table.table.json","_latest_artifact_path":"wandb-client-artifact://n343gno92re3o9ncj2tewco0hctgoy7n7n3nzma78b7pibj9q5cybylhzi7wqm5nqy94opdnbssuqv4bpqh34dgw8bauv2ig8a3c986glws4p5mmy7x4y0nm44liv3hg:latest/stage_1_separableconvcnn/confusion_matrix_table.table.json","_type":"table-file","log_mode":"IMMUTABLE"},"stage2_test_acc":84.18730912792671,"_timestamp":1.7764233262053409e+09,"stage1/test_acc":91.72039362063116,"stage2_test_f1":0.8432211874197599,"_runtime":14,"epoch":15,"lr_backbone":0.0001,"train_loss":0.20881837546017065,"stage1/use_pretrain_model":false,"bin_keep_ratio":0.21875,"val_acc":80.97982708933718,"_step":8,"stage":3,"stage3_test_f1":0.8672090575322643,"stage1_test_loss":0.25057173036076164,"stage2_hard_bin_mask_str":"[0.0, 0.0, 0.0, 0.0, 1.0, 1.0, 1.0, 0.0, 0.0, 0.0, 1.0, 0.0, 0.0, 1.0, 1.0, 0.0, 1.0, 0.0, 1.0, 1.0, 1.0, 1.0, 1.0, 1.0, 0.0, 1.0, 1.0, 1.0, 0.0, 1.0, 1.0, 0.0, 0.0, 1.0, 1.0, 1.0, 0.0, 0.0, 0.0, 0.0, 0.0, 0.0, 1.0, 0.0, 0.0, 0.0, 0.0, 1.0, 0.0, 1.0, 1.0, 1.0, 0.0, 1.0, 1.0, 0.0, 0.0, 0.0, 0.0, 0.0, 0.0, 0.0, 0.0, 0.0, 0.0, 0.0, 0.0, 0.0, 0.0, 0.0, 0.0, 0.0, 0.0, 0.0, 0.0, 0.0, 0.0, 0.0, 0.0, 0.0, 0.0, 0.0, 0.0, 0.0, 0.0, 0.0, 0.0, 0.0, 0.0, 0.0, 0.0, 0.0, 0.0, 0.0, 0.0, 0.0, 0.0, 0.0, 0.0, 0.0, 0.0, 0.0, 0.0, 0.0, 0.0, 0.0, 0.0, 0.0, 0.0, 0.0, 0.0, 0.0, 0.0, 0.0, 0.0, 0.0, 0.0, 0.0, 0.0, 0.0, 0.0, 0.0, 0.0, 0.0, 0.0, 0.0, 0.0, 0.0]","lr":0.001,"stage3_test_acc":86.52867322701051,"mask_l1":0.0078125,"stage3_test_loss":0.4606201998714811,"_wandb":{"runtime":14},"stage1/test_loss":0.25057173036076164,"lr_gumbel_bin":0.001,"stage1_test_acc":91.72039362063116,"val_loss":0.542999726767794,"best_val_loss":0.2948606369724385,"stage1_test_f1":0.9190924499938599,"train_acc":90.66381156316916,"stage1/test_f1":0.9190924499938599,"stage_3_separableconvcnn/confusion_matrix_table":{"log_mode":"IMMUTABLE","nrows":36,"sha256":"cc5f6b7d09f6c0fcdd77e7d7dd98191e9e8c2edde904c9571d44f00a73ddaf01","path":"media/table/stage_3_separableconvcnn/confusion_matrix_table_7_cc5f6b7d09f6c0fcdd77.table.json","ncols":3,"size":1369,"_type":"table-file","_latest_artifact_path":"wandb-client-artifact://ij5nwv0vsmsaapvqiibehwq40p64ird6gdtoyop86uvylyo3k3rd0n3ygbdl4vuwzxlazdhyri8h263xzhhrzsvkxk36fnluk1otmwsd2b9adlfkvxfmsz17jmahokzs:latest/stage_3_separableconvcnn/confusion_matrix_table.table.json","artifact_path":"wandb-client-artifact://vqlrerqdf0j7l1qg5nt492lx1hzjwgzf04j1n131jzxee7lx1lmaqs1hfqkrvk1qq9n08kyftg4wvzevzmamo0jko8c7plupxqwc8wrh3abx3gi88evctfq10ffmg2co/stage_3_separableconvcnn/confusion_matrix_table.table.json"},"stage2_test_loss":0.48819820450231416}