{"stage1_test_f1":0.9260587871599383,"model_param_count":17697,"stage2/stage_number":2,"block4_Pruned_%":23.4375,"stage1/test_acc":92.50084832032576,"best_val_loss":0.02878042624393945,"_timestamp":1.7768000850684798e+09,"val_loss":0.033762061864852116,"stage1/test_loss":0.2676996233162722,"stage3_test_f1":0.9169098414533949,"_wandb":{"runtime":19},"stage2/raw_hard_mask_block2":"[1.0, 0.0, 1.0, 0.0, 1.0, 1.0, 1.0, 0.0, 0.0, 0.0, 1.0, 1.0, 1.0, 1.0, 0.0, 1.0, 1.0, 1.0, 0.0, 0.0, 1.0, 0.0, 0.0, 0.0, 0.0, 0.0, 0.0, 1.0, 1.0, 1.0, 1.0, 1.0, 1.0, 1.0, 1.0, 0.0, 1.0, 0.0, 0.0, 1.0, 1.0, 0.0, 0.0, 0.0, 0.0, 0.0, 0.0, 1.0, 0.0, 1.0, 0.0, 0.0, 0.0, 0.0, 0.0, 1.0, 1.0, 0.0, 1.0, 0.0, 0.0, 1.0, 1.0, 0.0]","stage2/mask_l1":0.4848533272743225,"final_summary_log_path":"/home/qphan/master-thesis/models/uci_best_model_three_stage_channel_subject15_val_final_summary_val_15.txt","stage2/epoch":25,"train_acc":95.35876993166288,"stage2/raw_hard_mask_block4":"[0.0, 1.0, 1.0, 0.0, 0.0, 1.0, 1.0, 1.0, 1.0, 1.0, 1.0, 1.0, 1.0, 0.0, 1.0, 1.0, 0.0, 1.0, 1.0, 0.0, 1.0, 1.0, 0.0, 1.0, 1.0, 1.0, 1.0, 0.0, 1.0, 1.0, 1.0, 1.0, 1.0, 1.0, 1.0, 0.0, 1.0, 1.0, 1.0, 0.0, 1.0, 1.0, 1.0, 1.0, 1.0, 1.0, 0.0, 1.0, 1.0, 1.0, 0.0, 1.0, 1.0, 0.0, 0.0, 1.0, 1.0, 0.0, 1.0, 1.0, 1.0, 1.0, 1.0, 0.0, 1.0, 1.0, 0.0, 1.0, 1.0, 0.0, 1.0, 1.0, 1.0, 0.0, 0.0, 0.0, 1.0, 1.0, 1.0, 1.0, 1.0, 0.0, 1.0, 1.0, 1.0, 1.0, 0.0, 1.0, 1.0, 1.0, 1.0, 1.0, 1.0, 1.0, 1.0, 1.0, 1.0, 1.0, 1.0, 1.0, 1.0, 1.0, 1.0, 1.0, 1.0, 1.0, 1.0, 1.0, 1.0, 0.0, 1.0, 0.0, 0.0, 1.0, 1.0, 1.0, 0.0, 0.0, 1.0, 1.0, 1.0, 1.0, 1.0, 1.0, 0.0, 1.0, 1.0, 0.0]","stage1_test_acc":92.50084832032576,"model_param_reduction_pct":51.99902354345232,"val_acc":100,"stage2/raw_hard_mask_block3":"[0.0, 0.0, 1.0, 0.0, 1.0, 1.0, 0.0, 0.0, 0.0, 1.0, 1.0, 0.0, 1.0, 1.0, 1.0, 0.0, 1.0, 0.0, 1.0, 1.0, 0.0, 1.0, 1.0, 1.0, 0.0, 0.0, 1.0, 1.0, 0.0, 1.0, 0.0, 1.0, 0.0, 1.0, 1.0, 1.0, 1.0, 1.0, 0.0, 0.0, 1.0, 0.0, 0.0, 1.0, 0.0, 0.0, 0.0, 0.0, 0.0, 1.0, 0.0, 0.0, 1.0, 1.0, 0.0, 0.0, 0.0, 0.0, 1.0, 1.0, 1.0, 1.0, 0.0, 1.0, 1.0, 1.0, 1.0, 0.0, 1.0, 1.0, 1.0, 0.0, 1.0, 0.0, 1.0, 0.0, 1.0, 1.0, 0.0, 1.0, 0.0, 0.0, 1.0, 0.0, 1.0, 1.0, 0.0, 0.0, 1.0, 0.0, 0.0, 0.0, 0.0, 0.0, 0.0, 0.0, 1.0, 1.0, 1.0, 1.0, 1.0, 1.0, 1.0, 0.0, 0.0, 0.0, 1.0, 1.0, 0.0, 1.0, 0.0, 0.0, 0.0, 1.0, 1.0, 1.0, 0.0, 1.0, 0.0, 0.0, 1.0, 1.0, 1.0, 1.0, 1.0, 1.0, 0.0, 1.0]","stage2_test_f1":0.9060401370906743,"stage1/test_f1":0.9260587871599383,"epoch":10,"stage2/lr_backbone":0.0001,"stage_1_separableconvcnn/confusion_matrix_table":{"_type":"table-file","nrows":36,"ncols":3,"path":"media/table/stage_1_separableconvcnn/confusion_matrix_table_1_617bb55de09b3dd8de86.table.json","_latest_artifact_path":"wandb-client-artifact://q61n17lp6wbuks8409c3h2kch4d3fd2rlk1hiv8d15rfhm4qjiggrom3prok82tdfeqyhdzx4v5h92af13ro3s4ug8h4g993xqqzjucg0li1oey6usrdq64au97hri48:latest/stage_1_separableconvcnn/confusion_matrix_table.table.json","artifact_path":"wandb-client-artifact://y010qe6qwo12i3vjktp8yg2ch10k6tsz0lmsv679gcnf3go8beorj6azmggktyxj5w86a08bez9wxm4gfxuovpfdx0re5tp5f5o58emdjbmq0e9z6mpoqkq4gjkikasv/stage_1_separableconvcnn/confusion_matrix_table.table.json","sha256":"617bb55de09b3dd8de86f53d25519662560b51925658ab4b1c760f54be2509ca","log_mode":"IMMUTABLE","size":1362},"stage2/Total_Pruned_%":38.125,"stage2/train_acc":92.04157175398633,"block3_Pruned_%":46.09375,"stage2/best_epoch":16,"stage2/block3_Pruned_%":46.09375,"stage2/final_mask_keep_ratio_block3":0.5390625,"stage2_test_acc":90.56667797760434,"stage2/val_acc":100,"stage2/train_loss":0.550667362902865,"train_loss":0.09242214194598665,"Total_Pruned_%":38.125,"stage2/block2_Pruned_%":51.5625,"_step":12,"stage":3,"stage2/best_val_loss":0.008918286746981122,"stage2/block4_Pruned_%":23.4375,"stage2/test_f1":0.9060401370906743,"stage2/lr_gumbel":0.001,"stage2/test_loss":0.3010052536491543,"stage2_test_loss":0.3010052536491543,"stage1_test_loss":0.2676996233162722,"_runtime":19,"stage2/val_loss":0.017187504642273914,"stage_3_prunedseparableconvcnn/confusion_matrix_table":{"_latest_artifact_path":"wandb-client-artifact://plqxrvdycv13j3zcmv430ogs65r6wff35cprz64ugwfzpfsn8f7ij4038iaf23k23aftdna9awl8kfjmk712mcmz9r1pmc0nvx22sk6tmvejl2dcxfumef2i4v0eakdi:latest/stage_3_prunedseparableconvcnn/confusion_matrix_table.table.json","nrows":36,"artifact_path":"wandb-client-artifact://ohw1pvzzzzz0qacxhrzkxwnih9ql45t30xm11sqc2lepsr8np8o6j02fyrl4dy1t0p3vgsehv2vgyjc6itfuju6gh2y63g5rbctlretlu5i1hcq4k1xov16pv95n99k6/stage_3_prunedseparableconvcnn/confusion_matrix_table.table.json","path":"media/table/stage_3_prunedseparableconvcnn/confusion_matrix_table_10_aa559867293760b0778e.table.json","_type":"table-file","size":1363,"log_mode":"IMMUTABLE","sha256":"aa559867293760b0778efbdd35bd44372c7c7e1e59b4a4e51404b07be2fefe26","ncols":3},"stage2/final_mask_keep_ratio_block4":0.765625,"stage2/final_mask_keep_ratio_block2":0.484375,"model_param_count_pruned":17697,"stage1/use_pretrain_model":false,"block2_Pruned_%":51.5625,"stage2/purpose":"train channel-pruning model with masking","stage3_test_loss":0.27535488157654425,"stage2/test_acc":90.56667797760434,"model_param_count_dense":36868,"lr_loaded_weights":0.0001,"stage3_test_acc":91.51679674244996}