{"stage3_test_acc":92.53478113335595,"stage2_test_f1":0.8614604838977429,"stage1/test_acc":90.36308109942314,"stage3_test_f1":0.9257759113401004,"epoch":20,"mask_l1":0.1953125,"_step":9,"stage1/test_f1":0.9049852446789776,"lr_gumbel_bin":0.001,"stage2_test_acc":86.08754665761792,"_timestamp":1.7757810700794792e+09,"stage1_test_f1":0.9049852446789776,"train_acc":94.74513172966782,"best_val_loss":0.47359225437369035,"stage2_hard_bin_mask_str":"[1.0, 1.0, 1.0, 1.0, 1.0, 1.0, 1.0, 1.0, 1.0, 1.0, 1.0, 1.0, 1.0, 1.0, 1.0, 1.0, 1.0, 1.0, 1.0, 1.0, 1.0, 1.0, 1.0, 1.0, 1.0, 1.0, 1.0, 1.0, 0.0, 1.0, 0.0, 0.0, 0.0, 0.0, 0.0, 0.0, 1.0, 1.0, 0.0, 0.0, 0.0, 1.0, 0.0, 0.0, 0.0, 0.0, 1.0, 1.0, 0.0, 0.0, 0.0, 1.0, 0.0, 0.0, 0.0, 0.0, 0.0, 0.0, 0.0, 0.0, 0.0, 0.0, 0.0, 0.0, 0.0, 0.0, 0.0, 0.0, 0.0, 0.0, 0.0, 0.0, 0.0, 0.0, 0.0, 0.0, 0.0, 0.0, 0.0, 0.0, 0.0, 0.0, 0.0, 0.0, 0.0, 0.0, 0.0, 0.0, 0.0, 0.0, 0.0, 0.0, 0.0, 0.0, 0.0, 0.0, 0.0, 0.0, 0.0, 0.0, 0.0, 0.0, 0.0, 0.0, 0.0, 0.0, 0.0, 0.0, 0.0, 0.0, 0.0, 0.0, 0.0, 0.0, 0.0, 0.0, 0.0, 0.0, 0.0, 0.0, 0.0, 0.0, 0.0, 0.0, 0.0, 0.0, 0.0, 0.0]","bin_keep_ratio":0.2734375,"train_loss":0.12776341629806662,"lr":0.001,"stage3_test_loss":0.22094631210226245,"stage_3_separableconvcnn/confusion_matrix_table":{"sha256":"1fa28839af69806be946fcab905cf6e3c6ba71e7484b15e9abd08a3c7a96a3bb","size":1368,"path":"media/table/stage_3_separableconvcnn/confusion_matrix_table_8_1fa28839af69806be946.table.json","ncols":3,"log_mode":"IMMUTABLE","nrows":36,"artifact_path":"wandb-client-artifact://88fhrpnoracsjpoiax635u0k81mqwwj88lzxb8n5vkgee527sr9f7ghwvkl2h2oerwtotx894hqlnbcl09amuv5xmrvgmgp8ax1730iqzro7p0h4vbohv93dwsu2723x/stage_3_separableconvcnn/confusion_matrix_table.table.json","_type":"table-file","_latest_artifact_path":"wandb-client-artifact://b745lcxmj67an6lo5vgqpylwdi0mj0qeat61z3azjo74i03srwzenhbybtkac05291ju9ne8yep0dody9lig2j5s47yfcqhp6k96t8awrsoxv9n68umd3mfhtysea4ue:latest/stage_3_separableconvcnn/confusion_matrix_table.table.json"},"stage_1_separableconvcnn/confusion_matrix_table":{"nrows":36,"size":1366,"sha256":"1cfb327b238383c919e857ec20aed15d39f5946127c94287bb0dcf58922a49c4","_type":"table-file","log_mode":"IMMUTABLE","artifact_path":"wandb-client-artifact://a0l7corhqc62futdgwuiwfd8l6t2y0my8whclc4symqnh6nvhf821byitf56f4nc2spadofoqgsa875hvqzbsodyh1m8f5bi4m6nqkgjqlij6le9eud8j8yrum01e359/stage_1_separableconvcnn/confusion_matrix_table.table.json","ncols":3,"path":"media/table/stage_1_separableconvcnn/confusion_matrix_table_1_1cfb327b238383c919e8.table.json","_latest_artifact_path":"wandb-client-artifact://8f3eiftd3r5tcwjnqjrwswb36akdt08iwq0nby977j63bt6ct91qnzc1f0peddb22yn2dy75jwdz7pdbd80v9w7dv3qgh7yptzjhy2fszzva5txbppfdht82kqjd9f36:latest/stage_1_separableconvcnn/confusion_matrix_table.table.json"},"val_loss":0.8404585608969564,"lr_backbone":0.0001,"_runtime":14,"stage1/test_loss":0.26363734013998574,"_wandb":{"runtime":14},"stage1/use_pretrain_model":false,"stage1_test_loss":0.26363734013998574,"stage":3,"val_acc":70.65217391304348,"stage1_test_acc":90.36308109942314,"stage2_test_loss":0.41748928570266086}