{"epoch":10,"stage1_test_f1":0.6971494130997002,"_wandb":{"runtime":114},"stage3_test_f1":0.5797680204356452,"stage3_test_acc":70.54095826893354,"lr_gumbel_bin":0.001,"lr_backbone":0.0001,"_timestamp":1.7759054685768845e+09,"stage1_test_acc":79.65996908809892,"train_loss":0.9796168273389398,"stage1_test_loss":0.6157203727687284,"stage3_test_loss":0.9445140280854388,"bin_keep_ratio":0.05882352963089943,"stage_1_separableconvcnn/confusion_matrix_table":{"nrows":64,"size":2013,"ncols":3,"sha256":"8b433c7cc780213adc0564b79cd57bafa4481908889fe9ae3faf42cf8ded27b9","path":"media/table/stage_1_separableconvcnn/confusion_matrix_table_0_8b433c7cc780213adc05.table.json","log_mode":"IMMUTABLE","artifact_path":"wandb-client-artifact://xvdj58upvjmfn7tzh76lqxixoa47zpg4rbmtpje9a49edgqa5sdpprw8nqr0dqn33a30y3zgpnta5fpj2np6w841n3m0dt8i7id0a8xbvzz4zxdsct3nrillrrci7vkd/stage_1_separableconvcnn/confusion_matrix_table.table.json","_latest_artifact_path":"wandb-client-artifact://9hujsb9e1aveabqqf5if6ngzxnssv0bhwlkae0m74340migmhlwmu9qmnrnmbqhk9fpqqx1brofiqhkrann2vjgzvkx2mjw06wj0hzdacux6rwtfmq8lyy8zxlldpadk:latest/stage_1_separableconvcnn/confusion_matrix_table.table.json","_type":"table-file"},"stage":3,"best_val_loss":1.0302747786318573,"train_acc":53.316072495518824,"mask_l1":0,"val_loss":1.1000086649290537,"stage2_test_loss":1.0292126057812505,"_step":7,"val_acc":48.30223309880697,"stage2_hard_bin_mask_str":"[0.0, 1.0, 1.0, 0.0, 1.0, 0.0, 0.0, 0.0, 0.0, 0.0, 0.0, 0.0, 0.0, 0.0, 0.0, 0.0, 0.0, 0.0, 0.0, 0.0, 0.0, 0.0, 0.0, 0.0, 0.0, 0.0, 0.0, 0.0, 0.0, 0.0, 0.0, 0.0, 0.0, 0.0, 0.0, 0.0, 0.0, 0.0, 0.0, 0.0, 0.0, 0.0, 0.0, 0.0, 0.0, 0.0, 0.0, 0.0, 0.0, 0.0, 0.0]","stage_3_separableconvcnn/confusion_matrix_table":{"ncols":3,"_type":"table-file","nrows":64,"_latest_artifact_path":"wandb-client-artifact://28cler5qw19qd1520lguev21j5hkyu8xq8emyfohpdllyf4gdex0eqweslwky39sadicsx3horh4bjjghvcb5gfjy47hxj6tkv4vcw85x2weunkyjnepaj7ezmhp3upr:latest/stage_3_separableconvcnn/confusion_matrix_table.table.json","size":2026,"log_mode":"IMMUTABLE","artifact_path":"wandb-client-artifact://i6yvsgby4v6rsqrw0r8q1709cqwv60i7497n9p0yr90cduuuzgomemp8yzab93nng3asepi9y3cbbqvabb8q5hzfo9tiic0gxrah2r5309gip2ho9tmsp3yucnkeztt2/stage_3_separableconvcnn/confusion_matrix_table.table.json","path":"media/table/stage_3_separableconvcnn/confusion_matrix_table_6_789ee902b7a1ce791a4d.table.json","sha256":"789ee902b7a1ce791a4d952116c9ab7feff7d49b6e69ab727552410e2282fc3a"},"_runtime":114,"stage2_test_acc":65.86295723853684,"stage2_test_f1":0.566822534795366,"lr":0.001}