{"stage2/epoch":20,"stage1/test_f1":0.8915448237738737,"val_loss":0.8663281110616831,"_wandb":{"runtime":19},"stage2/final_mask_keep_ratio_block4":0.5703125,"stage2/lr_gumbel":0.001,"stage1/use_pretrain_model":false,"stage3_test_f1":0.8118111226730189,"model_param_count_dense":36868,"stage2/block2_Pruned_%":57.8125,"stage2/best_epoch":11,"epoch":15,"stage1_test_loss":0.2887824049044412,"train_acc":83.89070727195104,"Total_Pruned_%":53.125,"stage2/final_mask_keep_ratio_block2":0.421875,"stage2/train_loss":1.050984678845903,"block4_Pruned_%":42.96875,"_runtime":19,"stage2/final_mask_keep_ratio_block3":0.390625,"stage2/train_acc":59.71253735591291,"stage2/raw_hard_mask_block4":"[0.0, 1.0, 0.0, 1.0, 0.0, 1.0, 0.0, 1.0, 1.0, 1.0, 0.0, 0.0, 0.0, 1.0, 1.0, 0.0, 1.0, 1.0, 0.0, 1.0, 0.0, 1.0, 0.0, 1.0, 1.0, 0.0, 1.0, 1.0, 0.0, 1.0, 0.0, 1.0, 0.0, 1.0, 1.0, 0.0, 0.0, 0.0, 1.0, 1.0, 1.0, 1.0, 1.0, 0.0, 0.0, 1.0, 1.0, 1.0, 0.0, 1.0, 0.0, 0.0, 1.0, 1.0, 0.0, 1.0, 1.0, 1.0, 0.0, 0.0, 1.0, 0.0, 1.0, 1.0, 0.0, 0.0, 1.0, 1.0, 0.0, 1.0, 1.0, 0.0, 1.0, 0.0, 1.0, 0.0, 0.0, 1.0, 1.0, 1.0, 1.0, 1.0, 1.0, 0.0, 1.0, 0.0, 1.0, 0.0, 1.0, 1.0, 0.0, 1.0, 1.0, 1.0, 1.0, 0.0, 1.0, 1.0, 1.0, 0.0, 1.0, 1.0, 0.0, 1.0, 0.0, 1.0, 0.0, 0.0, 1.0, 0.0, 0.0, 1.0, 1.0, 1.0, 0.0, 1.0, 0.0, 1.0, 0.0, 0.0, 1.0, 1.0, 0.0, 0.0, 0.0, 0.0, 1.0, 0.0]","stage1_test_f1":0.8915448237738737,"stage2_test_acc":57.44825246012894,"val_acc":68.3076923076923,"model_param_count":11903,"stage2/test_f1":0.5262007321678717,"stage2/purpose":"train channel-pruning model with masking","stage2/mask_l1":0.47734078764915466,"stage1_test_acc":89.20936545639634,"stage1/test_loss":0.2887824049044412,"stage":3,"stage3_test_loss":0.5368606658825605,"_timestamp":1.775863958554447e+09,"best_val_loss":0.8194814021770771,"stage2_test_loss":0.8024686633735328,"stage2/raw_hard_mask_block3":"[1.0, 0.0, 1.0, 1.0, 1.0, 0.0, 0.0, 1.0, 0.0, 1.0, 0.0, 1.0, 0.0, 0.0, 1.0, 1.0, 0.0, 0.0, 1.0, 1.0, 1.0, 0.0, 0.0, 1.0, 0.0, 0.0, 1.0, 1.0, 0.0, 0.0, 0.0, 1.0, 1.0, 1.0, 0.0, 0.0, 1.0, 0.0, 0.0, 1.0, 0.0, 1.0, 1.0, 0.0, 0.0, 1.0, 0.0, 0.0, 1.0, 1.0, 0.0, 0.0, 0.0, 0.0, 0.0, 0.0, 1.0, 0.0, 0.0, 1.0, 0.0, 0.0, 0.0, 1.0, 1.0, 0.0, 1.0, 1.0, 1.0, 0.0, 0.0, 0.0, 1.0, 0.0, 0.0, 1.0, 1.0, 1.0, 1.0, 0.0, 0.0, 0.0, 1.0, 1.0, 0.0, 1.0, 0.0, 0.0, 0.0, 0.0, 0.0, 0.0, 0.0, 1.0, 0.0, 0.0, 1.0, 0.0, 0.0, 0.0, 0.0, 0.0, 1.0, 0.0, 1.0, 1.0, 1.0, 0.0, 0.0, 0.0, 0.0, 0.0, 0.0, 0.0, 0.0, 1.0, 0.0, 0.0, 1.0, 1.0, 0.0, 0.0, 1.0, 0.0, 0.0, 0.0, 0.0, 0.0]","stage2/block4_Pruned_%":42.96875,"lr_loaded_weights":0.0001,"stage2/block3_Pruned_%":60.9375,"stage3_test_acc":80.86189345096709,"block2_Pruned_%":57.8125,"stage2/stage_number":2,"stage_1_separableconvcnn/confusion_matrix_table":{"size":1368,"path":"media/table/stage_1_separableconvcnn/confusion_matrix_table_1_430ec0ba43b3aba6cfeb.table.json","_latest_artifact_path":"wandb-client-artifact://5dapkk8sdsw837fbmkb0wlbf3e0rqlevgwlp4guporq6xechmutkoc1rnhsr6iw74jq2eg1xkc87umnikrr1q9hrz3u3nl3yiuz00dx03i8lsovhm7cfl12lm54yyici:latest/stage_1_separableconvcnn/confusion_matrix_table.table.json","ncols":3,"sha256":"430ec0ba43b3aba6cfebeea9ed04041986a5ac1adc24cf6d886e9876fa0e8f7b","log_mode":"IMMUTABLE","artifact_path":"wandb-client-artifact://etoureycc3180dlhqamny0nq92avkig583cp9lotimizzx4egg70lfpsxlq2korrk8ca70i836g0s5hcy3qz8hwvwh50v2zihzxrtj2cm9whhqfhfm0ve4540ep02f9i/stage_1_separableconvcnn/confusion_matrix_table.table.json","nrows":36,"_type":"table-file"},"stage1/test_acc":89.20936545639634,"stage2/test_acc":57.44825246012894,"stage2/lr_backbone":0.0001,"block3_Pruned_%":60.9375,"stage2_test_f1":0.5262007321678717,"stage2/val_loss":1.1867016968360313,"final_summary_log_path":"/home/qphan/master-thesis/models/uci_best_model_three_stage_channel_subject6_val_final_summary_val_6.txt","stage2/raw_hard_mask_block2":"[1.0, 0.0, 0.0, 0.0, 0.0, 0.0, 1.0, 0.0, 0.0, 0.0, 0.0, 0.0, 1.0, 0.0, 0.0, 1.0, 0.0, 0.0, 0.0, 0.0, 0.0, 1.0, 1.0, 0.0, 0.0, 1.0, 0.0, 0.0, 1.0, 1.0, 1.0, 1.0, 0.0, 1.0, 0.0, 0.0, 1.0, 0.0, 1.0, 0.0, 0.0, 1.0, 0.0, 1.0, 0.0, 1.0, 0.0, 0.0, 1.0, 0.0, 0.0, 0.0, 1.0, 0.0, 1.0, 0.0, 1.0, 1.0, 1.0, 1.0, 1.0, 1.0, 1.0, 0.0]","model_param_count_pruned":11903,"train_loss":0.3824873032798227,"stage2/test_loss":0.8024686633735328,"model_param_reduction_pct":67.71454920256048,"_step":12,"stage2/val_acc":54.15384615384615,"stage2/best_val_loss":1.0856139183044433,"stage_3_prunedseparableconvcnn/confusion_matrix_table":{"path":"media/table/stage_3_prunedseparableconvcnn/confusion_matrix_table_10_d6ea6f377c55ce8d343e.table.json","nrows":36,"_type":"table-file","size":1369,"ncols":3,"log_mode":"IMMUTABLE","artifact_path":"wandb-client-artifact://fxe1d7tvedk44jdd1zlmpllc4xkjk1v215c6iqybz4t5qrl4zn6b7c6be4a1kkut5e1c7et4z6a0aek1xrd86jlw4mh9zukb2w3mo1z4k2b2zv9trusvr2digz7bumen/stage_3_prunedseparableconvcnn/confusion_matrix_table.table.json","_latest_artifact_path":"wandb-client-artifact://xkf8j42oo53w45rg8ha5gt6xooxgri2lqns311gh27s12ojjj3khhhcxexgxtpvgpr2nfj297kx7ou34oeb5e88u2q8mvixylyfjio516dtda1ec9db1gzu8a0isse0d:latest/stage_3_prunedseparableconvcnn/confusion_matrix_table.table.json","sha256":"d6ea6f377c55ce8d343ea81d211e893422f884490a5d7f32af7a63cfd041d233"},"stage2/Total_Pruned_%":53.125}