{"final_summary_log_path":"/home/qphan/master-thesis/models/uci_best_model_three_stage_channel_subject5_val_final_summary_val_5.txt","stage_1_separableconvcnn/confusion_matrix_table":{"size":1367,"sha256":"03dfbd2c4e1796b6f14c9c6ff1c6762d4bce54ff6391a5bae0814e1d8b095def","ncols":3,"_type":"table-file","nrows":36,"_latest_artifact_path":"wandb-client-artifact://06frbqwkxm22kfe36zy1shxa88djgoxuopnllgp58lsuba16y590d32tt25ydxxsh3digva5adq7mp4scemb3puu99wojsl3mr0mh453nzu6bz7l8fdoohr1hqrlbzax:latest/stage_1_separableconvcnn/confusion_matrix_table.table.json","path":"media/table/stage_1_separableconvcnn/confusion_matrix_table_1_03dfbd2c4e1796b6f14c.table.json","artifact_path":"wandb-client-artifact://4kz8klt5v2e22el4gv02934jy72jgvhj2f4pok6mll88cj4n25rfs5mscabzqfht424luhoukyin3czjedussa4jg2a09gvf4sfd4ggqaqkiqsdy8quujg0al29u47n7/stage_1_separableconvcnn/confusion_matrix_table.table.json","log_mode":"IMMUTABLE"},"stage2/val_acc":79.47019867549669,"stage1/test_f1":0.8986571403146842,"model_param_count_dense":36868,"stage2/final_mask_keep_ratio_block3":0.5546875,"val_loss":0.4242483508705303,"_step":21,"stage2/lr_gumbel":0.001,"stage2/raw_hard_mask_block3":"[0.0, 0.0, 0.0, 1.0, 0.0, 1.0, 1.0, 1.0, 0.0, 0.0, 0.0, 0.0, 0.0, 1.0, 0.0, 0.0, 1.0, 0.0, 1.0, 1.0, 1.0, 0.0, 1.0, 0.0, 1.0, 0.0, 1.0, 1.0, 1.0, 1.0, 0.0, 1.0, 1.0, 1.0, 1.0, 0.0, 0.0, 0.0, 1.0, 0.0, 0.0, 1.0, 1.0, 0.0, 0.0, 0.0, 1.0, 0.0, 1.0, 0.0, 0.0, 0.0, 0.0, 1.0, 1.0, 0.0, 1.0, 0.0, 0.0, 1.0, 1.0, 1.0, 0.0, 1.0, 1.0, 1.0, 1.0, 1.0, 1.0, 1.0, 1.0, 0.0, 1.0, 0.0, 0.0, 1.0, 1.0, 1.0, 0.0, 0.0, 0.0, 1.0, 1.0, 1.0, 1.0, 0.0, 1.0, 1.0, 0.0, 0.0, 1.0, 0.0, 0.0, 0.0, 1.0, 1.0, 1.0, 0.0, 0.0, 1.0, 1.0, 1.0, 1.0, 1.0, 0.0, 1.0, 1.0, 0.0, 1.0, 1.0, 1.0, 1.0, 0.0, 1.0, 0.0, 0.0, 1.0, 0.0, 0.0, 0.0, 1.0, 0.0, 1.0, 1.0, 1.0, 0.0, 1.0, 1.0]","lr_loaded_weights":0.0001,"stage2/final_mask_keep_ratio_block4":0.8671875,"block4_Pruned_%":13.28125,"stage1/use_pretrain_model":false,"stage2/stage_number":2,"stage2/test_loss":0.32841086155103855,"stage1_test_loss":0.268587467844987,"stage":3,"stage2/purpose":"train channel-pruning model with masking","stage1/test_acc":89.75229046487954,"stage2_test_f1":0.8819970418970174,"stage1_test_f1":0.8986571403146842,"epoch":20,"stage2_test_acc":87.95385137427893,"stage2/best_epoch":59,"Total_Pruned_%":25.624999999999996,"_runtime":42,"stage3_test_f1":0.9075437582356539,"stage2/raw_hard_mask_block4":"[1.0, 1.0, 1.0, 0.0, 1.0, 1.0, 1.0, 1.0, 1.0, 1.0, 1.0, 1.0, 1.0, 1.0, 1.0, 1.0, 1.0, 0.0, 1.0, 1.0, 1.0, 1.0, 1.0, 1.0, 0.0, 1.0, 1.0, 1.0, 1.0, 1.0, 1.0, 0.0, 1.0, 1.0, 1.0, 0.0, 1.0, 1.0, 1.0, 1.0, 1.0, 1.0, 1.0, 1.0, 1.0, 1.0, 1.0, 1.0, 1.0, 1.0, 1.0, 1.0, 1.0, 1.0, 1.0, 1.0, 1.0, 1.0, 1.0, 0.0, 1.0, 1.0, 1.0, 1.0, 1.0, 0.0, 1.0, 1.0, 0.0, 1.0, 1.0, 0.0, 1.0, 1.0, 1.0, 1.0, 1.0, 1.0, 1.0, 1.0, 1.0, 1.0, 1.0, 0.0, 1.0, 1.0, 1.0, 1.0, 0.0, 1.0, 1.0, 1.0, 0.0, 1.0, 1.0, 1.0, 0.0, 1.0, 1.0, 1.0, 1.0, 1.0, 1.0, 1.0, 1.0, 1.0, 1.0, 1.0, 0.0, 1.0, 0.0, 1.0, 1.0, 1.0, 1.0, 1.0, 1.0, 0.0, 1.0, 1.0, 1.0, 1.0, 1.0, 1.0, 1.0, 0.0, 1.0, 1.0]","_wandb":{"runtime":42},"stage2/best_val_loss":0.47579960307932845,"block3_Pruned_%":44.53125,"model_param_count":22446,"val_acc":83.44370860927152,"stage2/val_loss":0.5833438808554845,"stage2/block3_Pruned_%":44.53125,"model_param_reduction_pct":39.11793425192579,"stage1/test_loss":0.268587467844987,"best_val_loss":0.41049806339456546,"stage2_test_loss":0.32841086155103855,"stage3_test_acc":90.53274516457414,"stage_3_prunedseparableconvcnn/confusion_matrix_table":{"_type":"table-file","sha256":"cd26f804503ce5706d94952f57cd3e8b318e3250874dfd59bd904697b8bb928b","path":"media/table/stage_3_prunedseparableconvcnn/confusion_matrix_table_19_cd26f804503ce5706d94.table.json","ncols":3,"nrows":36,"artifact_path":"wandb-client-artifact://g23l2otmjnih877olvp8gc14nk9iljgtwp02si7b8v7ttbxlo9vzjf67fhzpc9mz56b3c4ldzvumu1aat1hg7yiutqbxtnlhwi9ji8vp0ib5bhhzojmqc498crc22kae/stage_3_prunedseparableconvcnn/confusion_matrix_table.table.json","size":1367,"log_mode":"IMMUTABLE","_latest_artifact_path":"wandb-client-artifact://o6czq5m6vpq8qepua1lzrg3pt96zyv52fawl113wqen9rdj86un6pqwvdz7sx9apn9tzfb7nf0kyt8jgmkpsjwc2klc7e15qsye6allgy1nep35174kmwwo2upafkrjl:latest/stage_3_prunedseparableconvcnn/confusion_matrix_table.table.json"},"stage3_test_loss":0.2821371656243111,"block2_Pruned_%":12.5,"stage2/block4_Pruned_%":13.28125,"model_param_count_pruned":22446,"stage2/raw_hard_mask_block2":"[1.0, 1.0, 1.0, 1.0, 1.0, 1.0, 1.0, 1.0, 0.0, 1.0, 1.0, 1.0, 1.0, 1.0, 1.0, 1.0, 1.0, 0.0, 0.0, 1.0, 0.0, 1.0, 1.0, 1.0, 1.0, 1.0, 1.0, 1.0, 1.0, 0.0, 1.0, 0.0, 1.0, 0.0, 1.0, 1.0, 1.0, 1.0, 1.0, 1.0, 1.0, 1.0, 1.0, 1.0, 1.0, 1.0, 1.0, 1.0, 1.0, 1.0, 1.0, 1.0, 0.0, 1.0, 1.0, 1.0, 1.0, 1.0, 1.0, 1.0, 1.0, 1.0, 1.0, 1.0]","stage2/Total_Pruned_%":25.624999999999996,"stage2/train_acc":82.17021276595744,"stage2/final_mask_keep_ratio_block2":0.875,"stage1_test_acc":89.75229046487954,"_timestamp":1.7758584661450567e+09,"train_acc":90.65248226950355,"stage2/mask_l1":0.6484365463256836,"train_loss":0.2202315549309372,"stage2/epoch":60,"stage2/test_acc":87.95385137427893,"stage2/train_loss":0.4472643521998791,"stage2/test_f1":0.8819970418970174,"stage2/lr_backbone":0.0001,"stage2/block2_Pruned_%":12.5}