{"stage3_test_loss":0.279236013508225,"stage2_test_loss":0.4679726972335932,"_step":7,"mask_l1":0.1171875,"stage2_test_acc":82.5924669155073,"stage_1_separableconvcnn/confusion_matrix_table":{"path":"media/table/stage_1_separableconvcnn/confusion_matrix_table_1_9fcfc77b550cb040a33c.table.json","nrows":36,"size":1367,"artifact_path":"wandb-client-artifact://9u7jayr345vhx63nb142xmrmy089rrgyf4mmbsta4fp4p2hgzdb684ih590je6wdapfaptrsaywvdv93qayij9fjy0104yu1m6lza8wi5ecwx10kv115ghw7574ve3l3/stage_1_separableconvcnn/confusion_matrix_table.table.json","log_mode":"IMMUTABLE","ncols":3,"_latest_artifact_path":"wandb-client-artifact://63yusaenj3onun5tndy7jcmxaa1sttxjmwzi5m2caxl0w8fm4ymk6522mann8whqzfdchhm2124d0fjwo7i7ps2ha7nnicq9apkntyik6220ku9kcpl6k9yvem4u45le:latest/stage_1_separableconvcnn/confusion_matrix_table.table.json","sha256":"9fcfc77b550cb040a33cc38fbb01a9580f33118f28e5bbd2c2f7d391f110a3ed","_type":"table-file"},"lr_gumbel_bin":0.001,"stage":3,"bin_keep_ratio":0.140625,"best_val_loss":0.2846906368492865,"_runtime":12,"stage2_test_f1":0.824971296874213,"stage3_test_acc":90.12555140821173,"stage1_test_loss":0.2423111703246832,"val_loss":0.4561745185478061,"lr_backbone":0.0001,"stage1/use_pretrain_model":false,"stage1/test_f1":0.9026068850953561,"stage1/test_acc":90.09161859518154,"stage1/test_loss":0.2423111703246832,"train_loss":0.20851733291753427,"val_acc":84.80392156862744,"epoch":10,"train_acc":90.86981566820276,"stage3_test_f1":0.9031759856730645,"stage1_test_f1":0.9026068850953561,"lr":0.001,"_wandb":{"runtime":12},"stage2_hard_bin_mask_str":"[1.0, 1.0, 1.0, 1.0, 1.0, 1.0, 1.0, 1.0, 1.0, 1.0, 1.0, 1.0, 1.0, 1.0, 1.0, 1.0, 1.0, 0.0, 0.0, 0.0, 1.0, 0.0, 0.0, 0.0, 0.0, 0.0, 0.0, 0.0, 0.0, 0.0, 0.0, 0.0, 0.0, 0.0, 0.0, 0.0, 0.0, 0.0, 0.0, 0.0, 0.0, 0.0, 0.0, 0.0, 0.0, 0.0, 0.0, 0.0, 0.0, 0.0, 0.0, 0.0, 0.0, 0.0, 0.0, 0.0, 0.0, 0.0, 0.0, 0.0, 0.0, 0.0, 0.0, 0.0, 0.0, 0.0, 0.0, 0.0, 0.0, 0.0, 0.0, 0.0, 0.0, 0.0, 0.0, 0.0, 0.0, 0.0, 0.0, 0.0, 0.0, 0.0, 0.0, 0.0, 0.0, 0.0, 0.0, 0.0, 0.0, 0.0, 0.0, 0.0, 0.0, 0.0, 0.0, 0.0, 0.0, 0.0, 0.0, 0.0, 0.0, 0.0, 0.0, 0.0, 0.0, 0.0, 0.0, 0.0, 0.0, 0.0, 0.0, 0.0, 0.0, 0.0, 0.0, 0.0, 0.0, 0.0, 0.0, 0.0, 0.0, 0.0, 0.0, 0.0, 0.0, 0.0, 0.0, 0.0]","_timestamp":1.7757833836458511e+09,"stage_3_separableconvcnn/confusion_matrix_table":{"artifact_path":"wandb-client-artifact://9uh22jb5kvm594ezgmlo6ttxtg3finc9whwo1jf8f19xzgzyb7si09od8u76l9savdvq5ajjtgjbztqalb8n9uz8k5u6horrlhp977rrqs64s5g4spo5jx2423l60pxy/stage_3_separableconvcnn/confusion_matrix_table.table.json","size":1365,"path":"media/table/stage_3_separableconvcnn/confusion_matrix_table_6_0a1e2a2ba71eb8d0c287.table.json","_type":"table-file","sha256":"0a1e2a2ba71eb8d0c287a70dcf595606bb52f255e1606e713155a326a322090c","nrows":36,"ncols":3,"log_mode":"IMMUTABLE","_latest_artifact_path":"wandb-client-artifact://kxh33o5sq5n9khfhr4mwkucxzuo14xd1k5a45i0sqnied1f863rn9wpg3wfxyqd0mxgu1o1mh4je6ylgjdswzfnglq07irt78wt9rlw6gb7r8d9ptomj8ay7junqn9w6:latest/stage_3_separableconvcnn/confusion_matrix_table.table.json"},"stage1_test_acc":90.09161859518154}