{"stage_1_separableconvcnn/confusion_matrix_table":{"size":1368,"_type":"table-file","nrows":36,"ncols":3,"sha256":"cc7b9f814993e0a95cb917ba11f19db645c604b66bb7ffecd44ad2ccf6147a1e","artifact_path":"wandb-client-artifact://1ee22ffy4v356smczsd8eudrbbxgxopidj6ei0pkp97e8l00fw92b2v9jkb1rb1ju0rs1hdpdcvv29ecbh0jf4l3xxfq88yhuaocqyxtdoxe57qehpl145fnyln9migh/stage_1_separableconvcnn/confusion_matrix_table.table.json","path":"media/table/stage_1_separableconvcnn/confusion_matrix_table_1_cc7b9f814993e0a95cb9.table.json","_latest_artifact_path":"wandb-client-artifact://xvoir3s4akai9cfamppcoub5ejm3yuz8f7qbzlb16pigs81f781mcg24m4xhy76cf5u5ocb6pl0iyyrt0ws9tvvubv0m7oa0wyjbqnepnfdnwovs083fbcbpmm1jdjnj:latest/stage_1_separableconvcnn/confusion_matrix_table.table.json","log_mode":"IMMUTABLE"},"lr_gumbel_bin":0.001,"val_acc":86.42297650130548,"lr":0.001,"mask_l1":0.1562500149011612,"stage2_test_f1":0.9089946611283839,"stage1_test_loss":0.22055789638881276,"stage2_hard_bin_mask_str":"[1.0, 1.0, 1.0, 1.0, 1.0, 1.0, 1.0, 1.0, 1.0, 1.0, 1.0, 1.0, 1.0, 1.0, 1.0, 1.0, 1.0, 1.0, 1.0, 0.0, 1.0, 0.0, 0.0, 0.0, 0.0, 0.0, 0.0, 0.0, 0.0, 0.0, 0.0, 0.0, 0.0, 0.0, 0.0, 0.0, 0.0, 0.0, 0.0, 0.0, 0.0, 0.0, 0.0, 0.0, 0.0, 0.0, 0.0, 0.0, 0.0, 0.0, 0.0, 0.0, 0.0, 0.0, 0.0, 0.0, 0.0, 0.0, 0.0, 0.0, 0.0, 0.0, 0.0, 0.0, 0.0, 0.0, 0.0, 0.0, 0.0, 0.0, 0.0, 0.0, 0.0, 0.0, 0.0, 0.0, 0.0, 0.0, 0.0, 0.0, 0.0, 0.0, 0.0, 0.0, 0.0, 0.0, 0.0, 0.0, 0.0, 0.0, 0.0, 0.0, 0.0, 0.0, 0.0, 0.0, 0.0, 0.0, 0.0, 0.0, 0.0, 0.0, 0.0, 0.0, 0.0, 0.0, 0.0, 0.0, 0.0, 0.0, 0.0, 0.0, 0.0, 0.0, 0.0, 0.0, 0.0, 0.0, 0.0, 0.0, 0.0, 0.0, 0.0, 0.0, 0.0, 0.0, 0.0, 0.0]","stage1/test_acc":92.33118425517475,"val_loss":0.4247633825103102,"stage2_test_loss":0.2366239861601001,"train_acc":93.70067441526761,"_runtime":29,"stage1/test_loss":0.22055789638881276,"epoch":20,"stage2_test_acc":90.87207329487615,"stage":3,"stage1_test_acc":92.33118425517475,"best_val_loss":0.1269858366065548,"stage3_test_acc":90.90600610790635,"stage1_test_f1":0.9239060078892737,"lr_backbone":0.0001,"stage1/use_pretrain_model":false,"_wandb":{"runtime":29},"stage_3_separableconvcnn/confusion_matrix_table":{"sha256":"976e874e28cddb8d1f1ee7c15e08543d985897fc1ea7802a5ea47252b17babb3","size":1368,"ncols":3,"nrows":36,"artifact_path":"wandb-client-artifact://uo532i7x5by99yeosmsb2mheujq7e4f48uyo15fii3dzeox56ix8q6u0d51lc4u2a2pgwdw5jjckl8l3blqdl17chdv43eeklo93c1obsa29g638y8w3e9d96cvttmqy/stage_3_separableconvcnn/confusion_matrix_table.table.json","_latest_artifact_path":"wandb-client-artifact://pzvodsj17izq9bpabyvrlduy4zsom9qzgbtbgdg25f96yc2x7wkniqom1ujud8cjoel9zwl3j3hngzw729jv2spm0bm2eolymzes5dzmzwogidssjazopuojunazdyr8:latest/stage_3_separableconvcnn/confusion_matrix_table.table.json","_type":"table-file","path":"media/table/stage_3_separableconvcnn/confusion_matrix_table_15_976e874e28cddb8d1f1e.table.json","log_mode":"IMMUTABLE"},"stage3_test_f1":0.9097793199587162,"train_loss":0.15343230702319743,"stage3_test_loss":0.2877843245054258,"stage1/test_f1":0.9239060078892737,"_step":16,"bin_keep_ratio":0.15625,"_timestamp":1.7757830567123032e+09}