{"stage2/best_epoch":10,"stage2/raw_hard_mask_block4":"[1.0, 0.0, 1.0, 0.0, 1.0, 1.0, 0.0, 0.0, 1.0, 1.0, 1.0, 0.0, 1.0, 1.0, 1.0, 0.0, 0.0, 0.0, 0.0, 1.0, 1.0, 0.0, 1.0, 0.0, 1.0, 0.0, 0.0, 1.0, 1.0, 1.0, 1.0, 0.0, 0.0, 0.0, 1.0, 0.0, 1.0, 1.0, 1.0, 0.0, 1.0, 1.0, 1.0, 1.0, 1.0, 1.0, 1.0, 0.0, 1.0, 1.0, 1.0, 1.0, 1.0, 1.0, 0.0, 1.0, 1.0, 1.0, 1.0, 0.0, 1.0, 1.0, 0.0, 0.0, 1.0, 1.0, 1.0, 1.0, 1.0, 1.0, 1.0, 0.0, 1.0, 1.0, 1.0, 1.0, 1.0, 1.0, 1.0, 1.0, 0.0, 1.0, 1.0, 0.0, 0.0, 1.0, 0.0, 0.0, 1.0, 0.0, 0.0, 1.0, 1.0, 1.0, 1.0, 1.0, 1.0, 1.0, 1.0, 1.0, 0.0, 1.0, 1.0, 1.0, 0.0, 0.0, 0.0, 1.0, 1.0, 0.0, 1.0, 0.0, 0.0, 1.0, 0.0, 0.0, 1.0, 1.0, 1.0, 1.0, 1.0, 0.0, 1.0, 0.0, 1.0, 0.0, 1.0, 1.0]","train_loss":0.5860271183064452,"Total_Pruned_%":43.125,"model_param_reduction_pct":57.77879885399211,"stage2/raw_hard_mask_block3":"[1.0, 1.0, 1.0, 0.0, 1.0, 1.0, 1.0, 1.0, 1.0, 1.0, 0.0, 0.0, 1.0, 0.0, 0.0, 0.0, 0.0, 0.0, 0.0, 1.0, 1.0, 0.0, 1.0, 0.0, 0.0, 1.0, 0.0, 1.0, 0.0, 1.0, 0.0, 0.0, 1.0, 0.0, 0.0, 0.0, 1.0, 0.0, 0.0, 1.0, 1.0, 0.0, 1.0, 1.0, 0.0, 0.0, 1.0, 0.0, 1.0, 1.0, 1.0, 0.0, 1.0, 1.0, 0.0, 0.0, 1.0, 1.0, 1.0, 0.0, 0.0, 1.0, 0.0, 0.0, 1.0, 1.0, 0.0, 1.0, 1.0, 1.0, 0.0, 0.0, 0.0, 0.0, 1.0, 1.0, 0.0, 1.0, 0.0, 0.0, 0.0, 0.0, 0.0, 1.0, 1.0, 1.0, 1.0, 1.0, 0.0, 1.0, 1.0, 1.0, 0.0, 1.0, 1.0, 0.0, 0.0, 0.0, 1.0, 0.0, 0.0, 0.0, 1.0, 0.0, 1.0, 1.0, 0.0, 0.0, 0.0, 0.0, 1.0, 1.0, 0.0, 0.0, 0.0, 0.0, 0.0, 1.0, 0.0, 1.0, 1.0, 1.0, 0.0, 0.0, 0.0, 1.0, 1.0, 0.0]","model_param_count":15621,"stage2/epoch":20,"stage2/block4_Pruned_%":33.59375,"stage1_test_loss":0.6333714375555485,"stage2/val_loss":0.8009664890043898,"stage2/raw_hard_mask_block2":"[0.0, 0.0, 1.0, 0.0, 0.0, 1.0, 0.0, 1.0, 0.0, 1.0, 0.0, 1.0, 0.0, 1.0, 1.0, 1.0, 0.0, 1.0, 0.0, 1.0, 0.0, 1.0, 1.0, 0.0, 1.0, 1.0, 1.0, 1.0, 0.0, 1.0, 1.0, 1.0, 0.0, 1.0, 0.0, 1.0, 1.0, 0.0, 1.0, 0.0, 0.0, 1.0, 0.0, 1.0, 1.0, 0.0, 1.0, 1.0, 0.0, 1.0, 1.0, 0.0, 1.0, 1.0, 0.0, 0.0, 0.0, 0.0, 0.0, 0.0, 0.0, 1.0, 1.0, 1.0]","best_val_loss":0.6169365274526175,"stage2/stage_number":2,"epoch":35,"stage2/test_acc":78.75321998969603,"stage1/test_loss":0.6333714375555485,"stage3_test_acc":80.21638330757341,"stage1/test_f1":0.6862220458406068,"stage1_test_f1":0.6862220458406068,"block2_Pruned_%":45.3125,"stage2/purpose":"train channel-pruning model with masking","stage1_test_acc":78.887171561051,"stage2/lr_gumbel":0.001,"stage3_test_loss":0.5831077777175545,"_step":16,"_timestamp":1.7753355367433975e+09,"stage2/test_f1":0.6574410691549342,"stage":3,"val_acc":69.52070730572359,"stage2/val_acc":64.12284783620288,"stage_1_separableconvcnn/confusion_matrix_table":{"_latest_artifact_path":"wandb-client-artifact://lnrr5pfui503n2t6cv229bc2jvl7zoa0hcznytppzo2iy53q98skfe4jmc9sl4tmz53dfidcw984fhs8mhf7ztjy7ycqkt5ows30vp3k4970rjh6yxgem5xp1p8w7hzm:latest/stage_1_separableconvcnn/confusion_matrix_table.table.json","ncols":3,"log_mode":"IMMUTABLE","artifact_path":"wandb-client-artifact://cstux6t44pcjy7480sz9z4m1ezaml3gymgyx39geaogtsumeieh2sug1htmt4kjugss333q94k9enw2odhhb5pi1p2xklu0ucgx423x4uvnv1j3y3j62dbnlpxclyo8l/stage_1_separableconvcnn/confusion_matrix_table.table.json","path":"media/table/stage_1_separableconvcnn/confusion_matrix_table_1_6d42cb29b0df787ab417.table.json","nrows":64,"sha256":"6d42cb29b0df787ab41725e58e23f5398ace45566311fb8f15a12fceb5e6c38c","_type":"table-file","size":2013},"stage2/test_loss":0.6889292543474729,"model_param_count_pruned":15621,"stage_3_prunedseparableconvcnn/confusion_matrix_table":{"sha256":"f389445d99a4a8c17ba9fdf28e28246f67e474f055029b9b9abaa48fd431d8a0","log_mode":"IMMUTABLE","size":2013,"_type":"table-file","artifact_path":"wandb-client-artifact://30ciiz2ddcbddroc9x8dj6ise6ecx154wevhmpigg4f5tx5f02jyek8c2qu1syqa169j78q610xmpqk79clizwd3k04qzt8srlxbtt3b698w39mjfci3a0jnnxw0z50l/stage_3_prunedseparableconvcnn/confusion_matrix_table.table.json","ncols":3,"nrows":64,"path":"media/table/stage_3_prunedseparableconvcnn/confusion_matrix_table_14_f389445d99a4a8c17ba9.table.json","_latest_artifact_path":"wandb-client-artifact://3p96bwbhmr0iezgyxh6dpb8aiqouwwq0s1hhhfmk4ea6xfoi70dw55k2t8camor9vg17kr94mrvp8638163bo456evdog47k3vlm3ekf03j9f703a1c93oxrap8htdpr:latest/stage_3_prunedseparableconvcnn/confusion_matrix_table.table.json"},"stage2/lr_backbone":0.0001,"_runtime":172,"stage2/train_acc":54.213909994155465,"block3_Pruned_%":51.5625,"stage1/test_acc":78.887171561051,"stage2/final_mask_keep_ratio_block4":0.6640625,"stage2/train_loss":1.0551501779372339,"val_loss":0.6682698917893711,"final_summary_log_path":"/home/qphan/master-thesis/models/wear_best_model_three_stage_channel_subject5_val_final_summary_val_5.txt","lr_loaded_weights":0.0001,"stage2_test_loss":0.6889292543474729,"stage2/Total_Pruned_%":43.125,"stage2/block3_Pruned_%":51.5625,"_wandb":{"runtime":172},"stage2/best_val_loss":0.7432863753360057,"block4_Pruned_%":33.59375,"stage2/final_mask_keep_ratio_block3":0.484375,"stage2/final_mask_keep_ratio_block2":0.546875,"stage2/block2_Pruned_%":45.3125,"train_acc":68.42197545295149,"model_param_count_dense":36998,"stage2_test_f1":0.6574410691549342,"stage2_test_acc":78.75321998969603,"stage1/use_pretrain_model":false,"stage2/mask_l1":0.4598020911216736,"stage3_test_f1":0.6914066595232324}