{"stage2_test_acc":87.41092636579573,"lr_gumbel_bin":0.001,"_runtime":19,"stage1_test_acc":91.75432643366135,"epoch":10,"stage_3_separableconvcnn/confusion_matrix_table":{"nrows":36,"ncols":3,"_latest_artifact_path":"wandb-client-artifact://ll4kchbvfbc1d0wl9iwrlpa34kdw01nsxj1jmnt3lpak2u0p9ohhrtgw5jhreseejylf3vqojdct8v3q8eyqgwe91hhiraq7ze2wm69cguyy4ma9v7b4n3azxql8s1u0:latest/stage_3_separableconvcnn/confusion_matrix_table.table.json","artifact_path":"wandb-client-artifact://yoifyqqwusf5sgveswruvi898mjrxswvpwj2prcdkbe2c8y8ickqk2n3dvqqdt4w1plkeuwmnsaicflyxfaw3e839pa5w51tcsozce891xufgwh6jfvwwnjhr4oji4bj/stage_3_separableconvcnn/confusion_matrix_table.table.json","_type":"table-file","size":1370,"log_mode":"IMMUTABLE","path":"media/table/stage_3_separableconvcnn/confusion_matrix_table_10_60fffca1a87e0424a385.table.json","sha256":"60fffca1a87e0424a3855533b57b76ee59ca39e2ddcff646c03ffc5cccf65402"},"stage1/test_acc":91.75432643366135,"stage1_test_f1":0.9193935492291428,"train_loss":0.2137235689332299,"bin_keep_ratio":0.2890625,"train_acc":90.42553191489361,"val_loss":0.5060420054078891,"_wandb":{"runtime":19},"stage1/use_pretrain_model":false,"best_val_loss":0.4472368426423594,"stage_1_separableconvcnn/confusion_matrix_table":{"_type":"table-file","artifact_path":"wandb-client-artifact://fof6zeqz4dho6n59sx7qdnmw6zf2q7b2k6a5upvr7lcpcll9ixq89wdlpdm44lmpra0kd0mxzm3w9ts6juz2t5qahpnee9srlfu5w1xhiuqpswxgmiry26moydp4wfvz/stage_1_separableconvcnn/confusion_matrix_table.table.json","size":1366,"log_mode":"IMMUTABLE","sha256":"7339811d8764bb2828a3fbe9cf3beb37209fefb5c65d94bc1df225d2b288d01a","path":"media/table/stage_1_separableconvcnn/confusion_matrix_table_1_7339811d8764bb2828a3.table.json","ncols":3,"_latest_artifact_path":"wandb-client-artifact://8ux6wz7ui78smrjleltku004nfogospu2hrqhsmth7aex3h88v2zpq7pyvrfmlg16jenz7zc4uzci1lm10u0yraq701wxmj3d7lwfar26k7atrihod8112embocnfd55:latest/stage_1_separableconvcnn/confusion_matrix_table.table.json","nrows":36},"stage2_test_f1":0.8772215209619044,"lr":0.001,"stage1_test_loss":0.26111875705798304,"stage3_test_loss":0.48340772307881574,"_step":11,"stage":3,"stage3_test_acc":82.8299966067187,"_timestamp":1.7766121559049587e+09,"mask_l1":0.1484375,"stage1/test_loss":0.26111875705798304,"stage2_hard_bin_mask_str":"[0.0, 0.0, 0.0, 0.0, 0.0, 0.0, 0.0, 0.0, 0.0, 0.0, 0.0, 1.0, 1.0, 1.0, 1.0, 1.0, 1.0, 0.0, 1.0, 1.0, 1.0, 1.0, 1.0, 1.0, 1.0, 0.0, 1.0, 1.0, 1.0, 0.0, 0.0, 1.0, 0.0, 0.0, 1.0, 1.0, 0.0, 1.0, 1.0, 1.0, 1.0, 0.0, 1.0, 1.0, 1.0, 1.0, 1.0, 1.0, 1.0, 0.0, 1.0, 1.0, 1.0, 1.0, 1.0, 0.0, 1.0, 0.0, 0.0, 0.0, 0.0, 0.0, 0.0, 1.0, 0.0, 0.0, 0.0, 0.0, 0.0, 0.0, 0.0, 0.0, 0.0, 0.0, 0.0, 0.0, 0.0, 0.0, 0.0, 0.0, 0.0, 0.0, 0.0, 0.0, 0.0, 0.0, 0.0, 0.0, 0.0, 0.0, 0.0, 0.0, 0.0, 0.0, 0.0, 0.0, 0.0, 0.0, 0.0, 0.0, 0.0, 0.0, 0.0, 0.0, 0.0, 0.0, 0.0, 0.0, 0.0, 0.0, 0.0, 0.0, 0.0, 0.0, 0.0, 0.0, 0.0, 0.0, 0.0, 0.0, 0.0, 0.0, 0.0, 0.0, 0.0, 0.0, 0.0, 0.0]","stage3_test_f1":0.8348392360513232,"stage1/test_f1":0.9193935492291428,"stage2_test_loss":0.3635092287695579,"val_acc":78.80794701986756,"lr_backbone":0.0001}