{"stage3_test_acc":88.76823888700373,"stage1/test_loss":0.2481142066477273,"stage1/use_pretrain_model":false,"stage_1_separableconvcnn/confusion_matrix_table":{"size":1366,"_type":"table-file","path":"media/table/stage_1_separableconvcnn/confusion_matrix_table_1_10e07669296bcf5ba227.table.json","nrows":36,"ncols":3,"log_mode":"IMMUTABLE","artifact_path":"wandb-client-artifact://tcy720tqb77efflk4ebx00429rw6sfbjgvcq433qm6ufjgnhtn9ip74v70wrnxfscr0gdhrooh2e5avzcn9e1c4rr11v2zhy69ggcrwnwy0gtbrp1hu2vmwurrzcyei4/stage_1_separableconvcnn/confusion_matrix_table.table.json","sha256":"10e07669296bcf5ba2279e29af0a84a1f88173148e4f0bad6c38df57689af24c","_latest_artifact_path":"wandb-client-artifact://j8yz61vqlsnc95415th7a66h5318muxvsurqfquazeg8is217h80bw9f4ck39r1ivrrk9cw9qovjwwgpuzr2dopm0zw5nl69ahmfb9y6yhbk3lg38ut3hmiqo46cbr51:latest/stage_1_separableconvcnn/confusion_matrix_table.table.json"},"lr_gumbel_bin":0.001,"_runtime":28,"stage1/test_acc":91.55072955548015,"stage_3_separableconvcnn/confusion_matrix_table":{"log_mode":"IMMUTABLE","path":"media/table/stage_3_separableconvcnn/confusion_matrix_table_15_ffb46ec165c5f4796f73.table.json","nrows":36,"_type":"table-file","artifact_path":"wandb-client-artifact://ei142er4dcu2w5e0e5cgwdyov66imid5mx9ep2ixza3kp3smq8btiy2w5cp22q6z22cntrt73rgbrzi25hecb62ih5qkbq2xq16mbphszh0fata8k4eko4fonvymkqig/stage_3_separableconvcnn/confusion_matrix_table.table.json","sha256":"ffb46ec165c5f4796f7335bafe3864b19add89f75123cf1f301dc3eb4c3f51cd","_latest_artifact_path":"wandb-client-artifact://tg77y4rtyghij0a3ne3hlfc0vobrxigz1ip4yvz8s8thbouv2j0ug9zgy87okvbagmfzeit8zn3qrmp32c85ddm4ne579n6yu60uupumiyyozodxi737hnnz7083ctt4:latest/stage_3_separableconvcnn/confusion_matrix_table.table.json","ncols":3,"size":1364},"bin_keep_ratio":0.1846153885126114,"stage2_test_loss":0.2642581339233909,"stage1_test_loss":0.2481142066477273,"stage2_test_acc":90.12555140821173,"val_acc":91.83673469387755,"best_val_loss":0.12283757776295177,"stage3_test_loss":0.34851843181366754,"stage3_test_f1":0.8888322840184025,"stage1/test_f1":0.9168024661823758,"lr_backbone":0.0001,"stage1_test_acc":91.55072955548015,"val_loss":0.16174269439000696,"mask_l1":0.1846153885126114,"stage1_test_f1":0.9168024661823758,"stage":3,"stage2_test_f1":0.9012352239941337,"epoch":25,"train_acc":91.9683908045977,"_timestamp":1.7757699922746842e+09,"lr":0.001,"_step":16,"train_loss":0.18156386860485735,"_wandb":{"runtime":28},"stage2_hard_bin_mask_str":"[1.0, 1.0, 1.0, 1.0, 1.0, 1.0, 1.0, 1.0, 1.0, 1.0, 1.0, 0.0, 1.0, 0.0, 0.0, 0.0, 0.0, 0.0, 0.0, 0.0, 0.0, 0.0, 0.0, 0.0, 0.0, 0.0, 0.0, 0.0, 0.0, 0.0, 0.0, 0.0, 0.0, 0.0, 0.0, 0.0, 0.0, 0.0, 0.0, 0.0, 0.0, 0.0, 0.0, 0.0, 0.0, 0.0, 0.0, 0.0, 0.0, 0.0, 0.0, 0.0, 0.0, 0.0, 0.0, 0.0, 0.0, 0.0, 0.0, 0.0, 0.0, 0.0, 0.0, 0.0, 0.0]"}