{"stage2/test_f1":0.5708291257249258,"stage3_test_acc":89.95588734306074,"stage1/use_pretrain_model":false,"stage_3_prunedseparableconvcnn/confusion_matrix_table":{"size":1367,"ncols":3,"nrows":36,"artifact_path":"wandb-client-artifact://8v7pmlbiwvm74iz7d6wiuxbztxbrzzl10202nupld7lcrgej134fexld0k474njrfsf6bvhaxyshtle0nutj8d2utzfznhnkqu0ophnk4vvk8b694fxglubh1ly87usf/stage_3_prunedseparableconvcnn/confusion_matrix_table.table.json","_type":"table-file","path":"media/table/stage_3_prunedseparableconvcnn/confusion_matrix_table_20_c10e91c2090bf0c67187.table.json","log_mode":"IMMUTABLE","_latest_artifact_path":"wandb-client-artifact://vzoev2atqpa7ehp4afmr0dr1feccl881q1oqacjenwh70oavrdlmzev1qbs2p6xuss4cm9kxpj24o9pqb8q2nys3vornw0716g15ly33y6l0d9i5i8q7d22hnjsb232c:latest/stage_3_prunedseparableconvcnn/confusion_matrix_table.table.json","sha256":"c10e91c2090bf0c67187f71930bc58706cfe2450694a07430ba639d910f7889e"},"stage2/val_loss":0.710924013968437,"Total_Pruned_%":50.9375,"stage2/train_loss":0.7414921912618514,"stage2/train_acc":65.26886321494794,"stage2/final_mask_keep_ratio_block3":0.3984375,"stage1_test_acc":91.07567017305735,"stage3_test_f1":0.9017758686851871,"lr_loaded_weights":0.0001,"stage2/epoch":40,"_wandb":{"runtime":41},"epoch":45,"stage1/test_loss":0.22617445322285173,"_timestamp":1.775860259290919e+09,"stage2/best_val_loss":0.6993610708594672,"stage2/test_acc":63.69189005768578,"stage3_test_loss":0.27371741665686344,"best_val_loss":0.4771575179617426,"model_param_count_pruned":12594,"stage1/test_acc":91.07567017305735,"stage2/block2_Pruned_%":51.5625,"stage2/Total_Pruned_%":50.9375,"val_acc":84.1642228739003,"stage2_test_acc":63.69189005768578,"stage2/block3_Pruned_%":60.15625,"stage2/purpose":"train channel-pruning model with masking","stage2_test_f1":0.5708291257249258,"block4_Pruned_%":41.40625,"train_loss":0.20236638482092043,"stage_1_separableconvcnn/confusion_matrix_table":{"_latest_artifact_path":"wandb-client-artifact://0dgllj9207h8bag2uwgs77yokdoh9h91v2inqnu6mrvqalph5sgq8derdy7u1if2drargkdjkdh2t8mmtgexdauduoayf5z6ervsa5h59wt8pzykvse4ejzv8g8752f3:latest/stage_1_separableconvcnn/confusion_matrix_table.table.json","size":1366,"artifact_path":"wandb-client-artifact://q52i83bhpd9irrstmpmxw2cifzf47n0j4i5mdh7xk3hzja69udk8fgtbtmjrk5gm54uqmgafgre5q8ynakq3h0c5mf8mcc67d17qb1mw58fsqkbh1ghvc3awbjkbin8n/stage_1_separableconvcnn/confusion_matrix_table.table.json","sha256":"ee0fa33fc929b82f93f642ef91fbb8aa9f03d6057574e4a8afa65bbfb16ea3b6","path":"media/table/stage_1_separableconvcnn/confusion_matrix_table_1_ee0fa33fc929b82f93f6.table.json","ncols":3,"_type":"table-file","log_mode":"IMMUTABLE","nrows":36},"stage2/raw_hard_mask_block3":"[1.0, 1.0, 1.0, 1.0, 1.0, 1.0, 1.0, 0.0, 0.0, 1.0, 1.0, 0.0, 0.0, 1.0, 0.0, 0.0, 0.0, 0.0, 0.0, 1.0, 0.0, 0.0, 1.0, 0.0, 1.0, 0.0, 0.0, 0.0, 1.0, 0.0, 1.0, 0.0, 1.0, 0.0, 0.0, 0.0, 0.0, 1.0, 0.0, 1.0, 1.0, 1.0, 0.0, 1.0, 0.0, 0.0, 0.0, 0.0, 1.0, 0.0, 1.0, 0.0, 0.0, 0.0, 1.0, 0.0, 0.0, 1.0, 1.0, 1.0, 0.0, 0.0, 0.0, 0.0, 0.0, 1.0, 0.0, 0.0, 0.0, 0.0, 1.0, 0.0, 0.0, 1.0, 0.0, 0.0, 0.0, 0.0, 0.0, 1.0, 0.0, 1.0, 0.0, 0.0, 1.0, 1.0, 0.0, 1.0, 1.0, 1.0, 0.0, 0.0, 0.0, 0.0, 0.0, 0.0, 0.0, 1.0, 1.0, 0.0, 0.0, 0.0, 1.0, 1.0, 0.0, 0.0, 1.0, 0.0, 1.0, 0.0, 1.0, 0.0, 0.0, 0.0, 0.0, 0.0, 1.0, 1.0, 0.0, 1.0, 1.0, 0.0, 0.0, 1.0, 0.0, 1.0, 1.0, 0.0]","stage2_test_loss":0.6127249181319899,"model_param_reduction_pct":65.84029510686776,"stage2/lr_gumbel":0.001,"stage1_test_f1":0.9123850769801085,"stage2/raw_hard_mask_block2":"[0.0, 1.0, 0.0, 0.0, 0.0, 1.0, 1.0, 0.0, 0.0, 1.0, 0.0, 0.0, 0.0, 0.0, 0.0, 1.0, 1.0, 0.0, 0.0, 1.0, 0.0, 0.0, 1.0, 1.0, 0.0, 0.0, 0.0, 1.0, 1.0, 1.0, 0.0, 0.0, 0.0, 1.0, 1.0, 1.0, 1.0, 0.0, 0.0, 1.0, 0.0, 1.0, 0.0, 1.0, 1.0, 0.0, 0.0, 1.0, 1.0, 0.0, 1.0, 1.0, 0.0, 1.0, 1.0, 1.0, 1.0, 1.0, 1.0, 0.0, 0.0, 0.0, 1.0, 0.0]","_runtime":41,"stage2/stage_number":2,"stage1_test_loss":0.22617445322285173,"stage2/mask_l1":0.46760499477386475,"final_summary_log_path":"/home/qphan/master-thesis/models/uci_best_model_three_stage_channel_subject3_val_final_summary_val_3.txt","stage2/lr_backbone":0.0001,"stage1/test_f1":0.9123850769801085,"stage2/val_acc":66.27565982404693,"stage2/block4_Pruned_%":41.40625,"stage2/test_loss":0.6127249181319899,"stage2/best_epoch":34,"stage2/final_mask_keep_ratio_block4":0.5859375,"train_acc":91.61317928968764,"model_param_count":12594,"stage2/raw_hard_mask_block4":"[1.0, 0.0, 1.0, 1.0, 1.0, 1.0, 0.0, 1.0, 1.0, 1.0, 1.0, 0.0, 1.0, 0.0, 0.0, 1.0, 1.0, 1.0, 0.0, 1.0, 1.0, 0.0, 1.0, 1.0, 1.0, 0.0, 1.0, 1.0, 0.0, 1.0, 1.0, 1.0, 0.0, 1.0, 1.0, 1.0, 1.0, 1.0, 1.0, 0.0, 0.0, 1.0, 0.0, 1.0, 0.0, 0.0, 0.0, 1.0, 1.0, 0.0, 0.0, 1.0, 1.0, 0.0, 0.0, 1.0, 1.0, 1.0, 0.0, 0.0, 0.0, 1.0, 1.0, 1.0, 0.0, 1.0, 1.0, 0.0, 1.0, 1.0, 0.0, 0.0, 0.0, 0.0, 1.0, 0.0, 1.0, 0.0, 0.0, 1.0, 1.0, 0.0, 1.0, 1.0, 1.0, 1.0, 1.0, 0.0, 1.0, 0.0, 0.0, 0.0, 0.0, 1.0, 1.0, 0.0, 1.0, 1.0, 0.0, 0.0, 1.0, 0.0, 1.0, 0.0, 1.0, 0.0, 1.0, 1.0, 0.0, 1.0, 1.0, 0.0, 0.0, 1.0, 1.0, 0.0, 0.0, 1.0, 1.0, 1.0, 1.0, 0.0, 1.0, 0.0, 1.0, 0.0, 1.0, 0.0]","stage2/final_mask_keep_ratio_block2":0.484375,"block2_Pruned_%":51.5625,"val_loss":0.4879022763271835,"block3_Pruned_%":60.15625,"_step":22,"stage":3,"model_param_count_dense":36868}