{"_step":12,"stage1/test_f1":0.903571677472787,"train_acc":97.1680660310232,"bin_keep_ratio":0.515625,"lr_backbone":0.0001,"stage1_test_loss":0.27525532531078445,"train_loss":0.07139086400684734,"stage2_test_f1":0.8862359977257985,"best_val_loss":0.22073028386088062,"val_loss":0.3254200147631211,"_wandb":{"runtime":21},"stage1_test_f1":0.903571677472787,"epoch":30,"lr_gumbel_bin":0.001,"_runtime":21,"mask_l1":0.4921875,"stage2_hard_bin_mask_str":"[0.0, 0.0, 1.0, 1.0, 1.0, 1.0, 1.0, 1.0, 1.0, 1.0, 1.0, 1.0, 1.0, 1.0, 1.0, 1.0, 1.0, 1.0, 1.0, 1.0, 1.0, 1.0, 1.0, 1.0, 1.0, 1.0, 1.0, 1.0, 1.0, 1.0, 1.0, 1.0, 1.0, 1.0, 1.0, 1.0, 1.0, 1.0, 1.0, 1.0, 1.0, 1.0, 1.0, 1.0, 1.0, 1.0, 1.0, 1.0, 1.0, 1.0, 1.0, 1.0, 1.0, 1.0, 1.0, 1.0, 1.0, 1.0, 1.0, 1.0, 1.0, 1.0, 1.0, 1.0, 0.0, 0.0, 0.0, 0.0, 0.0, 0.0, 0.0, 0.0, 0.0, 0.0, 0.0, 0.0, 0.0, 0.0, 1.0, 1.0, 0.0, 0.0, 0.0, 0.0, 0.0, 0.0, 0.0, 0.0, 0.0, 0.0, 0.0, 1.0, 0.0, 0.0, 0.0, 0.0, 0.0, 0.0, 0.0, 1.0, 0.0, 0.0, 0.0, 0.0, 0.0, 0.0, 0.0, 0.0, 0.0, 0.0, 0.0, 0.0, 0.0, 0.0, 0.0, 0.0, 0.0, 0.0, 0.0, 0.0, 0.0, 0.0, 0.0, 0.0, 0.0, 0.0, 0.0, 0.0]","stage1/use_pretrain_model":false,"stage3_test_f1":0.9023417815883984,"stage1_test_acc":90.19341703427214,"stage2_test_loss":0.41876129539988577,"stage_3_separableconvcnn/confusion_matrix_table":{"log_mode":"IMMUTABLE","_latest_artifact_path":"wandb-client-artifact://gvcvba0cs5b3mz569z8pxgekd9hm4g73b8fgc3f5n69rys918j1hn79mr6bciwl1e4zd5dewy248i6lo3qau7xb8zn00hs1fbstoyfocl4bxk7a3y75j3tq3cyjsi6h7:latest/stage_3_separableconvcnn/confusion_matrix_table.table.json","nrows":36,"size":1367,"artifact_path":"wandb-client-artifact://810mtzvuadhrmi71okd79sgf6idkzfn0s1t9e18gisz9reps7hcjdr9gfvs5inuytlauenj3bmcquyfh7sets5mfjyqqcmcp09vgdbu2flw44zbz6h7jgbx5ik5gxr0b/stage_3_separableconvcnn/confusion_matrix_table.table.json","path":"media/table/stage_3_separableconvcnn/confusion_matrix_table_11_f921ad19fe8ea4474a73.table.json","sha256":"f921ad19fe8ea4474a731d5c080bfb90d7a6160f9ceacdabab7b8b15ad94c8e0","ncols":3,"_type":"table-file"},"stage":3,"_timestamp":1.7757744730893364e+09,"stage_1_separableconvcnn/confusion_matrix_table":{"size":1367,"_latest_artifact_path":"wandb-client-artifact://qq4p22ulfyd6b33w9pqfdyw5w5xvatvkzamm71o3t8gdca5a1dylgk4egjlr0ghccekd4e0jtg28ki0854mdss6jr9u6qos28wtgzhd6y2y6q4lfjebmwucqko5je18u:latest/stage_1_separableconvcnn/confusion_matrix_table.table.json","ncols":3,"path":"media/table/stage_1_separableconvcnn/confusion_matrix_table_1_a36f80e84cfa41ce6820.table.json","log_mode":"IMMUTABLE","_type":"table-file","sha256":"a36f80e84cfa41ce6820cc3bd2ec1c9461957245c6dae0a549c3453279a91f6c","artifact_path":"wandb-client-artifact://0mvp347qjq2rs5leo9wowfl1t3osm9owfzmmx8fbfg6xumzjc7ul9yvqp1590238msrlj3g1m3v5ydytfetot7u4qwm9kiczujnlosyugbqdzganaeqsqmvavu6eg6dk/stage_1_separableconvcnn/confusion_matrix_table.table.json","nrows":36},"stage1/test_loss":0.27525532531078445,"stage2_test_acc":88.53070919579233,"stage3_test_loss":0.3751395590040983,"stage3_test_acc":89.95588734306074,"stage1/test_acc":90.19341703427214,"val_acc":89.23076923076923,"lr":0.001}