{"val_acc":94.41489361702128,"stage2/block2_Pruned_%":45.3125,"stage2/raw_hard_mask_block2":"[1.0, 0.0, 1.0, 1.0, 1.0, 0.0, 1.0, 1.0, 0.0, 1.0, 1.0, 1.0, 0.0, 1.0, 1.0, 0.0, 0.0, 0.0, 1.0, 1.0, 0.0, 1.0, 1.0, 0.0, 1.0, 1.0, 1.0, 0.0, 1.0, 1.0, 0.0, 1.0, 0.0, 0.0, 1.0, 0.0, 1.0, 0.0, 1.0, 0.0, 1.0, 0.0, 1.0, 1.0, 0.0, 1.0, 0.0, 0.0, 1.0, 1.0, 0.0, 0.0, 0.0, 1.0, 1.0, 0.0, 0.0, 0.0, 0.0, 0.0, 0.0, 1.0, 1.0, 1.0]","stage2/raw_hard_mask_block3":"[1.0, 1.0, 0.0, 0.0, 0.0, 1.0, 1.0, 1.0, 1.0, 0.0, 1.0, 1.0, 1.0, 0.0, 1.0, 0.0, 0.0, 0.0, 1.0, 1.0, 0.0, 0.0, 0.0, 1.0, 0.0, 0.0, 1.0, 1.0, 0.0, 1.0, 1.0, 1.0, 1.0, 0.0, 1.0, 1.0, 0.0, 0.0, 0.0, 1.0, 0.0, 0.0, 0.0, 1.0, 1.0, 1.0, 0.0, 0.0, 0.0, 0.0, 0.0, 0.0, 0.0, 0.0, 1.0, 0.0, 1.0, 0.0, 0.0, 1.0, 1.0, 0.0, 1.0, 0.0, 0.0, 1.0, 1.0, 1.0, 1.0, 1.0, 1.0, 1.0, 0.0, 0.0, 1.0, 1.0, 0.0, 0.0, 1.0, 0.0, 0.0, 0.0, 1.0, 0.0, 0.0, 1.0, 0.0, 0.0, 0.0, 1.0, 0.0, 0.0, 1.0, 0.0, 1.0, 0.0, 1.0, 0.0, 0.0, 1.0, 0.0, 0.0, 0.0, 1.0, 1.0, 1.0, 0.0, 1.0, 0.0, 1.0, 1.0, 0.0, 1.0, 1.0, 1.0, 0.0, 1.0, 1.0, 0.0, 0.0, 0.0, 0.0, 0.0, 0.0, 1.0, 0.0, 0.0, 0.0]","stage1_test_acc":91.78825924669155,"stage2/Total_Pruned_%":46.875,"block3_Pruned_%":53.90625,"stage3_test_loss":0.2690251774269256,"model_param_count":13991,"stage2/stage_number":2,"stage1/test_loss":0.2776626913950813,"model_param_count_dense":36868,"stage2/best_epoch":60,"stage2/test_acc":74.48252460128944,"best_val_loss":0.16982196755905418,"stage2/purpose":"train channel-pruning model with masking","stage2/raw_hard_mask_block4":"[1.0, 0.0, 0.0, 0.0, 1.0, 1.0, 0.0, 0.0, 1.0, 0.0, 1.0, 1.0, 0.0, 1.0, 0.0, 0.0, 1.0, 1.0, 1.0, 0.0, 0.0, 0.0, 1.0, 1.0, 1.0, 0.0, 1.0, 1.0, 1.0, 1.0, 1.0, 0.0, 1.0, 1.0, 1.0, 1.0, 0.0, 0.0, 1.0, 0.0, 1.0, 0.0, 0.0, 1.0, 1.0, 0.0, 1.0, 0.0, 0.0, 0.0, 1.0, 1.0, 1.0, 0.0, 0.0, 0.0, 1.0, 0.0, 1.0, 1.0, 1.0, 1.0, 1.0, 1.0, 1.0, 1.0, 0.0, 1.0, 0.0, 1.0, 1.0, 0.0, 0.0, 0.0, 1.0, 0.0, 1.0, 0.0, 0.0, 0.0, 1.0, 0.0, 1.0, 0.0, 1.0, 1.0, 0.0, 1.0, 0.0, 1.0, 1.0, 1.0, 1.0, 1.0, 1.0, 1.0, 1.0, 0.0, 1.0, 1.0, 0.0, 1.0, 1.0, 1.0, 1.0, 0.0, 1.0, 0.0, 1.0, 1.0, 0.0, 0.0, 1.0, 1.0, 1.0, 0.0, 1.0, 0.0, 1.0, 0.0, 1.0, 0.0, 1.0, 1.0, 0.0, 1.0, 0.0, 1.0]","model_param_count_pruned":13991,"train_acc":92.71788990825688,"final_summary_log_path":"/home/qphan/master-thesis/models/uci_best_model_three_stage_channel_subject27_val_final_summary_val_27.txt","stage2/train_acc":71.02924311926606,"stage2/train_loss":0.648585152735404,"stage2/test_f1":0.736583083072031,"stage2_test_loss":0.5503747180794136,"block2_Pruned_%":45.3125,"stage2/best_val_loss":0.5753193268393899,"stage3_test_f1":0.9084829940376854,"stage":3,"stage2/block3_Pruned_%":53.90625,"model_param_reduction_pct":62.05110122599544,"_runtime":53,"stage2/final_mask_keep_ratio_block2":0.546875,"_step":29,"stage_1_separableconvcnn/confusion_matrix_table":{"size":1367,"nrows":36,"artifact_path":"wandb-client-artifact://dsy9kkaf3wrkdk8rxvb1mvt9w4x9uef6nar8ver7ca2wj62rleiitw6wurotqybxpqelogutusxqe94tqbk1r3fztbz5a9oqku21mv5yvfdtzydey867ykl5f7i8v2vz/stage_1_separableconvcnn/confusion_matrix_table.table.json","sha256":"1c6549e5282058c0e123c1b6cb880670e6f306016a237439dd216d2b10068da2","log_mode":"IMMUTABLE","_latest_artifact_path":"wandb-client-artifact://cd4y3is0o14a52s2ghj9gnevr15ico7na2pwcmfpofzj1ebdezkehn59hdqqhu906c0vr2c4i804wlq1fn66opr9ddcqs1w89jvdynx8ubxfoj8nlzqir5gppld3wl0u:latest/stage_1_separableconvcnn/confusion_matrix_table.table.json","path":"media/table/stage_1_separableconvcnn/confusion_matrix_table_1_1c6549e5282058c0e123.table.json","_type":"table-file","ncols":3},"_wandb":{"runtime":53},"_timestamp":1.7758600123945093e+09,"stage2/test_loss":0.5503747180794136,"Total_Pruned_%":46.875,"stage2/lr_gumbel":0.001,"block4_Pruned_%":40.625,"stage_3_prunedseparableconvcnn/confusion_matrix_table":{"_type":"table-file","ncols":3,"artifact_path":"wandb-client-artifact://wd9tjtgqsltm21ty3dyjlbiuhxzecq9a1s5tc96xt0z6gvoo02r3fj77mz7li2kuw2u5kazjn07zmppze6y186m8nnn1475fdi9bmvbv7kzzd7hvcplyiyljmmuuf5pa/stage_3_prunedseparableconvcnn/confusion_matrix_table.table.json","_latest_artifact_path":"wandb-client-artifact://l45vdqsuwawwrzyn3iiuvasc25n8h0fc4uu6rmabm4dea5q79zvq7kvc7nt1o82jfk6unygo4e8is8qrjwdkylqfsdq2yq3eiub2q8a25sbcq42nxlotdpm4jp2xm71a:latest/stage_3_prunedseparableconvcnn/confusion_matrix_table.table.json","path":"media/table/stage_3_prunedseparableconvcnn/confusion_matrix_table_27_412d10a0cb5d731fd028.table.json","size":1367,"nrows":36,"sha256":"412d10a0cb5d731fd0286f4b0eef5d07a35820d3aed3030e16ed564a0ca35651","log_mode":"IMMUTABLE"},"stage2/final_mask_keep_ratio_block4":0.59375,"stage2/val_loss":0.5753193268393899,"stage3_test_acc":90.70240922972515,"stage2/val_acc":67.55319148936171,"stage1/use_pretrain_model":false,"stage1/test_acc":91.78825924669155,"stage1/test_f1":0.9188217031957775,"stage2_test_f1":0.736583083072031,"stage1_test_loss":0.2776626913950813,"stage2/mask_l1":0.49664828181266785,"stage2_test_acc":74.48252460128944,"stage2/block4_Pruned_%":40.625,"val_loss":0.1729439212915864,"stage2/lr_backbone":0.0001,"train_loss":0.17569463098541313,"stage1_test_f1":0.9188217031957775,"epoch":60,"lr_loaded_weights":0.0001,"stage2/epoch":60,"stage2/final_mask_keep_ratio_block3":0.4609375}