{"lr_backbone":0.0001,"stage1_test_loss":0.22278288569213314,"stage1/test_acc":92.12758737699355,"_wandb":{"runtime":35},"bin_keep_ratio":0.234375,"_step":20,"stage1_test_f1":0.9219876995353277,"stage3_test_acc":92.09365456396336,"stage1/test_f1":0.9219876995353277,"lr":0.001,"stage1_test_acc":92.12758737699355,"stage3_test_loss":0.24719126142553716,"val_loss":0.6216142820030953,"mask_l1":0.2109375,"stage2_test_f1":0.9140467330855914,"train_loss":0.1222636699804494,"stage2_hard_bin_mask_str":"[1.0, 1.0, 1.0, 1.0, 1.0, 1.0, 1.0, 1.0, 1.0, 1.0, 1.0, 1.0, 1.0, 1.0, 1.0, 1.0, 1.0, 1.0, 1.0, 1.0, 1.0, 1.0, 1.0, 1.0, 1.0, 1.0, 0.0, 0.0, 0.0, 0.0, 0.0, 0.0, 1.0, 0.0, 0.0, 0.0, 1.0, 0.0, 0.0, 1.0, 0.0, 0.0, 0.0, 0.0, 0.0, 0.0, 1.0, 0.0, 0.0, 0.0, 0.0, 0.0, 0.0, 0.0, 0.0, 0.0, 0.0, 0.0, 0.0, 0.0, 0.0, 0.0, 0.0, 0.0, 0.0, 0.0, 0.0, 0.0, 0.0, 0.0, 0.0, 0.0, 0.0, 0.0, 0.0, 0.0, 0.0, 0.0, 0.0, 0.0, 0.0, 0.0, 0.0, 0.0, 0.0, 0.0, 0.0, 0.0, 0.0, 0.0, 0.0, 0.0, 0.0, 0.0, 0.0, 0.0, 0.0, 0.0, 0.0, 0.0, 0.0, 0.0, 0.0, 0.0, 0.0, 0.0, 0.0, 0.0, 0.0, 0.0, 0.0, 0.0, 0.0, 0.0, 0.0, 0.0, 0.0, 0.0, 0.0, 0.0, 0.0, 0.0, 0.0, 0.0, 0.0, 0.0, 0.0, 0.0]","stage2_test_loss":0.23361100188624284,"_timestamp":1.7757784569879005e+09,"stage2_test_acc":91.31319986426875,"stage_3_separableconvcnn/confusion_matrix_table":{"sha256":"e3bdcdbb4671b9bf83d74a0868389d597dc21c20a0d26bee6809d1404aa93d25","ncols":3,"_latest_artifact_path":"wandb-client-artifact://3xq4fqfria36kmj7gbj5q5mazkihtmthrc9xkq0rreykwaeg4y4byh326ykawuein0hsnobd0gsza0dd587lnep0lf9ebz9au07pnx5ooj9qy001zoy3km082uxit556:latest/stage_3_separableconvcnn/confusion_matrix_table.table.json","_type":"table-file","artifact_path":"wandb-client-artifact://xqamjaa125pj7csb3kklee9ihi016ferhlyfc1lkeher2x6ch7pwtdmf0ijjye0hviin7rompogh9xc4c16ywmi9vk5ps8rak0z9mrif8udl7nf9fzx5ek94cg8ll3b0/stage_3_separableconvcnn/confusion_matrix_table.table.json","log_mode":"IMMUTABLE","nrows":36,"size":1365,"path":"media/table/stage_3_separableconvcnn/confusion_matrix_table_19_e3bdcdbb4671b9bf83d7.table.json"},"val_acc":80.8743169398907,"best_val_loss":0.25762204825901996,"epoch":25,"stage1/test_loss":0.22278288569213314,"train_acc":94.80389350128829,"_runtime":35,"stage_1_separableconvcnn/confusion_matrix_table":{"path":"media/table/stage_1_separableconvcnn/confusion_matrix_table_1_bda03fcb1a2de4eb6110.table.json","_latest_artifact_path":"wandb-client-artifact://w09prjkd59vw8iyejx6wg9dhsmbe41a18rnwzzd1erjazjsdk5mppnwkstn6hpg06uywq1xh29nb1gayjyz31l12sh4gjiko722io7z7axbwlrgb45esg4g9xczzd5s2:latest/stage_1_separableconvcnn/confusion_matrix_table.table.json","sha256":"bda03fcb1a2de4eb6110c5203aad8cb9724a0289aa8ccc10119632ddce082632","nrows":36,"artifact_path":"wandb-client-artifact://8tsn9dvomvpqh89hafcu9qtotae1or6uen0ekj1r1ak8ia8vqmwznfkt5hbue3g5oawbclxn0ckt2r8hw34t3xgca946ri04h3ksoxye0yb0rci2uiqmjs62q8mrhuh4/stage_1_separableconvcnn/confusion_matrix_table.table.json","_type":"table-file","log_mode":"IMMUTABLE","size":1367,"ncols":3},"stage3_test_f1":0.9218940938358461,"stage":3,"stage1/use_pretrain_model":false,"lr_gumbel_bin":0.001}