{"train_acc":77.55174243764374,"stage3_test_acc":69.03657908294693,"stage1_test_f1":0.6879370472926274,"stage1_test_acc":78.1349819680577,"channels_block2":26,"params_after_pruning":9476,"channels_block3":51,"params_before_pruning":36998,"val_acc":77.94004611837049,"_wandb":{"runtime":92},"stage3_final_mask_json":"{\"block2\": [0.0, 0.0, 0.0, 0.0, 0.0, 1.0, 0.0, 0.0, 0.0, 0.0, 0.0, 0.0, 0.0, 1.0, 0.0, 0.0, 1.0, 1.0, 1.0, 0.0, 1.0, 0.0, 1.0, 1.0, 1.0, 0.0, 1.0, 1.0, 1.0, 0.0, 1.0, 0.0, 0.0, 1.0, 0.0, 0.0, 0.0, 0.0, 0.0, 1.0, 0.0, 1.0, 0.0, 1.0, 0.0, 1.0, 1.0, 1.0, 1.0, 1.0, 0.0, 0.0, 0.0, 0.0, 0.0, 0.0, 1.0, 0.0, 0.0, 1.0, 0.0, 0.0, 1.0, 1.0], \"block3\": [1.0, 1.0, 1.0, 1.0, 0.0, 0.0, 1.0, 0.0, 0.0, 1.0, 0.0, 0.0, 0.0, 0.0, 1.0, 1.0, 0.0, 0.0, 0.0, 0.0, 1.0, 0.0, 1.0, 1.0, 1.0, 0.0, 0.0, 1.0, 1.0, 0.0, 1.0, 1.0, 0.0, 0.0, 0.0, 1.0, 0.0, 1.0, 0.0, 1.0, 0.0, 0.0, 0.0, 0.0, 0.0, 1.0, 0.0, 1.0, 0.0, 0.0, 0.0, 1.0, 1.0, 1.0, 1.0, 0.0, 0.0, 1.0, 0.0, 0.0, 0.0, 0.0, 0.0, 1.0, 0.0, 1.0, 1.0, 0.0, 1.0, 0.0, 0.0, 1.0, 0.0, 0.0, 0.0, 1.0, 0.0, 1.0, 1.0, 1.0, 0.0, 0.0, 1.0, 0.0, 0.0, 0.0, 0.0, 0.0, 1.0, 0.0, 1.0, 0.0, 0.0, 0.0, 1.0, 1.0, 1.0, 0.0, 1.0, 1.0, 1.0, 0.0, 1.0, 0.0, 1.0, 0.0, 0.0, 0.0, 0.0, 1.0, 0.0, 1.0, 0.0, 0.0, 0.0, 0.0, 1.0, 1.0, 0.0, 0.0, 0.0, 0.0, 0.0, 0.0, 0.0, 0.0, 0.0, 1.0], \"block4\": [1.0, 1.0, 1.0, 0.0, 0.0, 0.0, 1.0, 1.0, 0.0, 0.0, 0.0, 0.0, 0.0, 1.0, 0.0, 1.0, 1.0, 1.0, 0.0, 0.0, 0.0, 0.0, 1.0, 0.0, 1.0, 0.0, 0.0, 0.0, 1.0, 0.0, 0.0, 1.0, 0.0, 1.0, 1.0, 0.0, 0.0, 0.0, 1.0, 0.0, 0.0, 0.0, 0.0, 0.0, 0.0, 0.0, 0.0, 1.0, 0.0, 0.0, 0.0, 1.0, 1.0, 1.0, 0.0, 1.0, 0.0, 1.0, 0.0, 0.0, 0.0, 1.0, 0.0, 1.0, 0.0, 0.0, 0.0, 0.0, 0.0, 1.0, 1.0, 1.0, 1.0, 0.0, 1.0, 0.0, 1.0, 0.0, 0.0, 1.0, 0.0, 1.0, 1.0, 0.0, 0.0, 1.0, 1.0, 1.0, 0.0, 1.0, 0.0, 0.0, 0.0, 0.0, 0.0, 1.0, 1.0, 1.0, 1.0, 0.0, 0.0, 0.0, 0.0, 1.0, 0.0, 0.0, 0.0, 0.0, 0.0, 0.0, 0.0, 1.0, 1.0, 0.0, 0.0, 1.0, 1.0, 1.0, 1.0, 0.0, 1.0, 0.0, 0.0, 1.0, 0.0, 0.0, 1.0, 0.0]}","stage":3,"_timestamp":1.775435430402807e+09,"_step":9,"channels_block4":51,"train_loss":0.6179824013312119,"stage3_test_f1":0.6396977578489247,"epoch":26,"stage_3_prunedseparableconvcnn/confusion_matrix_table":{"ncols":3,"sha256":"22e60bf25d77f4d5a4b227710bc3566e8c1f083617e63b599274110041ee4626","_latest_artifact_path":"wandb-client-artifact://oje7ya4e2vxy1i0fglk8net6hfgwk9odqvomaosdobnga98x2fsde9stnbe3zevjix7vuveh36xcttebowzh0az2b4rc0wu49n3oibwiuo52v9q9q6fzmhhrhdbv2jcd:latest/stage_3_prunedseparableconvcnn/confusion_matrix_table.table.json","nrows":64,"size":2010,"log_mode":"IMMUTABLE","_type":"table-file","path":"media/table/stage_3_prunedseparableconvcnn/confusion_matrix_table_8_22e60bf25d77f4d5a4b2.table.json","artifact_path":"wandb-client-artifact://rmd13uhvdr5l9uvcmkojjtboxh50sp90lvf63gjygwac88qvn5z4y4gdftb2mcv2wl4lmq8ko72jvgddjgdopl3iswkrnymbylq6h2q7xqaina9ye9cowwdn5vkijr8j/stage_3_prunedseparableconvcnn/confusion_matrix_table.table.json"},"stage3_channel_metadata_json":"{\"block2\": {\"kept_indices\": [5, 13, 16, 17, 18, 20, 22, 23, 24, 26, 27, 28, 30, 33, 39, 41, 43, 45, 46, 47, 48, 49, 56, 59, 62, 63], \"pruned_indices\": [0, 1, 2, 3, 4, 6, 7, 8, 9, 10, 11, 12, 14, 15, 19, 21, 25, 29, 31, 32, 34, 35, 36, 37, 38, 40, 42, 44, 50, 51, 52, 53, 54, 55, 57, 58, 60, 61], \"kept_count\": 26, \"pruned_count\": 38, \"total_channels\": 64}, \"block3\": {\"kept_indices\": [0, 1, 2, 3, 6, 9, 14, 15, 20, 22, 23, 24, 27, 28, 30, 31, 35, 37, 39, 45, 47, 51, 52, 53, 54, 57, 63, 65, 66, 68, 71, 75, 77, 78, 79, 82, 88, 90, 94, 95, 96, 98, 99, 100, 102, 104, 109, 111, 116, 117, 127], \"pruned_indices\": [4, 5, 7, 8, 10, 11, 12, 13, 16, 17, 18, 19, 21, 25, 26, 29, 32, 33, 34, 36, 38, 40, 41, 42, 43, 44, 46, 48, 49, 50, 55, 56, 58, 59, 60, 61, 62, 64, 67, 69, 70, 72, 73, 74, 76, 80, 81, 83, 84, 85, 86, 87, 89, 91, 92, 93, 97, 101, 103, 105, 106, 107, 108, 110, 112, 113, 114, 115, 118, 119, 120, 121, 122, 123, 124, 125, 126], \"kept_count\": 51, \"pruned_count\": 77, \"total_channels\": 128}, \"block4\": {\"kept_indices\": [0, 1, 2, 6, 7, 13, 15, 16, 17, 22, 24, 28, 31, 33, 34, 38, 47, 51, 52, 53, 55, 57, 61, 63, 69, 70, 71, 72, 74, 76, 79, 81, 82, 85, 86, 87, 89, 95, 96, 97, 98, 103, 111, 112, 115, 116, 117, 118, 120, 123, 126], \"pruned_indices\": [3, 4, 5, 8, 9, 10, 11, 12, 14, 18, 19, 20, 21, 23, 25, 26, 27, 29, 30, 32, 35, 36, 37, 39, 40, 41, 42, 43, 44, 45, 46, 48, 49, 50, 54, 56, 58, 59, 60, 62, 64, 65, 66, 67, 68, 73, 75, 77, 78, 80, 83, 84, 88, 90, 91, 92, 93, 94, 99, 100, 101, 102, 104, 105, 106, 107, 108, 109, 110, 113, 114, 119, 121, 122, 124, 125, 127], \"kept_count\": 51, \"pruned_count\": 77, \"total_channels\": 128}}","_runtime":92,"stage_1_separableconvcnn/confusion_matrix_table":{"ncols":3,"nrows":64,"path":"media/table/stage_1_separableconvcnn/confusion_matrix_table_0_12ba49ecfbb91f946754.table.json","sha256":"12ba49ecfbb91f946754f1366270f5c6d623954b87ff79f7d12ebf19e5f412d0","artifact_path":"wandb-client-artifact://bq3c8nty6aevl09eywqrvbytjrfx1fivbn3l1meftqk40iprsvnbtmqv5jd2zr3zdtuzoao0ji02gc9no4d2nhqcdsnb195cn19yg5pfd06isv7h5obj2dlw7oe4tera/stage_1_separableconvcnn/confusion_matrix_table.table.json","_type":"table-file","log_mode":"IMMUTABLE","size":2013,"_latest_artifact_path":"wandb-client-artifact://c1kzykhwuwka6b5a08bivd1fag4zjy2iayaqouerpwnxap7fl62haly6h8q7yhyv0bvs45163pn8mvqyh31ybty0dlg767n1yo3ywzqwrt3xm4nhfy7yzwntky8j9xet:latest/stage_1_separableconvcnn/confusion_matrix_table.table.json"},"lr":0.001,"val_loss":0.5363634312890476,"best_val_loss":0.5305123703466939}