{"stage1/test_f1":0.9239060078892737,"stage1/test_acc":92.33118425517475,"epoch":25,"_runtime":25,"mask_l1":0.5312500596046448,"train_acc":97.13014779738843,"stage1_test_loss":0.22055789638881276,"lr":0.001,"stage3_test_loss":0.2648326035250327,"stage2_test_loss":0.205086338524822,"stage3_test_acc":92.22938581608415,"best_val_loss":0.09754183791023376,"stage_3_separableconvcnn/confusion_matrix_table":{"path":"media/table/stage_3_separableconvcnn/confusion_matrix_table_13_952311fc9f10f402edd2.table.json","artifact_path":"wandb-client-artifact://eo2fw1uokvgt512luqnyhzd6rrzvj3gj7atq8pkjekjiyf6v8938459ek6y28pip63ivlvskc6y4uoycwxznycxdvinqyo3689rnnja9p4ruwr50u2zh7tksrbn39jld/stage_3_separableconvcnn/confusion_matrix_table.table.json","log_mode":"IMMUTABLE","size":1367,"_type":"table-file","_latest_artifact_path":"wandb-client-artifact://tyn4lmpzx39k2hcs724kavvkkzd6u9fc4lgybh5chs4nac47wryacgycg6rcv9h51hrj73g1fe3izlu21862ur68sltfa4m8syq7d6lfnrjzm4bsg1vge3j4y1gqbzm3:latest/stage_3_separableconvcnn/confusion_matrix_table.table.json","ncols":3,"sha256":"952311fc9f10f402edd246c0be69e18f461e2082cdbeb4bb498201cd232588a3","nrows":36},"_wandb":{"runtime":25},"stage1/use_pretrain_model":false,"stage1_test_acc":92.33118425517475,"_step":14,"stage3_test_f1":0.9229803384352208,"val_loss":0.13273320214226525,"_timestamp":1.7757782023875036e+09,"val_acc":94.25587467362924,"stage1/test_loss":0.22055789638881276,"stage2_hard_bin_mask_str":"[1.0, 1.0, 1.0, 1.0, 1.0, 1.0, 1.0, 1.0, 1.0, 1.0, 1.0, 1.0, 1.0, 1.0, 1.0, 1.0, 1.0, 1.0, 1.0, 1.0, 1.0, 1.0, 1.0, 1.0, 1.0, 1.0, 1.0, 1.0, 1.0, 1.0, 0.0, 0.0, 1.0, 0.0, 1.0, 1.0, 1.0, 0.0, 0.0, 0.0, 0.0, 0.0, 1.0, 1.0, 1.0, 1.0, 1.0, 1.0, 1.0, 1.0, 0.0, 1.0, 1.0, 1.0, 0.0, 1.0, 1.0, 1.0, 0.0, 1.0, 1.0, 1.0, 0.0, 0.0, 0.0, 1.0, 0.0, 1.0, 0.0, 0.0, 0.0, 0.0, 0.0, 0.0, 0.0, 0.0, 1.0, 1.0, 1.0, 0.0, 0.0, 0.0, 0.0, 0.0, 1.0, 1.0, 1.0, 1.0, 0.0, 1.0, 1.0, 1.0, 0.0, 0.0, 0.0, 1.0, 0.0, 1.0, 1.0, 1.0, 1.0, 1.0, 1.0, 0.0, 1.0, 0.0, 1.0, 0.0, 0.0, 0.0, 0.0, 0.0, 0.0, 0.0, 0.0, 0.0, 0.0, 0.0, 0.0, 0.0, 0.0, 0.0, 0.0, 0.0, 0.0, 0.0, 0.0, 0.0]","stage_1_separableconvcnn/confusion_matrix_table":{"artifact_path":"wandb-client-artifact://de5owi8v1yzjxu1reg3zvxisnhh75c8ckp8jmly63herme1lpsff865afdspy33wiuk0w5ncqvmsftf01j02600ujourdma79r4m8e7c8ysb6xuxdob69t3f0md3to70/stage_1_separableconvcnn/confusion_matrix_table.table.json","size":1368,"_type":"table-file","_latest_artifact_path":"wandb-client-artifact://vd200udym657xfzterh9gga1rb6a471a87fw5bp4wyl36e7t6agrc7qn4ujq6ja8rx15dox6ttwhwn5rt2x8a9hi9dspvvey1x7tzcr5skxppliymepdrkdhumw3aogb:latest/stage_1_separableconvcnn/confusion_matrix_table.table.json","sha256":"cc7b9f814993e0a95cb917ba11f19db645c604b66bb7ffecd44ad2ccf6147a1e","nrows":36,"path":"media/table/stage_1_separableconvcnn/confusion_matrix_table_1_cc7b9f814993e0a95cb9.table.json","log_mode":"IMMUTABLE","ncols":3},"stage2_test_f1":0.92126300106992,"train_loss":0.06835507137909658,"bin_keep_ratio":0.5625,"lr_gumbel_bin":0.001,"stage2_test_acc":92.09365456396336,"stage":3,"lr_backbone":0.0001,"stage1_test_f1":0.9239060078892737}