{"stage2_test_loss":0.30652376221141153,"best_val_loss":0.29166121430837444,"stage3_test_loss":0.3012354362807838,"stage1/test_acc":92.05972175093315,"stage1_test_acc":92.05972175093315,"epoch":10,"lr_backbone":0.0001,"val_acc":82.55813953488372,"stage2_test_f1":0.8897314383864207,"stage3_test_acc":90.22734984730234,"_step":9,"bin_keep_ratio":0.15625,"stage1/test_loss":0.24398312162422087,"stage2_hard_bin_mask_str":"[1.0, 1.0, 1.0, 1.0, 1.0, 1.0, 1.0, 1.0, 1.0, 1.0, 1.0, 1.0, 1.0, 1.0, 1.0, 1.0, 1.0, 1.0, 1.0, 0.0, 1.0, 0.0, 0.0, 0.0, 0.0, 0.0, 0.0, 0.0, 0.0, 0.0, 0.0, 0.0, 0.0, 0.0, 0.0, 0.0, 0.0, 0.0, 0.0, 0.0, 0.0, 0.0, 0.0, 0.0, 0.0, 0.0, 0.0, 0.0, 0.0, 0.0, 0.0, 0.0, 0.0, 0.0, 0.0, 0.0, 0.0, 0.0, 0.0, 0.0, 0.0, 0.0, 0.0, 0.0, 0.0, 0.0, 0.0, 0.0, 0.0, 0.0, 0.0, 0.0, 0.0, 0.0, 0.0, 0.0, 0.0, 0.0, 0.0, 0.0, 0.0, 0.0, 0.0, 0.0, 0.0, 0.0, 0.0, 0.0, 0.0, 0.0, 0.0, 0.0, 0.0, 0.0, 0.0, 0.0, 0.0, 0.0, 0.0, 0.0, 0.0, 0.0, 0.0, 0.0, 0.0, 0.0, 0.0, 0.0, 0.0, 0.0, 0.0, 0.0, 0.0, 0.0, 0.0, 0.0, 0.0, 0.0, 0.0, 0.0, 0.0, 0.0, 0.0, 0.0, 0.0, 0.0, 0.0, 0.0]","stage1_test_loss":0.24398312162422087,"stage1_test_f1":0.9210132066608973,"_timestamp":1.7757830230486622e+09,"stage3_test_f1":0.902321775101487,"stage2_test_acc":88.93790295215473,"val_loss":0.45212682975786034,"stage_1_separableconvcnn/confusion_matrix_table":{"_type":"table-file","ncols":3,"nrows":36,"path":"media/table/stage_1_separableconvcnn/confusion_matrix_table_1_6d4ed4eaadf81223ca08.table.json","size":1368,"log_mode":"IMMUTABLE","_latest_artifact_path":"wandb-client-artifact://6dy6vkhv6gy38h2vbeo79np5sc3pfo73bfsffoixqi7pcvxojhob9av34n6sl08ahxu4ejij7tbc0nolzbwjb3lpfchsmzj4ae3q0wr15udkbbqqu0vd7x53xwtxpwvz:latest/stage_1_separableconvcnn/confusion_matrix_table.table.json","artifact_path":"wandb-client-artifact://q21y53mlxzwcfdi5teuqj229abl450q421xgks8xxxpqva1bw1r5z5bygcph53hh7rvkdhip77zs4oawv7yo9tfh0xzkxbqhe8yb9v1ifk93la5a6d7bfmmmefvodo9i/stage_1_separableconvcnn/confusion_matrix_table.table.json","sha256":"6d4ed4eaadf81223ca08f2a92794215f26ba204c163666ab8d51698ddb00e102"},"stage1/test_f1":0.9210132066608973,"lr":0.001,"_wandb":{"runtime":17},"train_loss":0.1892342489195741,"stage1/use_pretrain_model":false,"lr_gumbel_bin":0.001,"_runtime":17,"stage":3,"train_acc":91.62385844748859,"mask_l1":0.1484375,"stage_3_separableconvcnn/confusion_matrix_table":{"ncols":3,"path":"media/table/stage_3_separableconvcnn/confusion_matrix_table_8_c7489b70e12271772601.table.json","_latest_artifact_path":"wandb-client-artifact://iqq0ktj7vkmq68bdqm1hler0qm9lsr84rz9dxnijqfl7h4p7mj4dnbk4koz2ntkt4dov21eq6l1rtwfgx9h3kwgcbi7iyzjpf3b5znqclsbr41q6svjuq3b65q4hse23:latest/stage_3_separableconvcnn/confusion_matrix_table.table.json","sha256":"c7489b70e12271772601f890ea5cd8ebfe566baf88a007509ca4859b5bbffa34","log_mode":"IMMUTABLE","_type":"table-file","size":1366,"nrows":36,"artifact_path":"wandb-client-artifact://cpm1juorrkpttx1bqzhu2c7goblgcgf420ls8u0adbab642o23nloys5mxcme49m0hvxb13mstvv5dzieeri18bsllsri0v4aprk1bf2k5j5aa6mxlw1xx39rw2p2dqf/stage_3_separableconvcnn/confusion_matrix_table.table.json"}}