{"stage2_test_loss":0.33356061472963894,"stage2/final_mask_keep_ratio_block2":0.484375,"stage2/lr_gumbel":0.001,"stage2/block3_Pruned_%":57.03125,"stage2_test_acc":90.36308109942314,"val_acc":90.59139784946237,"best_val_loss":0.11158159366220965,"stage2/best_val_loss":0.05700089782257364,"train_loss":0.08684137162050622,"stage2/final_mask_keep_ratio_block3":0.4296875,"stage_3_prunedseparableconvcnn/confusion_matrix_table":{"size":1362,"path":"media/table/stage_3_prunedseparableconvcnn/confusion_matrix_table_15_6741fdc893bb448b8f04.table.json","artifact_path":"wandb-client-artifact://oioc87vmhgg82jy28afvpdnb5dis9qvrk69m3z2czcu81kbl9g2sl4i1agr67or6rshqqahzm98p2ttr98chdgolasgueikfyn7fje6wpg5p39x44i97eq8ndzcolxe7/stage_3_prunedseparableconvcnn/confusion_matrix_table.table.json","_latest_artifact_path":"wandb-client-artifact://y2ouf7d8sac0364lk7r2wuifvh3b5puc2ttmd4v9tkdk8i2zeududc0yu4qem12w986tjeu4kgkk64xtmdycmbs4cqwdovf7nmjzqhbu32ygoc5wpsumbvyw4tf3dyn7:latest/stage_3_prunedseparableconvcnn/confusion_matrix_table.table.json","log_mode":"IMMUTABLE","nrows":36,"ncols":3,"sha256":"6741fdc893bb448b8f0449c89e09e83c219072aa63500521d7a6159c3653181b","_type":"table-file"},"stage2/block4_Pruned_%":26.5625,"model_param_count_pruned":15337,"val_loss":0.13876164589503798,"block3_Pruned_%":57.03125,"epoch":25,"final_summary_log_path":"/home/qphan/master-thesis/models/uci_best_model_three_stage_channel_subject23_val_final_summary_val_23.txt","stage2/epoch":35,"_wandb":{"runtime":31},"stage2/final_mask_keep_ratio_block4":0.734375,"stage2/test_loss":0.33356061472963894,"model_param_count_dense":36868,"stage2/Total_Pruned_%":43.75,"block2_Pruned_%":51.5625,"stage":3,"stage2/raw_hard_mask_block2":"[0.0, 0.0, 0.0, 1.0, 0.0, 0.0, 0.0, 0.0, 1.0, 1.0, 1.0, 0.0, 1.0, 0.0, 1.0, 1.0, 0.0, 0.0, 0.0, 0.0, 1.0, 0.0, 0.0, 1.0, 0.0, 0.0, 1.0, 1.0, 0.0, 1.0, 0.0, 0.0, 0.0, 0.0, 0.0, 1.0, 1.0, 0.0, 1.0, 0.0, 1.0, 1.0, 0.0, 1.0, 0.0, 1.0, 1.0, 1.0, 1.0, 0.0, 0.0, 1.0, 1.0, 1.0, 0.0, 1.0, 1.0, 1.0, 1.0, 0.0, 0.0, 1.0, 0.0, 1.0]","model_param_reduction_pct":58.40023868937833,"stage2/mask_l1":0.48228687047958374,"block4_Pruned_%":26.5625,"stage2/test_acc":90.36308109942314,"lr_loaded_weights":0.0001,"stage2/block2_Pruned_%":51.5625,"_step":17,"train_acc":95.84527220630372,"stage2/purpose":"train channel-pruning model with masking","stage1_test_f1":0.9340293312577218,"model_param_count":15337,"stage2/val_acc":94.89247311827957,"stage2/test_f1":0.9026889304836071,"stage2/train_acc":92.96561604584527,"stage2/raw_hard_mask_block3":"[0.0, 1.0, 0.0, 1.0, 0.0, 0.0, 0.0, 0.0, 0.0, 1.0, 1.0, 0.0, 0.0, 0.0, 0.0, 0.0, 1.0, 0.0, 1.0, 0.0, 0.0, 0.0, 0.0, 1.0, 0.0, 0.0, 1.0, 0.0, 1.0, 1.0, 0.0, 0.0, 0.0, 1.0, 0.0, 0.0, 0.0, 0.0, 1.0, 1.0, 1.0, 0.0, 0.0, 1.0, 0.0, 1.0, 0.0, 1.0, 0.0, 1.0, 0.0, 0.0, 1.0, 0.0, 0.0, 1.0, 0.0, 0.0, 1.0, 1.0, 1.0, 1.0, 0.0, 1.0, 0.0, 0.0, 0.0, 1.0, 0.0, 1.0, 1.0, 1.0, 0.0, 1.0, 1.0, 0.0, 1.0, 1.0, 0.0, 0.0, 0.0, 1.0, 1.0, 0.0, 0.0, 1.0, 1.0, 1.0, 1.0, 0.0, 1.0, 0.0, 0.0, 0.0, 0.0, 1.0, 1.0, 1.0, 0.0, 1.0, 0.0, 1.0, 1.0, 1.0, 0.0, 0.0, 0.0, 1.0, 1.0, 1.0, 0.0, 0.0, 0.0, 1.0, 0.0, 1.0, 0.0, 1.0, 0.0, 0.0, 0.0, 0.0, 0.0, 0.0, 0.0, 0.0, 1.0, 1.0]","stage2/best_epoch":28,"stage2/lr_backbone":0.0001,"stage3_test_acc":92.12758737699355,"_runtime":31,"stage1/test_acc":93.34916864608076,"stage_1_separableconvcnn/confusion_matrix_table":{"_type":"table-file","artifact_path":"wandb-client-artifact://n6s9lspvheadewjevst2uag2rew07barspjv43yjv09l7j6z6z3q3agqy6032yo7v6oviuha6fj0trtjqavkhgpgwejkwnq2jtsjal1evofw6wg92c1tprlg0627bhag/stage_1_separableconvcnn/confusion_matrix_table.table.json","_latest_artifact_path":"wandb-client-artifact://8wc6ehj9ks0gpnnhp4nbwzfspqigjzss4w4t3fzg1j18tm8vru645sl685xrgv7yy4d4qvhbcsn9myj7w5d4z97vsh2hqnkciaa0t21btd9ceda2ayfox9ocz7qeyose:latest/stage_1_separableconvcnn/confusion_matrix_table.table.json","path":"media/table/stage_1_separableconvcnn/confusion_matrix_table_1_8cab147eeb459aea51c2.table.json","ncols":3,"size":1362,"nrows":36,"sha256":"8cab147eeb459aea51c2cc881be46ee3aaebbf38bac7c785b4b22cac60ff3b5c","log_mode":"IMMUTABLE"},"stage2/train_loss":0.4773602824498043,"stage1/use_pretrain_model":false,"stage2_test_f1":0.9026889304836071,"stage1/test_loss":0.20608454581177776,"stage2/stage_number":2,"stage2/raw_hard_mask_block4":"[1.0, 0.0, 1.0, 1.0, 1.0, 1.0, 1.0, 1.0, 0.0, 1.0, 1.0, 0.0, 1.0, 1.0, 1.0, 1.0, 1.0, 1.0, 1.0, 1.0, 0.0, 1.0, 1.0, 1.0, 1.0, 1.0, 1.0, 0.0, 1.0, 1.0, 1.0, 1.0, 0.0, 1.0, 1.0, 0.0, 1.0, 1.0, 1.0, 1.0, 1.0, 0.0, 0.0, 0.0, 1.0, 1.0, 1.0, 0.0, 0.0, 1.0, 1.0, 1.0, 1.0, 1.0, 1.0, 0.0, 0.0, 1.0, 1.0, 0.0, 1.0, 1.0, 1.0, 1.0, 1.0, 0.0, 1.0, 0.0, 0.0, 0.0, 1.0, 1.0, 1.0, 1.0, 1.0, 0.0, 1.0, 1.0, 0.0, 1.0, 1.0, 1.0, 1.0, 1.0, 1.0, 1.0, 1.0, 1.0, 0.0, 1.0, 1.0, 1.0, 1.0, 1.0, 1.0, 0.0, 0.0, 0.0, 1.0, 1.0, 1.0, 0.0, 0.0, 1.0, 0.0, 1.0, 1.0, 1.0, 1.0, 1.0, 1.0, 1.0, 1.0, 0.0, 1.0, 0.0, 1.0, 1.0, 1.0, 0.0, 1.0, 0.0, 1.0, 1.0, 1.0, 0.0, 1.0, 0.0]","Total_Pruned_%":43.75,"stage1_test_loss":0.20608454581177776,"stage1/test_f1":0.9340293312577218,"stage2/val_loss":0.10780275642799253,"stage3_test_loss":0.24300479028680805,"stage1_test_acc":93.34916864608076,"stage3_test_f1":0.9224781905739493,"_timestamp":1.7767996487797675e+09}