{"stage1/use_pretrain_model":false,"_runtime":14,"stage1/train_loss":0.07361822125049086,"stage1/val_loss":0.561153359427582,"stage1/train_acc":97.11869266055047,"stage1_test_acc":90.43094672548354,"stage1/test_acc":90.43094672548354,"stage1/test_f1":0.9054863925692889,"test_loss":0.3197680598171948,"best_epoch":24,"_step":8,"stage1/best_val_loss":0.13442604215526174,"stage1/stage_number":1,"stage1/purpose":"train baseline model","stage1_test_loss":0.3197680598171948,"stage1/epoch":30,"stage1/lr":0.001,"test_acc":90.43094672548354,"test_f1_macro":0.9054863925692889,"stage_1_separableconvcnn/confusion_matrix_table":{"log_mode":"IMMUTABLE","sha256":"54ebc7e654d03c401c6f8e4ae40d8004e22b7a4cf4176f7750b4a6421ec59c4f","_latest_artifact_path":"wandb-client-artifact://rvmtzi0joyt3jzaa0h6hjff3jtv6bfi0krr0uddvp4cdrmsweq6byg7qktvkfmzodzhmd7mfymohm29brx6pfjrgib5h4ek588zqh4z63clsoowxyscwu7vcoy9kkuvr:latest/stage_1_separableconvcnn/confusion_matrix_table.table.json","_type":"table-file","ncols":3,"artifact_path":"wandb-client-artifact://7sojshm6dcvkzo8yxsk7egj67al1nkpjd5td34jfsk48exaf52pysqinp7bwvnvuhaeyr7u1ax466u12ax0kqh96iq3nrcv8l8iydg1goz8oo2k47o2vfzkwz402vio5/stage_1_separableconvcnn/confusion_matrix_table.table.json","nrows":36,"size":1367,"path":"media/table/stage_1_separableconvcnn/confusion_matrix_table_8_54ebc7e654d03c401c6f.table.json"},"_wandb":{"runtime":14},"_timestamp":1.7757562760533247e+09,"best_val_loss":0.13442604215526174,"stage1/val_acc":81.11702127659575,"stage1/test_loss":0.3197680598171948,"stage1_test_f1":0.9054863925692889}