{"model_param_count_pruned":5297,"stage2/mask_l1":0.22655001282691956,"stage1_test_acc":83.43122102009274,"block4_Pruned_%":59.375,"train_loss":0.7754169607423451,"stage2/Total_Pruned_%":78.4375,"best_val_loss":0.5548573221615274,"stage3_test_f1":0.6908314280390975,"val_acc":71.22302158273381,"block2_Pruned_%":89.0625,"block3_Pruned_%":92.1875,"stage2_test_f1":0.6439313263956323,"stage2_test_acc":75.28078310149408,"_timestamp":1.7768667340685797e+09,"epoch":60,"model_param_count_dense":36998,"stage2/val_loss":0.8074472623525096,"train_acc":57.01002412852855,"stage2/final_mask_keep_ratio_block2":0.109375,"stage2/test_loss":0.794126512830341,"stage2/train_loss":1.1925555560700944,"stage2/test_acc":75.28078310149408,"stage2/purpose":"train channel-pruning model with masking","stage":3,"Total_Pruned_%":78.4375,"stage2/raw_hard_mask_block3":"[0.0, 0.0, 0.0, 0.0, 0.0, 0.0, 0.0, 0.0, 0.0, 0.0, 0.0, 0.0, 0.0, 0.0, 1.0, 0.0, 0.0, 1.0, 0.0, 0.0, 0.0, 0.0, 0.0, 0.0, 0.0, 0.0, 0.0, 0.0, 0.0, 1.0, 0.0, 0.0, 0.0, 0.0, 0.0, 0.0, 0.0, 0.0, 0.0, 0.0, 0.0, 1.0, 0.0, 0.0, 0.0, 0.0, 0.0, 0.0, 0.0, 1.0, 0.0, 1.0, 0.0, 0.0, 1.0, 0.0, 0.0, 0.0, 0.0, 0.0, 0.0, 0.0, 0.0, 0.0, 0.0, 0.0, 0.0, 0.0, 0.0, 0.0, 0.0, 0.0, 0.0, 0.0, 0.0, 0.0, 0.0, 0.0, 0.0, 0.0, 0.0, 0.0, 0.0, 0.0, 0.0, 0.0, 0.0, 0.0, 0.0, 0.0, 0.0, 0.0, 0.0, 0.0, 1.0, 0.0, 0.0, 0.0, 0.0, 0.0, 0.0, 0.0, 0.0, 1.0, 0.0, 0.0, 0.0, 0.0, 0.0, 0.0, 0.0, 0.0, 0.0, 0.0, 0.0, 0.0, 0.0, 0.0, 0.0, 0.0, 0.0, 0.0, 0.0, 0.0, 0.0, 0.0, 0.0, 1.0]","stage2/lr_backbone":0.0001,"_runtime":359,"stage2/best_epoch":26,"lr_loaded_weights":0.0001,"stage2/best_val_loss":0.7207635046838284,"stage2/final_mask_keep_ratio_block4":0.40625,"stage2/lr_gumbel":0.001,"stage2/block3_Pruned_%":92.1875,"stage2/test_f1":0.6439313263956323,"stage2/block4_Pruned_%":59.375,"stage3_test_loss":0.6419067688520455,"stage1/use_pretrain_model":false,"stage1_test_f1":0.7374803611071392,"_wandb":{"runtime":359},"stage1_test_loss":0.5018010108288817,"stage2/val_acc":60.03197442046363,"stage2/raw_hard_mask_block4":"[0.0, 1.0, 1.0, 0.0, 0.0, 0.0, 0.0, 0.0, 1.0, 0.0, 0.0, 0.0, 0.0, 0.0, 0.0, 1.0, 1.0, 0.0, 0.0, 1.0, 1.0, 0.0, 0.0, 0.0, 1.0, 0.0, 0.0, 0.0, 0.0, 1.0, 1.0, 0.0, 0.0, 1.0, 1.0, 0.0, 0.0, 1.0, 1.0, 1.0, 1.0, 1.0, 0.0, 1.0, 0.0, 0.0, 1.0, 0.0, 0.0, 0.0, 0.0, 1.0, 1.0, 0.0, 0.0, 0.0, 0.0, 0.0, 1.0, 0.0, 0.0, 1.0, 0.0, 0.0, 0.0, 0.0, 1.0, 1.0, 0.0, 0.0, 0.0, 0.0, 0.0, 1.0, 1.0, 0.0, 0.0, 1.0, 1.0, 0.0, 1.0, 1.0, 1.0, 0.0, 0.0, 1.0, 1.0, 0.0, 0.0, 0.0, 0.0, 0.0, 1.0, 0.0, 1.0, 1.0, 1.0, 0.0, 1.0, 0.0, 0.0, 1.0, 1.0, 0.0, 1.0, 1.0, 0.0, 0.0, 0.0, 0.0, 0.0, 0.0, 0.0, 0.0, 0.0, 1.0, 1.0, 1.0, 1.0, 0.0, 1.0, 1.0, 0.0, 1.0, 0.0, 1.0, 0.0, 1.0]","model_param_count":5297,"stage2/final_mask_keep_ratio_block3":0.078125,"stage_1_separableconvcnn/confusion_matrix_table":{"log_mode":"IMMUTABLE","path":"media/table/stage_1_separableconvcnn/confusion_matrix_table_1_881de464ef77822363db.table.json","artifact_path":"wandb-client-artifact://0h8enjqdjhsfngq3an0eoegu8kdo91jtrt2h7uv2scs4wvuw9hv92gski3d251p82h5gtbhrhwikumnxlhwhv9u48mjfhxfqcxffpwpnl2atrs1w94rbcn5dgzibxral/stage_1_separableconvcnn/confusion_matrix_table.table.json","nrows":64,"sha256":"881de464ef77822363db28f389320a140cc172a5aeee7a716fc702c77c948db0","ncols":3,"_type":"table-file","size":2011,"_latest_artifact_path":"wandb-client-artifact://xzekzkr79zfvk71wt563op5r3pbcupoa1o965hwbq3ayi6qfy7v6dkk561zpxqy3g57blj3p6yycnv94bbbthrnrisl1z0vq2l54vvqixgyh4e6r6jjqoc25yviju05o:latest/stage_1_separableconvcnn/confusion_matrix_table.table.json"},"stage2/block2_Pruned_%":89.0625,"model_param_reduction_pct":85.68300989242663,"stage1/test_acc":83.43122102009274,"stage1/test_f1":0.7374803611071392,"stage2/raw_hard_mask_block2":"[0.0, 0.0, 0.0, 0.0, 0.0, 0.0, 0.0, 0.0, 0.0, 0.0, 0.0, 0.0, 0.0, 0.0, 0.0, 0.0, 1.0, 0.0, 0.0, 1.0, 0.0, 0.0, 0.0, 0.0, 0.0, 0.0, 0.0, 0.0, 0.0, 1.0, 0.0, 0.0, 0.0, 0.0, 1.0, 1.0, 0.0, 0.0, 0.0, 0.0, 0.0, 0.0, 0.0, 0.0, 0.0, 0.0, 1.0, 0.0, 1.0, 0.0, 0.0, 0.0, 0.0, 0.0, 0.0, 0.0, 0.0, 0.0, 0.0, 0.0, 0.0, 0.0, 0.0, 0.0]","stage_3_prunedseparableconvcnn/confusion_matrix_table":{"_type":"table-file","size":2015,"log_mode":"IMMUTABLE","nrows":64,"sha256":"645a86a7bd1d3c1d0bd36a6041f890772563a4df8e8a16ffebed777a291bef55","path":"media/table/stage_3_prunedseparableconvcnn/confusion_matrix_table_22_645a86a7bd1d3c1d0bd3.table.json","ncols":3,"_latest_artifact_path":"wandb-client-artifact://r0nn7i11ssd49yfri4svobesasoneml1hqan5iekngqsqr1dikqxiya2gl146t2vskasjznlolj6mr2thdgj4qvvr7t74fuqj6gyc9gpm4e89a2huiw6jb736o8tbavy:latest/stage_3_prunedseparableconvcnn/confusion_matrix_table.table.json","artifact_path":"wandb-client-artifact://ebamwovedi90k2c65t875nkyprgfeu77z5cpiv41ivi43e913ppj6og8v78nuvuh79bzpp7mdzehnw2nak1h4kqtmhacgzoceuedd18omc6flgooze31uc2dcgclcw9j/stage_3_prunedseparableconvcnn/confusion_matrix_table.table.json"},"stage2/epoch":35,"final_summary_log_path":"/home/qphan/master-thesis/models/wear_best_model_three_stage_channel_subject6_val_final_summary_val_6.txt","_step":24,"stage3_test_acc":79.6496651210716,"stage2/stage_number":2,"stage2_test_loss":0.794126512830341,"stage1/test_loss":0.5018010108288817,"val_loss":0.5598323396403345,"stage2/train_acc":48.145241971869666}