{"stage1_test_loss":0.31293068061798196,"stage2_test_acc":91.10960298608755,"_timestamp":1.7757677708063807e+09,"val_acc":93.27956989247312,"stage2_test_loss":0.23428288501236855,"lr_gumbel_bin":0.001,"stage3_test_acc":90.83814048184594,"stage_1_separableconvcnn/confusion_matrix_table":{"_latest_artifact_path":"wandb-client-artifact://uw8syjljgv5ak8lytxjumllav5w978qqmzgni00i38pqik12qay39d6yskp52pr96sad2u2by0m39sdigs3khrzgt8dq92mw8yn37d83p6waw78vn7i357lxg9h8e02a:latest/stage_1_separableconvcnn/confusion_matrix_table.table.json","artifact_path":"wandb-client-artifact://b13nsbry2r8mskuyewgeoekmtkzwxao8zk1vi6jliu0wui7bdnfcf616ou8o57ldh0phleo4periels7rjc1wyhzl3amz24ufgy2v32ma64brnvmugu66zjf7e124pni/stage_1_separableconvcnn/confusion_matrix_table.table.json","ncols":3,"_type":"table-file","path":"media/table/stage_1_separableconvcnn/confusion_matrix_table_1_8092b63f36cc3eeede6f.table.json","size":1367,"log_mode":"IMMUTABLE","nrows":36,"sha256":"8092b63f36cc3eeede6f51599ff92baa72951bd76a7b56754f2aeb0be43f14ce"},"stage1_test_acc":90.63454360366474,"stage2_test_f1":0.9118509282108946,"train_acc":96.64756446991404,"val_loss":0.2156120916047404,"lr":0.001,"best_val_loss":0.16816761865410754,"_wandb":{"runtime":20},"stage1/test_loss":0.31293068061798196,"stage1/use_pretrain_model":false,"train_loss":0.08435363609488536,"stage1/test_acc":90.63454360366474,"stage1_test_f1":0.9073731888403188,"epoch":20,"bin_keep_ratio":0.4923076927661896,"_step":12,"stage":3,"stage_3_separableconvcnn/confusion_matrix_table":{"nrows":36,"ncols":3,"sha256":"2351120265480017f3acb38f2fd6e5bf9743021a3588aae7e568697db66bbbdc","artifact_path":"wandb-client-artifact://evgt2ujt3ksii1prmefuclmkfjmaxx9byef3m3q2smz2x2ein4kgzikt3z2ofcdt9veesqnlo4ju15di8kxfloh5pkbbxv5p35oake2z7cthr8s2ghz4a2ll8x5bxl28/stage_3_separableconvcnn/confusion_matrix_table.table.json","log_mode":"IMMUTABLE","_type":"table-file","path":"media/table/stage_3_separableconvcnn/confusion_matrix_table_11_2351120265480017f3ac.table.json","size":1368,"_latest_artifact_path":"wandb-client-artifact://rez2f2n3qeys2szkwlqs2o9zok09jfsv01pnmqlvq5zivdfdo1w6ixp8dfckte8pyt3rn9d93vieluyj44scw0g8sk6eu0qv49mq58zy360vkh9yuwqc2badllpd0o2b:latest/stage_3_separableconvcnn/confusion_matrix_table.table.json"},"stage2_hard_bin_mask_str":"[1.0, 1.0, 1.0, 1.0, 1.0, 1.0, 1.0, 1.0, 1.0, 1.0, 1.0, 1.0, 1.0, 1.0, 1.0, 1.0, 1.0, 0.0, 0.0, 0.0, 1.0, 1.0, 0.0, 1.0, 0.0, 1.0, 0.0, 1.0, 1.0, 0.0, 1.0, 1.0, 0.0, 1.0, 1.0, 1.0, 0.0, 0.0, 0.0, 0.0, 0.0, 0.0, 0.0, 0.0, 0.0, 1.0, 1.0, 1.0, 0.0, 1.0, 0.0, 0.0, 0.0, 0.0, 0.0, 0.0, 0.0, 0.0, 0.0, 0.0, 0.0, 0.0, 0.0, 0.0, 0.0]","_runtime":20,"stage3_test_loss":0.28987316405449914,"lr_backbone":0.0001,"stage1/test_f1":0.9073731888403188,"stage3_test_f1":0.9094344726344277,"mask_l1":0.4153846204280853}