{"_wandb":{"runtime":167},"stage3_test_acc":75.76506955177743,"stage1_test_acc":79.31993817619784,"stage2_test_f1":0.6057772188644258,"stage2_test_acc":71.32405976300876,"stage2_hard_bin_mask_str":"[1.0, 1.0, 0.0, 1.0, 1.0, 0.0, 0.0, 1.0, 0.0, 0.0, 0.0, 0.0, 0.0, 0.0, 0.0, 0.0, 0.0, 0.0, 0.0, 0.0, 0.0, 0.0, 0.0, 0.0, 0.0, 0.0, 0.0, 0.0, 0.0, 0.0, 0.0, 0.0, 0.0, 0.0, 0.0, 0.0, 0.0, 0.0, 0.0, 0.0, 0.0, 0.0, 0.0, 0.0, 0.0, 0.0, 0.0, 0.0, 0.0, 0.0, 0.0]","stage1_test_f1":0.6910884547576478,"best_val_loss":0.8602229926795387,"stage1_test_loss":0.6016351643924797,"stage":3,"mask_l1":0.0784313753247261,"train_acc":57.767860622831975,"bin_keep_ratio":0.09803921729326248,"lr":0.001,"_timestamp":1.7758993627820094e+09,"lr_gumbel_bin":0.001,"epoch":20,"stage_3_separableconvcnn/confusion_matrix_table":{"nrows":64,"size":2021,"log_mode":"IMMUTABLE","path":"media/table/stage_3_separableconvcnn/confusion_matrix_table_8_dca6e4f0ca1ee51e34ca.table.json","_latest_artifact_path":"wandb-client-artifact://s8uxxd9s42632yt4kd4b5d7wouig5u4raq3awiy57c6ksobo0pw855aw5v3pulg4tausssitpr3kk1kstcqc6whiszivus5gq9oj6jmw9r7suorpumwkzp8vtp6otauy:latest/stage_3_separableconvcnn/confusion_matrix_table.table.json","artifact_path":"wandb-client-artifact://2gt5ct6nyoflixdepzt7d9r1rtdxgxvfaoas5irx2h4vfv23710bxau27ck73nnm3naiox4puqt1c5jlhz0rp6tdktfufrm997onis8t1ha8arqx1wbozt4xf6103ov0/stage_3_separableconvcnn/confusion_matrix_table.table.json","ncols":3,"_type":"table-file","sha256":"dca6e4f0ca1ee51e34ca3d9f00eb5f2d5666097edd497fbb6ac34862651da547"},"val_loss":1.0416599349391928,"val_acc":55.42725173210162,"_runtime":167,"stage_1_separableconvcnn/confusion_matrix_table":{"_type":"table-file","ncols":3,"artifact_path":"wandb-client-artifact://nps5t0fefpk0rr66mltjc9ba769lu6fvb7tz0j55qm9ikwlorifxerirqtnlj1h8wmz0d1ah7ewe3el8aeoaibuh2k4dfw625j2dtebootp6x0f32dabwxrji94p03qj/stage_1_separableconvcnn/confusion_matrix_table.table.json","size":2012,"nrows":64,"sha256":"41e0e97869cda5d4f39f5eb29c50ede05b4b9fc64abbbda1ce57ff54181bc3bb","log_mode":"IMMUTABLE","_latest_artifact_path":"wandb-client-artifact://cums693p0q7cd84aco5hb9hfav6ntzeodwt4gjlksb26rb8phgonqcz18hbtyzuvshofk79ri369c5hipfeee2e3b2k26uy4riqs0vtu75l217uhzvdceqk5s3ccn5oh:latest/stage_1_separableconvcnn/confusion_matrix_table.table.json","path":"media/table/stage_1_separableconvcnn/confusion_matrix_table_0_41e0e97869cda5d4f39f.table.json"},"train_loss":0.7890846966749305,"_step":9,"stage2_test_loss":0.856798059371622,"stage3_test_loss":0.743727707536963,"stage3_test_f1":0.6350573549467997,"lr_backbone":0.0001}