{"stage1/val_loss":0.9554334984253701,"stage1_test_acc":82.48325605358063,"stage1/test_loss":0.541924662390625,"test_f1_macro":0.7367235997232322,"_timestamp":1.7766705271323934e+09,"best_val_loss":0.8765414874650653,"stage1/purpose":"train baseline model","stage1/test_f1":0.7367235997232322,"_step":5,"stage1/stage_number":1,"_wandb":{"runtime":57},"test_acc":82.48325605358063,"stage1_test_f1":0.7367235997232322,"best_epoch":8,"stage1/best_val_loss":0.8765414874650653,"stage1/test_acc":82.48325605358063,"stage_1_separableconvcnn/confusion_matrix_table":{"size":2009,"nrows":64,"_type":"table-file","artifact_path":"wandb-client-artifact://zio0ouvuh7rhyckzn0c1wqgemba13c8fq3xfgjtugtjlt293upz94jg19ixmduzd4380b8zrhq4hcpt2822l37eb0j01qbbbq76gonmx871p0ldfanlgkgrb1ygd34za/stage_1_separableconvcnn/confusion_matrix_table.table.json","ncols":3,"path":"media/table/stage_1_separableconvcnn/confusion_matrix_table_5_0acd4fb33be16884c16f.table.json","_latest_artifact_path":"wandb-client-artifact://gc5ds2i0y5u3phbhprt8111mssads43ubdcbzub2o8orlwudfhcl8snzho4kpmdann4apruivbz37tk1crk2hq3h1fagac6ml4d8pqjnbpfal5s3snufdgf57m8wenep:latest/stage_1_separableconvcnn/confusion_matrix_table.table.json","log_mode":"IMMUTABLE","sha256":"0acd4fb33be16884c16f7b91f2d642b09cc69a785786294230da24223c3fd730"},"stage1/use_pretrain_model":false,"_runtime":57,"stage1/train_loss":0.41377899847234645,"stage1/val_acc":64.44600280504909,"stage1_test_loss":0.541924662390625,"stage1/train_acc":74.3476800916507,"stage1/lr":0.001,"stage1/epoch":15,"test_loss":0.541924662390625}