{"stage2_test_acc":88.56464200882253,"stage_3_separableconvcnn/confusion_matrix_table":{"path":"media/table/stage_3_separableconvcnn/confusion_matrix_table_9_209c97fc4e73eac1893a.table.json","ncols":3,"_latest_artifact_path":"wandb-client-artifact://04ow6p0qaela12d944y03z90t9cst87ukik96olhr0og6qd8st94kk8czgz1k4hiyenjji9vxf2ks4arnpmqtsmbwwijhbu2bgasnqgi5y1hop26s5pc77oevdi2bqyl:latest/stage_3_separableconvcnn/confusion_matrix_table.table.json","artifact_path":"wandb-client-artifact://krgrpaejnmycf2odpnxox28p17lz221xn0rw2fiii5wef0hy2yaczrdpvuak4vnu1s8atgnmxy8b7wlou8bub8d32qzj2nix3qf43bcaoxrugpq3akq4sv9rs7e0esq6/stage_3_separableconvcnn/confusion_matrix_table.table.json","_type":"table-file","size":1368,"log_mode":"IMMUTABLE","sha256":"209c97fc4e73eac1893ae608ba1eff460d1ba7c670b6d88140c33070e47324a8","nrows":36},"lr":0.001,"_timestamp":1.7757771580432613e+09,"mask_l1":0.2265625,"stage1_test_f1":0.9159322729448117,"stage":3,"stage1/test_acc":91.27926705123855,"stage2_test_f1":0.8876891454497212,"train_acc":94.67751141552512,"epoch":20,"stage_1_separableconvcnn/confusion_matrix_table":{"_latest_artifact_path":"wandb-client-artifact://j0jsikgmq7yszw0q0yuv39ghuxf7gb5vgttw7hhf50ufoup1g5rdkdcl3wftj2clrf4x0xqrtycpby6789mlmeu8yupxc6qe652804d03qfzhvnme1ad0tyoawx957gb:latest/stage_1_separableconvcnn/confusion_matrix_table.table.json","log_mode":"IMMUTABLE","ncols":3,"nrows":36,"size":1366,"path":"media/table/stage_1_separableconvcnn/confusion_matrix_table_1_78f3503c71ce83042d66.table.json","_type":"table-file","artifact_path":"wandb-client-artifact://7btacl4lr0h3m1xijc2vq1n35f9uw7wnxuaakwqbc6xiygbs66zj1w14jop35klmypa86jbmy6lv9juektimg1ej1llb1p5u1atafew13gdoycnamf2jcxflixurafec/stage_1_separableconvcnn/confusion_matrix_table.table.json","sha256":"78f3503c71ce83042d66d6d829fe9374b93da72681c0914ba7c5ccf2a1b994a6"},"stage3_test_loss":0.3058870268968564,"_runtime":16,"stage1_test_loss":0.24932114526268706,"stage1/test_f1":0.9159322729448117,"stage2_test_loss":0.3451275693636336,"lr_gumbel_bin":0.001,"stage1_test_acc":91.27926705123855,"stage1/test_loss":0.24932114526268706,"lr_backbone":0.0001,"train_loss":0.13271526318706878,"stage3_test_f1":0.906237922530759,"stage2_hard_bin_mask_str":"[0.0, 0.0, 0.0, 0.0, 1.0, 1.0, 0.0, 1.0, 0.0, 1.0, 1.0, 1.0, 1.0, 1.0, 1.0, 1.0, 1.0, 1.0, 1.0, 1.0, 1.0, 1.0, 1.0, 1.0, 1.0, 1.0, 0.0, 1.0, 0.0, 1.0, 1.0, 1.0, 1.0, 1.0, 1.0, 1.0, 1.0, 1.0, 1.0, 0.0, 1.0, 1.0, 1.0, 1.0, 1.0, 1.0, 1.0, 1.0, 0.0, 0.0, 1.0, 1.0, 1.0, 1.0, 1.0, 0.0, 0.0, 1.0, 0.0, 0.0, 0.0, 0.0, 0.0, 1.0, 0.0, 0.0, 0.0, 0.0, 0.0, 0.0, 0.0, 0.0, 0.0, 0.0, 0.0, 0.0, 0.0, 0.0, 0.0, 0.0, 0.0, 0.0, 0.0, 0.0, 0.0, 0.0, 0.0, 0.0, 0.0, 0.0, 0.0, 0.0, 0.0, 0.0, 0.0, 0.0, 0.0, 0.0, 0.0, 0.0, 0.0, 0.0, 0.0, 0.0, 0.0, 0.0, 0.0, 0.0, 0.0, 0.0, 0.0, 0.0, 0.0, 0.0, 0.0, 0.0, 0.0, 0.0, 0.0, 0.0, 0.0, 0.0, 0.0, 0.0, 0.0, 0.0, 0.0, 0.0]","best_val_loss":0.20032385684723078,"val_loss":0.23050307534461797,"stage3_test_acc":90.39701391245335,"val_acc":89.53488372093024,"bin_keep_ratio":0.359375,"_wandb":{"runtime":16},"stage1/use_pretrain_model":false,"_step":10}