{"stage2/final_mask_keep_ratio_block2":0.390625,"stage2/val_acc":51.32009052049283,"model_param_reduction_pct":74.03373155305692,"stage1_test_loss":0.6421395933740167,"stage2/raw_hard_mask_block2":"[1.0, 0.0, 0.0, 0.0, 1.0, 1.0, 0.0, 1.0, 0.0, 0.0, 1.0, 0.0, 0.0, 1.0, 1.0, 0.0, 0.0, 0.0, 1.0, 1.0, 1.0, 0.0, 0.0, 1.0, 1.0, 0.0, 0.0, 0.0, 1.0, 1.0, 1.0, 1.0, 0.0, 1.0, 0.0, 0.0, 0.0, 1.0, 0.0, 1.0, 0.0, 0.0, 0.0, 0.0, 0.0, 0.0, 0.0, 0.0, 0.0, 0.0, 1.0, 1.0, 0.0, 0.0, 1.0, 1.0, 0.0, 0.0, 0.0, 0.0, 0.0, 0.0, 1.0, 1.0]","stage2/lr_backbone":0.0001,"train_acc":67.07809785463213,"stage2/epoch":30,"stage2/Total_Pruned_%":60.62499999999999,"stage_3_prunedseparableconvcnn/confusion_matrix_table":{"size":2010,"_latest_artifact_path":"wandb-client-artifact://177aqyejyidvrhhicq8r5hulu8nnwdzv9prlagabyrrzb5rdpsx69fg290fsaseng5cffvp30oiqqi6fpyd60ft75mi37tw50rffs13zv94mqsv7ragtoz8inpcd2bzr:latest/stage_3_prunedseparableconvcnn/confusion_matrix_table.table.json","path":"media/table/stage_3_prunedseparableconvcnn/confusion_matrix_table_20_18d61f1cfdbce4817b25.table.json","nrows":64,"sha256":"18d61f1cfdbce4817b25b7cceb5a7c7632d68a6e6d289a10dcf4a6d577b6a0e5","artifact_path":"wandb-client-artifact://7f3kh9vut5mxjfnn94a5bxw50w68c32a3fiojbk9wsc7uliw0vc5gb7ftsqk73evdvcxrpncemkacn4tnk478ejqdjvh709fgges3bcxfj5uhknwztdtkkex4udtkqyz/stage_3_prunedseparableconvcnn/confusion_matrix_table.table.json","ncols":3,"_type":"table-file","log_mode":"IMMUTABLE"},"stage2/block3_Pruned_%":76.5625,"stage2/lr_gumbel":0.001,"stage2/raw_hard_mask_block4":"[1.0, 0.0, 1.0, 1.0, 1.0, 0.0, 0.0, 0.0, 1.0, 1.0, 0.0, 0.0, 0.0, 0.0, 0.0, 1.0, 0.0, 0.0, 1.0, 1.0, 1.0, 0.0, 1.0, 1.0, 0.0, 0.0, 1.0, 0.0, 0.0, 0.0, 1.0, 1.0, 1.0, 0.0, 1.0, 0.0, 1.0, 1.0, 1.0, 1.0, 1.0, 1.0, 0.0, 1.0, 0.0, 0.0, 1.0, 0.0, 1.0, 1.0, 0.0, 0.0, 1.0, 0.0, 0.0, 1.0, 1.0, 1.0, 1.0, 0.0, 0.0, 0.0, 1.0, 0.0, 1.0, 1.0, 0.0, 0.0, 0.0, 0.0, 1.0, 1.0, 0.0, 1.0, 0.0, 1.0, 1.0, 1.0, 1.0, 0.0, 0.0, 1.0, 0.0, 0.0, 0.0, 0.0, 1.0, 0.0, 1.0, 0.0, 1.0, 1.0, 1.0, 1.0, 1.0, 1.0, 0.0, 1.0, 0.0, 0.0, 1.0, 0.0, 1.0, 1.0, 1.0, 0.0, 1.0, 0.0, 1.0, 0.0, 0.0, 1.0, 0.0, 1.0, 1.0, 0.0, 0.0, 1.0, 1.0, 1.0, 1.0, 1.0, 1.0, 1.0, 0.0, 1.0, 1.0, 1.0]","block3_Pruned_%":76.5625,"stage2_test_f1":0.658123576107388,"val_acc":60.32185064118683,"model_param_count_pruned":9607,"model_param_count_dense":36998,"stage2_test_loss":0.6945594945944086,"epoch":55,"stage":3,"stage2/block4_Pruned_%":44.53125,"stage1/use_pretrain_model":false,"stage2/best_val_loss":0.9216547445613055,"final_summary_log_path":"/home/qphan/master-thesis/models/wear_best_model_three_stage_channel_subject13_val_final_summary_val_13.txt","stage1/test_f1":0.6818434948250894,"stage2/test_f1":0.658123576107388,"stage3_test_f1":0.6922078174522698,"stage1_test_acc":78.65018031942297,"block4_Pruned_%":44.53125,"stage2/test_loss":0.6945594945944086,"stage2/test_acc":77.88768675940237,"stage3_test_acc":79.71148892323545,"stage1/test_loss":0.6421395933740167,"_step":22,"stage2/train_acc":56.08662276271666,"stage2/purpose":"train channel-pruning model with masking","stage2_test_acc":77.88768675940237,"stage2/val_loss":0.9461765448397238,"train_loss":0.6433702489495648,"Total_Pruned_%":60.62499999999999,"stage_1_separableconvcnn/confusion_matrix_table":{"nrows":64,"_type":"table-file","ncols":3,"sha256":"d68110d164209e7acc5fc5462a60a4eac87c9a07c0c4a18707f63026a64360b7","artifact_path":"wandb-client-artifact://xktmi212fdp8idy9tvzklqtusz1tiytd0t18j5ikwhira91cvz5m3gr40a0i52ad1h0az82qj4e68tsyuv20nzcv78pjguhj507hl98dytgsd1e4n1hkef6glut8dcd4/stage_1_separableconvcnn/confusion_matrix_table.table.json","_latest_artifact_path":"wandb-client-artifact://an03ttt8q4jus49kuzg55ctvqnfhy5sm5fg6n3hz79ldq28o5vc7kmhgjiu3yyf89u5z6abc5p8kk7067mwvzewa4n1d26uxhlzwakt3id5goyaafvzugxm24w1yboba:latest/stage_1_separableconvcnn/confusion_matrix_table.table.json","size":2013,"path":"media/table/stage_1_separableconvcnn/confusion_matrix_table_1_d68110d164209e7acc5f.table.json","log_mode":"IMMUTABLE"},"stage2/mask_l1":0.3750004172325134,"stage2/raw_hard_mask_block3":"[1.0, 1.0, 0.0, 0.0, 0.0, 0.0, 1.0, 0.0, 0.0, 0.0, 0.0, 0.0, 0.0, 0.0, 1.0, 1.0, 0.0, 0.0, 0.0, 1.0, 0.0, 0.0, 0.0, 1.0, 0.0, 0.0, 0.0, 0.0, 0.0, 0.0, 1.0, 0.0, 1.0, 1.0, 0.0, 0.0, 1.0, 0.0, 1.0, 0.0, 0.0, 0.0, 1.0, 0.0, 0.0, 0.0, 1.0, 0.0, 0.0, 0.0, 0.0, 0.0, 0.0, 0.0, 1.0, 0.0, 0.0, 0.0, 0.0, 1.0, 1.0, 0.0, 0.0, 0.0, 0.0, 1.0, 0.0, 0.0, 0.0, 0.0, 0.0, 0.0, 0.0, 0.0, 0.0, 0.0, 0.0, 1.0, 0.0, 1.0, 0.0, 0.0, 0.0, 1.0, 1.0, 0.0, 0.0, 0.0, 0.0, 0.0, 0.0, 1.0, 0.0, 0.0, 0.0, 1.0, 0.0, 0.0, 1.0, 1.0, 0.0, 0.0, 0.0, 0.0, 0.0, 0.0, 0.0, 0.0, 0.0, 1.0, 1.0, 0.0, 1.0, 0.0, 0.0, 0.0, 0.0, 1.0, 0.0, 0.0, 0.0, 0.0, 0.0, 0.0, 0.0, 0.0, 0.0, 0.0]","lr_loaded_weights":0.0001,"stage1/test_acc":78.65018031942297,"stage2/final_mask_keep_ratio_block3":0.234375,"_wandb":{"runtime":267},"stage2/stage_number":2,"_timestamp":1.7753431420407777e+09,"stage1_test_f1":0.6818434948250894,"stage2/best_epoch":22,"stage2/block2_Pruned_%":60.9375,"stage2/final_mask_keep_ratio_block4":0.5546875,"_runtime":267,"stage3_test_loss":0.6063649874888764,"val_loss":0.8164800148544402,"stage2/train_loss":1.0498988878765008,"block2_Pruned_%":60.9375,"best_val_loss":0.7961465083371763,"model_param_count":9607}