{"stage1_test_acc":90.66847641669494,"stage1/purpose":"train baseline model","best_epoch":29,"stage_1_separableconvcnn/confusion_matrix_table":{"path":"media/table/stage_1_separableconvcnn/confusion_matrix_table_9_e36a98b1a7a1d51aef52.table.json","size":1367,"artifact_path":"wandb-client-artifact://d1oniok8ou5a44ozczz2ueoallqtj87adg8ump5fuejb3me1gxye83gu2abz8vxokuxw56ah4q623t1qpvrc4soaih7w0wqklme606gxarf26e9hec573jfec4hgy6iw/stage_1_separableconvcnn/confusion_matrix_table.table.json","ncols":3,"log_mode":"IMMUTABLE","sha256":"e36a98b1a7a1d51aef520ee06e37221779eb8565b7f4977639f7ba03501579c2","nrows":36,"_type":"table-file","_latest_artifact_path":"wandb-client-artifact://hv1w98acl9jjp5o8k2p55qbnmasd9mn8qssqp0jc44f9icx800xcfp29x0usw2a5n5647b8g14ipgo285vg7j1uvkzlld0odq6uu092hgqpxqpvrwyx5n20vt7baciqq:latest/stage_1_separableconvcnn/confusion_matrix_table.table.json"},"test_loss":0.34009413147764667,"_wandb":{"runtime":15},"stage1/test_acc":90.66847641669494,"stage1/test_f1":0.9079677629512627,"stage1/train_acc":96.72107674684995,"_runtime":15,"stage1/train_loss":0.08025079121960398,"stage1/best_val_loss":0.21770075097194183,"stage1/epoch":35,"stage1/use_pretrain_model":false,"stage1_test_loss":0.34009413147764667,"stage1/lr":0.001,"_step":9,"test_acc":90.66847641669494,"stage1_test_f1":0.9079677629512627,"stage1/val_acc":79.34782608695652,"_timestamp":1.7757574502309988e+09,"test_f1_macro":0.9079677629512627,"stage1/stage_number":1,"best_val_loss":0.21770075097194183,"stage1/val_loss":0.6078332923960102,"stage1/test_loss":0.34009413147764667}