{"stage1/test_acc":89.07363420427554,"lr_backbone":0.0001,"stage2_test_acc":83.98371224974551,"stage":3,"stage3_test_acc":88.25924669155073,"stage1/test_f1":0.8924884128205228,"stage1/test_loss":0.2930488961723181,"val_loss":0.6971308046635661,"stage1_test_loss":0.2930488961723181,"stage1_test_acc":89.07363420427554,"best_val_loss":0.500057504841798,"_runtime":14,"stage1_test_f1":0.8924884128205228,"lr_gumbel_bin":0.001,"_wandb":{"runtime":14},"stage3_test_f1":0.8848938274192206,"bin_keep_ratio":0.21875,"stage_3_separableconvcnn/confusion_matrix_table":{"path":"media/table/stage_3_separableconvcnn/confusion_matrix_table_8_0d6385cbee0d4561e64b.table.json","log_mode":"IMMUTABLE","_latest_artifact_path":"wandb-client-artifact://umtopjc2lmieyrc81mjcpglprxxfxgoq8bwa0af46skugy6odfh5nhcy7rftvl15vxh5v62vr5a814z87lhaj36lsk57ymqfbwdvykdfb730cqe1sv6k0pwezahd46d9:latest/stage_3_separableconvcnn/confusion_matrix_table.table.json","size":1365,"nrows":36,"ncols":3,"_type":"table-file","sha256":"0d6385cbee0d4561e64bc46a83a510cdf5dbcc9c8b1bb3e4cd2b10f02b982462","artifact_path":"wandb-client-artifact://w2xgw4jx80w3ryqr7fymxnles736yx6kqwiz60p0lesa4on29wg922si3w1qpnu5oph1ctidpd4qtgjgq90mguzaxspptpfithld7qbn6i8tp8z4zds0pxkzcqkly6dg/stage_3_separableconvcnn/confusion_matrix_table.table.json"},"stage_1_separableconvcnn/confusion_matrix_table":{"sha256":"e9d0f4c5600594355502fc58cbe063851c9ea7d0488f87540acebe3c18daf084","artifact_path":"wandb-client-artifact://pxyx6f5mrwbzt92c9snh2ejn49tdl4jhxj7hexlitt1me0plgw6fgw9eb514kgbrs5pe59btfvonljwiwls9w6nldvqr5vnk9zos3lxp1te4trr6dnqdqmvq0cebxgi4/stage_1_separableconvcnn/confusion_matrix_table.table.json","_type":"table-file","ncols":3,"_latest_artifact_path":"wandb-client-artifact://73ek48hhkfjwd9zef78v195zy8092ciezrypomnfr72jgbxh5256jhkuqp6mvplhnrpm2hikslnidjafm6d2vt9sm788vz7dqqp8mihxytplcl482wfwy4jpxmqhxzkw:latest/stage_1_separableconvcnn/confusion_matrix_table.table.json","size":1365,"path":"media/table/stage_1_separableconvcnn/confusion_matrix_table_1_e9d0f4c5600594355502.table.json","log_mode":"IMMUTABLE","nrows":36},"lr":0.001,"_step":9,"mask_l1":0.1953125,"stage2_hard_bin_mask_str":"[1.0, 1.0, 1.0, 1.0, 1.0, 1.0, 1.0, 1.0, 1.0, 1.0, 1.0, 1.0, 1.0, 1.0, 1.0, 1.0, 1.0, 1.0, 1.0, 1.0, 1.0, 0.0, 1.0, 1.0, 1.0, 1.0, 1.0, 1.0, 1.0, 0.0, 0.0, 0.0, 0.0, 0.0, 0.0, 0.0, 0.0, 0.0, 0.0, 0.0, 0.0, 0.0, 0.0, 0.0, 0.0, 0.0, 0.0, 0.0, 0.0, 0.0, 0.0, 0.0, 0.0, 0.0, 0.0, 0.0, 0.0, 0.0, 0.0, 0.0, 0.0, 0.0, 0.0, 0.0, 0.0, 0.0, 0.0, 0.0, 0.0, 0.0, 0.0, 0.0, 0.0, 0.0, 0.0, 0.0, 0.0, 0.0, 0.0, 0.0, 0.0, 0.0, 0.0, 0.0, 0.0, 0.0, 0.0, 0.0, 0.0, 0.0, 0.0, 0.0, 0.0, 0.0, 0.0, 0.0, 0.0, 0.0, 0.0, 0.0, 0.0, 0.0, 0.0, 0.0, 0.0, 0.0, 0.0, 0.0, 0.0, 0.0, 0.0, 0.0, 0.0, 0.0, 0.0, 0.0, 0.0, 0.0, 0.0, 0.0, 0.0, 0.0, 0.0, 0.0, 0.0, 0.0, 0.0, 0.0]","stage1/use_pretrain_model":false,"stage2_test_f1":0.8353017533834085,"stage3_test_loss":0.3032004709174925,"val_acc":82.88508557457213,"stage2_test_loss":0.41897951902693353,"epoch":10,"_timestamp":1.7757812075495126e+09,"train_acc":92.76969609678814,"train_loss":0.16624358595576527}