{"stage1_test_acc":89.44689514760773,"stage2_test_loss":0.29068175098747445,"stage3_test_loss":0.2970425354288955,"epoch":10,"bin_keep_ratio":0.5078125,"stage1/test_f1":0.8955848355193489,"stage_1_separableconvcnn/confusion_matrix_table":{"_type":"table-file","log_mode":"IMMUTABLE","ncols":3,"_latest_artifact_path":"wandb-client-artifact://x36j1oss01aqaro1u6v3xsy7nw0abl2rkn1qb423u8tulu3hezn7fdjhz4bhxndhrbaljc1juidcelbrxjxmwvjy9y1a1telrg0h3nr7sx9vemgxw7k0w68gc5s2ssam:latest/stage_1_separableconvcnn/confusion_matrix_table.table.json","size":1367,"sha256":"b6794eea1be784f80fb161e79cfb5fafc447fd2d79d397f01e9a3acefb80fca6","nrows":36,"path":"media/table/stage_1_separableconvcnn/confusion_matrix_table_1_b6794eea1be784f80fb1.table.json","artifact_path":"wandb-client-artifact://dl57ah3fd89ov27io0hnbppm9108sfvht1pj8fk3x3akt6n5q5vdvpjku3b1avs58879inwemxx1av849jec0ue32q0vk91c13jxo7arsfhhovmjyrh1nz16ty3ax4b5/stage_1_separableconvcnn/confusion_matrix_table.table.json"},"best_val_loss":0.1877508165054424,"lr":0.001,"stage1_test_f1":0.8955848355193489,"_wandb":{"runtime":11},"train_acc":94.41260744985674,"_runtime":11,"val_loss":0.24426270156137406,"stage2_test_f1":0.8994305496874474,"_timestamp":1.7766072392848878e+09,"stage1/use_pretrain_model":false,"stage":3,"stage2_test_acc":89.75229046487954,"_step":7,"stage2_hard_bin_mask_str":"[1.0, 1.0, 1.0, 1.0, 1.0, 1.0, 1.0, 1.0, 1.0, 1.0, 1.0, 1.0, 1.0, 1.0, 1.0, 1.0, 1.0, 1.0, 1.0, 1.0, 1.0, 1.0, 1.0, 1.0, 1.0, 1.0, 1.0, 0.0, 0.0, 0.0, 0.0, 0.0, 1.0, 1.0, 0.0, 1.0, 0.0, 1.0, 1.0, 1.0, 0.0, 0.0, 1.0, 1.0, 1.0, 1.0, 1.0, 1.0, 1.0, 0.0, 1.0, 1.0, 1.0, 1.0, 1.0, 1.0, 1.0, 1.0, 0.0, 1.0, 0.0, 0.0, 0.0, 1.0, 1.0, 0.0, 1.0, 0.0, 1.0, 1.0, 1.0, 0.0, 0.0, 0.0, 0.0, 1.0, 1.0, 1.0, 0.0, 0.0, 0.0, 1.0, 0.0, 1.0, 1.0, 0.0, 0.0, 0.0, 0.0, 0.0, 0.0, 1.0, 0.0, 0.0, 0.0, 0.0, 1.0, 0.0, 0.0, 0.0, 1.0, 0.0, 1.0, 0.0, 0.0, 0.0, 0.0, 0.0, 0.0, 0.0, 0.0, 0.0, 0.0, 0.0, 0.0, 0.0, 0.0, 0.0, 0.0, 0.0, 0.0, 0.0, 0.0, 0.0, 0.0, 0.0, 0.0, 0.0]","lr_backbone":0.0001,"stage_3_separableconvcnn/confusion_matrix_table":{"_latest_artifact_path":"wandb-client-artifact://rfgoeez0aoavnpj9ednfkvypze3osuzedp325wp68a4i7m7rq0u2f98ml0tqpizu7wbrghxvy9kogy1spjitvjjz6jvqc2xdk3lomheh6knv0c5kau22wkiw28jmyggs:latest/stage_3_separableconvcnn/confusion_matrix_table.table.json","nrows":36,"artifact_path":"wandb-client-artifact://sbmiyp3gy3e27mdgcjc0tfbmdp5heortktt4kj72pl081g9pgw8thcj07ethy03tcmw7ym7fsg8n5cf9xplbej1apaub9tmukn0buwt52h94yx477f839afzigb003of/stage_3_separableconvcnn/confusion_matrix_table.table.json","sha256":"ca50288126febd97fbce1acdbcbbe523b2d9741eb45e117df06e5229a35b2d71","path":"media/table/stage_3_separableconvcnn/confusion_matrix_table_6_ca50288126febd97fbce.table.json","size":1365,"_type":"table-file","ncols":3,"log_mode":"IMMUTABLE"},"stage1/test_loss":0.2953477400942689,"stage1/test_acc":89.44689514760773,"mask_l1":0.4453125298023224,"stage1_test_loss":0.2953477400942689,"val_acc":91.93548387096774,"stage3_test_f1":0.8978737405413968,"train_loss":0.13825253818536384,"lr_gumbel_bin":0.001,"stage3_test_acc":89.68442483881914}