{"stage1/test_loss":0.5623866128893104,"stage_1_separableconvcnn/confusion_matrix_table":{"size":2014,"nrows":64,"_latest_artifact_path":"wandb-client-artifact://7xmmt4zrxznokgj1pjzdm0v6c23i794zbtdpvuph35w6fgsa2y1buc20brau4rlrspibc7gnqpcemy7k607dwb0rftmz62oe7cnz3vt41evkgjkn9su4gmf22foys8ql:latest/stage_1_separableconvcnn/confusion_matrix_table.table.json","log_mode":"IMMUTABLE","_type":"table-file","artifact_path":"wandb-client-artifact://s05ydleacewnx17qmmi1gy0icg0zamevfi6i5ctdbxip0zfnyepkgodryb81u3t8lhw2s9gqa2vtkdzcdiesjkbi5k5pwvbcwmfthgqqnhczabjb41yu3s3qhwfs5qb1/stage_1_separableconvcnn/confusion_matrix_table.table.json","ncols":3,"sha256":"cd395d8a46bf4d680a6b42b4b3ff0435ee261d2cae8976ea0655f8623889338c","path":"media/table/stage_1_separableconvcnn/confusion_matrix_table_4_cd395d8a46bf4d680a6b.table.json"},"stage1/train_loss":0.4631381339883012,"best_val_loss":0.7421000873449238,"_step":4,"test_acc":81.52498712004122,"stage1/use_pretrain_model":false,"stage1_test_acc":81.52498712004122,"stage1/epoch":10,"_runtime":50,"stage1_test_loss":0.5623866128893104,"stage1/lr":0.001,"stage1/val_loss":0.8976896025355128,"stage1/stage_number":1,"_timestamp":1.775386013806017e+09,"best_epoch":4,"test_f1_macro":0.7169125349414998,"_wandb":{"runtime":50},"stage1_test_f1":0.7169125349414998,"stage1/test_f1":0.7169125349414998,"stage1/purpose":"train baseline model","stage1/best_val_loss":0.7421000873449238,"stage1/test_acc":81.52498712004122,"stage1/val_acc":73.29036877909058,"test_loss":0.5623866128893104,"stage1/train_acc":72.5170658564495}