{"stage1/purpose":"train baseline model","_step":5,"stage1/epoch":15,"best_epoch":5,"stage1/train_loss":0.43375965636470226,"stage1/val_acc":67.98561151079137,"stage1/test_acc":77.11488923235446,"stage1_test_acc":77.11488923235446,"test_acc":77.11488923235446,"stage1_test_f1":0.6920795649320717,"stage1/val_loss":0.9362684798612297,"stage1/stage_number":1,"_timestamp":1.7763655412632108e+09,"best_val_loss":0.8509702155129801,"stage1/lr":0.001,"stage1/test_f1":0.6920795649320717,"test_f1_macro":0.6920795649320717,"_runtime":50,"stage1/test_loss":0.6121446888181796,"test_loss":0.6121446888181796,"stage1/train_acc":73.7492141394066,"stage1/use_pretrain_model":false,"stage1_test_loss":0.6121446888181796,"stage_1_separableconvcnn/confusion_matrix_table":{"ncols":3,"_type":"table-file","nrows":64,"log_mode":"IMMUTABLE","size":2007,"sha256":"de2771712f3c380ef8bd0c520ebafb4e8d4f7b50c113bfae0d6ef67739921c7d","path":"media/table/stage_1_separableconvcnn/confusion_matrix_table_5_de2771712f3c380ef8bd.table.json","_latest_artifact_path":"wandb-client-artifact://u3n6h08bwy5fu556058beiv7plzdh3una49mggkc8v6flj0857fkdnhblkjpq9khdxv2eietyfgwioatas7icvopwrdxk97soa3c5asr7ewe8iwsxezz2vvd66ddste4:latest/stage_1_separableconvcnn/confusion_matrix_table.table.json","artifact_path":"wandb-client-artifact://zfkpdum8fswxtn00ln614t8wtel7ptbvxcuzr5wwwkiau1aai7w5m39jtlmhux58sfsx48rg8s70uaroe8wr52tkxaeqo4hcm5bc41aq5o8bzq1iedza7nsfdadgz3ed/stage_1_separableconvcnn/confusion_matrix_table.table.json"},"stage1/best_val_loss":0.8509702155129801,"_wandb":{"runtime":50}}