{"stage1_test_loss":0.31293068061798196,"lr":0.001,"train_loss":0.19856353940116642,"stage1_test_acc":90.63454360366474,"stage3_test_acc":88.59857482185274,"bin_keep_ratio":0.29230770468711853,"stage1_test_f1":0.9073731888403188,"_timestamp":1.7757694030812767e+09,"stage1/test_acc":90.63454360366474,"stage_3_separableconvcnn/confusion_matrix_table":{"log_mode":"IMMUTABLE","_latest_artifact_path":"wandb-client-artifact://k41lc49hhcxtsf8gr85r1n550ui3bb7dyw72ecf3dtip33a86nzlov1w2ymlwau2gjvwvrk3rtfchfwiw0q747nqwt2ndcyj6ykjdk4y4hm1ewg89di5zla48g77d46n:latest/stage_3_separableconvcnn/confusion_matrix_table.table.json","nrows":36,"path":"media/table/stage_3_separableconvcnn/confusion_matrix_table_8_978cf43dbe827b28e376.table.json","size":1367,"artifact_path":"wandb-client-artifact://qkf26vpvkqwnd9gycah8bmft386cir1ymgd0zojfb52r6gxx8fz93rzrumblfdte27ny8vulrabdkx53tio4eut5v7mvz0uyr7x7cbfplqz9kmk3pvpbv5qrwnvkhyqu/stage_3_separableconvcnn/confusion_matrix_table.table.json","_type":"table-file","sha256":"978cf43dbe827b28e3760789775da7a4ec6c660d59c90f353eb7c56ca8e9945a","ncols":3},"best_val_loss":0.17098480569178698,"val_acc":91.66666666666667,"val_loss":0.21383338077093966,"stage2_test_acc":89.71835765184935,"_step":9,"stage1/use_pretrain_model":false,"stage3_test_f1":0.8870857680192931,"stage_1_separableconvcnn/confusion_matrix_table":{"sha256":"8092b63f36cc3eeede6f51599ff92baa72951bd76a7b56754f2aeb0be43f14ce","path":"media/table/stage_1_separableconvcnn/confusion_matrix_table_1_8092b63f36cc3eeede6f.table.json","artifact_path":"wandb-client-artifact://4bfe0bvfh4cobdv7icdv92oud2nm2zusaxzgxt9hvjrpi4wmuhuoj5wcbu5tiwd66wp87ahdhza7r9bnziua0kp23gyxdbgbyqk5v460prftwj8pg21a17antmi4j8z1/stage_1_separableconvcnn/confusion_matrix_table.table.json","size":1367,"_type":"table-file","log_mode":"IMMUTABLE","nrows":36,"ncols":3,"_latest_artifact_path":"wandb-client-artifact://g0qcza2wjkfewhxwonelm43fv4zkok5uy1kc402v3w7u6jhwv0bh7w72dj6fee86p5d99h58a0q724fn54aaxumc4ncrex8uhdhw5ocqg06oyv5q2at2l9go7m01sbxc:latest/stage_1_separableconvcnn/confusion_matrix_table.table.json"},"_wandb":{"runtime":15},"mask_l1":0.2153846174478531,"stage3_test_loss":0.3514669802681891,"stage":3,"epoch":15,"train_acc":92.13467048710602,"stage1/test_loss":0.31293068061798196,"stage2_hard_bin_mask_str":"[1.0, 1.0, 1.0, 1.0, 1.0, 1.0, 1.0, 1.0, 1.0, 1.0, 1.0, 1.0, 1.0, 1.0, 0.0, 1.0, 1.0, 0.0, 0.0, 0.0, 1.0, 0.0, 0.0, 1.0, 1.0, 0.0, 0.0, 0.0, 0.0, 0.0, 0.0, 0.0, 0.0, 0.0, 0.0, 0.0, 0.0, 0.0, 0.0, 0.0, 0.0, 0.0, 0.0, 0.0, 0.0, 0.0, 0.0, 0.0, 0.0, 0.0, 0.0, 0.0, 0.0, 0.0, 0.0, 0.0, 0.0, 0.0, 0.0, 0.0, 0.0, 0.0, 0.0, 0.0, 0.0]","_runtime":15,"stage1/test_f1":0.9073731888403188,"stage2_test_f1":0.8978711409530877,"lr_backbone":0.0001,"stage2_test_loss":0.26484615015062785,"lr_gumbel_bin":0.001}