{"stage2_test_loss":0.2920346614369989,"_timestamp":1.7766092902845013e+09,"lr_gumbel_bin":0.001,"stage1_test_loss":0.26363734013998574,"train_acc":91.93871706758304,"stage1/use_pretrain_model":false,"stage2_test_acc":88.90397013912454,"stage_1_separableconvcnn/confusion_matrix_table":{"_type":"table-file","sha256":"1cfb327b238383c919e857ec20aed15d39f5946127c94287bb0dcf58922a49c4","path":"media/table/stage_1_separableconvcnn/confusion_matrix_table_1_1cfb327b238383c919e8.table.json","ncols":3,"log_mode":"IMMUTABLE","size":1366,"artifact_path":"wandb-client-artifact://fovg75odltduckm4scypn31t2233kxg10p853kyl70fjkd0ke1cs9dlro5v7791vm4zzz6bofmvua4vyxkyx19njnel1catgiklx4pzuo6hcdxw6bkj3eg8flw90tahj/stage_1_separableconvcnn/confusion_matrix_table.table.json","nrows":36,"_latest_artifact_path":"wandb-client-artifact://ekcszvt2dm2k49il56rj7hu0y5nfkwmu9lh9iyibzgt6nmvkrobmm3v8fdp8x8cxtq7qb03v786886wx002w4snqhabofvm16qe13yquinfirtiei9jpvbhz15t4b7u8:latest/stage_1_separableconvcnn/confusion_matrix_table.table.json"},"lr":0.001,"val_loss":0.5328813486773035,"stage1/test_f1":0.9049852446789776,"train_loss":0.1907420679158771,"stage_3_separableconvcnn/confusion_matrix_table":{"log_mode":"IMMUTABLE","artifact_path":"wandb-client-artifact://063ywulkpsrsc3g5eytzdv3qfamichmujnr7dpzk5z9iatkey3cv5ptdq71a7zb0y23kzbq15i3bnvbzdol49k71t685djc4k8aeeuxx4uwcrd9tqmqo96c3s5gq3hxv/stage_3_separableconvcnn/confusion_matrix_table.table.json","nrows":36,"path":"media/table/stage_3_separableconvcnn/confusion_matrix_table_21_ea10c936e94004407a64.table.json","sha256":"ea10c936e94004407a64cea29f167dda82635f9433c4d236ec735f1ad5e04de1","_latest_artifact_path":"wandb-client-artifact://fbyitt3zsshj21wuhbgaxbzr2m3v3ddzqzvlzadbxl6k04kcgjnha1rhfeu08guds841bbk9ctx9yty66kp48on21wivesa9xdtl2eo2gchsqmo58jv4b0nn2lxxdj1d:latest/stage_3_separableconvcnn/confusion_matrix_table.table.json","_type":"table-file","size":1367,"ncols":3},"best_val_loss":0.4317768749821445,"stage":3,"val_acc":76.6304347826087,"_runtime":39,"stage1_test_f1":0.9049852446789776,"stage3_test_loss":0.3222424110011229,"_step":22,"stage1/test_loss":0.26363734013998574,"stage3_test_acc":89.58262639972854,"stage3_test_f1":0.8968887416400294,"lr_backbone":0.0001,"stage1/test_acc":90.36308109942314,"epoch":55,"stage2_hard_bin_mask_str":"[1.0, 1.0, 1.0, 1.0, 1.0, 1.0, 1.0, 1.0, 1.0, 1.0, 1.0, 0.0, 1.0, 1.0, 1.0, 0.0, 0.0, 0.0, 0.0, 0.0, 0.0, 0.0, 0.0, 0.0, 0.0, 0.0, 0.0, 0.0, 0.0, 0.0, 0.0, 0.0, 0.0, 0.0, 0.0, 0.0, 0.0, 0.0, 0.0, 0.0, 0.0, 0.0, 0.0, 0.0, 0.0, 0.0, 0.0, 0.0, 0.0, 0.0, 0.0, 0.0, 0.0, 0.0, 0.0, 0.0, 0.0, 0.0, 0.0, 0.0, 0.0, 0.0, 0.0, 0.0, 0.0, 0.0, 0.0, 0.0, 0.0, 0.0, 0.0, 0.0, 0.0, 0.0, 0.0, 0.0, 0.0, 0.0, 0.0, 0.0, 0.0, 0.0, 0.0, 0.0, 0.0, 0.0, 0.0, 0.0, 0.0, 0.0, 0.0, 0.0, 0.0, 0.0, 0.0, 0.0, 0.0, 0.0, 0.0, 0.0, 0.0, 0.0, 0.0, 0.0, 0.0, 0.0, 0.0, 0.0, 0.0, 0.0, 0.0, 0.0, 0.0, 0.0, 0.0, 0.0, 0.0, 0.0, 0.0, 0.0, 0.0, 0.0, 0.0, 0.0, 0.0, 0.0, 0.0, 0.0]","stage2_test_f1":0.8888981760046635,"stage1_test_acc":90.36308109942314,"bin_keep_ratio":0.109375,"mask_l1":0.09375,"_wandb":{"runtime":39}}