{"bin_keep_ratio":0.1640625,"stage3_test_loss":0.5331204129570846,"_wandb":{"runtime":22},"stage3_test_f1":0.8471923996853238,"stage_1_separableconvcnn/confusion_matrix_table":{"log_mode":"IMMUTABLE","sha256":"ba1709b9ded253dca6f14b8d1a777336f0cb86899167c45d58f90d5e787020ac","nrows":36,"artifact_path":"wandb-client-artifact://aunqj35wusqj0oe66o7dlifj7f8707rtny1f61b4qhhttkbfy25uw60nbygaqybopcfpsgbcmfmmhuwa0l5orl7drep8iuzbevahvlzs35rbnzjg1zmdp8c1lftngmae/stage_1_separableconvcnn/confusion_matrix_table.table.json","ncols":3,"size":1366,"path":"media/table/stage_1_separableconvcnn/confusion_matrix_table_1_ba1709b9ded253dca6f1.table.json","_latest_artifact_path":"wandb-client-artifact://z6wog4fbaz29yobmrxw5h72fbnciqso79t1a2jy94yd4h1504u2nuvnrhpmeaq5gs89ilcz8yeox8zq9ujyl32pz6jart5ugcof9dtb9ajtx37a6ta7m8yvim72435d1:latest/stage_1_separableconvcnn/confusion_matrix_table.table.json","_type":"table-file"},"stage1_test_f1":0.9190924499938599,"lr":0.001,"_timestamp":1.776421907300653e+09,"epoch":40,"train_loss":0.1778960175764382,"stage":3,"_runtime":22,"best_val_loss":0.3590470865068243,"_step":13,"stage1/test_acc":91.72039362063116,"stage1_test_acc":91.72039362063116,"stage2_hard_bin_mask_str":"[0.0, 0.0, 0.0, 0.0, 0.0, 0.0, 1.0, 0.0, 0.0, 0.0, 0.0, 1.0, 1.0, 0.0, 0.0, 0.0, 0.0, 0.0, 1.0, 1.0, 0.0, 0.0, 0.0, 1.0, 1.0, 1.0, 1.0, 1.0, 0.0, 0.0, 0.0, 0.0, 0.0, 1.0, 1.0, 1.0, 1.0, 0.0, 1.0, 0.0, 1.0, 1.0, 0.0, 0.0, 1.0, 0.0, 0.0, 0.0, 1.0, 0.0, 0.0, 0.0, 0.0, 1.0, 0.0, 0.0, 0.0, 0.0, 0.0, 0.0, 0.0, 0.0, 0.0, 1.0, 0.0, 0.0, 0.0, 0.0, 0.0, 0.0, 0.0, 0.0, 0.0, 0.0, 0.0, 0.0, 0.0, 0.0, 0.0, 0.0, 0.0, 0.0, 0.0, 0.0, 0.0, 0.0, 0.0, 0.0, 0.0, 0.0, 0.0, 0.0, 0.0, 0.0, 0.0, 0.0, 0.0, 0.0, 0.0, 0.0, 0.0, 0.0, 0.0, 0.0, 0.0, 0.0, 0.0, 0.0, 0.0, 0.0, 0.0, 0.0, 0.0, 0.0, 0.0, 0.0, 0.0, 0.0, 0.0, 0.0, 0.0, 0.0, 0.0, 0.0, 0.0, 0.0, 0.0, 0.0]","val_loss":0.3866486878832802,"stage1/test_f1":0.9190924499938599,"train_acc":92.07708779443254,"stage1/use_pretrain_model":false,"stage1_test_loss":0.25057173036076164,"stage1/test_loss":0.25057173036076164,"lr_backbone":0.0001,"mask_l1":0,"lr_gumbel_bin":0.001,"val_acc":87.03170028818444,"stage3_test_acc":84.56057007125891,"stage2_test_loss":0.6329735518070674,"stage_3_separableconvcnn/confusion_matrix_table":{"_type":"table-file","log_mode":"IMMUTABLE","_latest_artifact_path":"wandb-client-artifact://stvrs7mimfjn7w0trzf0u4s8j3h1lpk6e32jp1shj7apn5jg50x26yaoqcoiftlwwotfbr7prkx4ptg5hh53h53ky1ud053czpsollbbqv1x8h54k50pwgboaqlddc9c:latest/stage_3_separableconvcnn/confusion_matrix_table.table.json","nrows":36,"ncols":3,"size":1371,"sha256":"2bfe0c1e0abefa56fcb3ef9cc33fa6b4711dd9e8c1bf7d4493c9112a5f2c8606","artifact_path":"wandb-client-artifact://q9ikpoe8p66bmreo40fcrlq9838ojw8p8k61a381qiibpixkrz8kpsffg7gt30o80fqm3d342tyregqya7by8hm7ju6rsn2pnza7i36zrahisuz1q8sde945w4vz9uj5/stage_3_separableconvcnn/confusion_matrix_table.table.json","path":"media/table/stage_3_separableconvcnn/confusion_matrix_table_12_2bfe0c1e0abefa56fcb3.table.json"},"stage2_test_f1":0.7773353194463647,"stage2_test_acc":77.87580590430947}