{"stage2_test_acc":88.42891075670173,"stage3_test_f1":0.8544061462227667,"best_val_loss":0.2518871757379375,"stage3_test_acc":85.3070919579233,"lr_gumbel_bin":0.001,"_wandb":{"runtime":13},"_timestamp":1.7764242690945392e+09,"stage2_test_f1":0.8856045279427419,"stage":3,"_step":8,"train_loss":0.11857749447237151,"stage2_hard_bin_mask_str":"[0.0, 0.0, 0.0, 0.0, 0.0, 1.0, 1.0, 1.0, 1.0, 1.0, 1.0, 1.0, 1.0, 1.0, 1.0, 1.0, 1.0, 1.0, 1.0, 1.0, 1.0, 1.0, 1.0, 1.0, 1.0, 1.0, 1.0, 1.0, 1.0, 1.0, 1.0, 1.0, 1.0, 1.0, 1.0, 1.0, 1.0, 1.0, 1.0, 1.0, 0.0, 1.0, 1.0, 1.0, 1.0, 1.0, 1.0, 1.0, 1.0, 1.0, 1.0, 1.0, 1.0, 1.0, 1.0, 1.0, 1.0, 1.0, 0.0, 1.0, 0.0, 0.0, 0.0, 1.0, 0.0, 0.0, 0.0, 0.0, 0.0, 0.0, 0.0, 0.0, 0.0, 0.0, 0.0, 0.0, 0.0, 0.0, 0.0, 0.0, 0.0, 0.0, 0.0, 0.0, 0.0, 0.0, 0.0, 0.0, 0.0, 0.0, 0.0, 0.0, 0.0, 0.0, 0.0, 0.0, 0.0, 0.0, 0.0, 0.0, 0.0, 0.0, 0.0, 0.0, 0.0, 0.0, 0.0, 0.0, 0.0, 0.0, 0.0, 0.0, 0.0, 0.0, 0.0, 0.0, 0.0, 0.0, 0.0, 0.0, 0.0, 0.0, 0.0, 0.0, 0.0, 0.0, 0.0, 0.0]","stage1_test_acc":89.85408890397014,"epoch":10,"lr":0.001,"mask_l1":0.1953125,"stage1_test_loss":0.4559599839993571,"stage1/test_acc":89.85408890397014,"val_loss":0.31277105910430425,"train_acc":94.97931821423478,"bin_keep_ratio":0.421875,"stage1/test_loss":0.4559599839993571,"stage1/test_f1":0.8992012196111356,"stage_1_separableconvcnn/confusion_matrix_table":{"log_mode":"IMMUTABLE","size":1368,"_type":"table-file","_latest_artifact_path":"wandb-client-artifact://mjw7rvab8efw6bf14f5o9yssbwrtuegktyqzkqdn1dlj0lq9y0ka5bg56mwnprcvuvx34r1am26r5wu8t2pkhq9mlo0bipwov0w3wpmpbkh0da31rtwxe4ubszp4b0z1:latest/stage_1_separableconvcnn/confusion_matrix_table.table.json","sha256":"02c5a6fac2b98a2cce23216035c71184f8282e95afab8b7a4923ed0654b10cea","nrows":36,"ncols":3,"artifact_path":"wandb-client-artifact://zf7y7uern644crns3ojhu9cygwpx8uhrwhihr0ouxt0efrr4cp89h88nbedzlnspttng84bucj9u85g684ewgigkuown9f26tzxl73cj1kyvln9tt0nh28hpwivwmohp/stage_1_separableconvcnn/confusion_matrix_table.table.json","path":"media/table/stage_1_separableconvcnn/confusion_matrix_table_1_02c5a6fac2b98a2cce23.table.json"},"stage2_test_loss":0.49518094125874074,"val_acc":89.73607038123167,"stage1/use_pretrain_model":false,"lr_backbone":0.0001,"stage1_test_f1":0.8992012196111356,"stage3_test_loss":0.5885424733013671,"_runtime":13,"stage_3_separableconvcnn/confusion_matrix_table":{"path":"media/table/stage_3_separableconvcnn/confusion_matrix_table_7_eda4742d7794acace9ae.table.json","size":1367,"sha256":"eda4742d7794acace9ae59adf449db120dc0938b63da1ae1b4b86a4870b258e1","artifact_path":"wandb-client-artifact://2uqotcip35aovkmarpnajfxzh14y5rh2lf8t8aquqoz6d88mtoamk1xvhhngaxpfocdekjffjipl6rit9mthbhezerl4uqnyagupbhg4m8wt3ztkzy0v92rhzr2jqey3/stage_3_separableconvcnn/confusion_matrix_table.table.json","_latest_artifact_path":"wandb-client-artifact://9rxi7sl3w38wzevloz5wrce51uqooyeeys29mghehkx23fwmhqs652tm8y7cuvkqqxcax3trl8xd2t3ytb55jw4p1bzapm4jjqb0t7a8j2w2fku9ktejx4xsqg4ekdmc:latest/stage_3_separableconvcnn/confusion_matrix_table.table.json","nrows":36,"log_mode":"IMMUTABLE","ncols":3,"_type":"table-file"}}