{"test_acc":92.12758737699355,"stage1/val_acc":88.25136612021858,"stage1/test_f1":0.9219876995353277,"best_val_loss":0.27264900651093715,"stage1_test_f1":0.9219876995353277,"stage1/test_acc":92.12758737699355,"stage1/val_loss":0.3005821459616224,"_step":6,"_runtime":10,"stage1/purpose":"train baseline model","stage1/best_val_loss":0.27264900651093715,"stage1/train_acc":94.60349269968509,"stage1_test_acc":92.12758737699355,"stage1/use_pretrain_model":false,"stage1/test_loss":0.22278288569213314,"stage1/lr":0.001,"_wandb":{"runtime":10},"best_epoch":14,"test_f1_macro":0.9219876995353277,"stage_1_separableconvcnn/confusion_matrix_table":{"size":1367,"path":"media/table/stage_1_separableconvcnn/confusion_matrix_table_6_bda03fcb1a2de4eb6110.table.json","artifact_path":"wandb-client-artifact://4te7n2j27bi44i17g7a7hiyayfzcec5mx73wckyhc9jcf04mkn64145rvgt7gbim2w2z0vo9b652p0lhj565cu8wb7mqkag6ww6y30onot07u044z2xu3u54asjos1iy/stage_1_separableconvcnn/confusion_matrix_table.table.json","_latest_artifact_path":"wandb-client-artifact://9jv0ngeq7n2vor4q4i9ks3upke5bci8xcmlwa9lgwyzo65693a71ope4nmjwk08r84sx2emndgcpe61m905p94cq4uqznrssr69eq18q3i5sneyeisppctu2uhie5dvc:latest/stage_1_separableconvcnn/confusion_matrix_table.table.json","sha256":"bda03fcb1a2de4eb6110c5203aad8cb9724a0289aa8ccc10119632ddce082632","nrows":36,"log_mode":"IMMUTABLE","ncols":3,"_type":"table-file"},"_timestamp":1.7757579482961361e+09,"stage1/epoch":20,"stage1_test_loss":0.22278288569213314,"stage1/stage_number":1,"stage1/train_loss":0.12955007650706818,"test_loss":0.22278288569213314}