{"stage3_test_loss":0.5861614675477043,"stage_1_separableconvcnn/confusion_matrix_table":{"nrows":36,"artifact_path":"wandb-client-artifact://ydy4igfiuhp4s1xsgb5cf76kdkjgefwz9qvsqx98hq6qiiybbp3eo1mctmtgyq0eps9157us85sdsww0es3kbxnqezfjfpujjzbscidcjuxowegsisork0a1frty2adb/stage_1_separableconvcnn/confusion_matrix_table.table.json","sha256":"ba1709b9ded253dca6f14b8d1a777336f0cb86899167c45d58f90d5e787020ac","_type":"table-file","ncols":3,"log_mode":"IMMUTABLE","_latest_artifact_path":"wandb-client-artifact://tk5nu85xxie9oy7gwe999vu3ux7ofzt22grj6dfhtughu7jdays58ebpraff18akjorphqwpejilvtjlhuibho9p8wyuxgqhr26mkwa7ho5cecwq9kue4qhoj530prkw:latest/stage_1_separableconvcnn/confusion_matrix_table.table.json","path":"media/table/stage_1_separableconvcnn/confusion_matrix_table_1_ba1709b9ded253dca6f1.table.json","size":1366},"stage3_test_f1":0.8078892946691817,"lr":0.001,"stage1_test_f1":0.9190924499938599,"_step":9,"_wandb":{"runtime":14},"epoch":20,"stage1/test_loss":0.25057173036076164,"_timestamp":1.7764236180861104e+09,"stage1/test_f1":0.9190924499938599,"stage":3,"val_acc":82.70893371757926,"stage2_test_loss":0.7091382334889256,"stage1_test_acc":91.72039362063116,"train_loss":0.22227437221136032,"mask_l1":0.015625,"_runtime":14,"stage2_test_f1":0.7607740233655941,"stage1_test_loss":0.25057173036076164,"val_loss":0.49151267381841235,"stage1/test_acc":91.72039362063116,"train_acc":90.14989293361884,"lr_backbone":0.0001,"stage_3_separableconvcnn/confusion_matrix_table":{"ncols":3,"log_mode":"IMMUTABLE","sha256":"ad4e70ffd2c97cac1cdccea25558721b28a6c36a2e47b7069e575b1cc55a28b5","nrows":36,"artifact_path":"wandb-client-artifact://x6qotr1oixw8vaonqrbkckpvwb17zwudq5tx5jl3mq9steub6r8hruoaiwqv6cwtma0wp4fwh1gse1pup2rz6h03okuvmevbzdxv9ziq6pnv1fkha2qwz51ppl9jz5ga/stage_3_separableconvcnn/confusion_matrix_table.table.json","path":"media/table/stage_3_separableconvcnn/confusion_matrix_table_8_ad4e70ffd2c97cac1cdc.table.json","_latest_artifact_path":"wandb-client-artifact://pkndzsoghxxo4c3c8edz5ie85y2x4ewe8p6xgz80mknaxjba1yasqn8so0zlbty4saoy03cku3x7cpn7hm254knuh9woxpli6aq9rqwimmllh5ybecli1n0eu1s5t212:latest/stage_3_separableconvcnn/confusion_matrix_table.table.json","size":1370,"_type":"table-file"},"stage1/use_pretrain_model":false,"bin_keep_ratio":0.171875,"stage3_test_acc":80.92975907702748,"best_val_loss":0.39804722884031124,"stage2_hard_bin_mask_str":"[0.0, 0.0, 0.0, 1.0, 0.0, 1.0, 0.0, 0.0, 0.0, 0.0, 0.0, 0.0, 0.0, 0.0, 1.0, 1.0, 0.0, 0.0, 0.0, 0.0, 0.0, 0.0, 1.0, 1.0, 1.0, 0.0, 0.0, 1.0, 1.0, 0.0, 1.0, 1.0, 1.0, 0.0, 0.0, 0.0, 0.0, 1.0, 1.0, 0.0, 0.0, 1.0, 0.0, 0.0, 0.0, 1.0, 1.0, 1.0, 0.0, 0.0, 0.0, 0.0, 1.0, 0.0, 1.0, 1.0, 1.0, 0.0, 0.0, 0.0, 0.0, 0.0, 0.0, 0.0, 0.0, 0.0, 0.0, 0.0, 0.0, 0.0, 0.0, 0.0, 0.0, 0.0, 0.0, 0.0, 0.0, 0.0, 0.0, 0.0, 0.0, 0.0, 0.0, 0.0, 0.0, 0.0, 0.0, 0.0, 0.0, 0.0, 0.0, 0.0, 0.0, 0.0, 0.0, 0.0, 0.0, 0.0, 0.0, 0.0, 0.0, 0.0, 0.0, 0.0, 0.0, 0.0, 0.0, 0.0, 0.0, 0.0, 0.0, 0.0, 0.0, 0.0, 0.0, 0.0, 0.0, 0.0, 0.0, 0.0, 0.0, 0.0, 0.0, 0.0, 0.0, 0.0, 0.0, 0.0]","stage2_test_acc":76.38276213098065,"lr_gumbel_bin":0.001}