{"train_loss":0.1783577909595088,"best_val_loss":0.25155008664975564,"stage2_test_f1":0.8847448200461505,"stage1/test_acc":88.97183576518493,"stage2_test_loss":0.30060533819962537,"train_acc":92.84897025171625,"_timestamp":1.7757822853275182e+09,"epoch":20,"_runtime":24,"stage1/test_loss":0.2595700413673605,"stage3_test_acc":89.98982015609094,"_wandb":{"runtime":24},"val_acc":86.11111111111111,"stage1_test_acc":88.97183576518493,"stage1/test_f1":0.8918346350058876,"stage3_test_f1":0.9012379768292865,"stage":3,"val_loss":0.3490634566379918,"stage_1_separableconvcnn/confusion_matrix_table":{"log_mode":"IMMUTABLE","ncols":3,"artifact_path":"wandb-client-artifact://g91ykqiiu05mn42j0mg769i526sx69u6x23e6eijxmxazxpm7khglnmimt8ftoz32g13b1fkbnl5t3ql6h8nvjorfcl2n7unmkmbyxwiijnlxo61x469rfi0jp9uud7n/stage_1_separableconvcnn/confusion_matrix_table.table.json","_type":"table-file","nrows":36,"size":1368,"sha256":"880c447eac1a9a77c7fa2e8846a50891fe02ccdbcf95146150818555860496db","_latest_artifact_path":"wandb-client-artifact://7m9ugii9f4kpkdmvclrp719e1g0q123pibg1pjsoawpi83qyovhgq5b0yy40x1wee44ydvqkf5eaw4vcgsri3ox55ah0hp46sg9xfskipbi659pfpq7iwordetq2m8j4:latest/stage_1_separableconvcnn/confusion_matrix_table.table.json","path":"media/table/stage_1_separableconvcnn/confusion_matrix_table_1_880c447eac1a9a77c7fa.table.json"},"mask_l1":0.15625,"stage1_test_loss":0.2595700413673605,"stage1/use_pretrain_model":false,"stage1_test_f1":0.8918346350058876,"stage3_test_loss":0.2875984198791675,"lr_gumbel_bin":0.001,"lr_backbone":0.0001,"stage2_hard_bin_mask_str":"[1.0, 1.0, 1.0, 1.0, 1.0, 1.0, 1.0, 1.0, 1.0, 1.0, 1.0, 1.0, 1.0, 1.0, 1.0, 1.0, 1.0, 0.0, 1.0, 1.0, 1.0, 0.0, 1.0, 1.0, 0.0, 0.0, 0.0, 0.0, 0.0, 0.0, 0.0, 0.0, 0.0, 0.0, 0.0, 0.0, 0.0, 0.0, 0.0, 0.0, 0.0, 0.0, 0.0, 0.0, 0.0, 0.0, 0.0, 0.0, 0.0, 0.0, 0.0, 0.0, 0.0, 0.0, 0.0, 0.0, 0.0, 0.0, 0.0, 0.0, 0.0, 0.0, 0.0, 0.0, 0.0, 0.0, 0.0, 0.0, 0.0, 0.0, 0.0, 0.0, 0.0, 0.0, 0.0, 0.0, 0.0, 0.0, 0.0, 0.0, 0.0, 0.0, 0.0, 0.0, 0.0, 0.0, 0.0, 0.0, 0.0, 0.0, 0.0, 0.0, 0.0, 0.0, 0.0, 0.0, 0.0, 0.0, 0.0, 0.0, 0.0, 0.0, 0.0, 0.0, 0.0, 0.0, 0.0, 0.0, 0.0, 0.0, 0.0, 0.0, 0.0, 0.0, 0.0, 0.0, 0.0, 0.0, 0.0, 0.0, 0.0, 0.0, 0.0, 0.0, 0.0, 0.0, 0.0, 0.0]","stage_3_separableconvcnn/confusion_matrix_table":{"log_mode":"IMMUTABLE","nrows":36,"path":"media/table/stage_3_separableconvcnn/confusion_matrix_table_12_6ef444adc19355a3eae1.table.json","sha256":"6ef444adc19355a3eae1273d6929e0e6d9b99afa3532433972ddae4e8dc702c8","_type":"table-file","ncols":3,"size":1366,"artifact_path":"wandb-client-artifact://17ysxg70rpot3d3uutfb1w217ttrk76spiyzyjknkgfzkn11gu8q6448fc48pzi9bfwvnzhc5z1597hrflf95vjbudpha64i4is8pmkbob0ct86eoe9on1bf3l43dd4h/stage_3_separableconvcnn/confusion_matrix_table.table.json","_latest_artifact_path":"wandb-client-artifact://o0id8xfeoqty24th9kk6y79lhn201biqx30r8ajeghzrff1qj1hmt0ffgapoml418kjwl5b88zpi2mhqpt7xfspewccentpuw3w3hru8sm78zvwrai9gw24i356ui1cz:latest/stage_3_separableconvcnn/confusion_matrix_table.table.json"},"bin_keep_ratio":0.171875,"_step":13,"lr":0.001,"stage2_test_acc":88.53070919579233}