{"val_loss":0.3241756940996411,"stage_3_separableconvcnn/confusion_matrix_table":{"nrows":36,"artifact_path":"wandb-client-artifact://mf26n4ppieukd4s124dc16isevmeknv0mx7jmtgluqewrj8duk33m2kz26kzfxz775inep9xy66mxknyt0le4i8ne7y6zn6wcoso2ur7ly9tdljt7ka9pd8me5ozucxu/stage_3_separableconvcnn/confusion_matrix_table.table.json","ncols":3,"log_mode":"IMMUTABLE","sha256":"1d5bc4bc0aeac388fb80e72dd9dea8d75924e84f09f8a9010ddf3b8acc469164","path":"media/table/stage_3_separableconvcnn/confusion_matrix_table_10_1d5bc4bc0aeac388fb80.table.json","_latest_artifact_path":"wandb-client-artifact://yebapw9ynhiwavcr6ua3b5j7lo2zf863lnuj98ko8rq55btkhmddwcigjh3b477qhw3aib7j64xik20m5nq7yhhlnx9h9eqieuf91y56s0t92j4qubppao0ro7wkqrx1:latest/stage_3_separableconvcnn/confusion_matrix_table.table.json","size":1367,"_type":"table-file"},"bin_keep_ratio":0.3125,"stage1/test_acc":92.46691550729555,"stage3_test_loss":0.2829421037218439,"stage":3,"val_acc":88.96797153024912,"epoch":10,"stage1_test_f1":0.9256903327450012,"stage1/test_f1":0.9256903327450012,"stage2_test_acc":91.21140142517815,"stage_1_separableconvcnn/confusion_matrix_table":{"nrows":36,"artifact_path":"wandb-client-artifact://u0x6du4hkpk81ltreg9eo8htfcdfpq1brywvthpxilwno4un8u9ithuof7g3jji3a15pnflxoa5pz8zyjah1b869gyubsdqotizhhsq0pz78lvnwrlo4zlq8rmdvbubq/stage_1_separableconvcnn/confusion_matrix_table.table.json","size":1366,"_type":"table-file","sha256":"0d020f5d83c84288d7ef82e44b2c5507ef0a1db1a97322c6a1ebbfba66b35265","path":"media/table/stage_1_separableconvcnn/confusion_matrix_table_1_0d020f5d83c84288d7ef.table.json","log_mode":"IMMUTABLE","ncols":3,"_latest_artifact_path":"wandb-client-artifact://sbkonomnd5dxolsbqibbs717mczx72b1l75fxh5c60gl2fsp74prru1cg28g49n9ynf3227ct9hz0z3e4omfpn4y5t9jh13acfllb4ks1sggoaxjw6jorz9pasjl8hrk:latest/stage_1_separableconvcnn/confusion_matrix_table.table.json"},"_runtime":19,"stage3_test_f1":0.9013719995574639,"best_val_loss":0.21491413424057904,"lr_backbone":0.0001,"stage2_test_f1":0.9123750268312477,"train_loss":0.10826590267161368,"stage1_test_loss":0.22985296332345792,"_wandb":{"runtime":19},"_step":11,"train_acc":95.38961957290341,"mask_l1":0.2734375,"lr":0.001,"stage1_test_acc":92.46691550729555,"stage2_test_loss":0.23391546654345263,"stage3_test_acc":90.15948422124194,"stage1/use_pretrain_model":false,"stage2_hard_bin_mask_str":"[1.0, 1.0, 1.0, 1.0, 1.0, 1.0, 1.0, 1.0, 1.0, 1.0, 1.0, 1.0, 1.0, 1.0, 1.0, 1.0, 1.0, 1.0, 1.0, 1.0, 1.0, 1.0, 1.0, 1.0, 1.0, 1.0, 1.0, 0.0, 0.0, 0.0, 1.0, 1.0, 1.0, 0.0, 0.0, 0.0, 1.0, 0.0, 0.0, 1.0, 1.0, 1.0, 0.0, 0.0, 1.0, 1.0, 0.0, 0.0, 1.0, 0.0, 0.0, 0.0, 0.0, 0.0, 1.0, 0.0, 1.0, 0.0, 0.0, 1.0, 0.0, 0.0, 0.0, 0.0, 0.0, 0.0, 0.0, 0.0, 0.0, 0.0, 0.0, 0.0, 0.0, 0.0, 0.0, 0.0, 0.0, 0.0, 0.0, 0.0, 0.0, 0.0, 0.0, 0.0, 0.0, 0.0, 0.0, 0.0, 0.0, 0.0, 0.0, 0.0, 0.0, 0.0, 0.0, 0.0, 0.0, 0.0, 0.0, 0.0, 0.0, 0.0, 0.0, 0.0, 0.0, 0.0, 0.0, 0.0, 0.0, 0.0, 0.0, 0.0, 0.0, 0.0, 0.0, 0.0, 0.0, 0.0, 0.0, 0.0, 0.0, 0.0, 0.0, 0.0, 0.0, 0.0, 0.0, 0.0]","_timestamp":1.775778861317539e+09,"lr_gumbel_bin":0.001,"stage1/test_loss":0.22985296332345792}