{"stage3_test_f1":0.9004198128129378,"stage1/use_pretrain_model":false,"lr":0.001,"train_loss":0.1326741138285692,"best_val_loss":0.20782792209365783,"val_loss":0.20822577692685054,"stage3_test_acc":90.02375296912113,"stage1/test_loss":0.333903368065058,"epoch":10,"stage1_test_acc":89.71835765184935,"_wandb":{"runtime":11},"stage1/test_f1":0.8970913604633416,"stage3_test_loss":0.291009738692438,"stage1_test_f1":0.8970913604633416,"_timestamp":1.775765578893773e+09,"stage2_test_acc":85.81608415337631,"lr_gumbel_bin":0.001,"stage_1_separableconvcnn/confusion_matrix_table":{"sha256":"afe147d38f01e1852de86fb6603c33be46cdb43576857b41a32c382468e7b269","artifact_path":"wandb-client-artifact://zi6ok2ty9lokohd1ih86otpldn2hvov2246p6hsrlbezv4wwmwgjigot8x0dmmqtaxdvytxs2yr4sw0u48dvqrj9l6np0kqp02ziqu30s7de2el9r1ypiehm9fffo1f1/stage_1_separableconvcnn/confusion_matrix_table.table.json","nrows":36,"size":1366,"_type":"table-file","_latest_artifact_path":"wandb-client-artifact://5nw3fvb7t1fsidq5hxace7rymsz9esks3at3afytnbm193cozbs80s10973rr2m5ioty0bwkm6ou9vv21htivriso7zvyhzlo5zvqaru88ro2m7qhy52fiqeon2p48l8:latest/stage_1_separableconvcnn/confusion_matrix_table.table.json","ncols":3,"path":"media/table/stage_1_separableconvcnn/confusion_matrix_table_1_afe147d38f01e1852de8.table.json","log_mode":"IMMUTABLE"},"bin_keep_ratio":0.6461538672447205,"lr_backbone":0.0001,"_runtime":11,"stage":3,"mask_l1":0.6461538076400757,"stage_3_separableconvcnn/confusion_matrix_table":{"path":"media/table/stage_3_separableconvcnn/confusion_matrix_table_6_905f8dd619edd0c3129c.table.json","size":1367,"ncols":3,"log_mode":"IMMUTABLE","_type":"table-file","nrows":36,"_latest_artifact_path":"wandb-client-artifact://5v8szvh3s6qt71kzxpm71hxmwjoaz2y38ri9v0b4s13awjxo3evafoxul2ma1bb8mi1db2ev4w7ezgd913prhwy762613h2vvorxqc88m423tqzeuhu1jmrxmz7yzmzh:latest/stage_3_separableconvcnn/confusion_matrix_table.table.json","sha256":"905f8dd619edd0c3129c9f981e2480a6a8ad573a236c477350bac8e3741ecd9c","artifact_path":"wandb-client-artifact://ufnmav8kajmh0vj3clw11kppb2cjpal4a7xoqp90i28p6a8w96ns8i3ax1zrxc9m1qxpjjiz8y6xk4yxaehrbykvkfqtv0w98q4viojsvsjxyyf38zjtkzuooynkp1be/stage_3_separableconvcnn/confusion_matrix_table.table.json"},"train_acc":94.53247680228408,"_step":7,"stage2_hard_bin_mask_str":"[1.0, 1.0, 1.0, 1.0, 1.0, 0.0, 1.0, 1.0, 1.0, 1.0, 1.0, 1.0, 1.0, 1.0, 1.0, 1.0, 1.0, 1.0, 1.0, 1.0, 1.0, 1.0, 1.0, 1.0, 1.0, 0.0, 1.0, 1.0, 0.0, 0.0, 1.0, 1.0, 1.0, 0.0, 1.0, 1.0, 0.0, 0.0, 1.0, 1.0, 0.0, 1.0, 0.0, 1.0, 1.0, 0.0, 0.0, 0.0, 1.0, 0.0, 1.0, 0.0, 0.0, 0.0, 0.0, 1.0, 0.0, 0.0, 1.0, 0.0, 0.0, 1.0, 0.0, 1.0, 0.0]","stage1/test_acc":89.71835765184935,"stage1_test_loss":0.333903368065058,"val_acc":92.507204610951,"stage2_test_f1":0.8569491258978269,"stage2_test_loss":0.45119444430784567}