{"lr":0.001,"stage2_test_acc":87.61452324397692,"stage1/test_acc":89.85408890397014,"stage2_test_loss":0.46279429105509573,"best_val_loss":0.2855143543562232,"stage1/test_f1":0.8992012196111356,"mask_l1":0.1796875,"_wandb":{"runtime":15},"stage2_test_f1":0.8773756080917438,"stage1_test_acc":89.85408890397014,"train_loss":0.14665074564220051,"stage_3_separableconvcnn/confusion_matrix_table":{"_type":"table-file","ncols":3,"nrows":36,"artifact_path":"wandb-client-artifact://m1luan5y7h9423s43p6n9mbv6fhrax5zban22boxxxjb02m3aez1ppy6faiyjc4p7ocqp7jqa4edak3spnpww7f2otsnwfbhgk5psbrwmleweri6h4e1tku8ws5lsfz6/stage_3_separableconvcnn/confusion_matrix_table.table.json","_latest_artifact_path":"wandb-client-artifact://y547ghzn8xlkrzkhr8zmufldsnqlv0esnrl74aamt1kzgsqkuqhqitpf6emfm1hw89s7s08fugv9nunswieduxr8nqzwe7xjw5ap7pgb0oyw8yednyo48xyh0vqqwrx1:latest/stage_3_separableconvcnn/confusion_matrix_table.table.json","sha256":"387b66321bfde74c96b26102e9b82b2147ffb291360ddd1be7d0acb9ffa99295","path":"media/table/stage_3_separableconvcnn/confusion_matrix_table_7_387b66321bfde74c96b2.table.json","size":1368,"log_mode":"IMMUTABLE"},"stage1_test_f1":0.8992012196111356,"train_acc":93.58151476251605,"lr_backbone":0.0001,"val_loss":0.5746415491677449,"stage":3,"stage3_test_loss":0.41317153400169515,"epoch":10,"val_acc":81.81818181818181,"stage2_hard_bin_mask_str":"[0.0, 0.0, 1.0, 0.0, 0.0, 1.0, 0.0, 0.0, 1.0, 1.0, 1.0, 1.0, 1.0, 1.0, 1.0, 1.0, 1.0, 1.0, 1.0, 1.0, 0.0, 1.0, 0.0, 1.0, 1.0, 1.0, 0.0, 1.0, 1.0, 1.0, 0.0, 1.0, 1.0, 1.0, 1.0, 1.0, 1.0, 1.0, 1.0, 1.0, 0.0, 1.0, 1.0, 0.0, 1.0, 1.0, 1.0, 1.0, 0.0, 1.0, 1.0, 1.0, 1.0, 1.0, 1.0, 1.0, 1.0, 1.0, 0.0, 1.0, 0.0, 0.0, 0.0, 0.0, 0.0, 0.0, 0.0, 0.0, 0.0, 0.0, 0.0, 0.0, 0.0, 0.0, 0.0, 0.0, 0.0, 0.0, 0.0, 0.0, 0.0, 0.0, 0.0, 0.0, 0.0, 0.0, 0.0, 0.0, 0.0, 0.0, 0.0, 0.0, 0.0, 0.0, 0.0, 0.0, 0.0, 0.0, 0.0, 0.0, 0.0, 0.0, 0.0, 0.0, 0.0, 0.0, 0.0, 0.0, 0.0, 0.0, 0.0, 0.0, 0.0, 0.0, 0.0, 0.0, 0.0, 0.0, 0.0, 0.0, 0.0, 0.0, 0.0, 0.0, 0.0, 0.0, 0.0, 0.0]","stage3_test_f1":0.8915425983135727,"_runtime":15,"stage3_test_acc":88.93790295215473,"_timestamp":1.7764293481360538e+09,"stage1/use_pretrain_model":false,"bin_keep_ratio":0.359375,"_step":8,"lr_gumbel_bin":0.001,"stage1/test_loss":0.4559599839993571,"stage_1_separableconvcnn/confusion_matrix_table":{"_latest_artifact_path":"wandb-client-artifact://fq0a7fjg1lhyy56iih2ngf9ugsz7oox971m9jlm7rn9uezf2bjtktua0z4399szybsb2p86cisq7opl9ihochp4c2gfvluixsv1qncdbdrylvbnulde6x3bekv61gdco:latest/stage_1_separableconvcnn/confusion_matrix_table.table.json","path":"media/table/stage_1_separableconvcnn/confusion_matrix_table_1_02c5a6fac2b98a2cce23.table.json","nrows":36,"sha256":"02c5a6fac2b98a2cce23216035c71184f8282e95afab8b7a4923ed0654b10cea","_type":"table-file","ncols":3,"log_mode":"IMMUTABLE","size":1368,"artifact_path":"wandb-client-artifact://2r0dld6tbj72xms4uypoq1193uoj7w96vhwl5p852e3t0vxooiz2iyy0synx2qgvcyow80tlu76ovgnnzy6ajtgk6lfjyxititmt84pm39vgd0xcm2xqlfiks4zn1fsf/stage_1_separableconvcnn/confusion_matrix_table.table.json"},"stage1_test_loss":0.4559599839993571}