{"stage2/best_epoch":17,"_runtime":224,"stage2/train_loss":1.1679498235168908,"stage2/stage_number":2,"stage2/test_f1":0.6510766774168626,"_wandb":{"runtime":224},"final_summary_log_path":"/home/qphan/master-thesis/models/wear_best_model_three_stage_channel_subject4_val_final_summary_val_4.txt","stage1/test_f1":0.6648353765254307,"stage2/purpose":"train channel-pruning model with masking","stage1/test_acc":79.04173106646058,"stage2/lr_backbone":0.0001,"val_acc":47.02194357366771,"model_param_count_pruned":7231,"stage1/use_pretrain_model":false,"stage1/test_loss":0.6357578641586754,"stage2_test_loss":0.7362103666283002,"stage2/final_mask_keep_ratio_block3":0.1328125,"stage2/train_acc":53.12692636560679,"stage2/lr_gumbel":0.001,"stage2/raw_hard_mask_block3":"[0.0, 0.0, 0.0, 0.0, 0.0, 0.0, 0.0, 0.0, 0.0, 0.0, 0.0, 0.0, 1.0, 0.0, 0.0, 0.0, 0.0, 0.0, 0.0, 1.0, 0.0, 0.0, 0.0, 1.0, 0.0, 1.0, 0.0, 0.0, 0.0, 0.0, 0.0, 0.0, 0.0, 0.0, 0.0, 0.0, 0.0, 0.0, 0.0, 0.0, 0.0, 0.0, 0.0, 0.0, 0.0, 0.0, 0.0, 0.0, 1.0, 0.0, 0.0, 1.0, 0.0, 0.0, 0.0, 0.0, 0.0, 0.0, 0.0, 1.0, 0.0, 0.0, 0.0, 1.0, 0.0, 0.0, 0.0, 0.0, 0.0, 0.0, 0.0, 0.0, 0.0, 0.0, 0.0, 0.0, 1.0, 0.0, 0.0, 0.0, 0.0, 0.0, 0.0, 0.0, 0.0, 0.0, 0.0, 1.0, 0.0, 0.0, 0.0, 0.0, 0.0, 0.0, 0.0, 0.0, 0.0, 0.0, 1.0, 0.0, 1.0, 0.0, 0.0, 0.0, 0.0, 0.0, 1.0, 1.0, 0.0, 0.0, 0.0, 0.0, 0.0, 0.0, 0.0, 0.0, 1.0, 0.0, 1.0, 0.0, 0.0, 0.0, 0.0, 0.0, 0.0, 0.0, 0.0, 1.0]","lr_loaded_weights":0.0001,"stage2_test_acc":76.50695517774344,"stage2/test_acc":76.50695517774344,"stage1_test_loss":0.6357578641586754,"stage1_test_acc":79.04173106646058,"stage2/raw_hard_mask_block4":"[0.0, 0.0, 1.0, 1.0, 0.0, 1.0, 0.0, 1.0, 0.0, 0.0, 0.0, 1.0, 1.0, 0.0, 0.0, 0.0, 0.0, 1.0, 0.0, 1.0, 1.0, 1.0, 1.0, 0.0, 1.0, 0.0, 0.0, 1.0, 1.0, 1.0, 1.0, 1.0, 0.0, 1.0, 0.0, 0.0, 0.0, 1.0, 1.0, 1.0, 1.0, 1.0, 0.0, 1.0, 0.0, 1.0, 0.0, 0.0, 0.0, 0.0, 1.0, 1.0, 1.0, 1.0, 1.0, 0.0, 0.0, 1.0, 0.0, 1.0, 0.0, 1.0, 1.0, 0.0, 0.0, 1.0, 0.0, 0.0, 0.0, 0.0, 1.0, 0.0, 1.0, 1.0, 0.0, 0.0, 0.0, 1.0, 1.0, 1.0, 1.0, 0.0, 1.0, 0.0, 0.0, 0.0, 1.0, 1.0, 0.0, 1.0, 0.0, 1.0, 0.0, 1.0, 1.0, 0.0, 0.0, 0.0, 1.0, 0.0, 0.0, 1.0, 0.0, 1.0, 1.0, 1.0, 1.0, 0.0, 1.0, 1.0, 0.0, 1.0, 1.0, 1.0, 1.0, 0.0, 1.0, 1.0, 1.0, 0.0, 1.0, 1.0, 0.0, 0.0, 0.0, 0.0, 0.0, 0.0]","block3_Pruned_%":86.71875,"stage2/block4_Pruned_%":48.4375,"stage1_test_f1":0.6648353765254307,"stage":3,"model_param_count":7231,"stage3_test_acc":78.96960329726944,"train_acc":60.12646900912724,"stage2/final_mask_keep_ratio_block2":0.203125,"stage3_test_loss":0.6650086471433801,"train_loss":0.6898594399749582,"stage3_test_f1":0.6828782723689486,"stage2/val_acc":45.893416927899686,"val_loss":1.5744558892653653,"stage2/test_loss":0.7362103666283002,"stage2/val_loss":1.693592697045646,"block2_Pruned_%":79.6875,"_step":16,"model_param_count_dense":36998,"stage2/epoch":25,"epoch":30,"stage2/final_mask_keep_ratio_block4":0.515625,"model_param_reduction_pct":80.45570030812476,"_timestamp":1.776865983550505e+09,"stage2/mask_l1":0.3076927363872528,"stage2_test_f1":0.6510766774168626,"stage2/Total_Pruned_%":70,"stage_3_prunedseparableconvcnn/confusion_matrix_table":{"sha256":"763d74f405b83022249cb2c006ae56d734d3cdc0a6cd1e6ee2b7274abb8fc0fd","_type":"table-file","_latest_artifact_path":"wandb-client-artifact://aiqdd7n4de7vmwbs08lqg080bmoxpvdoscq0onae80xpsehxr2nth6xyq5r7jkf5ncbopg2oqsaj5ha5adhhl0trnvvd13csgwb11mqbjvxy44992qsn98dggrsm2qaf:latest/stage_3_prunedseparableconvcnn/confusion_matrix_table.table.json","nrows":64,"path":"media/table/stage_3_prunedseparableconvcnn/confusion_matrix_table_14_763d74f405b83022249c.table.json","size":2018,"log_mode":"IMMUTABLE","ncols":3,"artifact_path":"wandb-client-artifact://1q283dpyiy9pms3bscsqcbeu5x78z9ni3xq4wy3is6f8agsu2d6dgy6u0buwy7mkwnapgb78l5kg2qjslg5ntczv21ax915aanaa1l3qbdf231dw1yr1a5gwan4dmqz3/stage_3_prunedseparableconvcnn/confusion_matrix_table.table.json"},"stage2/block3_Pruned_%":86.71875,"best_val_loss":1.543992858695386,"Total_Pruned_%":70,"stage2/best_val_loss":1.652569870178976,"block4_Pruned_%":48.4375,"stage_1_separableconvcnn/confusion_matrix_table":{"log_mode":"IMMUTABLE","path":"media/table/stage_1_separableconvcnn/confusion_matrix_table_1_f6f1e614f3eb1054b933.table.json","nrows":64,"_type":"table-file","artifact_path":"wandb-client-artifact://d28se43yhh8uh8euyse0hsw0p8850u7khj00pbjay9peaoybl0il91jnow1qzmxv6l42yu51riu7ytpm9l8gjdty2xoxiwt9abv1wuhvfpdgqup7ufrzoz2ry48d10se/stage_1_separableconvcnn/confusion_matrix_table.table.json","ncols":3,"sha256":"f6f1e614f3eb1054b93343d7e4bb1995e0735652336737b2160d26a9d3fbec29","size":2013,"_latest_artifact_path":"wandb-client-artifact://cbv8fmw1aotbml9z7nrygzdj99fjgaflbs4lrjb1xcoyxuuinynukoduirvekgrx1it7z6d7syx4dobh7v4o7kcpb1tqlu949vf1wgr8pq9fy1w9zt68feplfgg3zp7w:latest/stage_1_separableconvcnn/confusion_matrix_table.table.json"},"stage2/raw_hard_mask_block2":"[0.0, 0.0, 0.0, 0.0, 1.0, 0.0, 1.0, 0.0, 0.0, 1.0, 1.0, 1.0, 0.0, 1.0, 1.0, 0.0, 0.0, 0.0, 0.0, 0.0, 0.0, 0.0, 0.0, 1.0, 0.0, 1.0, 0.0, 0.0, 0.0, 0.0, 0.0, 0.0, 0.0, 0.0, 0.0, 0.0, 0.0, 0.0, 0.0, 0.0, 0.0, 0.0, 1.0, 1.0, 1.0, 0.0, 0.0, 0.0, 0.0, 0.0, 0.0, 0.0, 0.0, 0.0, 0.0, 0.0, 1.0, 0.0, 0.0, 0.0, 0.0, 0.0, 0.0, 0.0]","stage2/block2_Pruned_%":79.6875}