{"channels_block4":122,"stage1_test_f1":0.6938116427504186,"stage3_test_acc":73.72488408037094,"_wandb":{"runtime":74},"stage3_channel_metadata_json":"{\"block2\": {\"kept_indices\": [0, 1, 2, 3, 4, 5, 6, 7, 8, 9, 10, 11, 12, 13, 14, 15, 16, 17, 18, 19, 20, 21, 22, 23, 24, 25, 26, 27, 29, 30, 31, 32, 33, 34, 35, 36, 37, 38, 39, 40, 41, 42, 43, 44, 45, 47, 48, 49, 50, 51, 52, 53, 54, 56, 57, 58, 59, 60, 61, 62, 63], \"pruned_indices\": [28, 46, 55], \"kept_count\": 61, \"pruned_count\": 3, \"total_channels\": 64}, \"block3\": {\"kept_indices\": [0, 1, 2, 3, 4, 5, 6, 7, 8, 9, 10, 11, 12, 13, 14, 15, 16, 17, 18, 19, 20, 21, 22, 23, 24, 25, 26, 27, 28, 29, 30, 31, 32, 33, 34, 35, 36, 37, 38, 39, 40, 41, 42, 43, 44, 45, 46, 47, 48, 49, 50, 51, 52, 53, 54, 55, 56, 57, 58, 59, 60, 61, 62, 63, 64, 65, 66, 67, 68, 69, 70, 71, 72, 74, 75, 77, 78, 79, 80, 81, 82, 83, 84, 85, 86, 87, 88, 89, 90, 92, 94, 96, 97, 98, 99, 100, 101, 102, 103, 104, 105, 106, 107, 108, 110, 111, 112, 113, 114, 115, 116, 117, 118, 119, 120, 121, 122, 123, 124, 125, 126, 127], \"pruned_indices\": [73, 76, 91, 93, 95, 109], \"kept_count\": 122, \"pruned_count\": 6, \"total_channels\": 128}, \"block4\": {\"kept_indices\": [0, 1, 2, 4, 5, 6, 7, 8, 9, 10, 11, 12, 13, 14, 15, 16, 17, 18, 19, 20, 21, 22, 23, 24, 25, 26, 27, 28, 29, 30, 31, 32, 33, 34, 35, 36, 37, 38, 39, 40, 41, 42, 43, 44, 46, 47, 48, 49, 50, 51, 52, 53, 54, 55, 56, 57, 58, 59, 60, 61, 63, 64, 65, 66, 67, 68, 69, 70, 71, 72, 73, 74, 75, 76, 77, 78, 79, 80, 81, 82, 83, 84, 85, 87, 88, 89, 90, 92, 93, 94, 95, 96, 97, 98, 99, 100, 101, 102, 103, 104, 105, 106, 107, 108, 109, 110, 111, 112, 113, 114, 116, 117, 118, 119, 120, 121, 122, 123, 124, 125, 126, 127], \"pruned_indices\": [3, 45, 62, 86, 91, 115], \"kept_count\": 122, \"pruned_count\": 6, \"total_channels\": 128}}","train_acc":81.6368166035663,"params_after_pruning":34211,"epoch":22,"stage_1_separableconvcnn/confusion_matrix_table":{"path":"media/table/stage_1_separableconvcnn/confusion_matrix_table_0_19e3a9ae2c375b73338c.table.json","size":2013,"_latest_artifact_path":"wandb-client-artifact://i7w6ts6zz5t1vgn9ddf588odgemljrycmfgqtwho30gttl05bcvukzsfvf30kxftluy8d52ncz1tbdxw5i84l14jacqnpe9zs7abf9y8s37oswepxu6gksf47b4ytf3a:latest/stage_1_separableconvcnn/confusion_matrix_table.table.json","artifact_path":"wandb-client-artifact://qe1muh7bojw0b0mm56bfqfhv917yi0u64v25qmgze9wqah3f0lp5kkkqvpnbjacef6o8jeoqgvcmwq67s29c8jdq4fqv4b8dtij7tlvy2syh2j2z8dd0g13rez5ajk4g/stage_1_separableconvcnn/confusion_matrix_table.table.json","ncols":3,"nrows":64,"sha256":"19e3a9ae2c375b73338ce37fca927ff682c7861d693bce46d7737f855959d0e1","log_mode":"IMMUTABLE","_type":"table-file"},"stage3_final_mask_json":"{\"block2\": [1.0, 1.0, 1.0, 1.0, 1.0, 1.0, 1.0, 1.0, 1.0, 1.0, 1.0, 1.0, 1.0, 1.0, 1.0, 1.0, 1.0, 1.0, 1.0, 1.0, 1.0, 1.0, 1.0, 1.0, 1.0, 1.0, 1.0, 1.0, 0.0, 1.0, 1.0, 1.0, 1.0, 1.0, 1.0, 1.0, 1.0, 1.0, 1.0, 1.0, 1.0, 1.0, 1.0, 1.0, 1.0, 1.0, 0.0, 1.0, 1.0, 1.0, 1.0, 1.0, 1.0, 1.0, 1.0, 0.0, 1.0, 1.0, 1.0, 1.0, 1.0, 1.0, 1.0, 1.0], \"block3\": [1.0, 1.0, 1.0, 1.0, 1.0, 1.0, 1.0, 1.0, 1.0, 1.0, 1.0, 1.0, 1.0, 1.0, 1.0, 1.0, 1.0, 1.0, 1.0, 1.0, 1.0, 1.0, 1.0, 1.0, 1.0, 1.0, 1.0, 1.0, 1.0, 1.0, 1.0, 1.0, 1.0, 1.0, 1.0, 1.0, 1.0, 1.0, 1.0, 1.0, 1.0, 1.0, 1.0, 1.0, 1.0, 1.0, 1.0, 1.0, 1.0, 1.0, 1.0, 1.0, 1.0, 1.0, 1.0, 1.0, 1.0, 1.0, 1.0, 1.0, 1.0, 1.0, 1.0, 1.0, 1.0, 1.0, 1.0, 1.0, 1.0, 1.0, 1.0, 1.0, 1.0, 0.0, 1.0, 1.0, 0.0, 1.0, 1.0, 1.0, 1.0, 1.0, 1.0, 1.0, 1.0, 1.0, 1.0, 1.0, 1.0, 1.0, 1.0, 0.0, 1.0, 0.0, 1.0, 0.0, 1.0, 1.0, 1.0, 1.0, 1.0, 1.0, 1.0, 1.0, 1.0, 1.0, 1.0, 1.0, 1.0, 0.0, 1.0, 1.0, 1.0, 1.0, 1.0, 1.0, 1.0, 1.0, 1.0, 1.0, 1.0, 1.0, 1.0, 1.0, 1.0, 1.0, 1.0, 1.0], \"block4\": [1.0, 1.0, 1.0, 0.0, 1.0, 1.0, 1.0, 1.0, 1.0, 1.0, 1.0, 1.0, 1.0, 1.0, 1.0, 1.0, 1.0, 1.0, 1.0, 1.0, 1.0, 1.0, 1.0, 1.0, 1.0, 1.0, 1.0, 1.0, 1.0, 1.0, 1.0, 1.0, 1.0, 1.0, 1.0, 1.0, 1.0, 1.0, 1.0, 1.0, 1.0, 1.0, 1.0, 1.0, 1.0, 0.0, 1.0, 1.0, 1.0, 1.0, 1.0, 1.0, 1.0, 1.0, 1.0, 1.0, 1.0, 1.0, 1.0, 1.0, 1.0, 1.0, 0.0, 1.0, 1.0, 1.0, 1.0, 1.0, 1.0, 1.0, 1.0, 1.0, 1.0, 1.0, 1.0, 1.0, 1.0, 1.0, 1.0, 1.0, 1.0, 1.0, 1.0, 1.0, 1.0, 1.0, 0.0, 1.0, 1.0, 1.0, 1.0, 0.0, 1.0, 1.0, 1.0, 1.0, 1.0, 1.0, 1.0, 1.0, 1.0, 1.0, 1.0, 1.0, 1.0, 1.0, 1.0, 1.0, 1.0, 1.0, 1.0, 1.0, 1.0, 1.0, 1.0, 0.0, 1.0, 1.0, 1.0, 1.0, 1.0, 1.0, 1.0, 1.0, 1.0, 1.0, 1.0, 1.0]}","_step":8,"stage1_test_acc":80.16486347243689,"stage3_test_f1":0.6674860168174135,"lr":0.001,"train_loss":0.49892052849354407,"val_loss":0.5935185411029297,"_timestamp":1.7754258077824304e+09,"channels_block2":61,"stage_3_prunedseparableconvcnn/confusion_matrix_table":{"_latest_artifact_path":"wandb-client-artifact://1e77h1kgm772t7cc7zx635dk1gje9r529h2792vvuz4tw3vu3iilyhqn1x5cem2mr8wjmztvkp5t1arp4bbesrwj3l2d6xacm85vxpbgy8xf8szn0dbxb1z6d7qauz4w:latest/stage_3_prunedseparableconvcnn/confusion_matrix_table.table.json","path":"media/table/stage_3_prunedseparableconvcnn/confusion_matrix_table_7_620babdc2ab3cfb97707.table.json","_type":"table-file","ncols":3,"log_mode":"IMMUTABLE","sha256":"620babdc2ab3cfb9770798886a3c82cdb13431ffa534583d2826e531866010da","artifact_path":"wandb-client-artifact://xlihykq6p4qjim5bz9wk2f8qno93r70ft9bzzdzrb2ly4m4rxslapi12gusu4dm3dg3otruu7pym9tsgw4psd9m2789du5ay1j4605n81ers6pqajf9wdi9np8q40tlh/stage_3_prunedseparableconvcnn/confusion_matrix_table.table.json","size":2014,"nrows":64},"val_acc":76.53876898481215,"_runtime":74,"best_val_loss":0.5728674958483111,"channels_block3":122,"params_before_pruning":36998,"stage":3}