{"train_loss":0.10894757275844989,"epoch":15,"_timestamp":1.7757750428082175e+09,"stage_1_separableconvcnn/confusion_matrix_table":{"_type":"table-file","size":1367,"sha256":"6e0f583a980f4a62f8a486c70ad35b762f0b913d7d32e7115e69715abc10ca24","_latest_artifact_path":"wandb-client-artifact://d92jbdyb75i1je76hja9u5s4sdjfcccgxa8h6a0skctr5vwijpqp5lcnq3w2w50a0b0vuj6hn1vsvmo61fc7lbbhuedn73qn4pzmg3pvstxdwmxhizkv2t970b5m8jmx:latest/stage_1_separableconvcnn/confusion_matrix_table.table.json","ncols":3,"nrows":36,"artifact_path":"wandb-client-artifact://lytzoxju3im48isiv5mfpoq3t1h3vnp3evq51kzizmq9g3ojg62hjvzmdpbfvu6a6z6h73f1n3nh0al3nq7sivthf3hjsugoj5gh2r3ykvqgle736fp0xjgt8a0wyhzs/stage_1_separableconvcnn/confusion_matrix_table.table.json","log_mode":"IMMUTABLE","path":"media/table/stage_1_separableconvcnn/confusion_matrix_table_1_6e0f583a980f4a62f8a4.table.json"},"bin_keep_ratio":0.6328125,"stage3_test_f1":0.9068365096837178,"stage3_test_acc":90.49881235154395,"stage1/test_acc":89.61655921275874,"stage3_test_loss":0.2921329356756323,"stage2_test_f1":0.8866451586657758,"stage2_hard_bin_mask_str":"[1.0, 0.0, 1.0, 1.0, 1.0, 1.0, 1.0, 1.0, 1.0, 1.0, 1.0, 1.0, 1.0, 1.0, 1.0, 1.0, 1.0, 0.0, 1.0, 1.0, 1.0, 1.0, 1.0, 1.0, 1.0, 1.0, 1.0, 1.0, 1.0, 1.0, 1.0, 1.0, 1.0, 1.0, 1.0, 1.0, 1.0, 1.0, 1.0, 1.0, 1.0, 1.0, 1.0, 1.0, 1.0, 1.0, 1.0, 1.0, 1.0, 1.0, 1.0, 1.0, 1.0, 1.0, 1.0, 1.0, 1.0, 1.0, 1.0, 1.0, 1.0, 1.0, 1.0, 1.0, 0.0, 0.0, 0.0, 1.0, 0.0, 0.0, 0.0, 0.0, 0.0, 1.0, 0.0, 0.0, 0.0, 0.0, 0.0, 0.0, 1.0, 0.0, 1.0, 1.0, 0.0, 0.0, 0.0, 1.0, 1.0, 1.0, 0.0, 0.0, 0.0, 1.0, 1.0, 1.0, 1.0, 0.0, 0.0, 0.0, 0.0, 0.0, 0.0, 1.0, 0.0, 0.0, 1.0, 0.0, 0.0, 1.0, 1.0, 0.0, 0.0, 0.0, 0.0, 0.0, 1.0, 1.0, 0.0, 0.0, 0.0, 0.0, 1.0, 0.0, 0.0, 0.0, 0.0, 0.0]","stage2_test_loss":0.42863020391421836,"lr_backbone":0.0001,"stage1_test_loss":0.30762790839500526,"stage1/test_loss":0.30762790839500526,"mask_l1":0.4843750298023224,"stage1_test_f1":0.8961242757189599,"stage1/use_pretrain_model":false,"_runtime":13,"_step":8,"train_acc":95.3382603752132,"stage1_test_acc":89.61655921275874,"stage2_test_acc":88.53070919579233,"stage":3,"lr_gumbel_bin":0.001,"stage1/test_f1":0.8961242757189599,"val_loss":0.23818923193182487,"val_acc":92.0886075949367,"_wandb":{"runtime":13},"lr":0.001,"best_val_loss":0.15715453183824876,"stage_3_separableconvcnn/confusion_matrix_table":{"_type":"table-file","sha256":"f63a9f62fa1af04cf7e624006aa6f810cbd6f7015a25acbc47c021c67cc948c9","nrows":36,"artifact_path":"wandb-client-artifact://36worq8coq6v0u4p497ptzx1753b6043q2rhj7fhop4u6hhmzbzlosomitc1htnv11zxutwavck80s7u79eoocd2d6y2hc6ov3gripkt0d04m128g77nk4jii0ci4jxv/stage_3_separableconvcnn/confusion_matrix_table.table.json","ncols":3,"path":"media/table/stage_3_separableconvcnn/confusion_matrix_table_7_f63a9f62fa1af04cf7e6.table.json","_latest_artifact_path":"wandb-client-artifact://8uzkfk6ely8akyljzg7nwo3xfs49w23fab9r9lqjozp7q7g37f5ws6mizscajaojfg6engdaalofeq3g701oz7rkww3qke6pq2v8h1c46f6ru1ehc8vpf9h9r19wkyc0:latest/stage_3_separableconvcnn/confusion_matrix_table.table.json","size":1367,"log_mode":"IMMUTABLE"}}