{"_wandb":{"runtime":720},"lr_backbone":0.0001,"lr_gumbel_channel":0.001,"_runtime":720,"Block3_Pruned_%":35.9375,"final_channel_mask_block3":[1,0,0,1,0,0,1,1,0,1,0,1,1,1,0,1,0,1,1,1,1,1,1,0,1,1,1,1,0,1,0,0,1,0,1,1,0,1,1,1,0,1,1,1,1,0,1,1,1,1,0,1,1,1,1,1,1,1,0,1,0,0,1,1,1,0,0,1,0,1,1,1,0,1,1,0,0,1,1,0,1,0,0,0,0,1,0,1,1,0,0,1,0,1,1,0,1,0,1,1,1,1,0,1,1,1,1,0,1,1,0,1,0,1,1,1,1,0,1,1,1,1,0,0,0,0,1,1],"stage1_test_f1":0.6659225529902986,"Block2_Pruned_%":26.5625,"stage4_test_f1":0.6715195852295742,"final_channel_mask_block4":[1,1,1,1,0,0,1,0,1,1,1,1,1,1,1,1,0,1,1,0,0,0,0,0,1,1,0,1,1,1,1,1,0,0,1,1,1,0,1,0,1,0,1,0,0,0,1,1,1,1,1,1,1,0,1,1,1,1,1,0,1,1,1,1,1,1,0,0,1,0,1,0,1,1,1,0,1,1,1,1,1,1,0,1,1,1,1,1,1,1,1,1,0,1,1,1,1,1,1,1,1,1,1,1,1,1,1,1,1,0,1,1,0,1,1,1,0,1,1,0,1,1,0,1,0,1,1,0],"_timestamp":1.775144826666947e+09,"val_acc":77.31414868105516,"model_param_count_dense":36998,"stage5_test_acc":70.92220504894384,"stage5_test_f1":0.6651691941205977,"stage2_test_acc":71.37557959814528,"final_channel_mask_block2":[0,1,0,1,0,0,0,0,1,0,1,1,1,1,1,0,1,1,1,1,1,1,1,1,1,1,1,0,1,1,1,0,1,1,1,1,0,1,1,1,1,1,0,0,1,1,1,1,1,1,1,1,1,1,0,1,0,1,1,1,0,1,0,1],"stage2_test_f1":0.6659709828537734,"stage3_test_loss":0.8696031737794341,"epoch":26,"stage1_test_loss":0.7869971888895074,"stage3_test_f1":0.6477544460743483,"train_loss":0.6069442540834491,"stage3_test_acc":66.26481195260175,"val_loss":0.6435940748781895,"model_param_reduction_pct":43.56181415211633,"stage":5,"best_val_loss":0.626859634700153,"train_acc":77.36721491005699,"stage2_test_loss":0.7770794511870095,"Block4_Pruned_%":26.5625,"stage4_test_loss":0.7481652065247896,"stage4_test_acc":72.17928902627511,"mask_l1":0.4705882668495178,"model_param_count_pruned":20881,"lr":0.001,"bin_keep_ratio":0.4901960790157318,"lr_gumbel_bin":0.001,"_step":147,"stage1_test_acc":70.26275115919628,"lr_loaded_weights":0.0001,"hard_bin_mask":[1,1,1,1,1,1,1,1,1,1,1,1,1,1,1,1,1,1,1,1,1,1,1,1,1,0,0,0,0,0,0,0,0,0,0,0,0,0,0,0,0,0,0,0,0,0,0,0,0,0,0],"stage5_test_loss":0.77866969366377,"Total_Pruned_%":30.312499999999996}