{"stage2/train_loss":1.112744398032599,"stage1/test_acc":80.16486347243689,"stage3_test_loss":0.6318681048078675,"stage2/test_loss":0.7018674884024108,"model_param_count":7118,"Total_Pruned_%":69.6875,"stage2/test_acc":78.22771767130345,"stage2/block4_Pruned_%":58.59375,"stage3_test_acc":79.0829469345698,"stage2/val_loss":0.5914695879323877,"stage1_test_acc":80.16486347243689,"best_val_loss":0.49375835187334144,"_step":22,"stage2/test_f1":0.6606184615623326,"stage3_test_f1":0.685230951759476,"stage1_test_f1":0.6938116427504186,"stage2/block2_Pruned_%":73.4375,"stage2_test_loss":0.7018674884024108,"block2_Pruned_%":73.4375,"stage2_test_acc":78.22771767130345,"lr_loaded_weights":0.0001,"stage2/final_mask_keep_ratio_block4":0.4140625,"stage":3,"val_acc":71.82254196642685,"train_acc":65.4314690939051,"stage2/raw_hard_mask_block3":"[0.0, 0.0, 0.0, 0.0, 0.0, 0.0, 0.0, 0.0, 0.0, 1.0, 0.0, 0.0, 0.0, 1.0, 0.0, 0.0, 1.0, 1.0, 0.0, 1.0, 0.0, 0.0, 0.0, 1.0, 1.0, 0.0, 0.0, 0.0, 0.0, 0.0, 0.0, 0.0, 0.0, 0.0, 0.0, 0.0, 0.0, 0.0, 0.0, 0.0, 0.0, 0.0, 0.0, 0.0, 0.0, 0.0, 0.0, 0.0, 1.0, 0.0, 0.0, 0.0, 0.0, 0.0, 0.0, 1.0, 1.0, 1.0, 0.0, 1.0, 1.0, 0.0, 0.0, 1.0, 0.0, 0.0, 0.0, 1.0, 0.0, 1.0, 0.0, 0.0, 0.0, 0.0, 0.0, 0.0, 0.0, 1.0, 0.0, 0.0, 0.0, 0.0, 0.0, 0.0, 0.0, 0.0, 0.0, 0.0, 0.0, 0.0, 0.0, 0.0, 0.0, 0.0, 0.0, 0.0, 0.0, 0.0, 0.0, 0.0, 1.0, 0.0, 1.0, 0.0, 0.0, 0.0, 0.0, 1.0, 0.0, 0.0, 1.0, 0.0, 0.0, 0.0, 1.0, 0.0, 0.0, 0.0, 0.0, 0.0, 1.0, 1.0, 1.0, 0.0, 0.0, 1.0, 0.0, 1.0]","_runtime":277,"model_param_reduction_pct":80.76112222282286,"stage2/best_val_loss":0.5806168272888822,"_timestamp":1.7753736828055158e+09,"stage2_test_f1":0.6606184615623326,"final_summary_log_path":"/home/qphan/master-thesis/models/wear_best_model_three_stage_channel_subject6_val_final_summary_val_6.txt","train_loss":0.6887164758172497,"val_loss":0.5227262153566408,"stage2/purpose":"train channel-pruning model with masking","stage2/raw_hard_mask_block2":"[1.0, 0.0, 0.0, 1.0, 0.0, 0.0, 0.0, 0.0, 0.0, 0.0, 0.0, 0.0, 0.0, 0.0, 0.0, 1.0, 1.0, 0.0, 1.0, 0.0, 1.0, 0.0, 0.0, 0.0, 0.0, 0.0, 0.0, 0.0, 0.0, 0.0, 0.0, 1.0, 0.0, 0.0, 1.0, 1.0, 0.0, 1.0, 0.0, 1.0, 1.0, 0.0, 0.0, 0.0, 1.0, 0.0, 0.0, 0.0, 0.0, 0.0, 0.0, 0.0, 1.0, 1.0, 1.0, 0.0, 0.0, 0.0, 1.0, 0.0, 0.0, 0.0, 0.0, 0.0]","stage2/raw_hard_mask_block4":"[0.0, 1.0, 0.0, 0.0, 0.0, 1.0, 1.0, 0.0, 1.0, 0.0, 1.0, 0.0, 0.0, 0.0, 0.0, 0.0, 0.0, 0.0, 0.0, 1.0, 0.0, 1.0, 1.0, 0.0, 0.0, 0.0, 1.0, 1.0, 1.0, 0.0, 1.0, 0.0, 1.0, 1.0, 1.0, 0.0, 1.0, 0.0, 0.0, 1.0, 1.0, 1.0, 0.0, 1.0, 0.0, 0.0, 0.0, 0.0, 1.0, 1.0, 1.0, 0.0, 1.0, 0.0, 0.0, 0.0, 1.0, 1.0, 0.0, 1.0, 1.0, 0.0, 0.0, 0.0, 1.0, 0.0, 1.0, 1.0, 0.0, 1.0, 0.0, 1.0, 0.0, 0.0, 0.0, 0.0, 0.0, 0.0, 1.0, 1.0, 1.0, 0.0, 1.0, 0.0, 0.0, 1.0, 0.0, 0.0, 1.0, 0.0, 0.0, 0.0, 1.0, 1.0, 0.0, 0.0, 1.0, 0.0, 0.0, 0.0, 1.0, 0.0, 1.0, 0.0, 0.0, 0.0, 0.0, 1.0, 0.0, 0.0, 0.0, 1.0, 0.0, 0.0, 0.0, 0.0, 1.0, 1.0, 0.0, 1.0, 0.0, 0.0, 1.0, 1.0, 0.0, 0.0, 1.0, 1.0]","block3_Pruned_%":78.90625,"model_param_count_pruned":7118,"stage2/train_acc":52.419718696667125,"stage2/epoch":35,"stage_3_prunedseparableconvcnn/confusion_matrix_table":{"nrows":64,"ncols":3,"_latest_artifact_path":"wandb-client-artifact://ied44u1gdqi89m0txi5znus0ftum9cgvx0dqmhss2pe36mfaqwz78k48vug4akcr01w5o7s3bp4rtjb8rbq96spl69q0wibi5zq82tn4r0j7lkfr8grpfw0mz3a89p3g:latest/stage_3_prunedseparableconvcnn/confusion_matrix_table.table.json","artifact_path":"wandb-client-artifact://hkwb9drzbmscj6t40kxflt1u3oasjog8s7i4ppnsv34mrifuhltze56y9ew4kyto4azo15rcx4m79h08nlrzkw8je412i6p89rpphmnx8ur2zbq3zrey1w13jo128ya9/stage_3_prunedseparableconvcnn/confusion_matrix_table.table.json","_type":"table-file","log_mode":"IMMUTABLE","path":"media/table/stage_3_prunedseparableconvcnn/confusion_matrix_table_20_22d395971c2694f4c76f.table.json","size":2011,"sha256":"22d395971c2694f4c76ff48a4164151973fce48538f7efd0ff69472f0c0d2bd1"},"stage2/val_acc":68.22541966426859,"stage1/test_loss":0.5890314269793642,"stage_1_separableconvcnn/confusion_matrix_table":{"ncols":3,"size":2013,"sha256":"19e3a9ae2c375b73338ce37fca927ff682c7861d693bce46d7737f855959d0e1","nrows":64,"artifact_path":"wandb-client-artifact://arfry3o7rf2q3mbn96f0vrpdq37leif1h6w8eyw2g13bmky3scd2n8x8j779ppr510n9lp2fpcqd9eitdt5a9aspoae4we9uarxe2h6hm1gf4c3kalnqq44wfk8c7tdb/stage_1_separableconvcnn/confusion_matrix_table.table.json","log_mode":"IMMUTABLE","_type":"table-file","_latest_artifact_path":"wandb-client-artifact://3ffvo2elx8uezkqd9sqnfko3kjwdb2npcomlaiktyhtjidleg2x5n7jhwyxwhnkikptupvjz8qoabh7c7f171yfn053xhiez6lnuzyvbifex8loqii70e0itwq2jfprh:latest/stage_1_separableconvcnn/confusion_matrix_table.table.json","path":"media/table/stage_1_separableconvcnn/confusion_matrix_table_1_19e3a9ae2c375b73338c.table.json"},"stage1/test_f1":0.6938116427504186,"stage2/final_mask_keep_ratio_block3":0.2109375,"stage2/block3_Pruned_%":78.90625,"stage2/Total_Pruned_%":69.6875,"stage2/final_mask_keep_ratio_block2":0.265625,"stage1_test_loss":0.5890314269793642,"stage2/best_epoch":27,"stage2/mask_l1":0.31971487402915955,"_wandb":{"runtime":277},"stage1/use_pretrain_model":false,"model_param_count_dense":36998,"stage2/stage_number":2,"epoch":50,"block4_Pruned_%":58.59375,"stage2/lr_gumbel":0.001,"stage2/lr_backbone":0.0001}