{"best_val_loss":0.2684361491163103,"stage_3_separableconvcnn/confusion_matrix_table":{"log_mode":"IMMUTABLE","artifact_path":"wandb-client-artifact://fw6uitmdlnbrke248p5qf0v1fv4vsk57vdpk8wudao6e7pjqawvcudlrt9b8ntvitji5mgyk4mb88f8xwujm7zo4slkclbtwrnupnxuwoyvstdapvke9o5z68lhvwg8p/stage_3_separableconvcnn/confusion_matrix_table.table.json","ncols":3,"size":1370,"_type":"table-file","nrows":36,"path":"media/table/stage_3_separableconvcnn/confusion_matrix_table_10_56244a3cc1ea03645589.table.json","_latest_artifact_path":"wandb-client-artifact://zjkx9xpa79m4r04phhcelqqiolz1iraf8if6ha40clmz7ytcad01nfjho143d7w5c70bbih7zk1qdq1m9vt96a5qfch95yfoe9joawzos6cargsjum060n6us7xxjjii:latest/stage_3_separableconvcnn/confusion_matrix_table.table.json","sha256":"56244a3cc1ea03645589f7b9f1194441bac3945c09a6b0eeefe1aa7fb0c2cce9"},"train_loss":0.1642572867070497,"stage2_test_f1":0.8599766677071514,"stage_1_separableconvcnn/confusion_matrix_table":{"ncols":3,"sha256":"ba1709b9ded253dca6f14b8d1a777336f0cb86899167c45d58f90d5e787020ac","log_mode":"IMMUTABLE","path":"media/table/stage_1_separableconvcnn/confusion_matrix_table_1_ba1709b9ded253dca6f1.table.json","nrows":36,"size":1366,"_latest_artifact_path":"wandb-client-artifact://qas48rv2waoaq8r1tmsnzcpj0fi313u1gmwz8bje3jc5rudm761xtbmrb16u8rrqxqxmji0a40p7f2y5d8tvjukmqbvikzy53argbl9qjjzhjtnl82c12ebytgxoh1ow:latest/stage_1_separableconvcnn/confusion_matrix_table.table.json","artifact_path":"wandb-client-artifact://8njf2zxqx4q3tbdoy8ewxsr83xcron8ubzyklez9pcfp5xxmiowxz44in24o7t1bfreva8jywesh8erxktkla8owt12z7l8dw0g73bkzqxljb2nuj7lvuiurhmwdf4b9/stage_1_separableconvcnn/confusion_matrix_table.table.json","_type":"table-file"},"stage1_test_loss":0.25057173036076164,"val_loss":0.3386378485041131,"lr_gumbel_bin":0.001,"stage3_test_acc":86.12147947064811,"stage1_test_acc":91.72039362063116,"_wandb":{"runtime":18},"stage3_test_loss":0.48228614914559,"_runtime":18,"lr":0.001,"val_acc":84.43804034582132,"_timestamp":1.7764199917884643e+09,"stage3_test_f1":0.8625775631261874,"bin_keep_ratio":0.1953125,"epoch":30,"stage1/test_acc":91.72039362063116,"train_acc":93.09064953604569,"stage1/test_loss":0.25057173036076164,"lr_backbone":0.0001,"stage2_hard_bin_mask_str":"[0.0, 1.0, 1.0, 0.0, 1.0, 0.0, 1.0, 1.0, 0.0, 0.0, 1.0, 0.0, 0.0, 0.0, 1.0, 1.0, 0.0, 0.0, 1.0, 0.0, 0.0, 1.0, 0.0, 0.0, 1.0, 0.0, 0.0, 0.0, 1.0, 0.0, 0.0, 0.0, 0.0, 1.0, 1.0, 0.0, 1.0, 1.0, 1.0, 0.0, 1.0, 0.0, 0.0, 0.0, 0.0, 1.0, 0.0, 0.0, 1.0, 0.0, 0.0, 1.0, 0.0, 1.0, 1.0, 0.0, 0.0, 1.0, 0.0, 0.0, 0.0, 1.0, 0.0, 0.0, 0.0, 0.0, 0.0, 0.0, 0.0, 0.0, 0.0, 0.0, 0.0, 0.0, 0.0, 0.0, 0.0, 0.0, 0.0, 0.0, 0.0, 0.0, 0.0, 0.0, 0.0, 0.0, 0.0, 0.0, 0.0, 0.0, 0.0, 0.0, 0.0, 0.0, 0.0, 0.0, 0.0, 0.0, 0.0, 0.0, 0.0, 0.0, 0.0, 0.0, 0.0, 0.0, 0.0, 0.0, 0.0, 0.0, 0.0, 0.0, 0.0, 0.0, 0.0, 0.0, 0.0, 0.0, 0.0, 0.0, 0.0, 0.0, 0.0, 0.0, 0.0, 0.0, 0.0, 0.0]","mask_l1":0,"stage1/use_pretrain_model":false,"stage2_test_loss":0.4074137418871871,"stage1_test_f1":0.9190924499938599,"stage2_test_acc":85.95181540549711,"_step":11,"stage":3,"stage1/test_f1":0.9190924499938599}