{"stage1_test_acc":83.6104513064133,"_runtime":14,"stage1/test_f1":0.839581704272966,"stage1_test_loss":0.3778846265738188,"epoch":20,"stage1/test_loss":0.3778846265738188,"stage1/use_pretrain_model":false,"stage1_test_f1":0.839581704272966,"stage3_test_acc":87.37699355276553,"train_loss":0.19865589856695276,"stage3_test_loss":0.3305224957303904,"stage2_test_f1":0.8337235456620071,"train_acc":91.80863145939807,"val_acc":91.55844155844156,"stage1/test_acc":83.6104513064133,"lr_backbone":0.0001,"stage3_test_f1":0.8756949287666326,"mask_l1":0.1953125,"best_val_loss":0.23008904828653706,"stage":3,"lr":0.001,"stage_1_separableconvcnn/confusion_matrix_table":{"nrows":36,"_type":"table-file","sha256":"c39bd7f8956d5c60a7a2f6d46b676c97ecc58074bf5036db2a15ec1172b225a1","path":"media/table/stage_1_separableconvcnn/confusion_matrix_table_1_c39bd7f8956d5c60a7a2.table.json","_latest_artifact_path":"wandb-client-artifact://96dh4e9rzaqgwvlio3wvp2j9pqo9i4wvs8z5gw567i8w7vw8xktm0acho7flmqhlz8cl4ny98252s6exoege3onktw79d4fac5bnwznn4nt9moj6h9vjgmhy51l0icvo:latest/stage_1_separableconvcnn/confusion_matrix_table.table.json","log_mode":"IMMUTABLE","size":1367,"ncols":3,"artifact_path":"wandb-client-artifact://abrvenk535azwbafgxb0ywo4elkeby9d5eaqxg3wph0gzud436v6k6zj245rqioektm1ohlhai9fnxqosc1tm6h5w6j5kjkoj7vkr0cn12txhjcpm09hrulz5gfm0udr/stage_1_separableconvcnn/confusion_matrix_table.table.json"},"stage2_hard_bin_mask_str":"[1.0, 1.0, 1.0, 1.0, 0.0, 1.0, 1.0, 1.0, 1.0, 1.0, 1.0, 1.0, 1.0, 1.0, 1.0, 1.0, 1.0, 1.0, 1.0, 1.0, 1.0, 0.0, 1.0, 1.0, 1.0, 0.0, 0.0, 0.0, 0.0, 0.0, 0.0, 1.0, 0.0, 0.0, 0.0, 0.0, 1.0, 0.0, 0.0, 0.0, 0.0, 0.0, 0.0, 0.0, 0.0, 0.0, 0.0, 0.0, 1.0, 1.0, 0.0, 0.0, 0.0, 0.0, 0.0, 0.0, 0.0, 1.0, 0.0, 1.0, 0.0, 0.0, 0.0, 0.0, 0.0, 0.0, 0.0, 0.0, 0.0, 0.0, 0.0, 1.0, 1.0, 0.0, 0.0, 0.0, 0.0, 0.0, 0.0, 0.0, 0.0, 0.0, 0.0, 0.0, 0.0, 0.0, 0.0, 0.0, 0.0, 0.0, 0.0, 0.0, 0.0, 0.0, 0.0, 0.0, 0.0, 0.0, 0.0, 0.0, 0.0, 0.0, 0.0, 0.0, 0.0, 0.0, 0.0, 0.0, 0.0, 0.0, 0.0, 0.0, 0.0, 0.0, 0.0, 0.0, 0.0, 0.0, 0.0, 0.0, 0.0, 0.0, 0.0, 0.0, 0.0, 0.0, 0.0, 0.0]","val_loss":0.27547086784978964,"stage2_test_loss":0.45367557790815677,"lr_gumbel_bin":0.001,"_timestamp":1.7757798497771413e+09,"stage2_test_acc":83.3050559891415,"_step":9,"_wandb":{"runtime":14},"stage_3_separableconvcnn/confusion_matrix_table":{"path":"media/table/stage_3_separableconvcnn/confusion_matrix_table_8_4f9c8b6aaf636900f14c.table.json","artifact_path":"wandb-client-artifact://xa53o2b4uc719z6zxtrr0ueokkftf2r6q2gj9yce0dbrg59zha698xohoinxa5mgsxgli1uhjcyk3b6ucb8c85lns1fbvks68jv51ecg4nsrs4qmn2f4ha46onn8r7br/stage_3_separableconvcnn/confusion_matrix_table.table.json","size":1366,"_type":"table-file","_latest_artifact_path":"wandb-client-artifact://yuuy2qtzub8scriaxsjmf5vb1xs8775g5pg6i6hq65dmvp11zfs1xejw56jhexi6b3yrqbfix0bb67ymk8lfwu3mrw3a5upvga0e2n3wqg73xgplaauwtr7uo9akd5pa:latest/stage_3_separableconvcnn/confusion_matrix_table.table.json","sha256":"4f9c8b6aaf636900f14cd33c19ca74ebaab77c00ef582eec6acc1de3202bd502","log_mode":"IMMUTABLE","nrows":36,"ncols":3},"bin_keep_ratio":0.2421875}