{"mask_l1":0,"stage5_test_f1":0.7756667507384503,"model_param_reduction_pct":45.13941629597483,"stage1/test_f1":0.6590848048703898,"stage2/test_f1":0.5834603902473727,"hard_bin_mask":[0,0,0,0,0,0,0,0,0,0,0,0,1,0,0,0,0,0,1,1,1,0,0,0,0,0,0,0,1,1,1,1,0,0,0,0,0,0,0,0,1,0,1,0,1,0,1,0,0,1,0,0,0,0,1,0,1,0,0,0,0,0,0,0,0,0,0,0,0,0,0,0,0,0,0,0,0,0,0,0,0,0,0,0,0,0,0,0,0,0,0,0,0,0,0,0,0,0,0,0,0,0,0,0,0,0,0,0,0,0,0,0,0,0,0,0,0,0,0,0,0,0,0,0,0,0,0,0],"train_loss":0.3370856632143387,"stage2/epoch":15,"stage_3_separableconvcnn/confusion_matrix_table":{"log_mode":"IMMUTABLE","size":1372,"_type":"table-file","nrows":36,"sha256":"7cd2433bb4ce4e553f72e671b90126857f50ff6e5fc72b94281a2f9ca9971ed3","artifact_path":"wandb-client-artifact://rlw8pxhwbchby9g9zohymprq5df2jfu5po3iwk8r0aogdc23hnx97em4dl23b333kjo7k1udzpgki5zl8d8954j2ijn280g18sws51hk76q7yggl0cyzhkrhrucfo6io/stage_3_separableconvcnn/confusion_matrix_table.table.json","path":"media/table/stage_3_separableconvcnn/confusion_matrix_table_9_7cd2433bb4ce4e553f72.table.json","_latest_artifact_path":"wandb-client-artifact://vnwauj1llny6qbbqwi2vr4kchbzkise0adyrjnwpdvs80k6pdzxurmmr4dagu6rbxk1up29m14cvd7kfqoaskul8llj0iz3rjnkx3kd8jx0aaqh4nonjcqe0rc04fqxy:latest/stage_3_separableconvcnn/confusion_matrix_table.table.json","ncols":3},"stage1_test_loss":0.618815944941849,"val_loss":0.7112876170319937,"stage2/stage_number":2,"stage2/purpose":"train channel-pruning model with masking","_step":19,"_runtime":34,"stage2/lr_backbone":0.0001,"stage2/train_loss":0.9096858487441825,"val_acc":71.5846994535519,"stage2/lr_gumbel":0.001,"stage":5,"stage1_test_f1":0.6590848048703898,"stage2/Total_Pruned_%":31.25,"stage2/test_loss":0.8886508939943861,"epoch":20,"model_param_count_pruned":20226,"stage2/block4_Pruned_%":28.90625,"train_acc":83.95362152877183,"stage_5_prunedseparableconvcnn/confusion_matrix_table":{"ncols":3,"path":"media/table/stage_5_prunedseparableconvcnn/confusion_matrix_table_18_be7fac06c5af5b9dc1fc.table.json","sha256":"be7fac06c5af5b9dc1fc962f62c2a767632777426f8de3afe8c674b5a074d58f","artifact_path":"wandb-client-artifact://8h1stbsolv1pclfhrydfm5tx9yciw2fjc75ieioigcc5q7k6n79l15zoixcjpkvh4pe736obsjtwlfwglkx0oat505idzhwoxze33mf4u5mps9p0wi1h9qihire2bpah/stage_5_prunedseparableconvcnn/confusion_matrix_table.table.json","log_mode":"IMMUTABLE","_latest_artifact_path":"wandb-client-artifact://1t77046to88xwr5c9mdycfzps5gzbztupbyz4ikc590uudok4zsy8redf9y1ldmr2hu89mhn77rmqrncgwfbp6nrbuuvfd22z4hurl0uhmn6pzw5o2ljs3em4y8w14zc:latest/stage_5_prunedseparableconvcnn/confusion_matrix_table.table.json","size":1372,"_type":"table-file","nrows":36},"stage1_test_acc":68.00135731252121,"stage1/test_loss":0.618815944941849,"model_param_count_dense":36868,"stage2/val_acc":54.09836065573771,"stage2/raw_hard_mask_block2":"[0.0, 1.0, 1.0, 0.0, 1.0, 1.0, 1.0, 1.0, 0.0, 1.0, 0.0, 1.0, 1.0, 1.0, 1.0, 1.0, 0.0, 1.0, 1.0, 1.0, 1.0, 1.0, 1.0, 1.0, 1.0, 1.0, 1.0, 0.0, 1.0, 0.0, 1.0, 1.0, 1.0, 1.0, 1.0, 0.0, 1.0, 1.0, 0.0, 0.0, 1.0, 1.0, 1.0, 1.0, 1.0, 1.0, 1.0, 1.0, 0.0, 1.0, 1.0, 0.0, 1.0, 1.0, 1.0, 0.0, 0.0, 1.0, 1.0, 1.0, 1.0, 1.0, 1.0, 1.0]","final_channel_mask_block4":[1,1,1,1,0,1,0,1,1,1,1,0,1,1,1,1,1,1,1,1,1,1,1,1,1,0,0,1,1,1,0,0,1,1,0,1,0,0,1,1,1,1,0,1,1,1,1,1,1,1,0,1,0,1,1,1,1,0,1,1,1,0,0,0,1,1,1,1,1,1,1,1,1,0,0,0,1,1,1,0,1,1,1,1,1,1,1,1,1,1,1,1,1,0,0,0,0,1,1,1,0,0,1,1,1,1,0,1,1,0,1,0,0,0,1,1,0,1,1,1,1,0,0,0,1,1,1,0],"stage2/test_acc":61.316593145571765,"stage2/mask_l1":0.5100617408752441,"stage2/block2_Pruned_%":21.875,"stage2/final_mask_keep_ratio_block2":0.78125,"final_channel_mask_block2":[0,1,1,0,1,1,1,1,0,1,0,1,1,1,1,1,0,1,1,1,1,1,1,1,1,1,1,0,1,0,1,1,1,1,1,0,1,1,0,0,1,1,1,1,1,1,1,1,0,1,1,0,1,1,1,0,0,1,1,1,1,1,1,1],"stage5_test_loss":0.6313182391954293,"final_channel_mask_block3":[1,1,1,1,0,0,1,0,1,1,1,0,1,1,1,1,0,0,0,0,1,1,1,1,0,1,1,0,1,0,0,0,1,1,1,0,0,0,1,0,1,1,1,1,0,0,1,1,1,0,0,1,0,1,0,0,1,1,1,1,1,1,1,1,1,0,0,1,1,0,1,0,1,0,1,1,0,0,1,1,1,1,1,0,0,0,1,0,0,1,1,0,1,0,0,0,0,1,1,1,1,1,1,0,0,1,0,1,1,1,1,0,1,1,1,1,1,1,1,1,0,0,1,1,1,0,1,0],"stage2/block3_Pruned_%":38.28125,"stage1/use_pretrain_model":false,"stage2/final_mask_keep_ratio_block3":0.6171875,"lr_loaded_weights":0.0001,"stage2/raw_hard_mask_block4":"[1.0, 1.0, 1.0, 1.0, 0.0, 1.0, 0.0, 1.0, 1.0, 1.0, 1.0, 0.0, 1.0, 1.0, 1.0, 1.0, 1.0, 1.0, 1.0, 1.0, 1.0, 1.0, 1.0, 1.0, 1.0, 0.0, 0.0, 1.0, 1.0, 1.0, 0.0, 0.0, 1.0, 1.0, 0.0, 1.0, 0.0, 0.0, 1.0, 1.0, 1.0, 1.0, 0.0, 1.0, 1.0, 1.0, 1.0, 1.0, 1.0, 1.0, 0.0, 1.0, 0.0, 1.0, 1.0, 1.0, 1.0, 0.0, 1.0, 1.0, 1.0, 0.0, 0.0, 0.0, 1.0, 1.0, 1.0, 1.0, 1.0, 1.0, 1.0, 1.0, 1.0, 0.0, 0.0, 0.0, 1.0, 1.0, 1.0, 0.0, 1.0, 1.0, 1.0, 1.0, 1.0, 1.0, 1.0, 1.0, 1.0, 1.0, 1.0, 1.0, 1.0, 0.0, 0.0, 0.0, 0.0, 1.0, 1.0, 1.0, 0.0, 0.0, 1.0, 1.0, 1.0, 1.0, 0.0, 1.0, 1.0, 0.0, 1.0, 0.0, 0.0, 0.0, 1.0, 1.0, 0.0, 1.0, 1.0, 1.0, 1.0, 0.0, 0.0, 0.0, 1.0, 1.0, 1.0, 0.0]","stage2/best_epoch":9,"best_val_loss":0.6457435752524704,"stage_1_separableconvcnn/confusion_matrix_table":{"ncols":3,"artifact_path":"wandb-client-artifact://qrc8h3xgt5wigvr885tyffr1brgup17r5l21cnho0q48128tsfjtom4fjl0msuhtn4vb80yr2yjnq0zav0sm8au3o2bkdi7f67tbulq919y7plw78j60wbaji02rv62d/stage_1_separableconvcnn/confusion_matrix_table.table.json","_type":"table-file","_latest_artifact_path":"wandb-client-artifact://39mwx5umrc9faaqb19up3qbgm53fqwnpxhifbiy2676jkopipchuhejlu9x9cn0f1kvh3zn6fli8ja9eb3liby5izswiq007faaozvw3bvw9gaw7xgdjuiz0a7niv6r9:latest/stage_1_separableconvcnn/confusion_matrix_table.table.json","sha256":"b67f3fa1745bd39b788a90d2420bc5303bab6fc67e8638c290e0a2d2210940a7","nrows":36,"size":1367,"log_mode":"IMMUTABLE","path":"media/table/stage_1_separableconvcnn/confusion_matrix_table_1_b67f3fa1745bd39b788a.table.json"},"_wandb":{"runtime":34},"stage2/final_mask_keep_ratio_block4":0.7109375,"stage2/train_acc":56.47008302318923,"stage2/best_val_loss":0.902269309987136,"lr":0.001,"stage2/val_loss":0.9666322225429973,"_timestamp":1.776710104722819e+09,"stage5_test_acc":77.23108245673566,"stage2/raw_hard_mask_block3":"[1.0, 1.0, 1.0, 1.0, 0.0, 0.0, 1.0, 0.0, 1.0, 1.0, 1.0, 0.0, 1.0, 1.0, 1.0, 1.0, 0.0, 0.0, 0.0, 0.0, 1.0, 1.0, 1.0, 1.0, 0.0, 1.0, 1.0, 0.0, 1.0, 0.0, 0.0, 0.0, 1.0, 1.0, 1.0, 0.0, 0.0, 0.0, 1.0, 0.0, 1.0, 1.0, 1.0, 1.0, 0.0, 0.0, 1.0, 1.0, 1.0, 0.0, 0.0, 1.0, 0.0, 1.0, 0.0, 0.0, 1.0, 1.0, 1.0, 1.0, 1.0, 1.0, 1.0, 1.0, 1.0, 0.0, 0.0, 1.0, 1.0, 0.0, 1.0, 0.0, 1.0, 0.0, 1.0, 1.0, 0.0, 0.0, 1.0, 1.0, 1.0, 1.0, 1.0, 0.0, 0.0, 0.0, 1.0, 0.0, 0.0, 1.0, 1.0, 0.0, 1.0, 0.0, 0.0, 0.0, 0.0, 1.0, 1.0, 1.0, 1.0, 1.0, 1.0, 0.0, 0.0, 1.0, 0.0, 1.0, 1.0, 1.0, 1.0, 0.0, 1.0, 1.0, 1.0, 1.0, 1.0, 1.0, 1.0, 1.0, 0.0, 0.0, 1.0, 1.0, 1.0, 0.0, 1.0, 0.0]","stage1/test_acc":68.00135731252121,"lr_backbone":0.0001,"lr_gumbel_bin":0.001}