{"stage2_test_f1":0.8319558403697198,"train_acc":90.65380184331798,"stage":3,"stage2/purpose":"train channel-pruning model with masking","final_summary_log_path":"/home/qphan/master-thesis/models/uci_best_model_three_stage_channel_subject21_val_final_summary_val_21.txt","val_loss":0.3981906935280445,"stage2/final_mask_keep_ratio_block4":0.5,"stage2/block4_Pruned_%":50,"stage2/best_val_loss":0.5887775608137542,"train_loss":0.2294906780879069,"stage_3_prunedseparableconvcnn/confusion_matrix_table":{"_type":"table-file","nrows":36,"artifact_path":"wandb-client-artifact://cvltwmri18zzkrjfxb2lowksdesdw17391sybg65m0nu2fwjnrx7xyrghdnewnbb819d04wwtvo8tgiw7kjfk75tw0vefwoqjrwcp2evfuh28yez2xcgw74arg9jomts/stage_3_prunedseparableconvcnn/confusion_matrix_table.table.json","ncols":3,"size":1366,"_latest_artifact_path":"wandb-client-artifact://bkldtjr28rfaw45h8dgna7qg1fcpgkvg1lechrj46xmed7epwhoky4opww88hpciuym6mf0gz52zgudi9asd2e169s9gbxdb2s9nar9oc5twxkyrqrsdhf8r77ravrpy:latest/stage_3_prunedseparableconvcnn/confusion_matrix_table.table.json","sha256":"51a2c7edc293c29f64b6df7cd07ebe3f7985440871673865027e198d9aeda314","path":"media/table/stage_3_prunedseparableconvcnn/confusion_matrix_table_27_51a2c7edc293c29f64b6.table.json","log_mode":"IMMUTABLE"},"model_param_count_pruned":9017,"best_val_loss":0.3811698573477128,"stage2/train_acc":73.37269585253456,"stage1_test_acc":90.09161859518154,"stage3_test_loss":0.3436095869482451,"block3_Pruned_%":74.21875,"stage1/test_loss":0.2619451821396462,"_wandb":{"runtime":54},"stage2/block2_Pruned_%":62.5,"stage2/train_loss":0.6764070413629031,"model_param_count":9017,"stage2_test_loss":0.49719273233899597,"stage2/mask_l1":0.3658672273159027,"stage2/raw_hard_mask_block3":"[0.0, 1.0, 0.0, 0.0, 0.0, 0.0, 0.0, 0.0, 1.0, 0.0, 1.0, 0.0, 1.0, 0.0, 0.0, 1.0, 1.0, 1.0, 0.0, 1.0, 1.0, 1.0, 0.0, 0.0, 0.0, 0.0, 0.0, 0.0, 0.0, 1.0, 0.0, 1.0, 0.0, 1.0, 1.0, 0.0, 0.0, 1.0, 0.0, 1.0, 0.0, 0.0, 0.0, 1.0, 1.0, 1.0, 0.0, 0.0, 0.0, 1.0, 0.0, 0.0, 0.0, 0.0, 0.0, 0.0, 0.0, 0.0, 0.0, 0.0, 0.0, 0.0, 0.0, 0.0, 0.0, 0.0, 0.0, 0.0, 0.0, 1.0, 0.0, 0.0, 0.0, 0.0, 0.0, 0.0, 0.0, 1.0, 1.0, 0.0, 0.0, 0.0, 0.0, 0.0, 1.0, 1.0, 0.0, 1.0, 0.0, 0.0, 0.0, 0.0, 0.0, 0.0, 0.0, 0.0, 0.0, 0.0, 0.0, 0.0, 0.0, 0.0, 0.0, 0.0, 1.0, 1.0, 0.0, 1.0, 0.0, 0.0, 0.0, 0.0, 0.0, 0.0, 0.0, 0.0, 0.0, 0.0, 0.0, 0.0, 0.0, 0.0, 1.0, 1.0, 0.0, 0.0, 1.0, 1.0]","stage2/test_acc":82.9657278588395,"Total_Pruned_%":62.18749999999999,"stage2/test_f1":0.8319558403697198,"_step":29,"stage2/stage_number":2,"stage2/epoch":60,"stage2/Total_Pruned_%":62.18749999999999,"stage2/block3_Pruned_%":74.21875,"stage1_test_f1":0.903082410668676,"stage_1_separableconvcnn/confusion_matrix_table":{"artifact_path":"wandb-client-artifact://065t4z1migtx2d7a1qs343528rjcc4b9ve7225wxhje12rvsepa6o2mu4kxg0vox15tlr44m7lmshl16p4d7ha93jb6nyl4vlyrm6c3y076vnv8am4n8ckch5uzvxsgv/stage_1_separableconvcnn/confusion_matrix_table.table.json","_latest_artifact_path":"wandb-client-artifact://r0i6a7apcuyzufosb7adekmg8w5b7xdgr3t5gj4ltt3igzeh3y0uylc6ty60n441wtfc4ikblqe6wf6t8sc32lfwf1t4j8vp24o6b94ucjr2y078oloqlw5cg0khvxqh:latest/stage_1_separableconvcnn/confusion_matrix_table.table.json","sha256":"7564a7f0cb013ffdab37b14a0d596fcd5b0e85878f66aeb5e1b86ab4c6ab1b99","nrows":36,"_type":"table-file","log_mode":"IMMUTABLE","ncols":3,"size":1368,"path":"media/table/stage_1_separableconvcnn/confusion_matrix_table_1_7564a7f0cb013ffdab37.table.json"},"model_param_count_dense":36868,"stage2/lr_gumbel":0.001,"stage3_test_f1":0.887093617191287,"lr_loaded_weights":0.0001,"stage1/test_acc":90.09161859518154,"stage1_test_loss":0.2619451821396462,"stage2/raw_hard_mask_block2":"[1.0, 0.0, 0.0, 0.0, 1.0, 0.0, 0.0, 1.0, 0.0, 0.0, 0.0, 1.0, 0.0, 0.0, 0.0, 0.0, 0.0, 0.0, 0.0, 0.0, 1.0, 1.0, 1.0, 1.0, 0.0, 0.0, 0.0, 0.0, 0.0, 0.0, 1.0, 0.0, 1.0, 1.0, 1.0, 0.0, 1.0, 1.0, 1.0, 0.0, 0.0, 0.0, 0.0, 1.0, 0.0, 1.0, 1.0, 0.0, 0.0, 0.0, 0.0, 0.0, 1.0, 1.0, 1.0, 0.0, 0.0, 1.0, 1.0, 0.0, 1.0, 0.0, 0.0, 0.0]","_timestamp":1.7758530016130197e+09,"stage2/val_acc":77.45098039215686,"epoch":60,"stage3_test_acc":88.42891075670173,"stage2/final_mask_keep_ratio_block3":0.2578125,"block4_Pruned_%":50,"_runtime":54,"stage2/lr_backbone":0.0001,"stage2/final_mask_keep_ratio_block2":0.375,"val_acc":84.06862745098039,"stage2/test_loss":0.49719273233899597,"stage2/val_loss":0.592725373950659,"stage1/use_pretrain_model":false,"stage2_test_acc":82.9657278588395,"stage2/best_epoch":58,"stage2/raw_hard_mask_block4":"[1.0, 0.0, 1.0, 1.0, 1.0, 0.0, 0.0, 0.0, 1.0, 0.0, 0.0, 1.0, 1.0, 0.0, 0.0, 1.0, 0.0, 0.0, 0.0, 0.0, 1.0, 1.0, 1.0, 0.0, 1.0, 0.0, 0.0, 0.0, 1.0, 0.0, 0.0, 0.0, 1.0, 1.0, 1.0, 1.0, 1.0, 1.0, 1.0, 0.0, 0.0, 0.0, 0.0, 1.0, 0.0, 1.0, 0.0, 1.0, 1.0, 1.0, 0.0, 1.0, 1.0, 1.0, 0.0, 1.0, 0.0, 0.0, 0.0, 1.0, 0.0, 0.0, 1.0, 0.0, 1.0, 1.0, 1.0, 0.0, 1.0, 0.0, 1.0, 1.0, 0.0, 1.0, 1.0, 1.0, 0.0, 0.0, 1.0, 1.0, 0.0, 0.0, 0.0, 0.0, 0.0, 1.0, 1.0, 0.0, 1.0, 1.0, 1.0, 1.0, 1.0, 0.0, 1.0, 1.0, 0.0, 1.0, 0.0, 1.0, 1.0, 1.0, 0.0, 0.0, 1.0, 0.0, 0.0, 0.0, 0.0, 1.0, 0.0, 0.0, 1.0, 0.0, 1.0, 1.0, 1.0, 0.0, 0.0, 1.0, 0.0, 1.0, 0.0, 1.0, 0.0, 0.0, 0.0, 0.0]","stage1/test_f1":0.903082410668676,"model_param_reduction_pct":75.54247585982424,"block2_Pruned_%":62.5}