{"val_acc":70.10355695632597,"stage2/purpose":"train channel-pruning model with masking","final_summary_log_path":"/home/qphan/master-thesis/models/wear_best_model_three_stage_channel_subject11_val_final_summary_val_11.txt","stage2_test_loss":0.7291193542185362,"stage2/raw_hard_mask_block4":"[1.0, 0.0, 0.0, 1.0, 1.0, 1.0, 1.0, 1.0, 0.0, 1.0, 0.0, 0.0, 0.0, 1.0, 0.0, 0.0, 1.0, 1.0, 0.0, 0.0, 0.0, 1.0, 1.0, 1.0, 0.0, 1.0, 1.0, 1.0, 0.0, 1.0, 1.0, 0.0, 0.0, 1.0, 1.0, 0.0, 1.0, 1.0, 1.0, 0.0, 0.0, 0.0, 0.0, 0.0, 0.0, 0.0, 1.0, 0.0, 0.0, 0.0, 0.0, 0.0, 0.0, 1.0, 0.0, 0.0, 0.0, 0.0, 0.0, 0.0, 0.0, 1.0, 0.0, 1.0, 1.0, 1.0, 1.0, 0.0, 0.0, 0.0, 0.0, 1.0, 1.0, 0.0, 1.0, 1.0, 0.0, 0.0, 1.0, 0.0, 1.0, 0.0, 0.0, 0.0, 0.0, 0.0, 1.0, 1.0, 0.0, 0.0, 1.0, 0.0, 0.0, 1.0, 0.0, 1.0, 1.0, 0.0, 1.0, 1.0, 0.0, 0.0, 0.0, 1.0, 1.0, 1.0, 1.0, 0.0, 1.0, 1.0, 0.0, 0.0, 1.0, 1.0, 0.0, 1.0, 1.0, 1.0, 0.0, 1.0, 1.0, 1.0, 1.0, 0.0, 1.0, 1.0, 1.0, 0.0]","stage2/epoch":30,"stage3_test_f1":0.6813689432824286,"stage2/test_acc":77.31066460587326,"stage2/test_loss":0.7291193542185362,"Total_Pruned_%":67.1875,"stage2/train_acc":53.17804050099497,"stage1/use_pretrain_model":false,"stage2/val_acc":64.79063484916705,"model_param_count_pruned":7849,"block4_Pruned_%":51.5625,"stage1_test_loss":0.6435405399859535,"stage2/best_epoch":21,"stage1_test_acc":78.37197320968573,"stage":3,"_runtime":255,"stage1/test_f1":0.6788417622107312,"block2_Pruned_%":71.875,"stage2/lr_gumbel":0.001,"stage2/raw_hard_mask_block3":"[0.0, 1.0, 0.0, 0.0, 0.0, 1.0, 0.0, 0.0, 0.0, 1.0, 0.0, 0.0, 0.0, 0.0, 0.0, 0.0, 0.0, 0.0, 1.0, 0.0, 0.0, 0.0, 0.0, 0.0, 0.0, 0.0, 0.0, 0.0, 0.0, 0.0, 1.0, 0.0, 0.0, 0.0, 0.0, 1.0, 0.0, 1.0, 0.0, 0.0, 0.0, 0.0, 0.0, 0.0, 0.0, 0.0, 0.0, 0.0, 0.0, 0.0, 1.0, 0.0, 0.0, 1.0, 0.0, 0.0, 0.0, 0.0, 1.0, 0.0, 0.0, 1.0, 0.0, 1.0, 0.0, 0.0, 0.0, 1.0, 1.0, 0.0, 0.0, 1.0, 0.0, 1.0, 0.0, 0.0, 0.0, 1.0, 0.0, 0.0, 0.0, 0.0, 0.0, 0.0, 0.0, 0.0, 0.0, 0.0, 1.0, 0.0, 0.0, 0.0, 0.0, 0.0, 0.0, 0.0, 1.0, 0.0, 0.0, 0.0, 1.0, 0.0, 0.0, 1.0, 0.0, 0.0, 1.0, 0.0, 0.0, 0.0, 0.0, 0.0, 0.0, 0.0, 0.0, 0.0, 0.0, 0.0, 0.0, 0.0, 1.0, 0.0, 1.0, 0.0, 0.0, 0.0, 0.0, 1.0]","stage_1_separableconvcnn/confusion_matrix_table":{"path":"media/table/stage_1_separableconvcnn/confusion_matrix_table_1_a9e697e2119585023eba.table.json","artifact_path":"wandb-client-artifact://ckm319h3oxfpxx4rp2p2du256s1byzlpxiakhuq2savmg1b9g64fk66ikvczij7fj8b4ayg38vcz9qvy66ez7pxkdi3qljpviw33xw8pf4hgxtrnmptewdoj893sgchu/stage_1_separableconvcnn/confusion_matrix_table.table.json","_type":"table-file","sha256":"a9e697e2119585023eba2e26192d1547a0ce353f171d14a3bf5a2c82a6538330","nrows":64,"log_mode":"IMMUTABLE","size":2014,"ncols":3,"_latest_artifact_path":"wandb-client-artifact://748xrp8gh0hjo0e73fmdk21htlq72cd9awvo6dmqaka20x74mc7pqe5id1sxs5aujx86lnsauhsk6bu6zoznazj93g7rcup2dq6drx7olqj3f31qgbobg4nockt6a1th:latest/stage_1_separableconvcnn/confusion_matrix_table.table.json"},"stage2/block2_Pruned_%":71.875,"train_loss":0.671158150328583,"stage2/stage_number":2,"_wandb":{"runtime":255},"stage2/best_val_loss":0.764531416889785,"stage2/lr_backbone":0.0001,"model_param_reduction_pct":78.7853397480945,"stage1/test_acc":78.37197320968573,"stage2/final_mask_keep_ratio_block4":0.484375,"stage2/train_loss":1.0779734054456998,"stage_3_prunedseparableconvcnn/confusion_matrix_table":{"size":2013,"nrows":64,"_latest_artifact_path":"wandb-client-artifact://xhrvpofsfz73td7w2ra9igycgq7v4mpd21vssi0q3306s6pbbm8rw4brxbk5tb4nw7184okser3n4sa9l6fwkkkrs7o8y5ihf87rro1wgt6b8znylbj5m6m1ubgidrp2:latest/stage_3_prunedseparableconvcnn/confusion_matrix_table.table.json","sha256":"93a18e02c6a2f4c36bee1850cd05a4731e134a8f32687a783a24af869fb12a34","_type":"table-file","ncols":3,"log_mode":"IMMUTABLE","path":"media/table/stage_3_prunedseparableconvcnn/confusion_matrix_table_19_93a18e02c6a2f4c36bee.table.json","artifact_path":"wandb-client-artifact://3lt9kkdw3wwx01kdkoajibm08603j80i2iz72ule1s7wdysrt2wfwdwvwnknfrzi4b7dxaiaom3dvnf5zep1vy9b5linzcg8ncjxl2xqzs6p68yo96dyrotp4r1bynhi/stage_3_prunedseparableconvcnn/confusion_matrix_table.table.json"},"model_param_count":7849,"best_val_loss":0.7335648469590003,"model_param_count_dense":36998,"val_loss":0.7329072325898419,"stage3_test_loss":0.6674463632824125,"stage2/Total_Pruned_%":67.1875,"stage3_test_acc":78.37197320968573,"stage2_test_f1":0.6499874640754735,"stage2/block4_Pruned_%":51.5625,"stage2/raw_hard_mask_block2":"[0.0, 0.0, 1.0, 1.0, 1.0, 0.0, 1.0, 1.0, 0.0, 1.0, 0.0, 0.0, 0.0, 0.0, 1.0, 0.0, 0.0, 0.0, 0.0, 0.0, 0.0, 0.0, 1.0, 0.0, 0.0, 0.0, 0.0, 0.0, 0.0, 0.0, 0.0, 0.0, 1.0, 0.0, 0.0, 0.0, 0.0, 0.0, 0.0, 0.0, 0.0, 0.0, 1.0, 0.0, 0.0, 0.0, 0.0, 1.0, 1.0, 1.0, 0.0, 1.0, 0.0, 0.0, 0.0, 0.0, 0.0, 1.0, 0.0, 1.0, 1.0, 1.0, 0.0, 0.0]","_step":21,"_timestamp":1.7753749423839993e+09,"train_acc":65.04155448905537,"stage2/final_mask_keep_ratio_block3":0.1953125,"epoch":50,"stage1/test_loss":0.6435405399859535,"block3_Pruned_%":80.46875,"lr_loaded_weights":0.0001,"stage2/val_loss":0.7913770868616135,"stage2/block3_Pruned_%":80.46875,"stage2/mask_l1":0.33448588848114014,"stage1_test_f1":0.6788417622107312,"stage2/test_f1":0.6499874640754735,"stage2/final_mask_keep_ratio_block2":0.28125,"stage2_test_acc":77.31066460587326}