{"_runtime":16,"bin_keep_ratio":0.359375,"stage2_hard_bin_mask_str":"[0.0, 0.0, 0.0, 0.0, 0.0, 0.0, 0.0, 1.0, 1.0, 1.0, 1.0, 1.0, 1.0, 1.0, 1.0, 0.0, 0.0, 1.0, 1.0, 1.0, 1.0, 1.0, 1.0, 0.0, 1.0, 1.0, 1.0, 1.0, 1.0, 1.0, 0.0, 1.0, 1.0, 1.0, 1.0, 1.0, 1.0, 1.0, 1.0, 1.0, 1.0, 0.0, 1.0, 1.0, 1.0, 1.0, 1.0, 1.0, 1.0, 1.0, 1.0, 1.0, 1.0, 1.0, 1.0, 0.0, 0.0, 1.0, 0.0, 1.0, 0.0, 0.0, 0.0, 1.0, 0.0, 0.0, 0.0, 0.0, 0.0, 0.0, 0.0, 0.0, 0.0, 0.0, 0.0, 0.0, 0.0, 0.0, 0.0, 0.0, 0.0, 0.0, 0.0, 0.0, 0.0, 0.0, 0.0, 0.0, 0.0, 0.0, 0.0, 0.0, 0.0, 0.0, 0.0, 0.0, 0.0, 0.0, 0.0, 0.0, 0.0, 0.0, 0.0, 0.0, 0.0, 0.0, 0.0, 0.0, 0.0, 0.0, 0.0, 0.0, 0.0, 0.0, 0.0, 0.0, 0.0, 0.0, 0.0, 0.0, 0.0, 0.0, 0.0, 0.0, 0.0, 0.0, 0.0, 0.0]","stage3_test_loss":0.469632197750366,"val_acc":77.71260997067449,"stage2_test_acc":86.90193417034273,"stage":3,"mask_l1":0.265625,"best_val_loss":0.2499934406486774,"stage2_test_loss":0.5021570431928757,"stage3_test_f1":0.8860305251097977,"stage1_test_acc":89.85408890397014,"lr_gumbel_bin":0.001,"val_loss":0.9227354508275685,"lr":0.001,"stage3_test_acc":88.39497794367153,"stage2_test_f1":0.8712975343455397,"stage1_test_f1":0.8992012196111356,"stage_1_separableconvcnn/confusion_matrix_table":{"log_mode":"IMMUTABLE","sha256":"02c5a6fac2b98a2cce23216035c71184f8282e95afab8b7a4923ed0654b10cea","ncols":3,"artifact_path":"wandb-client-artifact://qq3v3imfwqrnq9h94g2eqgmk08aadxpxqiems9e9cwavudnsay44jj9phbg9a16xdn9i7njndc0pg5o1iqf5wgzeymmxvhdodhqdwu52x48nylenjb430g537fgmczcn/stage_1_separableconvcnn/confusion_matrix_table.table.json","size":1368,"nrows":36,"path":"media/table/stage_1_separableconvcnn/confusion_matrix_table_1_02c5a6fac2b98a2cce23.table.json","_type":"table-file","_latest_artifact_path":"wandb-client-artifact://ylcqkez2t5keqz09trta9ssji4qpokqk6to6mz7ywakab76lekz6w2trxmegnryomtt6hwx521gy1syvua6p4crzeip0j9ds3y08rxxd52ik7d4me1dktfhqwtizvr7a:latest/stage_1_separableconvcnn/confusion_matrix_table.table.json"},"stage1/test_f1":0.8992012196111356,"lr_backbone":0.0001,"stage_3_separableconvcnn/confusion_matrix_table":{"path":"media/table/stage_3_separableconvcnn/confusion_matrix_table_8_a41d8635c362ddd3d47f.table.json","sha256":"a41d8635c362ddd3d47f2de1284328dc1c455b48cd7e8cb4a4ccce552c0e47bf","nrows":36,"_type":"table-file","log_mode":"IMMUTABLE","ncols":3,"artifact_path":"wandb-client-artifact://gj8u91bsfk9wo2ewfzgy63dxlwshwvpa74q5g1u5sdwawq7gh7hgod7okx2xkbq0hxoomjmsuy6hi1lqj5x1yhmhnq0dt9ddum2jpi34j6yqgz3wqeu9y5s7ls7a8tw9/stage_3_separableconvcnn/confusion_matrix_table.table.json","size":1370,"_latest_artifact_path":"wandb-client-artifact://r8y4vzvurqvhf4r6dipxx823oqqbra8raopfcsmn8vxu6gc4k5s0zargw9ps9x8vd4gy9xfrpb5cs4rqohp216naa8bjf3bxjay071udnkxzrr37w1e7zxz1qyjo475v:latest/stage_3_separableconvcnn/confusion_matrix_table.table.json"},"stage1/use_pretrain_model":false,"train_acc":95.05063471687349,"_wandb":{"runtime":16},"stage1/test_loss":0.4559599839993571,"stage1_test_loss":0.4559599839993571,"_step":9,"stage1/test_acc":89.85408890397014,"_timestamp":1.7764254779019063e+09,"train_loss":0.12078653004340856,"epoch":20}