{"_timestamp":1.775429109281586e+09,"best_val_loss":0.5575459473901039,"channels_block2":51,"stage3_test_acc":71.64348274085523,"params_before_pruning":36998,"stage_1_separableconvcnn/confusion_matrix_table":{"sha256":"d68110d164209e7acc5fc5462a60a4eac87c9a07c0c4a18707f63026a64360b7","artifact_path":"wandb-client-artifact://nsnwpc18z9yz1e0712broif6v47hz0jfm9kz0dz3v9c3atgwim73l0zyewaaet2g93ktei7qfvfln4p1cf108aodgyx0pzthki5ildkn2j57zkqd0hbmf2p0pgvygil9/stage_1_separableconvcnn/confusion_matrix_table.table.json","size":2013,"ncols":3,"nrows":64,"_type":"table-file","log_mode":"IMMUTABLE","path":"media/table/stage_1_separableconvcnn/confusion_matrix_table_0_d68110d164209e7acc5f.table.json","_latest_artifact_path":"wandb-client-artifact://zm2o4vcjnftv8h0k1hla9szqw60lfjez7r6kyb8f65iazb5o3y2meu1almvevnatrpzggs2xeutnr2kip7fbh4txlxryhrbod643m9n55wop4bsk2nxgtbwjd2xfw1sh:latest/stage_1_separableconvcnn/confusion_matrix_table.table.json"},"lr":0.001,"_wandb":{"runtime":65},"stage":3,"stage3_final_mask_json":"{\"block2\": [1.0, 1.0, 1.0, 1.0, 0.0, 1.0, 1.0, 1.0, 0.0, 1.0, 0.0, 1.0, 0.0, 0.0, 0.0, 1.0, 1.0, 0.0, 1.0, 1.0, 0.0, 1.0, 1.0, 1.0, 0.0, 1.0, 1.0, 1.0, 0.0, 1.0, 1.0, 1.0, 1.0, 1.0, 1.0, 1.0, 1.0, 1.0, 1.0, 1.0, 1.0, 0.0, 1.0, 1.0, 1.0, 1.0, 0.0, 1.0, 1.0, 1.0, 1.0, 1.0, 1.0, 1.0, 1.0, 1.0, 1.0, 1.0, 0.0, 1.0, 1.0, 1.0, 1.0, 1.0], \"block3\": [1.0, 1.0, 1.0, 1.0, 1.0, 1.0, 1.0, 1.0, 1.0, 1.0, 0.0, 0.0, 1.0, 1.0, 1.0, 0.0, 1.0, 1.0, 1.0, 1.0, 1.0, 1.0, 1.0, 0.0, 1.0, 0.0, 1.0, 1.0, 1.0, 1.0, 1.0, 1.0, 0.0, 1.0, 1.0, 0.0, 0.0, 1.0, 1.0, 1.0, 1.0, 1.0, 1.0, 1.0, 1.0, 0.0, 0.0, 1.0, 1.0, 1.0, 1.0, 0.0, 1.0, 0.0, 1.0, 0.0, 1.0, 1.0, 1.0, 1.0, 1.0, 1.0, 0.0, 1.0, 1.0, 1.0, 0.0, 1.0, 1.0, 0.0, 1.0, 1.0, 1.0, 1.0, 0.0, 1.0, 1.0, 0.0, 1.0, 1.0, 1.0, 0.0, 1.0, 1.0, 1.0, 1.0, 1.0, 1.0, 1.0, 1.0, 1.0, 1.0, 1.0, 0.0, 1.0, 1.0, 1.0, 1.0, 1.0, 0.0, 1.0, 1.0, 0.0, 1.0, 0.0, 1.0, 1.0, 1.0, 1.0, 1.0, 1.0, 1.0, 1.0, 1.0, 1.0, 1.0, 1.0, 1.0, 0.0, 1.0, 1.0, 1.0, 1.0, 1.0, 1.0, 0.0, 1.0, 0.0], \"block4\": [1.0, 1.0, 1.0, 1.0, 1.0, 0.0, 1.0, 1.0, 1.0, 1.0, 0.0, 1.0, 0.0, 0.0, 1.0, 1.0, 1.0, 1.0, 1.0, 1.0, 1.0, 1.0, 1.0, 1.0, 0.0, 0.0, 1.0, 1.0, 1.0, 1.0, 1.0, 1.0, 0.0, 0.0, 0.0, 1.0, 1.0, 1.0, 1.0, 1.0, 1.0, 1.0, 1.0, 1.0, 1.0, 1.0, 1.0, 1.0, 1.0, 1.0, 1.0, 0.0, 1.0, 1.0, 1.0, 1.0, 1.0, 1.0, 1.0, 0.0, 1.0, 1.0, 1.0, 1.0, 0.0, 1.0, 0.0, 1.0, 1.0, 0.0, 1.0, 0.0, 1.0, 1.0, 1.0, 1.0, 1.0, 1.0, 1.0, 1.0, 0.0, 1.0, 1.0, 1.0, 1.0, 1.0, 1.0, 1.0, 1.0, 1.0, 1.0, 1.0, 1.0, 1.0, 0.0, 1.0, 0.0, 0.0, 1.0, 1.0, 0.0, 1.0, 0.0, 1.0, 1.0, 0.0, 1.0, 1.0, 1.0, 1.0, 0.0, 1.0, 1.0, 1.0, 1.0, 1.0, 0.0, 0.0, 1.0, 1.0, 1.0, 1.0, 0.0, 1.0, 1.0, 1.0, 1.0, 1.0]}","stage_3_prunedseparableconvcnn/confusion_matrix_table":{"ncols":3,"size":2012,"log_mode":"IMMUTABLE","_latest_artifact_path":"wandb-client-artifact://9wugtrhmx8o7q2af4wd0zlknec05c9j6jvzrlhswgcmgbkqf6blu9sg24f0m1kch23pu4o1wfssmsfyyewby6x29e2jly3yr3d4rj2ml7uq2nmh9xzui3hmn5r12xctp:latest/stage_3_prunedseparableconvcnn/confusion_matrix_table.table.json","nrows":64,"path":"media/table/stage_3_prunedseparableconvcnn/confusion_matrix_table_6_457225931ff80a71ad54.table.json","_type":"table-file","sha256":"457225931ff80a71ad54e5fc11e6ef2e5ddbe3271eed2164149c391db799bb11","artifact_path":"wandb-client-artifact://ne5a4pndpdqeom4dwobpdure19qqstjsgffi83tku2nmsqgv4x0fyyo9j72fqdtmcbeoeqmczhirw9wmyd4o5qkr4pkdmzq6lltbep0pdsp7am63axnya468y7hdkfjd/stage_3_prunedseparableconvcnn/confusion_matrix_table.table.json"},"channels_block4":102,"val_acc":79.7837566004526,"_runtime":65,"stage3_test_f1":0.6567662345893185,"val_loss":0.6228054659747886,"channels_block3":102,"train_loss":0.5455303673315355,"stage3_channel_metadata_json":"{\"block2\": {\"kept_indices\": [0, 1, 2, 3, 5, 6, 7, 9, 11, 15, 16, 18, 19, 21, 22, 23, 25, 26, 27, 29, 30, 31, 32, 33, 34, 35, 36, 37, 38, 39, 40, 42, 43, 44, 45, 47, 48, 49, 50, 51, 52, 53, 54, 55, 56, 57, 59, 60, 61, 62, 63], \"pruned_indices\": [4, 8, 10, 12, 13, 14, 17, 20, 24, 28, 41, 46, 58], \"kept_count\": 51, \"pruned_count\": 13, \"total_channels\": 64}, \"block3\": {\"kept_indices\": [0, 1, 2, 3, 4, 5, 6, 7, 8, 9, 12, 13, 14, 16, 17, 18, 19, 20, 21, 22, 24, 26, 27, 28, 29, 30, 31, 33, 34, 37, 38, 39, 40, 41, 42, 43, 44, 47, 48, 49, 50, 52, 54, 56, 57, 58, 59, 60, 61, 63, 64, 65, 67, 68, 70, 71, 72, 73, 75, 76, 78, 79, 80, 82, 83, 84, 85, 86, 87, 88, 89, 90, 91, 92, 94, 95, 96, 97, 98, 100, 101, 103, 105, 106, 107, 108, 109, 110, 111, 112, 113, 114, 115, 116, 117, 119, 120, 121, 122, 123, 124, 126], \"pruned_indices\": [10, 11, 15, 23, 25, 32, 35, 36, 45, 46, 51, 53, 55, 62, 66, 69, 74, 77, 81, 93, 99, 102, 104, 118, 125, 127], \"kept_count\": 102, \"pruned_count\": 26, \"total_channels\": 128}, \"block4\": {\"kept_indices\": [0, 1, 2, 3, 4, 6, 7, 8, 9, 11, 14, 15, 16, 17, 18, 19, 20, 21, 22, 23, 26, 27, 28, 29, 30, 31, 35, 36, 37, 38, 39, 40, 41, 42, 43, 44, 45, 46, 47, 48, 49, 50, 52, 53, 54, 55, 56, 57, 58, 60, 61, 62, 63, 65, 67, 68, 70, 72, 73, 74, 75, 76, 77, 78, 79, 81, 82, 83, 84, 85, 86, 87, 88, 89, 90, 91, 92, 93, 95, 98, 99, 101, 103, 104, 106, 107, 108, 109, 111, 112, 113, 114, 115, 118, 119, 120, 121, 123, 124, 125, 126, 127], \"pruned_indices\": [5, 10, 12, 13, 24, 25, 32, 33, 34, 51, 59, 64, 66, 69, 71, 80, 94, 96, 97, 100, 102, 105, 110, 116, 117, 122], \"kept_count\": 102, \"pruned_count\": 26, \"total_channels\": 128}}","_step":7,"stage1_test_acc":78.65018031942297,"train_acc":79.84525877742314,"epoch":18,"params_after_pruning":25701,"stage1_test_f1":0.6818434948250894}