{"lr":0.001,"stage_1_separableconvcnn/confusion_matrix_table":{"log_mode":"IMMUTABLE","path":"media/table/stage_1_separableconvcnn/confusion_matrix_table_0_9e055cb65400c65af3ab.table.json","ncols":3,"size":2015,"sha256":"9e055cb65400c65af3ab0ea257bdeab9e79608d992ca34da56b5b152897597c0","_type":"table-file","_latest_artifact_path":"wandb-client-artifact://rjz7oihtswjiza7nxkcc4tqa7827h3duvg848v5w6hhol9n7ouabvwjp29fdpdskywdihtjov0d5n6n6ljdbmbfguzeqnrlvmoktynxk8jlir01w8ommnr8xna6eexsf:latest/stage_1_separableconvcnn/confusion_matrix_table.table.json","artifact_path":"wandb-client-artifact://67v7k24yrxq7nyjuzu7phw44w00bvtb7q4m3t522u9svwcwu77aisv9dxs406imn6eje9b9qs9jhsae9806hkkk8trj12vnyskg98wcw5jpzrf89dcesg7tmnu8s9n60/stage_1_separableconvcnn/confusion_matrix_table.table.json","nrows":64},"stage3_test_f1":0.659578593352254,"channels_block2":26,"val_loss":1.3544285126988043,"_timestamp":1.7754345698894985e+09,"stage3_channel_metadata_json":"{\"block2\": {\"kept_indices\": [0, 1, 5, 6, 10, 11, 14, 15, 18, 20, 21, 24, 26, 27, 29, 30, 31, 34, 35, 39, 42, 43, 46, 61, 62, 63], \"pruned_indices\": [2, 3, 4, 7, 8, 9, 12, 13, 16, 17, 19, 22, 23, 25, 28, 32, 33, 36, 37, 38, 40, 41, 44, 45, 47, 48, 49, 50, 51, 52, 53, 54, 55, 56, 57, 58, 59, 60], \"kept_count\": 26, \"pruned_count\": 38, \"total_channels\": 64}, \"block3\": {\"kept_indices\": [1, 2, 3, 9, 10, 11, 16, 19, 20, 21, 22, 23, 24, 25, 31, 32, 33, 35, 37, 40, 41, 42, 45, 51, 55, 56, 58, 62, 65, 66, 67, 68, 71, 73, 77, 79, 80, 83, 84, 85, 87, 88, 100, 101, 102, 104, 106, 108, 113, 114, 121], \"pruned_indices\": [0, 4, 5, 6, 7, 8, 12, 13, 14, 15, 17, 18, 26, 27, 28, 29, 30, 34, 36, 38, 39, 43, 44, 46, 47, 48, 49, 50, 52, 53, 54, 57, 59, 60, 61, 63, 64, 69, 70, 72, 74, 75, 76, 78, 81, 82, 86, 89, 90, 91, 92, 93, 94, 95, 96, 97, 98, 99, 103, 105, 107, 109, 110, 111, 112, 115, 116, 117, 118, 119, 120, 122, 123, 124, 125, 126, 127], \"kept_count\": 51, \"pruned_count\": 77, \"total_channels\": 128}, \"block4\": {\"kept_indices\": [3, 7, 9, 11, 14, 16, 24, 26, 27, 32, 35, 38, 40, 41, 46, 51, 53, 56, 61, 62, 63, 64, 66, 67, 68, 69, 70, 74, 75, 76, 77, 78, 81, 83, 85, 88, 91, 96, 99, 100, 101, 102, 107, 108, 111, 112, 116, 121, 122, 123, 124], \"pruned_indices\": [0, 1, 2, 4, 5, 6, 8, 10, 12, 13, 15, 17, 18, 19, 20, 21, 22, 23, 25, 28, 29, 30, 31, 33, 34, 36, 37, 39, 42, 43, 44, 45, 47, 48, 49, 50, 52, 54, 55, 57, 58, 59, 60, 65, 71, 72, 73, 79, 80, 82, 84, 86, 87, 89, 90, 92, 93, 94, 95, 97, 98, 103, 104, 105, 106, 109, 110, 113, 114, 115, 117, 118, 119, 120, 125, 126, 127], \"kept_count\": 51, \"pruned_count\": 77, \"total_channels\": 128}}","_step":6,"train_acc":76.64896895941459,"params_after_pruning":9476,"stage1_test_acc":78.16589386913962,"epoch":14,"channels_block4":51,"stage1_test_f1":0.670081033504409,"stage":3,"train_loss":0.6184128724956719,"params_before_pruning":36998,"stage3_test_acc":73.21998969603297,"best_val_loss":1.2705128619663395,"stage_3_prunedseparableconvcnn/confusion_matrix_table":{"ncols":3,"path":"media/table/stage_3_prunedseparableconvcnn/confusion_matrix_table_5_674ddc8557deeb513d16.table.json","nrows":64,"size":2012,"log_mode":"IMMUTABLE","artifact_path":"wandb-client-artifact://oajcc9l8mv9e4yzot3bl2bdde4clzi98680nylnlixpif0fpdqa6mfzzhtgi5hoyawal0bqk1clwxkaxodu5wj80qije208wi9dd7n2nnovdxugn5s3gdjn38t05j024/stage_3_prunedseparableconvcnn/confusion_matrix_table.table.json","_latest_artifact_path":"wandb-client-artifact://pxy7dyj0aim3coiexlcwermmx6nkp5ym9hlxp79qm91cxko082put2taig1l1k1iug17hxkk1cwlnzt5zw66b5mtndphxw5ffvg240s7b2fg25z6ol17h4n5au0nkqxl:latest/stage_3_prunedseparableconvcnn/confusion_matrix_table.table.json","sha256":"674ddc8557deeb513d16c7276ec4cc285d010e109cf0644c5586deb82df14dc8","_type":"table-file"},"channels_block3":51,"val_acc":65.32915360501568,"_runtime":75,"_wandb":{"runtime":75},"stage3_final_mask_json":"{\"block2\": [1.0, 1.0, 0.0, 0.0, 0.0, 1.0, 1.0, 0.0, 0.0, 0.0, 1.0, 1.0, 0.0, 0.0, 1.0, 1.0, 0.0, 0.0, 1.0, 0.0, 1.0, 1.0, 0.0, 0.0, 1.0, 0.0, 1.0, 1.0, 0.0, 1.0, 1.0, 1.0, 0.0, 0.0, 1.0, 1.0, 0.0, 0.0, 0.0, 1.0, 0.0, 0.0, 1.0, 1.0, 0.0, 0.0, 1.0, 0.0, 0.0, 0.0, 0.0, 0.0, 0.0, 0.0, 0.0, 0.0, 0.0, 0.0, 0.0, 0.0, 0.0, 1.0, 1.0, 1.0], \"block3\": [0.0, 1.0, 1.0, 1.0, 0.0, 0.0, 0.0, 0.0, 0.0, 1.0, 1.0, 1.0, 0.0, 0.0, 0.0, 0.0, 1.0, 0.0, 0.0, 1.0, 1.0, 1.0, 1.0, 1.0, 1.0, 1.0, 0.0, 0.0, 0.0, 0.0, 0.0, 1.0, 1.0, 1.0, 0.0, 1.0, 0.0, 1.0, 0.0, 0.0, 1.0, 1.0, 1.0, 0.0, 0.0, 1.0, 0.0, 0.0, 0.0, 0.0, 0.0, 1.0, 0.0, 0.0, 0.0, 1.0, 1.0, 0.0, 1.0, 0.0, 0.0, 0.0, 1.0, 0.0, 0.0, 1.0, 1.0, 1.0, 1.0, 0.0, 0.0, 1.0, 0.0, 1.0, 0.0, 0.0, 0.0, 1.0, 0.0, 1.0, 1.0, 0.0, 0.0, 1.0, 1.0, 1.0, 0.0, 1.0, 1.0, 0.0, 0.0, 0.0, 0.0, 0.0, 0.0, 0.0, 0.0, 0.0, 0.0, 0.0, 1.0, 1.0, 1.0, 0.0, 1.0, 0.0, 1.0, 0.0, 1.0, 0.0, 0.0, 0.0, 0.0, 1.0, 1.0, 0.0, 0.0, 0.0, 0.0, 0.0, 0.0, 1.0, 0.0, 0.0, 0.0, 0.0, 0.0, 0.0], \"block4\": [0.0, 0.0, 0.0, 1.0, 0.0, 0.0, 0.0, 1.0, 0.0, 1.0, 0.0, 1.0, 0.0, 0.0, 1.0, 0.0, 1.0, 0.0, 0.0, 0.0, 0.0, 0.0, 0.0, 0.0, 1.0, 0.0, 1.0, 1.0, 0.0, 0.0, 0.0, 0.0, 1.0, 0.0, 0.0, 1.0, 0.0, 0.0, 1.0, 0.0, 1.0, 1.0, 0.0, 0.0, 0.0, 0.0, 1.0, 0.0, 0.0, 0.0, 0.0, 1.0, 0.0, 1.0, 0.0, 0.0, 1.0, 0.0, 0.0, 0.0, 0.0, 1.0, 1.0, 1.0, 1.0, 0.0, 1.0, 1.0, 1.0, 1.0, 1.0, 0.0, 0.0, 0.0, 1.0, 1.0, 1.0, 1.0, 1.0, 0.0, 0.0, 1.0, 0.0, 1.0, 0.0, 1.0, 0.0, 0.0, 1.0, 0.0, 0.0, 1.0, 0.0, 0.0, 0.0, 0.0, 1.0, 0.0, 0.0, 1.0, 1.0, 1.0, 1.0, 0.0, 0.0, 0.0, 0.0, 1.0, 1.0, 0.0, 0.0, 1.0, 1.0, 0.0, 0.0, 0.0, 1.0, 0.0, 0.0, 0.0, 0.0, 1.0, 1.0, 1.0, 1.0, 0.0, 0.0, 0.0]}"}