{"stage2/val_loss":1.380584685007731,"_timestamp":1.776841740600616e+09,"stage2/stage_number":2,"lr_loaded_weights":0.0001,"stage2/raw_hard_mask_block3":"[1.0, 0.0, 1.0, 1.0, 0.0, 0.0, 1.0, 1.0, 0.0, 0.0, 0.0, 0.0, 0.0, 0.0, 0.0, 0.0, 0.0, 0.0, 1.0, 0.0, 0.0, 0.0, 0.0, 0.0, 0.0, 0.0, 0.0, 1.0, 0.0, 0.0, 1.0, 1.0, 0.0, 0.0, 0.0, 0.0, 0.0, 0.0, 0.0, 0.0, 0.0, 1.0, 1.0, 0.0, 0.0, 0.0, 1.0, 0.0, 0.0, 0.0, 0.0, 1.0, 0.0, 0.0, 0.0, 0.0, 0.0, 1.0, 0.0, 0.0, 0.0, 0.0, 0.0, 1.0, 0.0, 0.0, 1.0, 1.0, 0.0, 0.0, 1.0, 0.0, 0.0, 0.0, 0.0, 0.0, 0.0, 0.0, 0.0, 0.0, 1.0, 0.0, 0.0, 0.0, 0.0, 0.0, 0.0, 0.0, 0.0, 0.0, 0.0, 0.0, 0.0, 0.0, 0.0, 0.0, 0.0, 0.0, 0.0, 0.0, 0.0, 0.0, 0.0, 0.0, 0.0, 0.0, 0.0, 0.0, 0.0, 1.0, 0.0, 1.0, 0.0, 0.0, 0.0, 1.0, 1.0, 1.0, 1.0, 0.0, 0.0, 0.0, 0.0, 0.0, 0.0, 0.0, 0.0, 0.0]","model_param_count_pruned":3471,"stage2/test_loss":1.5433995147701194,"stage2/best_val_loss":1.2867246097988552,"stage3_test_acc":91.78825924669155,"stage2/final_mask_keep_ratio_block2":0.265625,"stage2/lr_gumbel":0.001,"stage2/block4_Pruned_%":87.5,"block4_Pruned_%":87.5,"stage2/purpose":"train channel-pruning model with masking","stage3_test_f1":0.9189172370432983,"model_param_reduction_pct":90.58533145275035,"stage2/final_mask_keep_ratio_block4":0.125,"stage2/train_acc":68.5783752860412,"train_acc":94.72254004576659,"_step":15,"stage2/lr_backbone":0.0001,"stage2/block2_Pruned_%":73.4375,"stage2_test_loss":1.5433995147701194,"block2_Pruned_%":73.4375,"best_val_loss":0.03181349642238476,"stage2/raw_hard_mask_block2":"[0.0, 0.0, 0.0, 0.0, 0.0, 0.0, 1.0, 1.0, 0.0, 0.0, 0.0, 0.0, 0.0, 0.0, 0.0, 0.0, 0.0, 0.0, 0.0, 0.0, 0.0, 1.0, 1.0, 0.0, 1.0, 1.0, 0.0, 0.0, 0.0, 0.0, 1.0, 0.0, 1.0, 0.0, 0.0, 0.0, 0.0, 0.0, 1.0, 0.0, 0.0, 0.0, 0.0, 1.0, 0.0, 0.0, 1.0, 1.0, 0.0, 0.0, 1.0, 0.0, 0.0, 1.0, 0.0, 1.0, 1.0, 0.0, 0.0, 0.0, 1.0, 0.0, 0.0, 0.0]","stage2/block3_Pruned_%":80.46875,"_runtime":23,"stage2/mask_l1":0.4688565731048584,"stage1/test_acc":92.56871394638615,"stage2/best_epoch":1,"stage_1_separableconvcnn/confusion_matrix_table":{"nrows":36,"log_mode":"IMMUTABLE","sha256":"28bfe913463d0c23c164c9957a47c354d1a4e2327b50422569d1e4721660f2fb","ncols":3,"path":"media/table/stage_1_separableconvcnn/confusion_matrix_table_1_28bfe913463d0c23c164.table.json","artifact_path":"wandb-client-artifact://ksx6nnm38qx5cuy66obc1jx42ndfldwmk1xrb6k22cbmqoendy88haymtshmspwrq5o4z91v8j0y293za487yqcu6ywxr7s13i6v054kqyrrl8sue9vtjnjyie36h75r/stage_1_separableconvcnn/confusion_matrix_table.table.json","_type":"table-file","_latest_artifact_path":"wandb-client-artifact://nzowvfli4vfecvo2vlfzz5rxj08cvf1c56mvjc45cnq4d2vcjn4dfncyh6t0edsw3rqc9hgchy63wlsrwh6yviijrcgs0m08l3cuwvgne2aaup7bkdyn0z5hcpatedg4:latest/stage_1_separableconvcnn/confusion_matrix_table.table.json","size":1363},"model_param_count":3471,"stage1/test_f1":0.9254504433201228,"epoch":40,"stage2/final_mask_keep_ratio_block3":0.1953125,"stage1_test_acc":92.56871394638615,"stage2/raw_hard_mask_block4":"[0.0, 0.0, 0.0, 0.0, 0.0, 0.0, 1.0, 0.0, 0.0, 0.0, 0.0, 1.0, 0.0, 0.0, 1.0, 1.0, 0.0, 0.0, 0.0, 0.0, 0.0, 0.0, 0.0, 1.0, 0.0, 0.0, 0.0, 0.0, 0.0, 1.0, 1.0, 0.0, 0.0, 0.0, 0.0, 0.0, 0.0, 1.0, 0.0, 0.0, 1.0, 0.0, 0.0, 0.0, 0.0, 0.0, 0.0, 0.0, 0.0, 0.0, 0.0, 0.0, 0.0, 1.0, 0.0, 1.0, 0.0, 0.0, 0.0, 0.0, 0.0, 0.0, 0.0, 0.0, 1.0, 0.0, 0.0, 0.0, 0.0, 0.0, 0.0, 0.0, 0.0, 0.0, 0.0, 0.0, 0.0, 0.0, 1.0, 0.0, 0.0, 0.0, 0.0, 0.0, 0.0, 0.0, 1.0, 0.0, 0.0, 0.0, 0.0, 0.0, 0.0, 0.0, 0.0, 0.0, 0.0, 0.0, 0.0, 0.0, 0.0, 0.0, 0.0, 0.0, 1.0, 0.0, 0.0, 0.0, 0.0, 0.0, 0.0, 0.0, 0.0, 0.0, 0.0, 0.0, 0.0, 0.0, 1.0, 0.0, 0.0, 0.0, 0.0, 0.0, 0.0, 0.0, 0.0, 0.0]","stage1_test_f1":0.9254504433201228,"Total_Pruned_%":81.875,"model_param_count_dense":36868,"stage2/val_acc":33.888888888888886,"stage3_test_loss":0.2949157451995611,"train_loss":0.12592896508815904,"val_loss":0.0687605498280997,"stage1/use_pretrain_model":false,"stage2/test_acc":34.06854428232101,"stage1/test_loss":0.2839300280682602,"stage_3_prunedseparableconvcnn/confusion_matrix_table":{"ncols":3,"sha256":"b9dbbc421f68058fe8eaf67d69176f107dc9062dd410e2233e172f5198cbb97f","path":"media/table/stage_3_prunedseparableconvcnn/confusion_matrix_table_13_b9dbbc421f68058fe8ea.table.json","size":1363,"log_mode":"IMMUTABLE","_type":"table-file","nrows":36,"artifact_path":"wandb-client-artifact://r1mmmai8jk5e6vh0a6lziih8vgqdnh467dx5w0r5l6j2ar8o6fgfswfj7gauv4vvuy5sj5m4zw3hc2yo12sp3458selmg2rm31r1t0fqf3e575n3soinem14dvhmmarr/stage_3_prunedseparableconvcnn/confusion_matrix_table.table.json","_latest_artifact_path":"wandb-client-artifact://boicgcj069beig8ae1s5e6q3nh84i4wq37uuy3z8ty49xj4ofxztood9muy34jax77nuihtp31w3aszlw0zvcfo7vq7f1beaugk0l3ujxfyqk0h7b53cpdi28u5xs3f8:latest/stage_3_prunedseparableconvcnn/confusion_matrix_table.table.json"},"stage2_test_acc":34.06854428232101,"stage":3,"val_acc":96.11111111111111,"block3_Pruned_%":80.46875,"stage1_test_loss":0.2839300280682602,"stage2/train_loss":2.6802713347245137,"_wandb":{"runtime":23},"stage2_test_f1":0.21550654905105585,"stage2/epoch":10,"stage2/test_f1":0.21550654905105585,"stage2/Total_Pruned_%":81.875,"final_summary_log_path":"/home/qphan/master-thesis/models/uci_best_model_three_stage_channel_subject19_val_final_summary_val_19.txt"}