{"stage1/test_acc":92.67051238547675,"_wandb":{"runtime":25},"stage3_test_loss":0.3103747198507174,"model_param_count_pruned":15051,"train_acc":95.46427043217801,"_runtime":25,"stage2/lr_backbone":0.0001,"epoch":15,"train_loss":0.09320484241410917,"block2_Pruned_%":43.75,"stage2/val_loss":0.048285020949575735,"stage2_test_f1":0.9048683005759198,"stage3_test_f1":0.9031689028829936,"stage2_test_loss":0.3371943836214761,"stage2/best_val_loss":0.04756603063742393,"stage2/best_epoch":23,"stage1_test_f1":0.925067064559243,"stage2/raw_hard_mask_block4":"[1.0, 1.0, 0.0, 1.0, 1.0, 1.0, 1.0, 0.0, 0.0, 1.0, 1.0, 1.0, 1.0, 0.0, 1.0, 1.0, 1.0, 1.0, 1.0, 1.0, 0.0, 1.0, 1.0, 1.0, 1.0, 1.0, 1.0, 1.0, 0.0, 0.0, 1.0, 1.0, 1.0, 1.0, 1.0, 1.0, 1.0, 1.0, 1.0, 0.0, 1.0, 0.0, 0.0, 1.0, 0.0, 1.0, 1.0, 0.0, 0.0, 1.0, 0.0, 1.0, 0.0, 1.0, 0.0, 1.0, 1.0, 1.0, 1.0, 1.0, 1.0, 1.0, 1.0, 1.0, 1.0, 1.0, 0.0, 1.0, 1.0, 1.0, 1.0, 0.0, 1.0, 1.0, 1.0, 1.0, 1.0, 1.0, 0.0, 1.0, 0.0, 1.0, 1.0, 0.0, 0.0, 0.0, 1.0, 0.0, 0.0, 1.0, 1.0, 1.0, 1.0, 0.0, 1.0, 1.0, 0.0, 1.0, 1.0, 1.0, 1.0, 1.0, 1.0, 1.0, 0.0, 1.0, 0.0, 0.0, 1.0, 0.0, 1.0, 1.0, 0.0, 1.0, 1.0, 1.0, 0.0, 0.0, 1.0, 1.0, 1.0, 1.0, 1.0, 0.0, 0.0, 0.0, 0.0, 1.0]","model_param_count_dense":36868,"final_summary_log_path":"/home/qphan/master-thesis/models/uci_best_model_three_stage_channel_subject3_val_final_summary_val_3.txt","stage1/test_loss":0.26320771288974104,"stage_1_separableconvcnn/confusion_matrix_table":{"nrows":36,"size":1364,"_type":"table-file","_latest_artifact_path":"wandb-client-artifact://qdw6oks4xicfkq2polrfm6snbfbz54scmjlm09iyc5f0dp5i9m1beukeispdtrpbex2rjdnmraoikgmwwunrsihaekurob8serg33o6jy4utfxyqf4u537i0tlyaw7wv:latest/stage_1_separableconvcnn/confusion_matrix_table.table.json","path":"media/table/stage_1_separableconvcnn/confusion_matrix_table_1_cc9b664e3446d188f978.table.json","sha256":"cc9b664e3446d188f97831db48aed28bd2869ceb2b1d4b4caabdcc13abcfa89f","artifact_path":"wandb-client-artifact://0mny2qy94nn5nq0pwv1r40lmi8cbjosqxzgwujxke0x4znmbbcgxyzlgmqxn4xbcjct9zny3n2wg0dt3su8j9yk2us6f2jt3370vs015vk40ksl7nbq7zzpvt9rzj5tk/stage_1_separableconvcnn/confusion_matrix_table.table.json","log_mode":"IMMUTABLE","ncols":3},"stage2/final_mask_keep_ratio_block4":0.703125,"stage2/block4_Pruned_%":29.6875,"stage2/raw_hard_mask_block3":"[0.0, 1.0, 0.0, 1.0, 0.0, 0.0, 0.0, 1.0, 0.0, 0.0, 0.0, 0.0, 0.0, 1.0, 1.0, 1.0, 0.0, 0.0, 1.0, 1.0, 0.0, 0.0, 0.0, 0.0, 0.0, 0.0, 0.0, 0.0, 0.0, 0.0, 0.0, 0.0, 0.0, 0.0, 0.0, 0.0, 1.0, 0.0, 1.0, 0.0, 1.0, 1.0, 1.0, 0.0, 0.0, 0.0, 0.0, 1.0, 0.0, 0.0, 1.0, 1.0, 0.0, 1.0, 0.0, 0.0, 0.0, 0.0, 0.0, 0.0, 0.0, 1.0, 0.0, 0.0, 1.0, 1.0, 1.0, 1.0, 1.0, 1.0, 1.0, 1.0, 1.0, 1.0, 1.0, 1.0, 1.0, 0.0, 0.0, 1.0, 0.0, 1.0, 1.0, 0.0, 0.0, 0.0, 1.0, 1.0, 0.0, 0.0, 0.0, 1.0, 1.0, 0.0, 0.0, 0.0, 1.0, 1.0, 0.0, 1.0, 0.0, 1.0, 1.0, 0.0, 1.0, 1.0, 1.0, 0.0, 1.0, 1.0, 0.0, 0.0, 0.0, 0.0, 0.0, 1.0, 0.0, 0.0, 0.0, 1.0, 0.0, 1.0, 0.0, 0.0, 0.0, 1.0, 1.0, 0.0]","stage2/Total_Pruned_%":44.06250000000001,"stage2/purpose":"train channel-pruning model with masking","stage2/stage_number":2,"stage2/test_f1":0.9048683005759198,"stage":3,"stage2/epoch":30,"stage1_test_acc":92.67051238547675,"stage2/lr_gumbel":0.001,"stage2/block3_Pruned_%":58.59375,"stage2/raw_hard_mask_block2":"[0.0, 1.0, 1.0, 0.0, 1.0, 0.0, 1.0, 0.0, 0.0, 1.0, 0.0, 1.0, 0.0, 0.0, 0.0, 0.0, 0.0, 1.0, 0.0, 1.0, 1.0, 1.0, 1.0, 1.0, 1.0, 0.0, 1.0, 0.0, 1.0, 0.0, 0.0, 1.0, 1.0, 1.0, 1.0, 0.0, 1.0, 1.0, 1.0, 0.0, 0.0, 0.0, 1.0, 1.0, 0.0, 1.0, 1.0, 0.0, 0.0, 0.0, 1.0, 1.0, 1.0, 0.0, 0.0, 0.0, 1.0, 1.0, 1.0, 1.0, 1.0, 1.0, 0.0, 1.0]","val_loss":0.08900953488167693,"block3_Pruned_%":58.59375,"best_val_loss":0.07709427521211748,"stage2/train_acc":92.81129653401797,"stage2_test_acc":90.53274516457414,"stage2/train_loss":0.53364231023311,"val_acc":97.0674486803519,"stage2/final_mask_keep_ratio_block2":0.5625,"_step":14,"_timestamp":1.7767999249357414e+09,"stage2/mask_l1":0.4819803237915039,"stage3_test_acc":90.39701391245335,"stage1/use_pretrain_model":false,"stage1_test_loss":0.26320771288974104,"stage2/final_mask_keep_ratio_block3":0.4140625,"block4_Pruned_%":29.6875,"Total_Pruned_%":44.06250000000001,"stage2/block2_Pruned_%":43.75,"stage2/val_acc":98.53372434017595,"lr_loaded_weights":0.0001,"model_param_count":15051,"model_param_reduction_pct":59.175979168926986,"stage_3_prunedseparableconvcnn/confusion_matrix_table":{"log_mode":"IMMUTABLE","sha256":"5ff2f76a0eb6f6004b3b3cbac897f82c4c66acc6130e6ab9ce6608b9fd2ee070","nrows":36,"size":1365,"_latest_artifact_path":"wandb-client-artifact://nxwzg28t5qxmvvvax4vx8n5sihg7blt9butmiz50fs4kdnlyb9h40xp5y59470rx0b87ihyme54sqjle842licqowaie0zn1karp6x248yfwr2rnw6g6bgdi2v3tez0f:latest/stage_3_prunedseparableconvcnn/confusion_matrix_table.table.json","ncols":3,"artifact_path":"wandb-client-artifact://l1bqtat6weh3hvwxuoi9pac5xzj0j8jmsnbc9kglelqwmujwsvajj9av25dtszatlhwhk44voqlrzx9seyu9iymsukpkpahfx7qsv4v62w0qdlaewj9rmgogoonrrekk/stage_3_prunedseparableconvcnn/confusion_matrix_table.table.json","_type":"table-file","path":"media/table/stage_3_prunedseparableconvcnn/confusion_matrix_table_12_5ff2f76a0eb6f6004b3b.table.json"},"stage1/test_f1":0.925067064559243,"stage2/test_loss":0.3371943836214761,"stage2/test_acc":90.53274516457414}