{"lr":0.001,"train_acc":78.76325795477285,"stage1_test_acc":78.49562081401339,"channels_block4":77,"_wandb":{"runtime":84},"val_loss":0.7576301592296262,"channels_block2":38,"stage":3,"best_val_loss":0.7237950838947269,"channels_block3":77,"_runtime":84,"stage1_test_f1":0.677967605576644,"stage3_test_f1":0.6610727998585307,"params_after_pruning":16694,"val_acc":74.66514676546025,"epoch":17,"stage_3_prunedseparableconvcnn/confusion_matrix_table":{"log_mode":"IMMUTABLE","_type":"table-file","_latest_artifact_path":"wandb-client-artifact://x6fthca45kcyu9u2zzczhsp6sctljkw5cbgdhwagu1v3c6a49h80pjh0dknwtir2thlftav8kvcqrnar6u7acm85dugr2eicjia3g1dpw65qbwjt8z4vuhitdqoewatg:latest/stage_3_prunedseparableconvcnn/confusion_matrix_table.table.json","artifact_path":"wandb-client-artifact://w1rfgh5ga8nms2rkp2b5qgchf2027bczj9x4yrwm6dl9ugq3kbzglsaggtfxrymzoc5c2f2xozat1mqiomtzrxj8esdj7ydsywfzgg52pj1ucv8wiylzzy5tmkgwgk59/stage_3_prunedseparableconvcnn/confusion_matrix_table.table.json","path":"media/table/stage_3_prunedseparableconvcnn/confusion_matrix_table_6_de1029780cafc266ddf6.table.json","ncols":3,"nrows":64,"sha256":"de1029780cafc266ddf63fa3c02d30f9e6ad1c8b1cf57cd82305fe93cba5a42d","size":2012},"stage3_channel_metadata_json":"{\"block2\": {\"kept_indices\": [0, 3, 5, 6, 7, 8, 9, 11, 12, 13, 14, 16, 17, 19, 21, 23, 24, 25, 28, 31, 32, 34, 35, 36, 37, 39, 40, 43, 44, 45, 47, 48, 49, 51, 54, 55, 57, 59], \"pruned_indices\": [1, 2, 4, 10, 15, 18, 20, 22, 26, 27, 29, 30, 33, 38, 41, 42, 46, 50, 52, 53, 56, 58, 60, 61, 62, 63], \"kept_count\": 38, \"pruned_count\": 26, \"total_channels\": 64}, \"block3\": {\"kept_indices\": [1, 2, 6, 7, 8, 10, 11, 12, 17, 18, 19, 20, 21, 22, 23, 24, 25, 27, 29, 30, 31, 32, 33, 34, 35, 37, 38, 40, 44, 47, 48, 49, 50, 51, 54, 57, 59, 62, 63, 65, 66, 69, 71, 72, 73, 74, 75, 76, 80, 82, 83, 84, 87, 88, 89, 92, 94, 96, 98, 99, 100, 101, 103, 105, 106, 107, 109, 110, 111, 112, 114, 119, 121, 122, 123, 125, 126], \"pruned_indices\": [0, 3, 4, 5, 9, 13, 14, 15, 16, 26, 28, 36, 39, 41, 42, 43, 45, 46, 52, 53, 55, 56, 58, 60, 61, 64, 67, 68, 70, 77, 78, 79, 81, 85, 86, 90, 91, 93, 95, 97, 102, 104, 108, 113, 115, 116, 117, 118, 120, 124, 127], \"kept_count\": 77, \"pruned_count\": 51, \"total_channels\": 128}, \"block4\": {\"kept_indices\": [0, 1, 3, 4, 6, 8, 9, 10, 13, 14, 16, 18, 19, 20, 22, 23, 24, 25, 26, 27, 30, 31, 32, 33, 34, 35, 36, 37, 39, 41, 42, 47, 48, 50, 51, 53, 55, 56, 60, 61, 62, 63, 65, 68, 71, 72, 73, 74, 75, 76, 77, 78, 81, 82, 84, 85, 86, 87, 89, 90, 91, 92, 93, 94, 95, 100, 101, 102, 103, 107, 111, 113, 115, 117, 119, 120, 127], \"pruned_indices\": [2, 5, 7, 11, 12, 15, 17, 21, 28, 29, 38, 40, 43, 44, 45, 46, 49, 52, 54, 57, 58, 59, 64, 66, 67, 69, 70, 79, 80, 83, 88, 96, 97, 98, 99, 104, 105, 106, 108, 109, 110, 112, 114, 116, 118, 121, 122, 123, 124, 125, 126], \"kept_count\": 77, \"pruned_count\": 51, \"total_channels\": 128}}","_timestamp":1.7754322090722337e+09,"_step":7,"train_loss":0.5768114459808049,"stage3_test_acc":69.85059247810408,"stage_1_separableconvcnn/confusion_matrix_table":{"artifact_path":"wandb-client-artifact://lgf65unpwbo0qzvemu0sfvm0jll43zp2180ezlkeav48zk28vez7q3lu6u2fj84h5of2p9m14s7cy2jxgc5aptl66enybavxbg108m90l21db545nz1ly0np32lxero5/stage_1_separableconvcnn/confusion_matrix_table.table.json","_type":"table-file","_latest_artifact_path":"wandb-client-artifact://2et3wq854koazeoa3z4ocl475hfzemsbivt45vy9gz1bq32khk5lq4x1l114xqemyzzabg6x7czvq2xvz0c12nizay03wtlptj2nv2vrszh3kfapn72od7hv0d11dxcm:latest/stage_1_separableconvcnn/confusion_matrix_table.table.json","path":"media/table/stage_1_separableconvcnn/confusion_matrix_table_0_9801ff5ef3ee6a3bb05a.table.json","nrows":64,"size":2014,"ncols":3,"sha256":"9801ff5ef3ee6a3bb05a05ebf42ad249b8e3a430a027e67d8bea790f448fb438","log_mode":"IMMUTABLE"},"stage3_final_mask_json":"{\"block2\": [1.0, 0.0, 0.0, 1.0, 0.0, 1.0, 1.0, 1.0, 1.0, 1.0, 0.0, 1.0, 1.0, 1.0, 1.0, 0.0, 1.0, 1.0, 0.0, 1.0, 0.0, 1.0, 0.0, 1.0, 1.0, 1.0, 0.0, 0.0, 1.0, 0.0, 0.0, 1.0, 1.0, 0.0, 1.0, 1.0, 1.0, 1.0, 0.0, 1.0, 1.0, 0.0, 0.0, 1.0, 1.0, 1.0, 0.0, 1.0, 1.0, 1.0, 0.0, 1.0, 0.0, 0.0, 1.0, 1.0, 0.0, 1.0, 0.0, 1.0, 0.0, 0.0, 0.0, 0.0], \"block3\": [0.0, 1.0, 1.0, 0.0, 0.0, 0.0, 1.0, 1.0, 1.0, 0.0, 1.0, 1.0, 1.0, 0.0, 0.0, 0.0, 0.0, 1.0, 1.0, 1.0, 1.0, 1.0, 1.0, 1.0, 1.0, 1.0, 0.0, 1.0, 0.0, 1.0, 1.0, 1.0, 1.0, 1.0, 1.0, 1.0, 0.0, 1.0, 1.0, 0.0, 1.0, 0.0, 0.0, 0.0, 1.0, 0.0, 0.0, 1.0, 1.0, 1.0, 1.0, 1.0, 0.0, 0.0, 1.0, 0.0, 0.0, 1.0, 0.0, 1.0, 0.0, 0.0, 1.0, 1.0, 0.0, 1.0, 1.0, 0.0, 0.0, 1.0, 0.0, 1.0, 1.0, 1.0, 1.0, 1.0, 1.0, 0.0, 0.0, 0.0, 1.0, 0.0, 1.0, 1.0, 1.0, 0.0, 0.0, 1.0, 1.0, 1.0, 0.0, 0.0, 1.0, 0.0, 1.0, 0.0, 1.0, 0.0, 1.0, 1.0, 1.0, 1.0, 0.0, 1.0, 0.0, 1.0, 1.0, 1.0, 0.0, 1.0, 1.0, 1.0, 1.0, 0.0, 1.0, 0.0, 0.0, 0.0, 0.0, 1.0, 0.0, 1.0, 1.0, 1.0, 0.0, 1.0, 1.0, 0.0], \"block4\": [1.0, 1.0, 0.0, 1.0, 1.0, 0.0, 1.0, 0.0, 1.0, 1.0, 1.0, 0.0, 0.0, 1.0, 1.0, 0.0, 1.0, 0.0, 1.0, 1.0, 1.0, 0.0, 1.0, 1.0, 1.0, 1.0, 1.0, 1.0, 0.0, 0.0, 1.0, 1.0, 1.0, 1.0, 1.0, 1.0, 1.0, 1.0, 0.0, 1.0, 0.0, 1.0, 1.0, 0.0, 0.0, 0.0, 0.0, 1.0, 1.0, 0.0, 1.0, 1.0, 0.0, 1.0, 0.0, 1.0, 1.0, 0.0, 0.0, 0.0, 1.0, 1.0, 1.0, 1.0, 0.0, 1.0, 0.0, 0.0, 1.0, 0.0, 0.0, 1.0, 1.0, 1.0, 1.0, 1.0, 1.0, 1.0, 1.0, 0.0, 0.0, 1.0, 1.0, 0.0, 1.0, 1.0, 1.0, 1.0, 0.0, 1.0, 1.0, 1.0, 1.0, 1.0, 1.0, 1.0, 0.0, 0.0, 0.0, 0.0, 1.0, 1.0, 1.0, 1.0, 0.0, 0.0, 0.0, 1.0, 0.0, 0.0, 0.0, 1.0, 0.0, 1.0, 0.0, 1.0, 0.0, 1.0, 0.0, 1.0, 1.0, 0.0, 0.0, 0.0, 0.0, 0.0, 0.0, 1.0]}","params_before_pruning":36998}