{"stage1/best_val_loss":0.2422443843431778,"stage1/stage_number":1,"stage_1_separableconvcnn/confusion_matrix_table":{"_latest_artifact_path":"wandb-client-artifact://cgfn1mnklf5bj1mtm92v9no0g8pfmr0wlqmpl3efx0biwctziyk8jdtgy58fwrodmm8o8r48c04k2f7af05617ki5pam37kdwo0qepj98pjs88enm59mglau5g5ta05w:latest/stage_1_separableconvcnn/confusion_matrix_table.table.json","ncols":3,"sha256":"91c9c9bc1436fd77ca0a2aa77fdf68dad9cefcf6ba8012b47f259c1abcf1819b","size":1365,"artifact_path":"wandb-client-artifact://ozzih0md6ipo9bc4jhko41twteor0pe2mwzz7imtv469k718itmy1ufrx02x7vcn4f98yfw3eluzfz7lgxagzz6q8fgkxigw8a9eccqwq55or2r3alk5jpoj0upn9rou/stage_1_separableconvcnn/confusion_matrix_table.table.json","_type":"table-file","path":"media/table/stage_1_separableconvcnn/confusion_matrix_table_5_91c9c9bc1436fd77ca0a.table.json","log_mode":"IMMUTABLE","nrows":36},"_runtime":7,"_step":5,"test_loss":0.3022008054443809,"best_epoch":5,"stage1/purpose":"train baseline model","_wandb":{"runtime":7},"test_f1_macro":0.8995684733838415,"stage1/train_loss":0.16383353171209675,"stage1/epoch":15,"stage1/use_pretrain_model":false,"stage1/test_f1":0.8995684733838415,"stage1_test_loss":0.3022008054443809,"stage1/train_acc":92.82536949347109,"stage1_test_acc":89.65049202578894,"stage1/lr":0.001,"best_val_loss":0.2422443843431778,"stage1/test_acc":89.65049202578894,"stage1/val_acc":75.97911227154047,"test_acc":89.65049202578894,"_timestamp":1.775756319638801e+09,"stage1/val_loss":1.1230823087900228,"stage1_test_f1":0.8995684733838415,"stage1/test_loss":0.3022008054443809}