{"lr":0.001,"stage2_hard_bin_mask_str":"[1.0, 1.0, 1.0, 1.0, 1.0, 1.0, 0.0, 1.0, 0.0, 0.0, 0.0, 0.0, 0.0, 0.0, 0.0, 0.0, 0.0, 0.0, 0.0, 0.0, 0.0, 0.0, 0.0, 0.0, 0.0, 0.0, 0.0, 0.0, 0.0, 0.0, 0.0, 0.0, 0.0, 0.0, 0.0, 0.0, 0.0, 0.0, 0.0, 0.0, 0.0, 0.0, 0.0, 0.0, 0.0, 0.0, 0.0, 0.0, 0.0, 0.0, 0.0, 0.0, 0.0, 0.0, 0.0, 0.0, 0.0, 0.0, 0.0, 0.0, 0.0, 0.0, 0.0, 0.0, 0.0]","_runtime":36,"_timestamp":1.775772719636183e+09,"best_val_loss":0.4452894396252102,"stage1/test_acc":91.10960298608755,"stage_1_separableconvcnn/confusion_matrix_table":{"nrows":36,"path":"media/table/stage_1_separableconvcnn/confusion_matrix_table_1_2180e6138c7361445c2c.table.json","log_mode":"IMMUTABLE","artifact_path":"wandb-client-artifact://uzqtxgzb9f7p6egipqxshbr1rrbxfnioeqqijkubdmxoqm0qnsnd0ryy620n2qyq4h86un4k339orfp6ye3vq4to906i03v8rqc2p9pjyrmpffvui8worq7nard6v6z6/stage_1_separableconvcnn/confusion_matrix_table.table.json","sha256":"2180e6138c7361445c2ccc979650fa542740b5b09523a9773b4daf632d7bf2f7","size":1367,"_latest_artifact_path":"wandb-client-artifact://7ye3grz2r002zuzfq2jhjbgew9eyri3sk2u0ckoljnldh5ikvzfl9yafqnsl84ca606sttrba9yr27qufc0w85pwzt0wkka94ehxbxlilqzpf73tjk6cymm9aw5b6oat:latest/stage_1_separableconvcnn/confusion_matrix_table.table.json","_type":"table-file","ncols":3},"stage1/test_f1":0.911348335334011,"bin_keep_ratio":0.10769230872392654,"lr_gumbel_bin":0.001,"stage3_test_loss":0.37666450879019236,"val_acc":77.77777777777777,"stage1_test_acc":91.10960298608755,"stage3_test_acc":85.37495758398371,"stage2_test_acc":86.18934509670852,"mask_l1":0.10769230872392654,"_wandb":{"runtime":36},"train_loss":0.28047531481738497,"stage1/test_loss":0.2688890604723705,"stage1/use_pretrain_model":false,"epoch":20,"stage1_test_loss":0.2688890604723705,"stage2_test_loss":0.37969163445105464,"val_loss":0.7718225982454088,"stage_3_separableconvcnn/confusion_matrix_table":{"path":"media/table/stage_3_separableconvcnn/confusion_matrix_table_13_afd0a3094caaab60ad95.table.json","size":1368,"log_mode":"IMMUTABLE","_type":"table-file","artifact_path":"wandb-client-artifact://sbgj5rv4ncxzntwr897g7ib1ujedmczwcbqbg9fx5v0a2xd66gemdbl9lzahkkmsv8l8w7s8kzy3jljyx4v9dc6bej7sb5fboijp0vx7ise40daq2eu2gau1jz7x535v/stage_3_separableconvcnn/confusion_matrix_table.table.json","nrows":36,"sha256":"afd0a3094caaab60ad95de34e87aa65a3b652b10a36d4ed32d871dadc4c7aceb","_latest_artifact_path":"wandb-client-artifact://8qs7re1xnp52ru7jknnd2dk1egtfuiwy0f6f5g6gqjfgj8h9e1r6tlehzvpb3zefdb0p03zga7i9uaujobxky04a8i1624gawk50kv09g6n45m9csy9jn4br6ndoxwff:latest/stage_3_separableconvcnn/confusion_matrix_table.table.json","ncols":3},"_step":14,"train_acc":87.29977116704805,"stage1_test_f1":0.911348335334011,"stage":3,"stage3_test_f1":0.8544873602923536,"lr_backbone":0.0001,"stage2_test_f1":0.8581441623140488}