{"val_acc":71.26099706744868,"stage3_test_f1":0.8951603296005682,"stage2_test_f1":0.8938461798488698,"epoch":10,"stage1/use_pretrain_model":false,"stage1/test_acc":89.85408890397014,"stage1_test_f1":0.8992012196111356,"stage2_hard_bin_mask_str":"[0.0, 1.0, 1.0, 1.0, 1.0, 1.0, 1.0, 1.0, 1.0, 1.0, 1.0, 1.0, 1.0, 1.0, 1.0, 1.0, 1.0, 1.0, 1.0, 1.0, 1.0, 1.0, 1.0, 1.0, 1.0, 1.0, 1.0, 1.0, 1.0, 1.0, 1.0, 1.0, 1.0, 1.0, 1.0, 1.0, 1.0, 1.0, 1.0, 1.0, 1.0, 1.0, 1.0, 1.0, 1.0, 1.0, 1.0, 1.0, 1.0, 1.0, 1.0, 1.0, 1.0, 1.0, 1.0, 1.0, 1.0, 1.0, 1.0, 1.0, 1.0, 0.0, 0.0, 1.0, 0.0, 0.0, 0.0, 1.0, 1.0, 0.0, 0.0, 1.0, 1.0, 1.0, 1.0, 1.0, 1.0, 1.0, 0.0, 1.0, 1.0, 0.0, 0.0, 1.0, 1.0, 1.0, 0.0, 1.0, 1.0, 1.0, 0.0, 1.0, 1.0, 1.0, 1.0, 0.0, 1.0, 1.0, 1.0, 1.0, 1.0, 0.0, 1.0, 1.0, 0.0, 1.0, 0.0, 1.0, 0.0, 1.0, 1.0, 1.0, 0.0, 1.0, 0.0, 1.0, 1.0, 0.0, 1.0, 1.0, 0.0, 0.0, 0.0, 1.0, 0.0, 0.0, 0.0, 0.0]","_timestamp":1.775774427358192e+09,"stage1/test_f1":0.8992012196111356,"stage":3,"stage2_test_loss":0.5783903225407797,"stage_1_separableconvcnn/confusion_matrix_table":{"size":1368,"artifact_path":"wandb-client-artifact://5lfsd7siz47y8luvw9yxb1r1i0tjo46fq49948fu9j0w0q5t8xyv20rpcg4z5273afvl98pr5qqlc5pl0f5tdwrgagpk9xmgxh4k5jubxanicgwvbfaw7ipshtk280oo/stage_1_separableconvcnn/confusion_matrix_table.table.json","sha256":"02c5a6fac2b98a2cce23216035c71184f8282e95afab8b7a4923ed0654b10cea","_latest_artifact_path":"wandb-client-artifact://4jr7zzx9osqxa02d4nnl10bm5tgtjw0c51ab8tx7ljt1eosl33yxpk2spk1lx13chlldht3wiflso8ts78didicyfz1215fnu0hfrslm32w9t4gp4msm710gb7krqijh:latest/stage_1_separableconvcnn/confusion_matrix_table.table.json","ncols":3,"path":"media/table/stage_1_separableconvcnn/confusion_matrix_table_1_02c5a6fac2b98a2cce23.table.json","_type":"table-file","log_mode":"IMMUTABLE","nrows":36},"stage2_test_acc":89.27723108245674,"stage1_test_loss":0.4559599839993571,"train_acc":96.9191270860077,"lr":0.001,"stage1/test_loss":0.4559599839993571,"stage3_test_loss":0.44017133479030723,"bin_keep_ratio":0.78125,"mask_l1":0.5234375,"best_val_loss":0.14007863655271244,"train_loss":0.07748625207080802,"_step":7,"_runtime":12,"stage_3_separableconvcnn/confusion_matrix_table":{"size":1368,"_latest_artifact_path":"wandb-client-artifact://lex7r5u4a16qcm1kkhjxebmydpeapaz5vggrvkc013o06zb3v91jk5pwd2v01m0nv86bv4zce8ks7ls69womsl2660e1nnnavs292tzp9xs0pdjrhuud7w8rzr64ozfl:latest/stage_3_separableconvcnn/confusion_matrix_table.table.json","artifact_path":"wandb-client-artifact://4g24wjllodcqw4h73z5ho0msn62vuhc5qw2rq0u3nhmo9nsots5mbrj6oh52ydw6h977irbpeup61espnbta2ypfauzm3ulc6ofzl79nfu6nma89zpp1e4u1f0ic0757/stage_3_separableconvcnn/confusion_matrix_table.table.json","log_mode":"IMMUTABLE","_type":"table-file","ncols":3,"path":"media/table/stage_3_separableconvcnn/confusion_matrix_table_6_e8d76799605b8b465365.table.json","sha256":"e8d76799605b8b46536524752f16cfd8d613628de0fdf85de0401bdb1372fdce","nrows":36},"stage1_test_acc":89.85408890397014,"lr_gumbel_bin":0.001,"val_loss":4.891096628638981,"_wandb":{"runtime":12},"stage3_test_acc":89.37902952154734,"lr_backbone":0.0001}