{"lr_backbone":0.0001,"stage":3,"stage1/test_acc":92.46691550729555,"stage2_test_f1":0.8339949894387663,"stage3_test_f1":0.893221438920892,"_wandb":{"runtime":11},"_step":7,"stage1_test_acc":92.46691550729555,"epoch":10,"_runtime":11,"val_acc":85.76512455516014,"mask_l1":0.15625,"stage1/test_loss":0.22985296332345792,"stage3_test_acc":89.37902952154734,"stage1/use_pretrain_model":false,"_timestamp":1.7757832088384697e+09,"stage_3_separableconvcnn/confusion_matrix_table":{"ncols":3,"size":1369,"_latest_artifact_path":"wandb-client-artifact://ubni21f8bdh2phlpexcbqzpyxf33b9rnuqiiqlgn28wsxc6z0hu1jpyfa1cosfp4wkkfenazvq6vjmg5xizntc7aho97x1sd3bouqkx2xeukt7skyztg23ruqg2cbo6w:latest/stage_3_separableconvcnn/confusion_matrix_table.table.json","sha256":"15c0c9da0864cdff6064601f5efa980f204384021117becfb25867c3f1e4b471","_type":"table-file","path":"media/table/stage_3_separableconvcnn/confusion_matrix_table_6_15c0c9da0864cdff6064.table.json","artifact_path":"wandb-client-artifact://feyhmcjpx32sclgf471uollscp62r5xhmb81kh4dkrckqryzg1qw6zqrqsupnp1fztby6oh4hcgiddzx0tko97gy0ksz14z4qj1956n691omk7a8gqle8ocjdtb78ohp/stage_3_separableconvcnn/confusion_matrix_table.table.json","nrows":36,"log_mode":"IMMUTABLE"},"stage1_test_loss":0.22985296332345792,"best_val_loss":0.2476067548424351,"stage2_test_acc":83.6783169324737,"lr":0.001,"stage2_hard_bin_mask_str":"[1.0, 1.0, 1.0, 1.0, 1.0, 1.0, 1.0, 1.0, 1.0, 0.0, 1.0, 1.0, 0.0, 1.0, 1.0, 1.0, 1.0, 0.0, 1.0, 1.0, 1.0, 1.0, 1.0, 0.0, 0.0, 0.0, 1.0, 1.0, 0.0, 0.0, 0.0, 0.0, 0.0, 0.0, 0.0, 0.0, 0.0, 0.0, 0.0, 0.0, 0.0, 0.0, 0.0, 0.0, 0.0, 0.0, 0.0, 0.0, 0.0, 0.0, 0.0, 1.0, 0.0, 0.0, 1.0, 0.0, 0.0, 0.0, 0.0, 0.0, 0.0, 0.0, 0.0, 0.0, 0.0, 0.0, 0.0, 0.0, 0.0, 0.0, 0.0, 0.0, 0.0, 0.0, 0.0, 0.0, 0.0, 0.0, 0.0, 0.0, 0.0, 0.0, 0.0, 0.0, 0.0, 0.0, 0.0, 0.0, 0.0, 0.0, 0.0, 0.0, 0.0, 0.0, 0.0, 0.0, 0.0, 0.0, 0.0, 0.0, 0.0, 0.0, 0.0, 0.0, 0.0, 0.0, 0.0, 0.0, 0.0, 0.0, 0.0, 0.0, 0.0, 0.0, 0.0, 0.0, 0.0, 0.0, 0.0, 0.0, 0.0, 0.0, 0.0, 0.0, 0.0, 0.0, 0.0, 0.0]","val_loss":0.42260732537291257,"lr_gumbel_bin":0.001,"stage1/test_f1":0.9256903327450012,"stage_1_separableconvcnn/confusion_matrix_table":{"sha256":"0d020f5d83c84288d7ef82e44b2c5507ef0a1db1a97322c6a1ebbfba66b35265","_type":"table-file","ncols":3,"nrows":36,"artifact_path":"wandb-client-artifact://oopatx3o3y06rp909eo4z7ws29kk39a8ghe6d07gvfb8oc6zrpxsxig1gpr8bv9kqlupb90yk0kkhv13telr986i1qugp0rjsczwhoqmpx6waiz6m7u5w1kcjx89gkjr/stage_1_separableconvcnn/confusion_matrix_table.table.json","log_mode":"IMMUTABLE","path":"media/table/stage_1_separableconvcnn/confusion_matrix_table_1_0d020f5d83c84288d7ef.table.json","size":1366,"_latest_artifact_path":"wandb-client-artifact://j2cvrxn4zl7694q27ig18qsopi8ch1096w53scv00wv46ppgrgb611pw7xxox0cc80z95ldm1n01virn6m8ixm3xekvdx11mwolt24nb38osg4mkys5nvn9roirxny83:latest/stage_1_separableconvcnn/confusion_matrix_table.table.json"},"bin_keep_ratio":0.1875,"train_loss":0.174290807711456,"stage2_test_loss":0.6568136936047939,"stage1_test_f1":0.9256903327450012,"train_acc":92.674303493141,"stage3_test_loss":0.31969882387567794}