{"stage2/block4_Pruned_%":36.71875,"_runtime":30,"stage2/test_acc":90.80420766881575,"stage2/val_loss":0.12809002078849718,"stage2/block3_Pruned_%":57.8125,"stage2/Total_Pruned_%":47.8125,"stage2/final_mask_keep_ratio_block2":0.5,"stage1/test_acc":92.56871394638615,"stage2/best_val_loss":0.01355829555541277,"stage3_test_acc":92.87410926365796,"stage2/purpose":"train channel-pruning model with masking","model_param_count_pruned":13738,"stage2_test_acc":90.80420766881575,"lr_loaded_weights":0.0001,"stage2_test_f1":0.907803993473784,"epoch":20,"final_summary_log_path":"/home/qphan/master-thesis/models/uci_best_model_three_stage_channel_subject19_val_final_summary_val_19.txt","stage2/test_f1":0.907803993473784,"_timestamp":1.7768001688084595e+09,"block3_Pruned_%":57.8125,"stage_1_separableconvcnn/confusion_matrix_table":{"_latest_artifact_path":"wandb-client-artifact://ll5g1b822pe1tp5mtrkd04n01bhmiir3no4nl25kykqo1aft2u1s6qvhg7ytv58y19goy76xqw8y20nrxnojxh9zc7pl438ttskda5f1inhnnap4ijx5kj6sjlyiss8w:latest/stage_1_separableconvcnn/confusion_matrix_table.table.json","nrows":36,"artifact_path":"wandb-client-artifact://g2kfedx7trokb9bzx6ac1d1l38x53i8l4sqa7im61czsdp1rog4aq6qc76bl6dpvq6l2nytugdxbv223vb5fm4wdpo4hjpbivdv5xk8ol6gvhjz5si5o7tvwbikcm767/stage_1_separableconvcnn/confusion_matrix_table.table.json","sha256":"28bfe913463d0c23c164c9957a47c354d1a4e2327b50422569d1e4721660f2fb","size":1363,"ncols":3,"path":"media/table/stage_1_separableconvcnn/confusion_matrix_table_1_28bfe913463d0c23c164.table.json","_type":"table-file","log_mode":"IMMUTABLE"},"stage2/train_acc":92.54862700228833,"model_param_count":13738,"train_acc":96.33867276887872,"stage2/raw_hard_mask_block2":"[1.0, 0.0, 1.0, 0.0, 0.0, 1.0, 1.0, 1.0, 0.0, 1.0, 1.0, 0.0, 0.0, 1.0, 0.0, 0.0, 0.0, 0.0, 0.0, 0.0, 1.0, 1.0, 1.0, 0.0, 1.0, 1.0, 0.0, 1.0, 0.0, 1.0, 1.0, 0.0, 1.0, 0.0, 0.0, 1.0, 0.0, 0.0, 1.0, 0.0, 1.0, 0.0, 1.0, 1.0, 1.0, 0.0, 1.0, 1.0, 0.0, 0.0, 1.0, 0.0, 0.0, 1.0, 1.0, 1.0, 1.0, 0.0, 0.0, 0.0, 1.0, 0.0, 1.0, 0.0]","stage2/stage_number":2,"best_val_loss":0.008158886063372645,"stage3_test_f1":0.9289205576522054,"stage2/raw_hard_mask_block4":"[0.0, 1.0, 1.0, 0.0, 0.0, 1.0, 1.0, 0.0, 1.0, 1.0, 1.0, 1.0, 1.0, 0.0, 1.0, 1.0, 1.0, 1.0, 1.0, 0.0, 0.0, 1.0, 1.0, 1.0, 1.0, 1.0, 1.0, 0.0, 0.0, 1.0, 0.0, 0.0, 1.0, 1.0, 1.0, 0.0, 0.0, 1.0, 0.0, 1.0, 1.0, 0.0, 1.0, 1.0, 1.0, 0.0, 0.0, 1.0, 1.0, 1.0, 0.0, 0.0, 1.0, 1.0, 0.0, 1.0, 1.0, 1.0, 1.0, 0.0, 0.0, 1.0, 1.0, 0.0, 1.0, 1.0, 0.0, 1.0, 0.0, 0.0, 1.0, 0.0, 1.0, 1.0, 1.0, 0.0, 1.0, 1.0, 1.0, 1.0, 0.0, 1.0, 0.0, 0.0, 0.0, 1.0, 1.0, 1.0, 0.0, 1.0, 1.0, 0.0, 1.0, 1.0, 1.0, 1.0, 0.0, 1.0, 1.0, 1.0, 0.0, 1.0, 0.0, 0.0, 1.0, 0.0, 1.0, 1.0, 0.0, 0.0, 1.0, 0.0, 1.0, 1.0, 1.0, 1.0, 1.0, 0.0, 1.0, 1.0, 1.0, 1.0, 0.0, 0.0, 0.0, 1.0, 0.0, 1.0]","stage1/test_loss":0.2839300280682602,"stage1/test_f1":0.9254504433201228,"model_param_reduction_pct":62.737333188673105,"stage":3,"stage1_test_f1":0.9254504433201228,"stage1_test_acc":92.56871394638615,"stage2/lr_gumbel":0.001,"stage2_test_loss":0.3250362449207606,"block2_Pruned_%":50,"stage2/block2_Pruned_%":50,"stage_3_prunedseparableconvcnn/confusion_matrix_table":{"nrows":36,"_type":"table-file","ncols":3,"log_mode":"IMMUTABLE","_latest_artifact_path":"wandb-client-artifact://larp19j6fe9vkv376joxtuyh0ngap44uz0fr4tol95cov4s9f7scrf3azb226kgyfdhnvr2n2xag0usrkszhk7r95y83crlbveam6mvio7ve1nzcuakzk37bgshc7udm:latest/stage_3_prunedseparableconvcnn/confusion_matrix_table.table.json","path":"media/table/stage_3_prunedseparableconvcnn/confusion_matrix_table_15_a07d127cc95e84a440dc.table.json","size":1363,"artifact_path":"wandb-client-artifact://4toetmjpgyh26xjjyelcb441xgkkdd7mdqp93wb0srtz4mibzxnr8s1e7xcb4l98c85vbl1gc8e8e2qsurc6kkx5h99d962kzfqntbgf5wzduyxgjqbcwy6wif1mm8rv/stage_3_prunedseparableconvcnn/confusion_matrix_table.table.json","sha256":"a07d127cc95e84a440dc857f0b82d352b4b4ed419ae051cf5bdf6c6cf74e8835"},"stage2/final_mask_keep_ratio_block4":0.6328125,"stage2/epoch":40,"block4_Pruned_%":36.71875,"stage2/test_loss":0.3250362449207606,"model_param_count_dense":36868,"Total_Pruned_%":47.8125,"stage2/train_loss":0.5078013488848094,"stage2/best_epoch":30,"stage3_test_loss":0.2559747126356779,"stage2/lr_backbone":0.0001,"val_loss":0.021183492650581885,"stage2/final_mask_keep_ratio_block3":0.421875,"stage1_test_loss":0.2839300280682602,"stage1/use_pretrain_model":false,"stage2/raw_hard_mask_block3":"[1.0, 0.0, 1.0, 1.0, 1.0, 0.0, 0.0, 1.0, 0.0, 0.0, 0.0, 1.0, 0.0, 1.0, 0.0, 1.0, 0.0, 0.0, 1.0, 0.0, 1.0, 0.0, 0.0, 0.0, 0.0, 1.0, 0.0, 1.0, 1.0, 1.0, 1.0, 1.0, 1.0, 1.0, 0.0, 1.0, 0.0, 0.0, 0.0, 1.0, 0.0, 1.0, 1.0, 0.0, 0.0, 0.0, 1.0, 0.0, 0.0, 1.0, 0.0, 0.0, 0.0, 0.0, 0.0, 1.0, 0.0, 1.0, 0.0, 0.0, 0.0, 1.0, 1.0, 1.0, 1.0, 0.0, 1.0, 1.0, 1.0, 0.0, 1.0, 0.0, 1.0, 1.0, 0.0, 1.0, 1.0, 1.0, 1.0, 0.0, 1.0, 0.0, 0.0, 0.0, 0.0, 0.0, 0.0, 0.0, 0.0, 0.0, 0.0, 0.0, 1.0, 0.0, 0.0, 0.0, 0.0, 0.0, 1.0, 1.0, 0.0, 0.0, 0.0, 0.0, 0.0, 0.0, 0.0, 0.0, 0.0, 1.0, 0.0, 1.0, 1.0, 0.0, 0.0, 1.0, 1.0, 0.0, 1.0, 1.0, 1.0, 0.0, 0.0, 1.0, 0.0, 1.0, 0.0, 0.0]","val_acc":99.44444444444444,"stage2/mask_l1":0.45230138301849365,"train_loss":0.07636840846091168,"_wandb":{"runtime":30},"_step":17,"stage2/val_acc":95.83333333333333}