{"stage":3,"stage1/test_acc":91.72039362063116,"stage1_test_loss":0.25057173036076164,"train_acc":93.21912919343326,"stage3_test_f1":0.8627735101020634,"stage_3_separableconvcnn/confusion_matrix_table":{"nrows":36,"log_mode":"IMMUTABLE","artifact_path":"wandb-client-artifact://5jhr55c0y6vf42ad9wdfg5raglnj9f4qm5rxrt9stt27h39csxhsa7oj8r2z69h8qo21cs8wbrbf7g2hk1kakwcpwbxqfdbj7dbruzol49lb9rk71wmngr4s31jh3f83/stage_3_separableconvcnn/confusion_matrix_table.table.json","sha256":"a30792739ba8c042e895ba235e2e21ac1400fdca3d36c00786a9d235566c4711","_latest_artifact_path":"wandb-client-artifact://i29r5buu4gz9hpz0d9bzc5vo11yxs1902baaqc0nsiaidptzxxt09x63y5n3wudjtkcr0gncseeiriawye4912wqtd1haz7kme75qs9jy8dple83mm8c3ffsz15scc3h:latest/stage_3_separableconvcnn/confusion_matrix_table.table.json","size":1369,"ncols":3,"path":"media/table/stage_3_separableconvcnn/confusion_matrix_table_12_a30792739ba8c042e895.table.json","_type":"table-file"},"stage1/test_loss":0.25057173036076164,"_wandb":{"runtime":22},"stage1/use_pretrain_model":false,"bin_keep_ratio":0.2109375,"lr_gumbel_bin":0.001,"_runtime":22,"_step":13,"stage2_test_loss":0.4724859693556933,"stage2_hard_bin_mask_str":"[0.0, 0.0, 0.0, 0.0, 0.0, 0.0, 0.0, 0.0, 1.0, 1.0, 0.0, 1.0, 1.0, 0.0, 0.0, 0.0, 1.0, 0.0, 0.0, 0.0, 0.0, 1.0, 1.0, 0.0, 0.0, 1.0, 0.0, 1.0, 1.0, 0.0, 1.0, 0.0, 1.0, 1.0, 1.0, 1.0, 1.0, 1.0, 1.0, 0.0, 0.0, 1.0, 0.0, 0.0, 0.0, 1.0, 0.0, 0.0, 1.0, 1.0, 1.0, 1.0, 1.0, 0.0, 1.0, 0.0, 0.0, 0.0, 0.0, 0.0, 0.0, 0.0, 1.0, 0.0, 0.0, 0.0, 0.0, 0.0, 0.0, 0.0, 0.0, 0.0, 0.0, 0.0, 0.0, 0.0, 0.0, 0.0, 0.0, 0.0, 0.0, 0.0, 0.0, 0.0, 0.0, 0.0, 0.0, 0.0, 0.0, 0.0, 0.0, 0.0, 0.0, 0.0, 0.0, 0.0, 0.0, 0.0, 0.0, 0.0, 0.0, 0.0, 0.0, 0.0, 0.0, 0.0, 0.0, 0.0, 0.0, 0.0, 0.0, 0.0, 0.0, 0.0, 0.0, 0.0, 0.0, 0.0, 0.0, 0.0, 0.0, 0.0, 0.0, 0.0, 0.0, 0.0, 0.0, 0.0]","epoch":40,"mask_l1":0.03125,"val_loss":0.5047551140146228,"stage2_test_acc":84.49270444519851,"best_val_loss":0.2761226307375287,"stage3_test_loss":0.630574064995129,"stage2_test_f1":0.8455150128901595,"stage1_test_acc":91.72039362063116,"val_acc":80.97982708933718,"train_loss":0.15538433466976154,"stage1/test_f1":0.9190924499938599,"stage3_test_acc":86.08754665761792,"_timestamp":1.7764161095123513e+09,"stage1_test_f1":0.9190924499938599,"lr":0.001,"lr_backbone":0.0001,"stage_1_separableconvcnn/confusion_matrix_table":{"ncols":3,"_latest_artifact_path":"wandb-client-artifact://809eipy3oi1bioujr54igs0ezv6lfbcp29b7x0xpgz5azn7wlm1v8e21v9fjurii83v97vmklbkmvxr0zngmf5acmcvlzsq7mcvqjza7i2ca61t6lf3j5hx6v2c3akjh:latest/stage_1_separableconvcnn/confusion_matrix_table.table.json","_type":"table-file","sha256":"ba1709b9ded253dca6f14b8d1a777336f0cb86899167c45d58f90d5e787020ac","path":"media/table/stage_1_separableconvcnn/confusion_matrix_table_1_ba1709b9ded253dca6f1.table.json","size":1366,"nrows":36,"log_mode":"IMMUTABLE","artifact_path":"wandb-client-artifact://ci5d04b0lpjtci7gi9utv8fryr3z3kdfar1ybzy17b1jxk3z84g65et9hs7kqgiiv2embqvfgm9mftduw58rq4xc8t7x6yp07h5kc2mlb5jds7dk8yzu0f09vtxbizfm/stage_1_separableconvcnn/confusion_matrix_table.table.json"}}