{"val_acc":82.13256484149856,"epoch":20,"bin_keep_ratio":0.21875,"stage1/test_acc":91.72039362063116,"train_loss":0.19286097134759306,"stage3_test_loss":0.48389108589087576,"stage1/use_pretrain_model":false,"lr_gumbel_bin":0.001,"lr":0.001,"stage1_test_loss":0.25057173036076164,"stage1_test_f1":0.9190924499938599,"stage1/test_f1":0.9190924499938599,"stage2_test_loss":0.4216024465574515,"stage_3_separableconvcnn/confusion_matrix_table":{"artifact_path":"wandb-client-artifact://mi940569eaciytz0l1jcrwkph4c8yb82wzfkdwx2lb3sjcg14rz5ibzzxzgiun9o1ayp11gly2k6itvcjfo1j2xa13mkyf0rei7sjuqr2xvf35wamvcx23j8gknd504w/stage_3_separableconvcnn/confusion_matrix_table.table.json","path":"media/table/stage_3_separableconvcnn/confusion_matrix_table_8_07b70ef8aa23580c7c1e.table.json","_type":"table-file","ncols":3,"_latest_artifact_path":"wandb-client-artifact://bapgc9ndusox2ujdyjxk1xpjoenfvp8d8t5l69x75w2ihagjyevvtltz2h9iy934gesgqx00btg02zxu1ym86hzxdhypr1bd7kayc4zzq60ed2z0puz0dqxra1ws457o:latest/stage_3_separableconvcnn/confusion_matrix_table.table.json","sha256":"07b70ef8aa23580c7c1e1234993940d28d7bcf7d200438433f51fdcd2ad082e0","log_mode":"IMMUTABLE","nrows":36,"size":1368},"_timestamp":1.7764156712376895e+09,"_runtime":14,"_wandb":{"runtime":14},"stage1/test_loss":0.25057173036076164,"stage1_test_acc":91.72039362063116,"stage2_test_f1":0.8613086453198816,"val_loss":0.4778459999678114,"stage3_test_acc":86.22327790973871,"best_val_loss":0.33407606879082813,"stage3_test_f1":0.8633517509074352,"stage":3,"_step":9,"lr_backbone":0.0001,"stage2_hard_bin_mask_str":"[0.0, 0.0, 1.0, 0.0, 1.0, 0.0, 1.0, 1.0, 0.0, 0.0, 1.0, 0.0, 1.0, 0.0, 0.0, 0.0, 1.0, 0.0, 0.0, 0.0, 0.0, 0.0, 1.0, 0.0, 0.0, 1.0, 1.0, 1.0, 1.0, 0.0, 0.0, 0.0, 0.0, 1.0, 1.0, 0.0, 1.0, 1.0, 1.0, 1.0, 0.0, 0.0, 1.0, 1.0, 1.0, 1.0, 1.0, 0.0, 0.0, 0.0, 1.0, 0.0, 1.0, 0.0, 0.0, 1.0, 0.0, 0.0, 1.0, 1.0, 0.0, 0.0, 0.0, 0.0, 0.0, 0.0, 0.0, 0.0, 0.0, 0.0, 0.0, 0.0, 0.0, 0.0, 0.0, 0.0, 0.0, 0.0, 0.0, 0.0, 0.0, 0.0, 0.0, 0.0, 0.0, 0.0, 0.0, 0.0, 0.0, 0.0, 0.0, 0.0, 0.0, 0.0, 0.0, 0.0, 0.0, 0.0, 0.0, 0.0, 0.0, 0.0, 0.0, 0.0, 0.0, 0.0, 0.0, 0.0, 0.0, 0.0, 0.0, 0.0, 0.0, 0.0, 0.0, 0.0, 0.0, 0.0, 0.0, 0.0, 0.0, 0.0, 0.0, 0.0, 0.0, 0.0, 0.0, 0.0]","train_acc":91.50606709493219,"mask_l1":0.0078125,"stage2_test_acc":86.08754665761792,"stage_1_separableconvcnn/confusion_matrix_table":{"artifact_path":"wandb-client-artifact://e1u0g2jr6j4v67rd6496jjue2j3ykcik2tk8qow8di1sfwjky7f1eb0q90vyxvw6znq90yl1akyvjqy8qe0javuatxmnl500bi6jw7qob5mk5m60zhfuzzz9ms3ed03l/stage_1_separableconvcnn/confusion_matrix_table.table.json","nrows":36,"_latest_artifact_path":"wandb-client-artifact://0ok95g6450v71tsfxglgt24zxo4ipq09xlbo6mz0f2vbyy5wh00fm125xqali5h3heqprwajct3v5jpvyxtqjzmji3sl38l3atcmr0xbp9y7tkgt2rjkpcddnro8atdn:latest/stage_1_separableconvcnn/confusion_matrix_table.table.json","path":"media/table/stage_1_separableconvcnn/confusion_matrix_table_1_ba1709b9ded253dca6f1.table.json","size":1366,"log_mode":"IMMUTABLE","_type":"table-file","sha256":"ba1709b9ded253dca6f14b8d1a777336f0cb86899167c45d58f90d5e787020ac","ncols":3}}