{"stage3_test_loss":0.662540474108726,"epoch":60,"stage1_test_loss":0.6007880943144553,"stage_3_prunedseparableconvcnn/confusion_matrix_table":{"_latest_artifact_path":"wandb-client-artifact://6bf3v85auvtt1g8i1h01lo3dq1bal1wkt58lbxpmkb3rfeuijv7v02w1gnhqvs84eqelo33dcbzh6841thpc5lr2rqwpkhmrnmwz6gi00v037q72p5qf6o58pcuktblu:latest/stage_3_prunedseparableconvcnn/confusion_matrix_table.table.json","path":"media/table/stage_3_prunedseparableconvcnn/confusion_matrix_table_23_7e99f29b6475106688db.table.json","log_mode":"IMMUTABLE","sha256":"7e99f29b6475106688db424d232615fc7e9c9eb847f83d7aa67f0e3a41eac79f","size":2015,"nrows":64,"artifact_path":"wandb-client-artifact://2bbjrioxqk688k4p1v99zed3eug0vrwozym5mr7ejdzmmdzbukjfqtc77hrt57fgvtm70jdsdugysqmdgalztm69nsdm4hk250t7mqt4nqt7hxln5j7tbmcut65jpyp5/stage_3_prunedseparableconvcnn/confusion_matrix_table.table.json","_type":"table-file","ncols":3},"_wandb":{"runtime":309},"best_val_loss":0.6423631244441368,"stage2_test_acc":77.52704791344668,"stage2/Total_Pruned_%":70.625,"stage1_test_acc":81.02009273570324,"stage2/raw_hard_mask_block3":"[0.0, 0.0, 0.0, 0.0, 0.0, 0.0, 0.0, 0.0, 0.0, 0.0, 0.0, 1.0, 0.0, 0.0, 0.0, 1.0, 0.0, 0.0, 0.0, 0.0, 0.0, 1.0, 0.0, 0.0, 1.0, 0.0, 0.0, 0.0, 1.0, 0.0, 0.0, 0.0, 0.0, 0.0, 0.0, 0.0, 0.0, 0.0, 0.0, 0.0, 0.0, 0.0, 0.0, 0.0, 0.0, 0.0, 0.0, 0.0, 0.0, 0.0, 1.0, 1.0, 1.0, 1.0, 0.0, 0.0, 0.0, 0.0, 1.0, 1.0, 0.0, 0.0, 0.0, 0.0, 0.0, 0.0, 0.0, 0.0, 0.0, 0.0, 0.0, 0.0, 1.0, 0.0, 0.0, 1.0, 0.0, 0.0, 1.0, 0.0, 1.0, 0.0, 1.0, 0.0, 0.0, 0.0, 0.0, 0.0, 0.0, 0.0, 0.0, 0.0, 0.0, 0.0, 1.0, 0.0, 1.0, 0.0, 0.0, 0.0, 0.0, 1.0, 1.0, 1.0, 0.0, 1.0, 0.0, 0.0, 0.0, 0.0, 0.0, 0.0, 0.0, 0.0, 0.0, 0.0, 0.0, 0.0, 0.0, 0.0, 0.0, 0.0, 0.0, 0.0, 0.0, 0.0, 1.0, 1.0]","stage1/use_pretrain_model":false,"model_param_count_dense":36998,"stage2_test_loss":0.7268063421192733,"stage3_test_f1":0.6792852288690424,"stage2/lr_gumbel":0.001,"stage2/final_mask_keep_ratio_block3":0.1875,"stage2/raw_hard_mask_block4":"[0.0, 0.0, 1.0, 0.0, 1.0, 0.0, 0.0, 0.0, 0.0, 0.0, 1.0, 0.0, 0.0, 1.0, 0.0, 0.0, 0.0, 0.0, 1.0, 1.0, 0.0, 0.0, 0.0, 1.0, 0.0, 0.0, 1.0, 0.0, 0.0, 0.0, 1.0, 1.0, 0.0, 1.0, 0.0, 0.0, 0.0, 0.0, 0.0, 0.0, 0.0, 1.0, 1.0, 0.0, 1.0, 1.0, 1.0, 1.0, 0.0, 1.0, 1.0, 0.0, 1.0, 0.0, 0.0, 1.0, 0.0, 0.0, 0.0, 0.0, 1.0, 1.0, 0.0, 1.0, 0.0, 1.0, 0.0, 1.0, 0.0, 0.0, 1.0, 0.0, 1.0, 1.0, 1.0, 1.0, 0.0, 1.0, 0.0, 1.0, 0.0, 0.0, 0.0, 0.0, 1.0, 1.0, 0.0, 0.0, 1.0, 0.0, 0.0, 0.0, 1.0, 1.0, 0.0, 1.0, 0.0, 0.0, 0.0, 1.0, 1.0, 1.0, 0.0, 1.0, 0.0, 0.0, 0.0, 1.0, 1.0, 1.0, 0.0, 1.0, 0.0, 0.0, 0.0, 0.0, 1.0, 0.0, 1.0, 0.0, 1.0, 1.0, 1.0, 1.0, 0.0, 1.0, 1.0, 1.0]","Total_Pruned_%":70.625,"stage2/final_mask_keep_ratio_block2":0.21875,"stage_1_separableconvcnn/confusion_matrix_table":{"ncols":3,"size":2014,"log_mode":"IMMUTABLE","sha256":"4d5546a305398ff4a292ccded4e9979fc31142fd3426813cca798edeea62d572","artifact_path":"wandb-client-artifact://p3c469wjmy3ict2z1oczmltyxcjtjq183gytgipxcrv028jxzvtoabkncbjwp0b6mzijteyvz5kufkgeuquphvt0ycgyx3rw0nnbrdp0r12yno9pbg3dfs434a2zq95a/stage_1_separableconvcnn/confusion_matrix_table.table.json","_latest_artifact_path":"wandb-client-artifact://f4w5kavker08vzcos6ssi8ovw1fzblejnnfr7j2lfi4zxm9kkasedvoxd1np3pnyxvhvwdqisszuhesfab9s1f133kqy1fr8963zq59xg5ibdvh8vepozieqw69h84sw:latest/stage_1_separableconvcnn/confusion_matrix_table.table.json","path":"media/table/stage_1_separableconvcnn/confusion_matrix_table_1_4d5546a305398ff4a292.table.json","nrows":64,"_type":"table-file"},"stage2/purpose":"train channel-pruning model with masking","stage2/block4_Pruned_%":56.25,"stage1/test_acc":81.02009273570324,"stage2/test_loss":0.7268063421192733,"stage2/stage_number":2,"_runtime":309,"stage2_test_f1":0.6512368609011883,"_step":25,"val_acc":69.44667201283079,"block3_Pruned_%":81.25,"val_loss":0.6463209569286898,"stage2/val_loss":0.7945979745594042,"train_loss":0.7195301878098075,"model_param_count_pruned":6980,"stage1/test_loss":0.6007880943144553,"stage":3,"block2_Pruned_%":78.125,"train_acc":61.71619103657939,"stage2/mask_l1":0.27122408151626587,"model_param_reduction_pct":81.1341153575869,"stage3_test_acc":79.0520350334879,"stage2/best_epoch":32,"block4_Pruned_%":56.25,"stage1_test_f1":0.7044195145040806,"stage2/lr_backbone":0.0001,"stage2/block2_Pruned_%":78.125,"stage2/val_acc":61.46752205292702,"stage2/epoch":40,"stage2/best_val_loss":0.7932847258847717,"stage2/final_mask_keep_ratio_block4":0.4375,"stage2/test_acc":77.52704791344668,"stage2/raw_hard_mask_block2":"[0.0, 0.0, 1.0, 1.0, 0.0, 0.0, 1.0, 0.0, 0.0, 0.0, 1.0, 0.0, 0.0, 0.0, 0.0, 1.0, 0.0, 1.0, 0.0, 0.0, 0.0, 0.0, 1.0, 0.0, 1.0, 0.0, 0.0, 0.0, 0.0, 0.0, 0.0, 0.0, 0.0, 0.0, 0.0, 1.0, 0.0, 0.0, 0.0, 0.0, 0.0, 0.0, 1.0, 1.0, 0.0, 0.0, 0.0, 0.0, 0.0, 0.0, 0.0, 0.0, 0.0, 0.0, 0.0, 0.0, 0.0, 1.0, 0.0, 1.0, 0.0, 1.0, 0.0, 0.0]","final_summary_log_path":"/home/qphan/master-thesis/models/wear_best_model_three_stage_channel_subject8_val_final_summary_val_8.txt","_timestamp":1.7753787706942346e+09,"model_param_count":6980,"stage2/test_f1":0.6512368609011883,"lr_loaded_weights":0.0001,"stage2/block3_Pruned_%":81.25,"stage2/train_acc":52.433068549573406,"stage2/train_loss":1.1002294531847736,"stage1/test_f1":0.7044195145040806}