{"best_val_loss":0.1995147445346232,"stage3_test_f1":0.8955168317591409,"val_acc":92.507204610951,"stage2_test_loss":0.47815237657148374,"stage1_test_loss":0.333903368065058,"stage1/use_pretrain_model":false,"lr_backbone":0.0001,"stage2_test_acc":86.80013573125213,"stage1/test_f1":0.8970913604633416,"lr_gumbel_bin":0.001,"stage_1_separableconvcnn/confusion_matrix_table":{"sha256":"afe147d38f01e1852de86fb6603c33be46cdb43576857b41a32c382468e7b269","artifact_path":"wandb-client-artifact://16021b3f6pvzuds0uf0lomu18l6c3672ypdul7frtkduadgjyma0mqfbb0eyoqp1w8yrc5417legjq8pujqm8dvvkbt6ir6n8h5qk6zw44ir82jm8ovws9end8ijf1el/stage_1_separableconvcnn/confusion_matrix_table.table.json","_latest_artifact_path":"wandb-client-artifact://lunwkh35or67mmehpnay7qyyo6hxktgq0ipzsuatwod151bmnwoeesdqr0zh9e70lx6jm9aymrsdwh0zty1oxctgl068jseqqgmjvxzk4im3yzov26vz3w8fn3jrabvq:latest/stage_1_separableconvcnn/confusion_matrix_table.table.json","size":1366,"path":"media/table/stage_1_separableconvcnn/confusion_matrix_table_1_afe147d38f01e1852de8.table.json","_type":"table-file","ncols":3,"log_mode":"IMMUTABLE","nrows":36},"bin_keep_ratio":0.6461538672447205,"stage3_test_loss":0.3205474495112234,"_timestamp":1.775765941485888e+09,"stage":3,"stage2_test_f1":0.865879192210936,"stage1_test_f1":0.8970913604633416,"_step":7,"stage1/test_acc":89.71835765184935,"epoch":10,"stage3_test_acc":89.48082796063794,"lr":0.001,"stage2_hard_bin_mask_str":"[1.0, 1.0, 1.0, 1.0, 1.0, 1.0, 1.0, 1.0, 1.0, 1.0, 1.0, 1.0, 1.0, 1.0, 1.0, 1.0, 1.0, 1.0, 1.0, 1.0, 0.0, 1.0, 1.0, 1.0, 1.0, 0.0, 1.0, 0.0, 1.0, 1.0, 0.0, 1.0, 1.0, 0.0, 1.0, 0.0, 0.0, 0.0, 0.0, 1.0, 1.0, 0.0, 0.0, 1.0, 0.0, 0.0, 0.0, 0.0, 0.0, 0.0, 1.0, 0.0, 0.0, 1.0, 1.0, 1.0, 1.0, 0.0, 1.0, 1.0, 0.0, 1.0, 0.0, 1.0, 0.0]","val_loss":0.2129811613098517,"_runtime":12,"train_loss":0.09755235998216567,"_wandb":{"runtime":12},"mask_l1":0.6461538076400757,"stage1_test_acc":89.71835765184935,"train_acc":96.13133476088508,"stage1/test_loss":0.333903368065058,"stage_3_separableconvcnn/confusion_matrix_table":{"_type":"table-file","ncols":3,"size":1367,"log_mode":"IMMUTABLE","nrows":36,"path":"media/table/stage_3_separableconvcnn/confusion_matrix_table_6_f14c3011728e2c9c73fd.table.json","sha256":"f14c3011728e2c9c73fdeba20e196ccb7a46820144f1f8756c592913636d6853","_latest_artifact_path":"wandb-client-artifact://8l6xly4750rz4zp4oj31er4451j16w6l5wzi9zc5l656hd7u2har1ykqe7wam75egynwa6x5sb1hinkt6s1dbfksfo88zkl0ed5tm1jwonb4c2ejoxh6ozqa9pqbwlax:latest/stage_3_separableconvcnn/confusion_matrix_table.table.json","artifact_path":"wandb-client-artifact://m0ywssqh92rof57lj79n5g0g6w1lsizxuqd6ls8s46g6rtvhto15g92je3v8gublh2ep7x1d1z3g3q2y7fkobnuy0s2olgvy6uewer5w9600msobdxnpc23rwysrxu28/stage_3_separableconvcnn/confusion_matrix_table.table.json"}}