{"_step":6,"test_acc":92.67051238547675,"stage1/epoch":20,"stage1/val_acc":95.89442815249267,"_runtime":9,"stage1_test_f1":0.925067064559243,"stage1/train_loss":0.04994935493248367,"stage1/best_val_loss":0.0766572685109293,"test_f1_macro":0.925067064559243,"stage1_test_acc":92.67051238547675,"stage1/val_loss":0.12064862469773838,"stage1/stage_number":1,"stage1/test_loss":0.26320771288974104,"stage1/use_pretrain_model":false,"best_val_loss":0.0766572685109293,"stage_1_separableconvcnn/confusion_matrix_table":{"size":1364,"artifact_path":"wandb-client-artifact://854bg9w5hm6e6jp6eeksyza8x91e41efaebsfboja2hti9jh9ewa5cxr1js7ucgjyw436mwprg5yenzzi20fl9c5s0nxoxrnanhi3zali4myxtv9xbgbccjg52e7kxwo/stage_1_separableconvcnn/confusion_matrix_table.table.json","ncols":3,"_latest_artifact_path":"wandb-client-artifact://hogjd1rdy19n3foqvgmfdwtnee5mos28evjrpzp3f2m1j5w6gpbudegv5ohirgjtawl5305rpmkw8o3mxzkl7f2y97gkz7wfm3t9zhxxo7suvwxevxknon68xpu936xy:latest/stage_1_separableconvcnn/confusion_matrix_table.table.json","path":"media/table/stage_1_separableconvcnn/confusion_matrix_table_6_cc9b664e3446d188f978.table.json","nrows":36,"sha256":"cc9b664e3446d188f97831db48aed28bd2869ceb2b1d4b4caabdcc13abcfa89f","_type":"table-file","log_mode":"IMMUTABLE"},"test_loss":0.26320771288974104,"best_epoch":11,"stage1/test_f1":0.925067064559243,"stage1/test_acc":92.67051238547675,"stage1/train_acc":97.93182142347739,"_wandb":{"runtime":9},"_timestamp":1.7757568492179518e+09,"stage1_test_loss":0.26320771288974104,"stage1/lr":0.001,"stage1/purpose":"train baseline model"}