{"stage2/block3_Pruned_%":60.15625,"stage2/best_epoch":18,"stage2_test_acc":79.38176197836167,"stage2/final_mask_keep_ratio_block3":0.3984375,"_step":15,"_runtime":177,"stage_1_separableconvcnn/confusion_matrix_table":{"size":2013,"nrows":64,"_type":"table-file","path":"media/table/stage_1_separableconvcnn/confusion_matrix_table_1_f6f1e614f3eb1054b933.table.json","sha256":"f6f1e614f3eb1054b93343d7e4bb1995e0735652336737b2160d26a9d3fbec29","ncols":3,"_latest_artifact_path":"wandb-client-artifact://254p2uy2zcrbub1ml12gh2c3ryhrddfdm646lw7lruvdms4urwaky0vca3iwa0f7klgr8qnff34038wevtjjpbn3xlvtdbck102apn94a9ho2vpi41da8e403lcp4a20:latest/stage_1_separableconvcnn/confusion_matrix_table.table.json","log_mode":"IMMUTABLE","artifact_path":"wandb-client-artifact://a9os3f9x0p2e1i8yx4ybx63ys1905aofk699fdbm1w48x3e5rndzdiks9ck6jwyrcdadl77a6zi08i061ublctz00dsbx94vxy8od9vapjnfnwlekbsgkihtfdi60obk/stage_1_separableconvcnn/confusion_matrix_table.table.json"},"stage2_test_f1":0.6891887850807563,"stage2/raw_hard_mask_block3":"[0.0, 1.0, 1.0, 1.0, 0.0, 0.0, 0.0, 1.0, 0.0, 0.0, 0.0, 1.0, 1.0, 0.0, 0.0, 0.0, 0.0, 1.0, 0.0, 1.0, 1.0, 0.0, 1.0, 1.0, 0.0, 1.0, 0.0, 0.0, 0.0, 0.0, 0.0, 0.0, 1.0, 0.0, 0.0, 0.0, 0.0, 0.0, 1.0, 0.0, 0.0, 0.0, 1.0, 0.0, 1.0, 0.0, 0.0, 0.0, 1.0, 1.0, 0.0, 1.0, 1.0, 0.0, 0.0, 1.0, 0.0, 1.0, 0.0, 1.0, 1.0, 0.0, 1.0, 1.0, 1.0, 0.0, 1.0, 0.0, 0.0, 0.0, 1.0, 1.0, 1.0, 0.0, 0.0, 0.0, 1.0, 0.0, 0.0, 0.0, 1.0, 0.0, 0.0, 0.0, 1.0, 0.0, 1.0, 1.0, 1.0, 0.0, 0.0, 0.0, 1.0, 1.0, 0.0, 1.0, 1.0, 1.0, 1.0, 0.0, 1.0, 0.0, 0.0, 0.0, 0.0, 0.0, 1.0, 1.0, 0.0, 0.0, 0.0, 0.0, 0.0, 0.0, 0.0, 1.0, 1.0, 1.0, 1.0, 0.0, 0.0, 0.0, 0.0, 0.0, 0.0, 0.0, 0.0, 1.0]","val_acc":53.793103448275865,"best_val_loss":1.5605051298500228,"stage2/final_mask_keep_ratio_block2":0.484375,"stage1/use_pretrain_model":false,"stage2/mask_l1":0.47449156641960144,"stage2/lr_backbone":0.0001,"stage2/final_mask_keep_ratio_block4":0.9375,"stage3_test_loss":0.6285707042231534,"model_param_reduction_pct":51.37845288934537,"epoch":25,"stage1/test_acc":79.04173106646058,"stage3_test_acc":79.97939206594539,"stage_3_prunedseparableconvcnn/confusion_matrix_table":{"_latest_artifact_path":"wandb-client-artifact://o3nveagw42v3p45hdgoetrctt4jcwq5u8ct8b73zctxdqb0udo4zgvjx37wrkrk6n2e59loaxrmrg3fi2hpirxsro1yvbnfa4wmwa5ukveyfoxycpqozso89lkx0madv:latest/stage_3_prunedseparableconvcnn/confusion_matrix_table.table.json","path":"media/table/stage_3_prunedseparableconvcnn/confusion_matrix_table_13_d235a4c0e9ea84bb7593.table.json","nrows":64,"sha256":"d235a4c0e9ea84bb759367c323a741ba1cd9b70f125078e75c87cb1eb227bda6","log_mode":"IMMUTABLE","ncols":3,"_type":"table-file","artifact_path":"wandb-client-artifact://lmhq3sm5uoenfebruyo61sihu6rv6695ft7p8rab40l3i8tjfqh6hljuleq2bxcn38aka778qliyxsjabwyvrj0ww4m59xvd713wd9qqn4y572nvaspdzxbs316t07zu/stage_3_prunedseparableconvcnn/confusion_matrix_table.table.json","size":2013},"stage3_test_f1":0.7020038422605801,"stage2/purpose":"train channel-pruning model with masking","stage2/Total_Pruned_%":36.875,"model_param_count_pruned":17989,"stage2/test_acc":79.38176197836167,"stage1_test_acc":79.04173106646058,"stage2/val_acc":47.74294670846395,"_wandb":{"runtime":177},"stage2/best_val_loss":1.7224255496151395,"stage2/epoch":25,"stage2/train_loss":0.9165712238109537,"stage2_test_loss":0.6541987491423232,"stage2/stage_number":2,"stage1_test_loss":0.6357578641586754,"stage2/raw_hard_mask_block2":"[0.0, 1.0, 1.0, 0.0, 1.0, 0.0, 1.0, 0.0, 0.0, 1.0, 1.0, 1.0, 1.0, 1.0, 1.0, 0.0, 0.0, 1.0, 0.0, 1.0, 0.0, 0.0, 0.0, 1.0, 1.0, 1.0, 1.0, 0.0, 0.0, 1.0, 1.0, 0.0, 0.0, 1.0, 0.0, 0.0, 0.0, 0.0, 1.0, 1.0, 0.0, 1.0, 1.0, 1.0, 1.0, 1.0, 1.0, 1.0, 0.0, 0.0, 0.0, 0.0, 0.0, 0.0, 0.0, 1.0, 1.0, 0.0, 1.0, 0.0, 0.0, 0.0, 0.0, 0.0]","stage2/val_loss":1.7718874297919318,"block2_Pruned_%":51.5625,"stage1/test_loss":0.6357578641586754,"stage2/train_acc":57.1675714370936,"stage1/test_f1":0.6648353765254307,"train_acc":67.18765535206506,"final_summary_log_path":"/home/qphan/master-thesis/models/wear_best_model_three_stage_channel_subject4_val_final_summary_val_4.txt","_timestamp":1.7768768849762673e+09,"stage2/test_f1":0.6891887850807563,"train_loss":0.5307009166129583,"stage2/block2_Pruned_%":51.5625,"stage2/lr_gumbel":0.001,"val_loss":1.5882847095357961,"stage1_test_f1":0.6648353765254307,"stage":3,"model_param_count":17989,"stage2/block4_Pruned_%":6.25,"block4_Pruned_%":6.25,"stage2/test_loss":0.6541987491423232,"model_param_count_dense":36998,"lr_loaded_weights":0.0001,"Total_Pruned_%":36.875,"block3_Pruned_%":60.15625,"stage2/raw_hard_mask_block4":"[1.0, 1.0, 1.0, 1.0, 0.0, 1.0, 1.0, 1.0, 1.0, 1.0, 1.0, 1.0, 1.0, 1.0, 1.0, 1.0, 1.0, 1.0, 1.0, 1.0, 1.0, 1.0, 1.0, 1.0, 1.0, 1.0, 1.0, 1.0, 1.0, 1.0, 1.0, 1.0, 1.0, 1.0, 1.0, 1.0, 1.0, 1.0, 1.0, 1.0, 1.0, 1.0, 1.0, 1.0, 1.0, 1.0, 1.0, 1.0, 1.0, 1.0, 1.0, 1.0, 1.0, 1.0, 1.0, 1.0, 1.0, 1.0, 1.0, 1.0, 0.0, 1.0, 1.0, 0.0, 1.0, 1.0, 1.0, 1.0, 1.0, 1.0, 1.0, 0.0, 1.0, 1.0, 1.0, 1.0, 1.0, 1.0, 1.0, 1.0, 1.0, 1.0, 1.0, 1.0, 0.0, 1.0, 1.0, 1.0, 1.0, 1.0, 1.0, 1.0, 1.0, 1.0, 1.0, 1.0, 0.0, 0.0, 1.0, 1.0, 1.0, 1.0, 1.0, 1.0, 1.0, 1.0, 1.0, 1.0, 1.0, 1.0, 1.0, 1.0, 1.0, 1.0, 1.0, 1.0, 1.0, 1.0, 1.0, 1.0, 1.0, 1.0, 0.0, 1.0, 1.0, 1.0, 1.0, 1.0]"}