{"best_val_loss":0.6606041032712436,"stage1/train_acc":77.18351227450435,"stage1/epoch":30,"stage1_test_loss":0.5599874048592165,"test_loss":0.5599874048592165,"test_acc":82.22565687789799,"stage_1_separableconvcnn/confusion_matrix_table":{"_type":"table-file","ncols":3,"path":"media/table/stage_1_separableconvcnn/confusion_matrix_table_8_9f15d3e84aab8af0463e.table.json","log_mode":"IMMUTABLE","_latest_artifact_path":"wandb-client-artifact://w205hi9uk1opc7bfg4u1pq3r6s51scs3wrhws6nproo57wviyz7wymyir21o7p27p44zsb2e4uq6dx3g37x282yk48n2i2zm7tkiuujlqwi014v14bp3g1u4zxqzpkb7:latest/stage_1_separableconvcnn/confusion_matrix_table.table.json","artifact_path":"wandb-client-artifact://a8nkqbmak0trfs4arorxayrrxfe8p99q8dgedi16r2guwetooi8m4tnme3x1vs74zgqtna8qvahc2083hvhhxsppxdbxvgb4apggyfkex3by0sa8hernqo1oppydkd08/stage_1_separableconvcnn/confusion_matrix_table.table.json","nrows":64,"size":2008,"sha256":"9f15d3e84aab8af0463eb6d0bd17776c1ab9fcd19f863b6dc736ae001641a8df"},"stage1/lr":0.001,"stage1/stage_number":1,"stage1/train_loss":0.35650614363611244,"stage1/val_acc":70.74433656957929,"stage1/best_val_loss":0.6606041032712436,"_step":8,"_timestamp":1.776366519312309e+09,"_runtime":93,"stage1/purpose":"train baseline model","test_f1_macro":0.7397746660542199,"stage1/test_acc":82.22565687789799,"stage1/test_f1":0.7397746660542199,"stage1/test_loss":0.5599874048592165,"stage1_test_f1":0.7397746660542199,"best_epoch":24,"_wandb":{"runtime":93},"stage1/val_loss":0.7294002553888124,"stage1_test_acc":82.22565687789799,"stage1/use_pretrain_model":false}