{"train_acc":65.13127865208676,"stage":3,"lr":0.001,"stage1_test_f1":0.6920721084359487,"stage1_test_acc":78.8768675940237,"stage_1_separableconvcnn/confusion_matrix_table":{"path":"media/table/stage_1_separableconvcnn/confusion_matrix_table_0_4963589bef1f9396b5e4.table.json","log_mode":"IMMUTABLE","_type":"table-file","size":2012,"ncols":3,"sha256":"4963589bef1f9396b5e4b672611eb0c0e428254fe4f2a3b722c654e2eb9e2167","artifact_path":"wandb-client-artifact://jyvv88jhlwujygw6adlhcxufeoo8zg093vxa29ulv23l5811jiw6l1d5d544b2ru3vmk43txyx8ljdcxv9u9prriw46uzkwx0hwg0bhbl0misd9uazudmdza0t86najh/stage_1_separableconvcnn/confusion_matrix_table.table.json","_latest_artifact_path":"wandb-client-artifact://27upgnuf6zsdfze6cqdk966p0d09ht8wh2t0s874zbfq08dyqr9vzs6178pxmvinkbvzgx6bqhb2ft7991e06j031owzz8basx9qsuq51090fh2bjeljpm1cwsgkbena:latest/stage_1_separableconvcnn/confusion_matrix_table.table.json","nrows":64},"stage3_test_acc":77.31066460587326,"stage3_test_loss":0.7011533905064427,"stage3_test_f1":0.6668250633069278,"_step":12,"stage2_test_loss":0.6657644287419651,"lr_backbone":0.0001,"_wandb":{"runtime":205},"epoch":25,"lr_gumbel_bin":0.001,"stage2_test_f1":0.6617059477187486,"_timestamp":1.7758975436096268e+09,"val_acc":54.69255663430421,"bin_keep_ratio":0.19607843458652496,"val_loss":0.8939699327675655,"_runtime":205,"stage2_hard_bin_mask_str":"[1.0, 1.0, 1.0, 1.0, 1.0, 1.0, 1.0, 1.0, 0.0, 1.0, 0.0, 1.0, 0.0, 0.0, 0.0, 0.0, 0.0, 0.0, 0.0, 0.0, 0.0, 0.0, 0.0, 0.0, 0.0, 0.0, 0.0, 0.0, 0.0, 0.0, 0.0, 0.0, 0.0, 0.0, 0.0, 0.0, 0.0, 0.0, 0.0, 0.0, 0.0, 0.0, 0.0, 0.0, 0.0, 0.0, 0.0, 0.0, 0.0, 0.0, 0.0]","stage1_test_loss":0.6478838852843263,"best_val_loss":0.7788228778391594,"stage2_test_acc":77.31066460587326,"mask_l1":0.15686273574829102,"train_loss":0.6020888761068881,"stage_3_separableconvcnn/confusion_matrix_table":{"path":"media/table/stage_3_separableconvcnn/confusion_matrix_table_11_0617bec69e470627f439.table.json","nrows":64,"_latest_artifact_path":"wandb-client-artifact://pxwq1s48883295c3f6p28kmz0pvwcugvliyzp92ailz5xmgjakpfgo14zkdfb31e8d0vjgmfiv3rez1vfkwm4vds266gxwvom8z9u1q8t7dkfzf7gm2suc8sqlndzf2k:latest/stage_3_separableconvcnn/confusion_matrix_table.table.json","artifact_path":"wandb-client-artifact://qt9t51rc2q7hq151hf4wjf4yuk8axduaii5rak61d1qtfv15g8z4xsn856t7fqzlh22fp30q6qt4rvmfvdiqdw1dlh6kyx601mar8brs9ki8yoxg2xfgfqxvvumquzhi/stage_3_separableconvcnn/confusion_matrix_table.table.json","log_mode":"IMMUTABLE","sha256":"0617bec69e470627f439c558e08486c7596203096a0da522823bbd33b8d113bf","_type":"table-file","ncols":3,"size":2016}}