{"train_acc":76.94196515570799,"epoch":23,"lr":0.0001,"train_loss":0.6230154379301498,"stage1_checkpoint_path":"/home/qphan/master-thesis/models/stage1/fft/wear_best_model_subject9_val.pth","stage1_test_acc":79.31993817619784,"Block3_Pruned_%":4.6875,"params_before_pruning":36998,"Block2_Pruned_%":4.6875,"stage2_channel_metadata_json":"{\"block2\": {\"kept_indices\": [0, 1, 2, 4, 5, 6, 7, 8, 9, 10, 11, 12, 13, 14, 15, 16, 17, 19, 20, 21, 22, 23, 24, 25, 26, 27, 28, 29, 30, 31, 32, 33, 34, 35, 36, 37, 38, 39, 40, 41, 42, 43, 45, 46, 47, 48, 49, 50, 51, 52, 53, 54, 55, 56, 57, 58, 59, 60, 61, 62, 63], \"pruned_indices\": [3, 18, 44], \"kept_count\": 61, \"pruned_count\": 3, \"total_channels\": 64}, \"block3\": {\"kept_indices\": [0, 1, 2, 3, 4, 5, 6, 7, 8, 9, 10, 11, 12, 13, 15, 16, 17, 18, 19, 20, 21, 22, 23, 24, 25, 26, 27, 28, 29, 30, 31, 32, 33, 34, 35, 36, 37, 38, 39, 40, 42, 43, 44, 45, 46, 47, 48, 49, 50, 51, 52, 53, 54, 55, 56, 57, 58, 59, 60, 61, 62, 63, 64, 66, 67, 68, 69, 70, 71, 72, 73, 74, 75, 76, 77, 78, 79, 80, 81, 82, 83, 84, 85, 86, 87, 88, 89, 90, 91, 92, 93, 94, 95, 96, 98, 99, 100, 101, 102, 103, 104, 105, 106, 107, 108, 109, 110, 111, 112, 113, 114, 116, 117, 118, 120, 121, 122, 123, 124, 125, 126, 127], \"pruned_indices\": [14, 41, 65, 97, 115, 119], \"kept_count\": 122, \"pruned_count\": 6, \"total_channels\": 128}, \"block4\": {\"kept_indices\": [0, 1, 2, 3, 4, 5, 6, 7, 8, 9, 10, 11, 12, 13, 14, 15, 16, 17, 18, 19, 20, 21, 22, 23, 24, 25, 27, 28, 29, 30, 31, 32, 33, 34, 35, 36, 37, 38, 39, 40, 41, 42, 43, 44, 45, 46, 47, 48, 49, 50, 51, 52, 53, 54, 55, 56, 57, 58, 59, 60, 61, 63, 64, 65, 66, 67, 68, 69, 70, 71, 72, 73, 74, 75, 76, 77, 78, 80, 81, 82, 83, 84, 85, 87, 88, 89, 90, 91, 92, 93, 94, 95, 96, 97, 98, 99, 100, 101, 102, 103, 104, 105, 106, 107, 108, 109, 110, 111, 112, 113, 114, 115, 117, 118, 119, 121, 122, 123, 124, 125, 126, 127], \"pruned_indices\": [26, 62, 79, 86, 116, 120], \"kept_count\": 122, \"pruned_count\": 6, \"total_channels\": 128}}","stage2_test_acc":72.03503348789283,"stage":2,"stage1_test_loss":0.5946240120852871,"stage1_loaded_from_checkpoint":true,"stage2_test_loss":0.7637539394134594,"_runtime":72,"params_after_pruning":34211,"Total_Pruned_%":4.6875,"_wandb":{"runtime":72},"_timestamp":1.775401343599605e+09,"val_loss":0.8585775520798791,"Block4_Pruned_%":4.6875,"_step":6,"best_val_loss":0.8512879903817562,"stage2_test_f1":0.667355171071002,"stage1_test_f1":0.6910884547576478,"val_acc":66.23556581986143}