{"_step":29,"stage1/val_loss":0.9733088187740351,"stage1/best_val_loss":0.8359699979450704,"stage1/stage_number":1,"_wandb":{"runtime":159},"test_acc":77.91859866048429,"stage_1_separableconvcnn/confusion_matrix_table":{"ncols":3,"artifact_path":"wandb-client-artifact://um7fyzams9u2z2px8593dqfx9zqttpuc1imnmia4tnv5f68a86g5dsirrm6yafvo02z4xesusj2l37bgwswb130m0a3xhlut7bfcimhtu43stefsch6s9z1bvrti5xs7/stage_1_separableconvcnn/confusion_matrix_table.table.json","log_mode":"IMMUTABLE","nrows":64,"_type":"table-file","sha256":"87aef7452400180b35119df7507426a8e50bc4bbced5b45201da7075439816e4","_latest_artifact_path":"wandb-client-artifact://mcsabxatb10cjpl5t6wrs5slwl3epjpsrx224uo4jx0vbose8z7xg30913y9ywej76fq554wdpa2zlmr6vpe7g5uoy8khimti1m2gn1pnal8ropp9xyccc0fzills89v:latest/stage_1_separableconvcnn/confusion_matrix_table.table.json","size":2012,"path":"media/table/stage_1_separableconvcnn/confusion_matrix_table_29_87aef7452400180b3511.table.json"},"stage1/purpose":"train baseline model","stage1_test_f1":0.7144133391570747,"_runtime":159,"best_val_loss":0.8359699979450704,"stage1/val_acc":74.57882826250943,"test_loss":0.6153949855953467,"stage1_test_loss":0.6153949855953467,"stage1_test_acc":77.91859866048429,"best_epoch":17,"stage1/train_acc":76.40095349682841,"stage1/lr":0.001,"stage1/train_loss":0.378200548938306,"_timestamp":1.7753056808902822e+09,"stage1/test_acc":77.91859866048429,"stage1/test_loss":0.6153949855953467,"stage1/epoch":27,"stage1/test_f1":0.7144133391570747,"test_f1_macro":0.7144133391570747,"stage1/use_pretrain_model":false}