{"model_param_count_dense":36868,"stage2/val_acc":86.73469387755102,"stage2/val_loss":0.276785762609358,"best_val_loss":0.10285632931285066,"stage1_test_loss":0.2481142066477273,"model_param_reduction_pct":56.88401866116958,"final_channel_mask_block4":[1,1,1,1,1,1,1,1,0,0,1,1,1,0,1,0,1,1,1,1,1,1,1,0,0,0,1,0,1,1,1,1,1,1,1,1,1,0,1,1,0,1,1,0,0,1,1,1,1,1,0,1,0,1,1,0,1,0,0,1,0,0,1,1,1,0,1,1,0,0,0,0,0,1,1,0,0,1,1,1,0,1,0,1,0,0,1,1,0,1,0,1,1,1,0,1,0,1,1,1,0,0,0,1,1,1,1,1,0,1,0,1,0,1,1,0,1,1,0,1,1,1,0,1,0,1,1,1],"stage1/test_acc":91.55072955548015,"stage2/block4_Pruned_%":35.15625,"stage2/purpose":"train channel-pruning model with masking","val_acc":94.89795918367346,"stage1/use_pretrain_model":false,"stage2/raw_hard_mask_block2":"[1.0, 1.0, 1.0, 1.0, 0.0, 1.0, 1.0, 1.0, 1.0, 0.0, 1.0, 1.0, 1.0, 1.0, 1.0, 0.0, 1.0, 1.0, 1.0, 0.0, 1.0, 1.0, 0.0, 0.0, 1.0, 1.0, 0.0, 0.0, 0.0, 1.0, 1.0, 1.0, 0.0, 1.0, 0.0, 1.0, 1.0, 1.0, 1.0, 0.0, 0.0, 1.0, 0.0, 1.0, 1.0, 1.0, 1.0, 1.0, 0.0, 1.0, 0.0, 1.0, 1.0, 1.0, 1.0, 0.0, 0.0, 1.0, 1.0, 0.0, 0.0, 1.0, 1.0, 0.0]","stage_3_separableconvcnn/confusion_matrix_table":{"ncols":3,"nrows":36,"path":"media/table/stage_3_separableconvcnn/confusion_matrix_table_7_fbb36ae1812a3f76c10c.table.json","log_mode":"IMMUTABLE","_type":"table-file","_latest_artifact_path":"wandb-client-artifact://chx3a3uslwyfsazr6hbht26q1v8dx2v0qcijm25knkfhopb3onf1mb5iprg3u8vbsfgh67gyrybtcf9cmwqiwhvztqv1151rklakzn2k0db6umu5ubbdo1c5fbcyzduq:latest/stage_3_separableconvcnn/confusion_matrix_table.table.json","size":1367,"sha256":"fbb36ae1812a3f76c10ce929124e0505be7d2142d35f5a0a5c4b6f20b9daf6ca","artifact_path":"wandb-client-artifact://2ph8owe75oori78iot5qx514vf1t04z4gvqtc96mxhdog2pa74qrsds5zbzap3e1otui46fhwtr9hxf4vaoe8bhrldnm552ujpst70k66fl3xs40oys50czi7muw3ldq/stage_3_separableconvcnn/confusion_matrix_table.table.json"},"final_channel_mask_block3":[0,0,1,1,0,1,0,1,1,1,1,1,1,0,1,0,1,0,1,0,1,0,1,0,0,0,0,0,1,0,0,1,1,0,1,0,1,0,0,1,1,1,0,0,1,0,1,0,0,0,1,0,0,0,0,1,1,0,0,1,1,0,1,0,0,1,1,0,0,1,0,1,1,1,0,1,0,1,0,0,1,1,1,1,1,0,0,1,0,0,0,1,1,0,0,1,0,0,1,1,0,1,0,1,1,1,1,0,0,0,0,0,0,0,1,0,1,1,0,0,1,1,0,0,1,0,0,1],"stage2/block3_Pruned_%":52.34375,"_timestamp":1.7767072441758516e+09,"stage2/test_acc":88.49677638276214,"stage5_test_loss":0.33973945695224755,"stage2/final_mask_keep_ratio_block2":0.671875,"stage2/Total_Pruned_%":41.5625,"stage2/stage_number":2,"stage1_test_f1":0.9168024661823758,"stage5_test_f1":0.889931490913066,"stage_5_prunedseparableconvcnn/confusion_matrix_table":{"path":"media/table/stage_5_prunedseparableconvcnn/confusion_matrix_table_32_9980f759a42e56c5816e.table.json","size":1368,"_type":"table-file","log_mode":"IMMUTABLE","sha256":"9980f759a42e56c5816e330a5d7ec4c668ee6d61b03bf70d269666aae4b32577","ncols":3,"_latest_artifact_path":"wandb-client-artifact://trmaqzieja3lswyll1ux2lbtr1w5xtj6l4hvu31330x7gnw48lapxcat41p9w10m1n0z6fyizwnwbwdx1xigtrpvhu9tzyey56zo9zve40wqeguv0sy24u0xplxgnezs:latest/stage_5_prunedseparableconvcnn/confusion_matrix_table.table.json","nrows":36,"artifact_path":"wandb-client-artifact://sx28kq63s6k53r4lsi8tfdormksu0n4p2tz3sxpdmz2h9xsz38k8u2tuv5h2z0w7r3d6xng16vhzfyen7vk458uydcwmf8miocuhlo628f4sdcy8v4jg4w0ode11fhca/stage_5_prunedseparableconvcnn/confusion_matrix_table.table.json"},"epoch":55,"stage5_test_acc":88.93790295215473,"stage2/best_epoch":58,"stage":5,"stage2/block2_Pruned_%":32.8125,"stage2/best_val_loss":0.26828091331325205,"stage2/epoch":60,"stage2/test_loss":0.3142148609689043,"stage2/final_mask_keep_ratio_block4":0.6484375,"train_loss":0.1514570210171842,"mask_l1":0.6000000238418579,"stage2/final_mask_keep_ratio_block3":0.4765625,"stage2/lr_gumbel":0.001,"stage2/train_acc":83.04597701149426,"final_channel_mask_block2":[1,1,1,1,0,1,1,1,1,0,1,1,1,1,1,0,1,1,1,0,1,1,0,0,1,1,0,0,0,1,1,1,0,1,0,1,1,1,1,0,0,1,0,1,1,1,1,1,0,1,0,1,1,1,1,0,0,1,1,0,0,1,1,0],"lr_backbone":0.0001,"hard_bin_mask":[1,1,1,1,1,0,1,1,1,1,1,1,1,0,1,1,1,1,1,1,0,0,1,0,0,1,0,1,1,1,1,0,0,0,0,0,1,1,1,0,0,0,1,1,0,0,0,0,1,1,1,1,0,1,1,0,0,0,0,0,0,0,1,0,0],"stage1/test_f1":0.9168024661823758,"stage1/test_loss":0.2481142066477273,"stage_1_separableconvcnn/confusion_matrix_table":{"size":1366,"log_mode":"IMMUTABLE","nrows":36,"path":"media/table/stage_1_separableconvcnn/confusion_matrix_table_1_10e07669296bcf5ba227.table.json","artifact_path":"wandb-client-artifact://aurecni8ni6a9kf2mn2v0etahzk9n8ae8o69wil4uu1dn51w14fddiuzibvwllro8qufi2o4fit1m256mn6a0g8pv7r653l7psi9ctw9i1xhd939o9lxyn61iyotbgha/stage_1_separableconvcnn/confusion_matrix_table.table.json","_latest_artifact_path":"wandb-client-artifact://xonz4impfhsmm5e28y8z6wpjep12ovnvb8dn6yqnjlkzdk3uhe3n0trgpap16o1aqm3hma9ztg4wtg4nhira4r6gd5x7ys27p44xyats4rnx9d7j65e7il4ssdfrzz1a:latest/stage_1_separableconvcnn/confusion_matrix_table.table.json","_type":"table-file","sha256":"10e07669296bcf5ba2279e29af0a84a1f88173148e4f0bad6c38df57689af24c","ncols":3},"lr_loaded_weights":0.0001,"stage2/raw_hard_mask_block4":"[1.0, 1.0, 1.0, 1.0, 1.0, 1.0, 1.0, 1.0, 0.0, 0.0, 1.0, 1.0, 1.0, 0.0, 1.0, 0.0, 1.0, 1.0, 1.0, 1.0, 1.0, 1.0, 1.0, 0.0, 0.0, 0.0, 1.0, 0.0, 1.0, 1.0, 1.0, 1.0, 1.0, 1.0, 1.0, 1.0, 1.0, 0.0, 1.0, 1.0, 0.0, 1.0, 1.0, 0.0, 0.0, 1.0, 1.0, 1.0, 1.0, 1.0, 0.0, 1.0, 0.0, 1.0, 1.0, 0.0, 1.0, 0.0, 0.0, 1.0, 0.0, 0.0, 1.0, 1.0, 1.0, 0.0, 1.0, 1.0, 0.0, 0.0, 0.0, 0.0, 0.0, 1.0, 1.0, 0.0, 0.0, 1.0, 1.0, 1.0, 0.0, 1.0, 0.0, 1.0, 0.0, 0.0, 1.0, 1.0, 0.0, 1.0, 0.0, 1.0, 1.0, 1.0, 0.0, 1.0, 0.0, 1.0, 1.0, 1.0, 0.0, 0.0, 0.0, 1.0, 1.0, 1.0, 1.0, 1.0, 0.0, 1.0, 0.0, 1.0, 0.0, 1.0, 1.0, 0.0, 1.0, 1.0, 0.0, 1.0, 1.0, 1.0, 0.0, 1.0, 0.0, 1.0, 1.0, 1.0]","_wandb":{"runtime":75},"stage2/train_loss":0.48718742611764493,"model_param_count_pruned":15896,"stage2/test_f1":0.8862658180792403,"stage2/raw_hard_mask_block3":"[0.0, 0.0, 1.0, 1.0, 0.0, 1.0, 0.0, 1.0, 1.0, 1.0, 1.0, 1.0, 1.0, 0.0, 1.0, 0.0, 1.0, 0.0, 1.0, 0.0, 1.0, 0.0, 1.0, 0.0, 0.0, 0.0, 0.0, 0.0, 1.0, 0.0, 0.0, 1.0, 1.0, 0.0, 1.0, 0.0, 1.0, 0.0, 0.0, 1.0, 1.0, 1.0, 0.0, 0.0, 1.0, 0.0, 1.0, 0.0, 0.0, 0.0, 1.0, 0.0, 0.0, 0.0, 0.0, 1.0, 1.0, 0.0, 0.0, 1.0, 1.0, 0.0, 1.0, 0.0, 0.0, 1.0, 1.0, 0.0, 0.0, 1.0, 0.0, 1.0, 1.0, 1.0, 0.0, 1.0, 0.0, 1.0, 0.0, 0.0, 1.0, 1.0, 1.0, 1.0, 1.0, 0.0, 0.0, 1.0, 0.0, 0.0, 0.0, 1.0, 1.0, 0.0, 0.0, 1.0, 0.0, 0.0, 1.0, 1.0, 0.0, 1.0, 0.0, 1.0, 1.0, 1.0, 1.0, 0.0, 0.0, 0.0, 0.0, 0.0, 0.0, 0.0, 1.0, 0.0, 1.0, 1.0, 0.0, 0.0, 1.0, 1.0, 0.0, 0.0, 1.0, 0.0, 0.0, 1.0]","stage2/mask_l1":0.5594984292984009,"_runtime":75,"stage2/lr_backbone":0.0001,"lr_gumbel_bin":0.001,"lr":0.001,"stage1_test_acc":91.55072955548015,"train_acc":93.5632183908046,"_step":33,"val_loss":0.10777086384193205}