{"stage2_test_acc":69.3560020607934,"lr_backbone":0.0001,"stage2_hard_bin_mask_str":"[1.0, 0.0, 1.0, 1.0, 1.0, 0.0, 0.0, 0.0, 0.0, 0.0, 0.0, 0.0, 0.0, 0.0, 0.0, 0.0, 0.0, 0.0, 0.0, 0.0, 0.0, 0.0, 0.0, 0.0, 0.0, 0.0, 0.0, 0.0, 0.0, 0.0, 0.0, 0.0, 0.0, 0.0, 0.0, 0.0, 0.0, 0.0, 0.0, 0.0, 0.0, 0.0, 0.0, 0.0, 0.0, 0.0, 0.0, 0.0, 0.0, 0.0, 0.0]","val_loss":1.154648447665665,"train_acc":55.13192317832444,"_runtime":155,"best_val_loss":1.1367751567483806,"stage1_test_f1":0.6673215202135461,"lr_gumbel_bin":0.001,"epoch":20,"stage_3_separableconvcnn/confusion_matrix_table":{"nrows":64,"sha256":"f673285d88355f38a50fb66d9181385d0654fe8639f4fb98753313e4fa0c1df3","path":"media/table/stage_3_separableconvcnn/confusion_matrix_table_8_f673285d88355f38a50f.table.json","artifact_path":"wandb-client-artifact://tqob9g8j3mnl62q1sqlf2q087m2yndpadfxvpxang6u9nc3o8su94b9rgcfbnmh0k2kf1dxslfwh46rwmsfhzfo4v9raj9hxvb78y94wo95tk0sit38rgeb6jwbk43et/stage_3_separableconvcnn/confusion_matrix_table.table.json","ncols":3,"_latest_artifact_path":"wandb-client-artifact://kt6audnsg49oamsnv8xwnf4vqtz7itwj6vc7cw3657d2qjzlxu23e0p0w7uhgxqzcsbqghlea2owcxo03b90pf2q8bqb1a0u18kaxgn2p3wc0b1twt8r58ld6vdpa0no:latest/stage_3_separableconvcnn/confusion_matrix_table.table.json","log_mode":"IMMUTABLE","size":2024,"_type":"table-file"},"stage2_test_f1":0.5716854266313703,"stage3_test_loss":0.9257844728025685,"val_acc":43.21342925659472,"train_loss":0.8931234412140208,"stage1_test_acc":74.66254507985575,"stage3_test_acc":70.37609479649664,"stage_1_separableconvcnn/confusion_matrix_table":{"log_mode":"IMMUTABLE","sha256":"848c001f265b9f8a60ec7758782c75b25c2874928138ce7418f77833575c76a0","size":2016,"artifact_path":"wandb-client-artifact://yu7suzstbju71bb2luds1cfccov2dq1h86zhbuo1djnoobtm91yieec5fjm9of8h3wkmn174pdkbxxgrg47hqlk0a5bu1p8orkgy3mu4m2lof0gj90skpbofbjdsxgve/stage_1_separableconvcnn/confusion_matrix_table.table.json","path":"media/table/stage_1_separableconvcnn/confusion_matrix_table_0_848c001f265b9f8a60ec.table.json","_type":"table-file","ncols":3,"nrows":64,"_latest_artifact_path":"wandb-client-artifact://shxvhpdxxqvxv5knzi3023qqp55jgix3mtt07urgil8my9mf1wfvz7yzjpnrokxps137g8ztj09cvwv60053eqgo0lid8fszz63n40in83jm715vbvm8z30ns8dbct5l:latest/stage_1_separableconvcnn/confusion_matrix_table.table.json"},"bin_keep_ratio":0.0784313753247261,"_wandb":{"runtime":155},"stage1_test_loss":0.677947698330093,"_timestamp":1.7758982270545764e+09,"lr":0.001,"stage3_test_f1":0.5894079121105252,"stage":3,"stage2_test_loss":0.9523216919699997,"mask_l1":0.05882353335618973,"_step":9}