{"stage2/purpose":"train channel-pruning model with masking","lr_loaded_weights":0.0001,"stage2/lr_gumbel":0.001,"stage2/mask_l1":0.3808119297027588,"_wandb":{"runtime":41},"stage2/stage_number":2,"stage1/test_f1":0.8986571403146842,"model_param_count":4998,"train_acc":78.29787234042553,"stage_3_prunedseparableconvcnn/confusion_matrix_table":{"sha256":"7c67466dadad21c60c299184d8f9082ec745ad6d2fb5947510fe427242dea535","nrows":36,"ncols":3,"size":1369,"artifact_path":"wandb-client-artifact://6yfncb9qdqnw7rfygeog7p0nru7bz78gxwtrr9wmdgnw2lgeelcx6wm666czzv4okvz9qzoof3pyedtvptgxbw8wipvayyaev48me78gbbwuck2o8s2nyu632iol7usm/stage_3_prunedseparableconvcnn/confusion_matrix_table.table.json","path":"media/table/stage_3_prunedseparableconvcnn/confusion_matrix_table_22_7c67466dadad21c60c29.table.json","log_mode":"IMMUTABLE","_type":"table-file","_latest_artifact_path":"wandb-client-artifact://6b6nnfyb0adtv1dw1mbo1om13wiuyor2t80120cws7vr87d0kguhjki9fmk61zs3kfrx6w1qdx796t30zp3lehxfgmi8rtlmrlaejeq807lep5j17436ulqdaszswzpt:latest/stage_3_prunedseparableconvcnn/confusion_matrix_table.table.json"},"stage2/raw_hard_mask_block3":"[0.0, 0.0, 0.0, 0.0, 0.0, 0.0, 0.0, 0.0, 0.0, 0.0, 0.0, 0.0, 0.0, 1.0, 0.0, 0.0, 1.0, 0.0, 1.0, 0.0, 1.0, 0.0, 0.0, 0.0, 0.0, 0.0, 0.0, 1.0, 1.0, 0.0, 0.0, 0.0, 0.0, 0.0, 0.0, 0.0, 0.0, 0.0, 1.0, 0.0, 0.0, 1.0, 0.0, 0.0, 0.0, 0.0, 0.0, 0.0, 0.0, 0.0, 0.0, 0.0, 0.0, 1.0, 0.0, 0.0, 0.0, 0.0, 0.0, 1.0, 0.0, 0.0, 0.0, 1.0, 0.0, 0.0, 0.0, 0.0, 0.0, 1.0, 0.0, 0.0, 0.0, 0.0, 0.0, 1.0, 0.0, 1.0, 0.0, 0.0, 0.0, 0.0, 0.0, 0.0, 1.0, 0.0, 0.0, 0.0, 0.0, 0.0, 0.0, 0.0, 0.0, 0.0, 1.0, 0.0, 0.0, 0.0, 0.0, 1.0, 0.0, 0.0, 1.0, 1.0, 0.0, 0.0, 0.0, 0.0, 1.0, 0.0, 0.0, 0.0, 0.0, 0.0, 0.0, 0.0, 0.0, 0.0, 0.0, 0.0, 0.0, 0.0, 0.0, 0.0, 1.0, 0.0, 1.0, 0.0]","stage3_test_loss":0.48356048028520615,"epoch":60,"stage2/test_acc":61.24872751951137,"stage1_test_acc":89.75229046487954,"stage2/test_f1":0.577065181153709,"stage2/block2_Pruned_%":81.25,"best_val_loss":0.488304375368633,"stage2_test_loss":0.7274988045834427,"stage2/best_val_loss":0.7499751620340032,"_timestamp":1.7758656393404408e+09,"stage1_test_f1":0.8986571403146842,"val_acc":79.13907284768212,"val_loss":0.4966614574490004,"stage2/block3_Pruned_%":82.8125,"final_summary_log_path":"/home/qphan/master-thesis/models/uci_best_model_three_stage_channel_subject5_val_final_summary_val_5.txt","stage2/epoch":35,"block4_Pruned_%":70.3125,"stage2/test_loss":0.7274988045834427,"train_loss":0.4306039947820893,"stage2_test_acc":61.24872751951137,"stage2/final_mask_keep_ratio_block3":0.171875,"stage":3,"Total_Pruned_%":77.5,"stage3_test_acc":80.21717000339328,"stage2/val_loss":0.7541783542822529,"stage2/final_mask_keep_ratio_block2":0.1875,"stage2/block4_Pruned_%":70.3125,"stage1/test_acc":89.75229046487954,"stage2/best_epoch":27,"stage2_test_f1":0.577065181153709,"_runtime":41,"stage2/Total_Pruned_%":77.5,"stage2/raw_hard_mask_block4":"[1.0, 1.0, 0.0, 0.0, 1.0, 1.0, 0.0, 0.0, 1.0, 0.0, 1.0, 0.0, 1.0, 0.0, 0.0, 0.0, 0.0, 0.0, 1.0, 0.0, 0.0, 0.0, 0.0, 0.0, 0.0, 0.0, 0.0, 1.0, 0.0, 1.0, 1.0, 0.0, 0.0, 1.0, 0.0, 0.0, 0.0, 0.0, 0.0, 0.0, 0.0, 0.0, 0.0, 1.0, 0.0, 0.0, 1.0, 0.0, 0.0, 1.0, 0.0, 0.0, 0.0, 0.0, 1.0, 0.0, 0.0, 0.0, 0.0, 0.0, 1.0, 1.0, 1.0, 1.0, 0.0, 0.0, 1.0, 1.0, 0.0, 1.0, 1.0, 0.0, 1.0, 1.0, 0.0, 1.0, 0.0, 0.0, 0.0, 1.0, 0.0, 0.0, 0.0, 0.0, 0.0, 0.0, 0.0, 0.0, 0.0, 0.0, 0.0, 1.0, 0.0, 1.0, 0.0, 1.0, 0.0, 0.0, 1.0, 0.0, 0.0, 0.0, 0.0, 1.0, 0.0, 0.0, 0.0, 0.0, 0.0, 1.0, 0.0, 1.0, 0.0, 1.0, 0.0, 0.0, 0.0, 0.0, 0.0, 0.0, 0.0, 0.0, 0.0, 0.0, 0.0, 0.0, 1.0, 1.0]","stage1/use_pretrain_model":false,"stage2/train_acc":60.4113475177305,"stage2/train_loss":1.092435125932626,"stage_1_separableconvcnn/confusion_matrix_table":{"_type":"table-file","artifact_path":"wandb-client-artifact://7p4c1yu6anoaul77nl8k5fbst3zf466ygpuuus895aay0a90of6hvsnl0u9hif6xokgg00xd2m3s6wi1no7fdpg60htuqp7kxf42d69ogtnty0vowplzqjs4i32x66ni/stage_1_separableconvcnn/confusion_matrix_table.table.json","path":"media/table/stage_1_separableconvcnn/confusion_matrix_table_1_03dfbd2c4e1796b6f14c.table.json","ncols":3,"log_mode":"IMMUTABLE","sha256":"03dfbd2c4e1796b6f14c9c6ff1c6762d4bce54ff6391a5bae0814e1d8b095def","size":1367,"nrows":36,"_latest_artifact_path":"wandb-client-artifact://cnhj8igy7ajarf09r0dp0y80t5570u9z6jzz070jmwyr7saitreig3uf6qk7a15wx56qb5sn8gohdx1py57y6k618pzyf7h8iuxqvi87c42v5m0tx0du7v1z9ijdjxhv:latest/stage_1_separableconvcnn/confusion_matrix_table.table.json"},"stage3_test_f1":0.8031863527800084,"stage1/test_loss":0.268587467844987,"_step":24,"stage2/lr_backbone":0.0001,"stage1_test_loss":0.268587467844987,"stage2/raw_hard_mask_block2":"[0.0, 1.0, 0.0, 0.0, 0.0, 0.0, 0.0, 0.0, 0.0, 0.0, 1.0, 0.0, 0.0, 0.0, 0.0, 1.0, 1.0, 0.0, 0.0, 0.0, 0.0, 0.0, 0.0, 0.0, 0.0, 0.0, 0.0, 0.0, 0.0, 0.0, 0.0, 0.0, 1.0, 0.0, 0.0, 0.0, 0.0, 1.0, 0.0, 0.0, 0.0, 0.0, 0.0, 0.0, 0.0, 0.0, 1.0, 0.0, 0.0, 0.0, 0.0, 0.0, 0.0, 0.0, 0.0, 1.0, 0.0, 1.0, 0.0, 1.0, 0.0, 1.0, 1.0, 0.0]","model_param_count_dense":36868,"stage2/final_mask_keep_ratio_block4":0.296875,"model_param_reduction_pct":86.4435282629923,"block3_Pruned_%":82.8125,"model_param_count_pruned":4998,"block2_Pruned_%":81.25,"stage2/val_acc":58.609271523178805}