{"bin_keep_ratio":0.1538461595773697,"stage":3,"best_val_loss":0.20964338122127213,"stage1/test_acc":90.22734984730234,"stage1_test_loss":0.25042668238587484,"stage2_test_acc":89.92195453003053,"stage2_test_f1":0.898682153387421,"stage_3_separableconvcnn/confusion_matrix_table":{"nrows":36,"artifact_path":"wandb-client-artifact://idp7z6k8lx5ledngph5kwazmunorpyvfqt1zxjh1g3v9ny888iayi2hcnc8ds6ng22v1tcrh5tcl3099zqevbopai5mb6la2tz159nitajr2sjneyc6u772xcbocixps/stage_3_separableconvcnn/confusion_matrix_table.table.json","_type":"table-file","log_mode":"IMMUTABLE","_latest_artifact_path":"wandb-client-artifact://7ym2efhh00o4p95lwir6mrgwljcggiscb076wyejnph72eisav32xv8q0zkv5uwyzjd6umc5wgs3k92a9m1pzom3clbho8o117rbv9j1czs4gg972g0d70v0iwno9dzi:latest/stage_3_separableconvcnn/confusion_matrix_table.table.json","ncols":3,"sha256":"0b3386c34e507e968c38655b94a99e7e34c8802acbd5eb1d7292e4f3170d921e","size":1368,"path":"media/table/stage_3_separableconvcnn/confusion_matrix_table_18_0b3386c34e507e968c38.table.json"},"stage1_test_f1":0.9037190950512649,"_runtime":33,"stage2_hard_bin_mask_str":"[1.0, 1.0, 1.0, 1.0, 1.0, 1.0, 1.0, 1.0, 1.0, 0.0, 0.0, 1.0, 0.0, 0.0, 0.0, 0.0, 0.0, 0.0, 0.0, 0.0, 0.0, 0.0, 0.0, 0.0, 0.0, 0.0, 0.0, 0.0, 0.0, 0.0, 0.0, 0.0, 0.0, 0.0, 0.0, 0.0, 0.0, 0.0, 0.0, 0.0, 0.0, 0.0, 0.0, 0.0, 0.0, 0.0, 0.0, 0.0, 0.0, 0.0, 0.0, 0.0, 0.0, 0.0, 0.0, 0.0, 0.0, 0.0, 0.0, 0.0, 0.0, 0.0, 0.0, 0.0, 0.0]","stage1/test_f1":0.9037190950512649,"epoch":20,"stage3_test_loss":0.314428082289816,"stage3_test_f1":0.8901528677401213,"train_loss":0.2276287863059906,"train_acc":90.15787227990329,"stage1_test_acc":90.22734984730234,"lr_backbone":0.0001,"lr":0.001,"_timestamp":1.7757716438853686e+09,"mask_l1":0.1230769231915474,"val_loss":0.2397910369519504,"stage3_test_acc":88.97183576518493,"_wandb":{"runtime":33},"stage_1_separableconvcnn/confusion_matrix_table":{"path":"media/table/stage_1_separableconvcnn/confusion_matrix_table_1_31b4d710340281842bc3.table.json","_type":"table-file","sha256":"31b4d710340281842bc3d2b1af8a24bfe054234d3b8904d2d088c9b15086d181","ncols":3,"log_mode":"IMMUTABLE","nrows":36,"artifact_path":"wandb-client-artifact://6mcy0svvxok4vwh8d0ivxbrbu0ehxkq0ddah46z22o7kvl5w0kft6fqkokbu9w0skkc7up8bt2z5e09qmapznj0ic32ekz4ofr6u5jf3k50g12nt0a0o787brf7y0ej6/stage_1_separableconvcnn/confusion_matrix_table.table.json","_latest_artifact_path":"wandb-client-artifact://utga4jqt4tpmduybgikdj407m312dco8wk9ut3xm5b5a6gs29h9ifa0mtz4p2stp35beg4cgeyv0xodvwpn4sppr0eg9o83gos2qkqklvysed9i1pgcrwkvkp59e2p3q:latest/stage_1_separableconvcnn/confusion_matrix_table.table.json","size":1367},"_step":19,"stage1/test_loss":0.25042668238587484,"lr_gumbel_bin":0.001,"val_acc":90.96573208722741,"stage1/use_pretrain_model":false,"stage2_test_loss":0.26865511807898446}