{"stage1_test_acc":66.64605873261206,"test_loss":0.7868450702219387,"stage1_test_loss":0.7868450702219387,"stage1/train_acc":70.39223534120472,"_runtime":47,"stage1_test_f1":0.6302513370662512,"stage1/purpose":"train baseline model","stage1/test_f1":0.6302513370662512,"stage1/val_loss":1.0336861342030328,"stage1/epoch":10,"_wandb":{"runtime":47},"stage1/stage_number":1,"_timestamp":1.7763679175847938e+09,"stage1/best_val_loss":0.8831714238152948,"stage1/val_acc":58.5351952123112,"stage1/use_pretrain_model":false,"_step":4,"test_f1_macro":0.6302513370662512,"stage1/test_loss":0.7868450702219387,"best_val_loss":0.8831714238152948,"stage1/train_loss":0.5733090995931138,"best_epoch":3,"stage_1_separableconvcnn/confusion_matrix_table":{"sha256":"0484b790e3fac4a5e1cc4f7178e74fffc10f3cd3c84feb27411652d5cf75b740","ncols":3,"path":"media/table/stage_1_separableconvcnn/confusion_matrix_table_4_0484b790e3fac4a5e1cc.table.json","nrows":64,"log_mode":"IMMUTABLE","_latest_artifact_path":"wandb-client-artifact://r9dzukxbo9o9q1kgugerb9l7mlioqtqm04bzvfjct4y26fcj56dc57d45g0fjz7l8snzeb08ro735f9pdoxdigyocuasld0ly2mp12ymtj9jz7jbdvc2x9bqde9dkn7x:latest/stage_1_separableconvcnn/confusion_matrix_table.table.json","size":2012,"_type":"table-file","artifact_path":"wandb-client-artifact://g71b3n7n1gsm4s5twpfu3kmzv6dtmnzrehdl6q0cpe05epmw5bupxrvobe89hh7iyfmyirm1ix2bqrhikoap2hsgqt6er3yeaor03jfzjnxh0nfkq0b15g8th0hivpf9/stage_1_separableconvcnn/confusion_matrix_table.table.json"},"test_acc":66.64605873261206,"stage1/lr":0.001,"stage1/test_acc":66.64605873261206}