{"final_channel_mask_block4":[1,1,0,1,0,1,0,1,1,1,0,1,0,0,1,1,1,0,1,1,0,1,0,1,0,1,1,1,1,1,1,0,1,0,1,0,1,0,0,0,0,1,0,0,0,1,0,1,0,1,0,1,0,0,0,1,1,0,0,0,1,0,1,0,1,0,1,0,1,1,0,0,1,1,0,1,1,0,1,1,1,0,1,1,0,0,1,0,1,1,0,1,0,0,1,1,1,1,1,1,1,1,0,1,0,0,1,1,1,1,1,0,0,1,1,0,0,1,0,1,0,1,1,0,1,1,1,0],"stage_3_separableconvcnn/confusion_matrix_table":{"log_mode":"IMMUTABLE","nrows":64,"_latest_artifact_path":"wandb-client-artifact://3zpupg5x386gamjope1gn1sojqlj64xgauz5hmnxc45aj0q9r3n0hbhmk5bhu5df6v8oi28bv4ipbboaevk7i5a1u2of7sg9k8h3gs9twfkl7m0dxa3081fnem5ekc45:latest/stage_3_separableconvcnn/confusion_matrix_table.table.json","_type":"table-file","artifact_path":"wandb-client-artifact://ow197wfr0nr40k1gg64ofso1zn2e2p9rubpq3oa38vq64i6a0tpal6z4o8gjlav5oqqimg84fig0w8jtukghko4df57rbdmfu1w13othdqbcxnfjml7ir5offy76eskc/stage_3_separableconvcnn/confusion_matrix_table.table.json","sha256":"49312f5e2ba78edb586412ec2d2ab00d5880431ccb04f89f72ec4572a52749e8","path":"media/table/stage_3_separableconvcnn/confusion_matrix_table_29_49312f5e2ba78edb5864.table.json","size":2019,"ncols":3},"stage5_test_loss":0.6707387295489702,"_wandb":{"runtime":461},"model_param_count_dense":36998,"Block4_Pruned_%":42.96875,"stage2_test_acc":74.12673879443585,"Block3_Pruned_%":62.5,"hard_bin_mask":[1,1,1,1,1,0,1,0,1,1,1,1,1,1,1,1,1,1,0,0,0,1,0,0,1,1,1,0,0,0,0,0,0,0,0,0,0,0,0,0,0,0,0,0,0,0,0,0,0,0,0],"stage5_test_acc":78.05255023183926,"lr_loaded_weights":0.0001,"train_loss":0.6426910217800996,"lr":0.001,"lr_gumbel_bin":0.001,"stage3_test_f1":0.6208109631392436,"mask_l1":0.29411762952804565,"stage3_test_acc":67.01700154559505,"val_acc":59.9929873772791,"stage2_test_loss":0.7154624960168866,"model_param_reduction_pct":65.74679712416888,"stage1_test_f1":0.6647315251494192,"best_val_loss":0.9370520507804475,"lr_gumbel_channel":0.001,"val_loss":0.9652265121358307,"stage_5_prunedseparableconvcnn/confusion_matrix_table":{"sha256":"ab676fb807356930e6352c4d2d0fff907bf342979be4b905d850e3b273a36588","ncols":3,"log_mode":"IMMUTABLE","_latest_artifact_path":"wandb-client-artifact://bnfnbt0uszbxd1at9py029k11c9vpusf83j49iz4gcselzwfcb186qnrj655lg6eazaacecym91rh14u2eo4hoenkmipnpz7fhq8pis28w7mevmvl9t84gockh1ao4zz:latest/stage_5_prunedseparableconvcnn/confusion_matrix_table.table.json","_type":"table-file","nrows":64,"size":2016,"path":"media/table/stage_5_prunedseparableconvcnn/confusion_matrix_table_97_ab676fb807356930e635.table.json","artifact_path":"wandb-client-artifact://9m9a1oiqa1l09gdrwft84ou6smohce5pzsy1qtznbri2x6orvg97kal8jjg63pzsnv8n9hyrpetahfkqgmcan8ew9kemtkn4ig6k5rp9ws2krnxx4shlqn1risu6yfy6/stage_5_prunedseparableconvcnn/confusion_matrix_table.table.json"},"stage4_test_acc":78.96960329726944,"stage_1_separableconvcnn/confusion_matrix_table":{"path":"media/table/stage_1_separableconvcnn/confusion_matrix_table_0_13a6fd04346ff8692523.table.json","_type":"table-file","nrows":64,"artifact_path":"wandb-client-artifact://t0uvbe2uk5sqhg83wq40hz672mll5u1v43k71l39cl30zu10gqbequptt1gi40nhwasyhm8q4crl9iyg4jo8r8azp1gfky4dh49s66ou88uun0vnday40y8hfl8wf1wk/stage_1_separableconvcnn/confusion_matrix_table.table.json","ncols":3,"size":2015,"sha256":"13a6fd04346ff8692523df6a8391b86b0466d0dd42cf76f6a300cdb2b1cf9bfa","_latest_artifact_path":"wandb-client-artifact://u75syqr490gmcvqesxjwakvu56z4oss5d3s8is1xkrvx4l27kcjaqk3yppwti8dmc6ae87yzckvomza3jbcphoxj9rlew64fonscpo1dkx2s5aq4ng7xjafcleqfjiy2:latest/stage_1_separableconvcnn/confusion_matrix_table.table.json","log_mode":"IMMUTABLE"},"model_param_count_pruned":12673,"stage5_test_f1":0.6761489312028781,"train_acc":65.57568096075217,"stage2_test_f1":0.654947143544848,"_step":98,"stage4_test_loss":0.6696809051803081,"bin_keep_ratio":0.3921568691730499,"stage1_test_loss":0.6905957118221806,"stage3_test_loss":0.7928734392434404,"Total_Pruned_%":50.625,"Block2_Pruned_%":42.1875,"lr_backbone":0.0001,"stage1_test_acc":72.7253992787223,"_timestamp":1.775732947585861e+09,"stage":5,"epoch":28,"_runtime":461,"stage4_test_f1":0.674185004849,"final_channel_mask_block2":[0,1,1,1,0,0,1,1,1,1,0,1,0,0,1,0,1,0,1,0,1,1,0,1,0,1,0,1,1,1,0,0,0,1,0,0,1,0,1,1,1,1,1,1,0,1,1,0,0,1,1,0,0,0,0,1,1,1,1,1,0,1,1,0],"final_channel_mask_block3":[0,0,0,0,0,0,1,1,0,1,0,0,1,0,1,0,1,1,0,0,1,0,0,1,0,0,1,0,0,1,0,1,1,0,0,1,0,0,1,0,0,0,0,0,0,0,1,0,0,0,0,1,1,0,1,1,0,0,0,0,1,0,1,0,0,1,1,0,0,0,0,1,1,0,1,1,1,1,0,0,0,1,1,0,0,1,0,0,0,1,0,1,0,0,0,1,0,0,0,0,1,0,0,1,0,0,0,1,1,0,1,1,1,0,0,0,1,0,0,0,0,1,1,1,0,0,1,0]}