{"stage3_final_mask_json":"{\"block2\": [1.0, 1.0, 1.0, 1.0, 1.0, 1.0, 1.0, 1.0, 1.0, 1.0, 1.0, 1.0, 1.0, 1.0, 1.0, 1.0, 1.0, 1.0, 1.0, 1.0, 1.0, 1.0, 0.0, 1.0, 1.0, 0.0, 1.0, 1.0, 1.0, 1.0, 1.0, 1.0, 1.0, 1.0, 1.0, 1.0, 1.0, 1.0, 1.0, 1.0, 1.0, 1.0, 1.0, 1.0, 1.0, 1.0, 1.0, 1.0, 1.0, 1.0, 1.0, 1.0, 0.0, 1.0, 1.0, 1.0, 1.0, 1.0, 1.0, 1.0, 1.0, 1.0, 1.0, 1.0], \"block3\": [1.0, 1.0, 1.0, 1.0, 1.0, 1.0, 1.0, 1.0, 1.0, 1.0, 1.0, 1.0, 1.0, 1.0, 0.0, 1.0, 1.0, 1.0, 1.0, 1.0, 1.0, 1.0, 1.0, 1.0, 1.0, 1.0, 1.0, 1.0, 1.0, 1.0, 1.0, 1.0, 1.0, 1.0, 1.0, 0.0, 1.0, 1.0, 1.0, 1.0, 1.0, 1.0, 1.0, 1.0, 1.0, 1.0, 1.0, 1.0, 1.0, 1.0, 1.0, 1.0, 1.0, 1.0, 1.0, 1.0, 0.0, 1.0, 1.0, 1.0, 1.0, 1.0, 1.0, 1.0, 1.0, 1.0, 1.0, 1.0, 1.0, 1.0, 0.0, 1.0, 1.0, 1.0, 1.0, 1.0, 1.0, 1.0, 0.0, 1.0, 1.0, 1.0, 1.0, 1.0, 1.0, 1.0, 1.0, 1.0, 1.0, 1.0, 1.0, 1.0, 1.0, 1.0, 1.0, 1.0, 1.0, 1.0, 1.0, 1.0, 1.0, 1.0, 1.0, 1.0, 1.0, 1.0, 1.0, 1.0, 1.0, 1.0, 1.0, 1.0, 1.0, 1.0, 1.0, 1.0, 1.0, 1.0, 1.0, 1.0, 1.0, 1.0, 1.0, 1.0, 0.0, 1.0, 1.0, 1.0], \"block4\": [1.0, 1.0, 1.0, 1.0, 1.0, 1.0, 1.0, 1.0, 1.0, 1.0, 1.0, 1.0, 1.0, 1.0, 1.0, 1.0, 1.0, 1.0, 1.0, 0.0, 1.0, 1.0, 1.0, 1.0, 1.0, 1.0, 1.0, 1.0, 1.0, 1.0, 1.0, 1.0, 1.0, 1.0, 1.0, 0.0, 1.0, 1.0, 0.0, 1.0, 1.0, 1.0, 1.0, 1.0, 1.0, 1.0, 1.0, 1.0, 1.0, 1.0, 1.0, 1.0, 1.0, 1.0, 1.0, 1.0, 1.0, 1.0, 1.0, 0.0, 1.0, 1.0, 1.0, 1.0, 1.0, 1.0, 1.0, 1.0, 1.0, 1.0, 1.0, 1.0, 1.0, 1.0, 0.0, 1.0, 1.0, 1.0, 1.0, 1.0, 1.0, 1.0, 1.0, 1.0, 1.0, 1.0, 1.0, 1.0, 1.0, 1.0, 1.0, 1.0, 1.0, 0.0, 1.0, 1.0, 1.0, 1.0, 1.0, 1.0, 1.0, 1.0, 1.0, 1.0, 1.0, 1.0, 1.0, 1.0, 1.0, 1.0, 1.0, 1.0, 1.0, 1.0, 1.0, 1.0, 1.0, 1.0, 1.0, 1.0, 1.0, 1.0, 1.0, 1.0, 1.0, 1.0, 1.0, 1.0]}","channels_block3":122,"val_loss":0.7477465310239689,"stage3_test_acc":74.01339515713549,"epoch":33,"stage":3,"best_val_loss":0.666803396260494,"lr":0.001,"stage1_test_acc":79.65996908809892,"_timestamp":1.775426243593562e+09,"channels_block4":122,"_wandb":{"runtime":103},"stage_1_separableconvcnn/confusion_matrix_table":{"log_mode":"IMMUTABLE","nrows":64,"path":"media/table/stage_1_separableconvcnn/confusion_matrix_table_0_8b433c7cc780213adc05.table.json","_type":"table-file","sha256":"8b433c7cc780213adc0564b79cd57bafa4481908889fe9ae3faf42cf8ded27b9","artifact_path":"wandb-client-artifact://y5q3ce0l6hc4jg180z9uckigrjvn5itzuc6v07vgtpxz86ol6n9yh4im1mncbtet9dtlgj9adohsj029dajan6pl0ocd3yb7qmx5tk2ghw44jpo7nc52arxsclywgafs/stage_1_separableconvcnn/confusion_matrix_table.table.json","ncols":3,"_latest_artifact_path":"wandb-client-artifact://x8b42hb40umpx6taps25t9uc7qee5tj45kakf85kepxdw2fonmt23llwmsdtncu3cc8gtn4l5zfo1ezbenj42bu3kv2c7wzva4ree9b40vhqk1xl69ydpnqhmdfs628x:latest/stage_1_separableconvcnn/confusion_matrix_table.table.json","size":2013},"stage_3_prunedseparableconvcnn/confusion_matrix_table":{"ncols":3,"path":"media/table/stage_3_prunedseparableconvcnn/confusion_matrix_table_9_f72a6fadc899c07486c0.table.json","nrows":64,"artifact_path":"wandb-client-artifact://woqwn0gu9xbqg7hguhhfs2afrr1h1qmb6r93mpy4rcignagdt2n7cowm35cm68ydrwxv56gkdp55og7ymjsggrcdhdn809w7ipawsnsfbo8246bpci94b9h50n9ssdp5/stage_3_prunedseparableconvcnn/confusion_matrix_table.table.json","_latest_artifact_path":"wandb-client-artifact://3xannf1brqtzxli3nw13o61xyn5s48ff19lp14sfojaajwxgoojhocj64tkyoxbzx4cptuqisrswnpde6qe3hu0d8ndpt52a0ie4on7dnsw70ba0jejjqxhq7dmaerow:latest/stage_3_prunedseparableconvcnn/confusion_matrix_table.table.json","size":2010,"sha256":"f72a6fadc899c07486c0d50ba97593b38f4c7481ec50dbfbf5910312f9f46f3a","_type":"table-file","log_mode":"IMMUTABLE"},"_step":10,"channels_block2":61,"params_after_pruning":34211,"stage3_test_f1":0.6870273161245248,"val_acc":73.20281431630468,"train_acc":82.76438956383191,"_runtime":103,"train_loss":0.4594519642227509,"stage3_channel_metadata_json":"{\"block2\": {\"kept_indices\": [0, 1, 2, 3, 4, 5, 6, 7, 8, 9, 10, 11, 12, 13, 14, 15, 16, 17, 18, 19, 20, 21, 23, 24, 26, 27, 28, 29, 30, 31, 32, 33, 34, 35, 36, 37, 38, 39, 40, 41, 42, 43, 44, 45, 46, 47, 48, 49, 50, 51, 53, 54, 55, 56, 57, 58, 59, 60, 61, 62, 63], \"pruned_indices\": [22, 25, 52], \"kept_count\": 61, \"pruned_count\": 3, \"total_channels\": 64}, \"block3\": {\"kept_indices\": [0, 1, 2, 3, 4, 5, 6, 7, 8, 9, 10, 11, 12, 13, 15, 16, 17, 18, 19, 20, 21, 22, 23, 24, 25, 26, 27, 28, 29, 30, 31, 32, 33, 34, 36, 37, 38, 39, 40, 41, 42, 43, 44, 45, 46, 47, 48, 49, 50, 51, 52, 53, 54, 55, 57, 58, 59, 60, 61, 62, 63, 64, 65, 66, 67, 68, 69, 71, 72, 73, 74, 75, 76, 77, 79, 80, 81, 82, 83, 84, 85, 86, 87, 88, 89, 90, 91, 92, 93, 94, 95, 96, 97, 98, 99, 100, 101, 102, 103, 104, 105, 106, 107, 108, 109, 110, 111, 112, 113, 114, 115, 116, 117, 118, 119, 120, 121, 122, 123, 125, 126, 127], \"pruned_indices\": [14, 35, 56, 70, 78, 124], \"kept_count\": 122, \"pruned_count\": 6, \"total_channels\": 128}, \"block4\": {\"kept_indices\": [0, 1, 2, 3, 4, 5, 6, 7, 8, 9, 10, 11, 12, 13, 14, 15, 16, 17, 18, 20, 21, 22, 23, 24, 25, 26, 27, 28, 29, 30, 31, 32, 33, 34, 36, 37, 39, 40, 41, 42, 43, 44, 45, 46, 47, 48, 49, 50, 51, 52, 53, 54, 55, 56, 57, 58, 60, 61, 62, 63, 64, 65, 66, 67, 68, 69, 70, 71, 72, 73, 75, 76, 77, 78, 79, 80, 81, 82, 83, 84, 85, 86, 87, 88, 89, 90, 91, 92, 94, 95, 96, 97, 98, 99, 100, 101, 102, 103, 104, 105, 106, 107, 108, 109, 110, 111, 112, 113, 114, 115, 116, 117, 118, 119, 120, 121, 122, 123, 124, 125, 126, 127], \"pruned_indices\": [19, 35, 38, 59, 74, 93], \"kept_count\": 122, \"pruned_count\": 6, \"total_channels\": 128}}","stage1_test_f1":0.6971494130997002,"params_before_pruning":36998}