{"stage2/test_acc":71.97149643705463,"stage2/epoch":35,"stage2/val_loss":0.6665846229247425,"stage2/final_mask_keep_ratio_block4":0.53125,"block2_Pruned_%":57.8125,"stage2/raw_hard_mask_block3":"[0.0, 0.0, 0.0, 0.0, 0.0, 0.0, 1.0, 0.0, 0.0, 0.0, 0.0, 0.0, 0.0, 0.0, 1.0, 1.0, 0.0, 0.0, 0.0, 1.0, 0.0, 0.0, 1.0, 0.0, 1.0, 0.0, 0.0, 1.0, 1.0, 0.0, 0.0, 1.0, 0.0, 0.0, 0.0, 0.0, 0.0, 0.0, 1.0, 0.0, 1.0, 0.0, 1.0, 1.0, 0.0, 0.0, 1.0, 1.0, 0.0, 1.0, 0.0, 0.0, 0.0, 0.0, 1.0, 0.0, 0.0, 0.0, 1.0, 1.0, 0.0, 0.0, 0.0, 0.0, 0.0, 1.0, 0.0, 1.0, 0.0, 0.0, 1.0, 1.0, 0.0, 1.0, 0.0, 1.0, 1.0, 0.0, 1.0, 1.0, 0.0, 0.0, 0.0, 0.0, 1.0, 1.0, 0.0, 0.0, 0.0, 0.0, 0.0, 1.0, 0.0, 0.0, 1.0, 1.0, 0.0, 0.0, 1.0, 0.0, 0.0, 0.0, 0.0, 1.0, 0.0, 1.0, 0.0, 0.0, 1.0, 0.0, 0.0, 1.0, 0.0, 0.0, 0.0, 0.0, 0.0, 0.0, 0.0, 0.0, 1.0, 0.0, 1.0, 0.0, 0.0, 0.0, 0.0, 0.0]","_step":16,"stage2_test_f1":0.7121943201944734,"stage_1_separableconvcnn/confusion_matrix_table":{"_type":"table-file","sha256":"ffc61f2a9a5c6083869d95063a11e8d57c336a91bbbee1f83da10e2cd86b1d25","ncols":3,"path":"media/table/stage_1_separableconvcnn/confusion_matrix_table_1_ffc61f2a9a5c6083869d.table.json","_latest_artifact_path":"wandb-client-artifact://2rtd8wuh8377k0md6uiv3svf1xsiynh7id527q6npjhc3v5knaccjkhbs31y9yys304n86iega04ikt3eaha4r1ag369zj7gi8k8gcah86xk1y6g75l3ugbrijyjd1cw:latest/stage_1_separableconvcnn/confusion_matrix_table.table.json","size":1367,"log_mode":"IMMUTABLE","artifact_path":"wandb-client-artifact://o49lhjzz46qb1e5vovepb5tdqd7myndcoe6dt9g6sqgxjp4e1agy9jloxhraazclaystuxvg8q3cl53e5r44bbgvv3epqw8bz5x0oxtlb50a4zny4he52fhiqs5wg4uw/stage_1_separableconvcnn/confusion_matrix_table.table.json","nrows":36},"stage2/mask_l1":0.4504656195640564,"model_param_count_dense":36868,"stage2/lr_backbone":0.0001,"stage2_test_loss":0.6471812119818073,"model_param_count_pruned":10323,"stage1_test_loss":0.2596978127236172,"model_param_count":10323,"_wandb":{"runtime":30},"stage2/train_loss":0.8183732727139267,"stage2/stage_number":2,"stage2/lr_gumbel":0.001,"stage":3,"model_param_reduction_pct":72.00010849517197,"val_loss":0.6301884443863578,"stage2/block2_Pruned_%":57.8125,"stage2/raw_hard_mask_block4":"[0.0, 1.0, 1.0, 1.0, 0.0, 1.0, 0.0, 1.0, 1.0, 1.0, 1.0, 1.0, 1.0, 0.0, 0.0, 1.0, 0.0, 1.0, 0.0, 1.0, 1.0, 0.0, 1.0, 0.0, 0.0, 1.0, 0.0, 1.0, 0.0, 0.0, 0.0, 1.0, 1.0, 0.0, 1.0, 0.0, 1.0, 0.0, 0.0, 0.0, 1.0, 0.0, 1.0, 1.0, 1.0, 1.0, 1.0, 0.0, 0.0, 1.0, 0.0, 1.0, 1.0, 1.0, 1.0, 1.0, 1.0, 0.0, 1.0, 1.0, 1.0, 1.0, 0.0, 1.0, 0.0, 1.0, 0.0, 0.0, 1.0, 0.0, 0.0, 0.0, 1.0, 0.0, 0.0, 0.0, 0.0, 0.0, 1.0, 1.0, 1.0, 0.0, 1.0, 0.0, 0.0, 0.0, 1.0, 0.0, 0.0, 1.0, 1.0, 0.0, 0.0, 1.0, 0.0, 1.0, 0.0, 0.0, 1.0, 0.0, 1.0, 1.0, 1.0, 0.0, 0.0, 0.0, 0.0, 1.0, 0.0, 1.0, 1.0, 0.0, 1.0, 0.0, 1.0, 1.0, 1.0, 0.0, 0.0, 0.0, 0.0, 1.0, 1.0, 1.0, 1.0, 0.0, 1.0, 1.0]","stage2/best_val_loss":0.6378734795295674,"stage3_test_loss":0.39029937845302104,"block3_Pruned_%":68.75,"stage1/test_acc":89.82015609093993,"stage2/final_mask_keep_ratio_block3":0.3125,"stage1/test_f1":0.8995361926906478,"stage2_test_acc":71.97149643705463,"stage3_test_acc":86.32507634882931,"stage1_test_acc":89.82015609093993,"stage1/test_loss":0.2596978127236172,"stage2/block4_Pruned_%":46.875,"stage2/final_mask_keep_ratio_block2":0.421875,"stage1_test_f1":0.8995361926906478,"stage1/use_pretrain_model":false,"train_acc":85.209049255441,"stage2/best_epoch":28,"stage2/val_acc":59.78260869565217,"_runtime":30,"train_loss":0.3296838754367719,"epoch":20,"block4_Pruned_%":46.875,"best_val_loss":0.5887004966321199,"stage2/purpose":"train channel-pruning model with masking","_timestamp":1.7758537247963538e+09,"stage2/test_loss":0.6471812119818073,"stage2/train_acc":69.60194730813288,"lr_loaded_weights":0.0001,"stage3_test_f1":0.8656436999540055,"stage2/test_f1":0.7121943201944734,"final_summary_log_path":"/home/qphan/master-thesis/models/uci_best_model_three_stage_channel_subject17_val_final_summary_val_17.txt","stage2/raw_hard_mask_block2":"[0.0, 0.0, 0.0, 0.0, 0.0, 0.0, 1.0, 0.0, 0.0, 0.0, 0.0, 0.0, 1.0, 0.0, 0.0, 1.0, 0.0, 1.0, 0.0, 1.0, 0.0, 0.0, 1.0, 1.0, 1.0, 1.0, 1.0, 0.0, 0.0, 0.0, 0.0, 1.0, 1.0, 0.0, 0.0, 0.0, 1.0, 0.0, 0.0, 1.0, 0.0, 1.0, 0.0, 1.0, 0.0, 1.0, 0.0, 1.0, 1.0, 1.0, 0.0, 0.0, 1.0, 0.0, 1.0, 1.0, 0.0, 1.0, 1.0, 0.0, 0.0, 1.0, 1.0, 0.0]","Total_Pruned_%":57.8125,"stage_3_prunedseparableconvcnn/confusion_matrix_table":{"path":"media/table/stage_3_prunedseparableconvcnn/confusion_matrix_table_14_b6357b23633206ffe7e7.table.json","ncols":3,"size":1368,"artifact_path":"wandb-client-artifact://gjjic9o6n41yl53xjz1qbb4k8mave64f6ywl62tj1btarr5ijegp1i0k5oxjnqvgn9wuuzl7stxwedu09ke83cv8q524z0payifx3u0vwt5y08crh42x1yus41zr7luu/stage_3_prunedseparableconvcnn/confusion_matrix_table.table.json","_type":"table-file","_latest_artifact_path":"wandb-client-artifact://o4by1nholfia7tgg1yyhn0vlrfn9h2hd1xxiutg6t1xvyr225eq090i8ms6oqrkv78agnt6kedugr03fhnr55xkbokzi6r1jdu041gbhwh96xkp2i2utvyocxjoynczt:latest/stage_3_prunedseparableconvcnn/confusion_matrix_table.table.json","nrows":36,"sha256":"b6357b23633206ffe7e7c271147103783ce223dafad605af80d97c5116a18e77","log_mode":"IMMUTABLE"},"stage2/block3_Pruned_%":68.75,"stage2/Total_Pruned_%":57.8125,"val_acc":70.92391304347827}