{"_wandb":{"runtime":162},"_step":9,"stage2_test_f1":0.6436271626712023,"stage1_test_f1":0.6920721084359487,"stage1_test_loss":0.6478838852843263,"stage3_test_loss":0.6827951905608852,"epoch":20,"stage2_hard_bin_mask_str":"[1.0, 1.0, 1.0, 1.0, 1.0, 1.0, 1.0, 1.0, 0.0, 1.0, 0.0, 0.0, 0.0, 0.0, 0.0, 0.0, 0.0, 0.0, 0.0, 0.0, 0.0, 0.0, 0.0, 0.0, 0.0, 0.0, 0.0, 0.0, 0.0, 0.0, 0.0, 0.0, 0.0, 0.0, 0.0, 0.0, 0.0, 0.0, 0.0, 0.0, 0.0, 0.0, 0.0, 0.0, 0.0, 0.0, 0.0, 0.0, 0.0, 0.0, 0.0]","stage_3_separableconvcnn/confusion_matrix_table":{"nrows":64,"artifact_path":"wandb-client-artifact://edkhfbfaptgwo3xc0qu1c7gcxseyrhpixkgqs0weim6o66xlco4063s8loan0oulfovq8vhc4x8qu19n9m6sqtpkfijipeau632ufciycs5kbakomfxw076txheleht9/stage_3_separableconvcnn/confusion_matrix_table.table.json","_latest_artifact_path":"wandb-client-artifact://li8qrw0vykx6dhdi0ah1dhym2xslw4122mt0t85txs2sgo5kc09lcpx8pws5udev36kk5uawt9bxbj3vvey7xf1fln2n0fx1sdncnzevaahhnusx5huh2cjbz14i733w:latest/stage_3_separableconvcnn/confusion_matrix_table.table.json","sha256":"dcb1164dd5728bf0665943c5cdc2eb3612785609823a2a35d3cf5b2334362532","log_mode":"IMMUTABLE","path":"media/table/stage_3_separableconvcnn/confusion_matrix_table_8_dcb1164dd5728bf06659.table.json","ncols":3,"_type":"table-file","size":2015},"_runtime":162,"stage2_test_acc":75.26017516743947,"stage2_test_loss":0.7329334287238698,"best_val_loss":0.8389055340807029,"mask_l1":0.13725489377975464,"lr_gumbel_bin":0.001,"val_loss":0.877980577174128,"bin_keep_ratio":0.1764705926179886,"train_acc":63.94451169898192,"lr_backbone":0.0001,"stage3_test_acc":78.41318907779495,"stage3_test_f1":0.6698947112150353,"val_acc":53.07443365695793,"stage":3,"stage1_test_acc":78.8768675940237,"_timestamp":1.7759035816366625e+09,"lr":0.001,"train_loss":0.6481618626401505,"stage_1_separableconvcnn/confusion_matrix_table":{"size":2012,"artifact_path":"wandb-client-artifact://ghadm3t4pjy92s1hxbojdng9ip5992gdeogqdfcd5j0hpi2onxb81ikh3xdd1q9qblwo3kqhmqjuker7hhipltyf1ulxr3vu2t9uubgtwhbpocc3d2vcwipqdy2bf22s/stage_1_separableconvcnn/confusion_matrix_table.table.json","_latest_artifact_path":"wandb-client-artifact://8vqus1ix1r54b6qgbjv3tvqhacrlagqaqzwafvd7wb6edwc7ir9ltyznk5yz9hoj3c6jooxo30ddkcazr7d1jk6g3w1usi0yqy4qmrm4bhe4k11ww4vtga21t6wjk44s:latest/stage_1_separableconvcnn/confusion_matrix_table.table.json","nrows":64,"ncols":3,"log_mode":"IMMUTABLE","sha256":"4963589bef1f9396b5e4b672611eb0c0e428254fe4f2a3b722c654e2eb9e2167","path":"media/table/stage_1_separableconvcnn/confusion_matrix_table_0_4963589bef1f9396b5e4.table.json","_type":"table-file"}}