{"_timestamp":1.7764182702933707e+09,"_wandb":{"runtime":13},"bin_keep_ratio":0.140625,"best_val_loss":0.4056085249575483,"stage1/use_pretrain_model":false,"stage_3_separableconvcnn/confusion_matrix_table":{"_type":"table-file","_latest_artifact_path":"wandb-client-artifact://7nk55gylzrbg6fs6xr3rw6uh5qgg2t2qmcyfo0ya1sww773yt7bs5mhbdobachfn1j3oefengez87or2tejg95no18fgiuqq9zg68tb3o4aqmo09lsb19uxgjn4jkpwm:latest/stage_3_separableconvcnn/confusion_matrix_table.table.json","size":1369,"artifact_path":"wandb-client-artifact://60srh2rbtznuvbfhfg76njo6s10n0f071lrjw0dx6hjojjn8rojxgwlk5zx57kiro7v6rkd79b3wkqpbv35tiea4vb7mrlj66kwz92fbad9mqse7zsjfb8t2367zmzsd/stage_3_separableconvcnn/confusion_matrix_table.table.json","ncols":3,"nrows":36,"log_mode":"IMMUTABLE","path":"media/table/stage_3_separableconvcnn/confusion_matrix_table_7_e3d48443d5d0bfdba0a4.table.json","sha256":"e3d48443d5d0bfdba0a46b11d0aaa545e63a4e0e699f78ca84a52ff4a5a867e7"},"stage2_test_loss":1.1149264519846476,"stage3_test_f1":0.8175911460865993,"stage1_test_acc":91.72039362063116,"stage3_test_loss":0.5379003673718568,"_runtime":13,"train_acc":87.42326909350464,"stage2_hard_bin_mask_str":"[0.0, 0.0, 0.0, 0.0, 0.0, 0.0, 0.0, 0.0, 0.0, 0.0, 0.0, 0.0, 0.0, 0.0, 1.0, 1.0, 1.0, 0.0, 0.0, 0.0, 1.0, 1.0, 1.0, 1.0, 1.0, 1.0, 1.0, 1.0, 0.0, 0.0, 0.0, 0.0, 0.0, 0.0, 0.0, 0.0, 0.0, 0.0, 0.0, 0.0, 1.0, 0.0, 1.0, 0.0, 0.0, 1.0, 0.0, 0.0, 0.0, 0.0, 1.0, 1.0, 0.0, 1.0, 1.0, 0.0, 0.0, 0.0, 0.0, 0.0, 0.0, 0.0, 0.0, 0.0, 0.0, 0.0, 0.0, 0.0, 0.0, 0.0, 0.0, 0.0, 0.0, 0.0, 0.0, 0.0, 0.0, 0.0, 0.0, 0.0, 0.0, 0.0, 0.0, 0.0, 0.0, 0.0, 0.0, 0.0, 0.0, 0.0, 0.0, 0.0, 0.0, 0.0, 0.0, 0.0, 0.0, 0.0, 0.0, 0.0, 0.0, 0.0, 0.0, 0.0, 0.0, 0.0, 0.0, 0.0, 0.0, 0.0, 0.0, 0.0, 0.0, 0.0, 0.0, 0.0, 0.0, 0.0, 0.0, 0.0, 0.0, 0.0, 0.0, 0.0, 0.0, 0.0, 0.0, 0.0]","stage3_test_acc":81.54054971157109,"stage1/test_f1":0.9190924499938599,"val_loss":0.5638526413557509,"lr":0.001,"epoch":15,"stage":3,"stage1_test_loss":0.25057173036076164,"_step":8,"stage2_test_f1":0.6413578167656674,"stage1_test_f1":0.9190924499938599,"lr_gumbel_bin":0.001,"train_loss":0.2797306187147757,"mask_l1":0.0234375,"stage2_test_acc":65.38853070919579,"stage1/test_loss":0.25057173036076164,"stage_1_separableconvcnn/confusion_matrix_table":{"ncols":3,"size":1366,"path":"media/table/stage_1_separableconvcnn/confusion_matrix_table_1_ba1709b9ded253dca6f1.table.json","sha256":"ba1709b9ded253dca6f14b8d1a777336f0cb86899167c45d58f90d5e787020ac","_type":"table-file","artifact_path":"wandb-client-artifact://0jowm3zwgoi0qh33nnkysl7fhzuzmi4mqb1s65711yj3l7kaik02xdubfwmml63d5zpk9x4splaag51ewadkqmm0yvefohqc6n63wstbb0ufuu2e97o9iy9vhrufjy9s/stage_1_separableconvcnn/confusion_matrix_table.table.json","_latest_artifact_path":"wandb-client-artifact://4lnhdm65jl5an8f8ngvum3qsm5iubxja8jpo0xosgenhp3zjqs7x3myur7my7h7q6wgnqm5lstxe5avs7arglz21nezx65jip9h386x1v3hvxa11ba7cn16vgro7l2bo:latest/stage_1_separableconvcnn/confusion_matrix_table.table.json","log_mode":"IMMUTABLE","nrows":36},"val_acc":76.657060518732,"lr_backbone":0.0001,"stage1/test_acc":91.72039362063116}