{"_wandb":{"runtime":686},"model_param_count_pruned":20970,"_runtime":686,"stage1_test_acc":65.059247810407,"stage4_test_acc":71.09737248840804,"epoch":35,"Total_Pruned_%":30.000000000000004,"val_loss":0.6130589595086855,"Block2_Pruned_%":25,"best_val_loss":0.6078512265670786,"stage1_test_loss":0.861460554513779,"final_channel_mask_block2":[1,1,0,1,1,0,0,1,0,1,1,0,1,0,1,1,0,1,1,1,1,1,1,1,1,1,1,0,1,0,1,0,1,1,1,1,1,1,0,1,1,1,1,0,1,1,0,1,1,0,0,1,0,1,1,1,1,1,1,1,1,1,1,1],"stage3_test_f1":0.6607354592133343,"_timestamp":1.7752126552211323e+09,"Block4_Pruned_%":30.46875,"stage4_test_f1":0.6648602031489892,"val_acc":78.75299760191847,"stage2_test_f1":0.6499021943648138,"stage":5,"stage3_test_acc":70.33487892838743,"stage_1_separableconvcnn/confusion_matrix_table":{"nrows":64,"sha256":"53b6888579b94387416487845edccdf37ec548aec15d9c401e3dc92630ea46bf","path":"media/table/stage_1_separableconvcnn/confusion_matrix_table_16_53b6888579b943874164.table.json","artifact_path":"wandb-client-artifact://g6n0gxwx3g3jz7ra6xbriw4x7p6x4kzwfyg2288x8phub8zzdsd0izccvm9e3ja74mbr6aykr6f17dbqf1v8gdt5ajpxf25k9mn6ll5460xm0n0uv1ij4rcdv6fw89ta/stage_1_separableconvcnn/confusion_matrix_table.table.json","size":2010,"log_mode":"IMMUTABLE","_type":"table-file","_latest_artifact_path":"wandb-client-artifact://bp07eckjghabpi29g1p4h6kl8q6j1rsxbzyt1fht9bqb7awzl7ts1fx26f16awdhb5ubpfiex2fu1up1vg1vq4c1repaactqiv2eyoyv8ryn4wztzpp0d2n4ba3a0drs:latest/stage_1_separableconvcnn/confusion_matrix_table.table.json","ncols":3},"lr":0.001,"stage1_test_f1":0.6276324989689013,"train_acc":77.47064430428522,"lr_loaded_weights":0.0001,"stage_5_prunedseparableconvcnn/confusion_matrix_table":{"artifact_path":"wandb-client-artifact://hsj8ybp8ro6ij0q0tevcuh1xsdutfa4f17pfges0ogpwivgv1o713790xl55nhclly0d2m30hc294uzyrmtct079ocunm0xsij88g8lbcwxvrcb5dlymjtwa5c7tuavd/stage_5_prunedseparableconvcnn/confusion_matrix_table.table.json","_latest_artifact_path":"wandb-client-artifact://zcp6yqlnz35kaeo4q2bpv0ktwyg0c2hdmuxi8q4ktq4xarckk8pb3kubje2n40q3mbbjbsxc6rw3pgr0s7gyabtkfzdyuvjdxrnrxlf6ntdfl6x9tuejt47vojrr86if:latest/stage_5_prunedseparableconvcnn/confusion_matrix_table.table.json","_type":"table-file","log_mode":"IMMUTABLE","sha256":"d89abdad3ea3a3c87b8b809241c24e201f806fab210c6d0591ef54ae3a6f4410","size":2010,"nrows":64,"ncols":3,"path":"media/table/stage_5_prunedseparableconvcnn/confusion_matrix_table_145_d89abdad3ea3a3c87b8b.table.json"},"stage2_test_acc":70.88098918083462,"lr_backbone":0.0001,"_step":146,"final_channel_mask_block3":[0,1,0,0,1,1,0,1,0,1,0,1,0,1,1,0,1,1,1,0,1,0,1,0,1,0,1,1,1,1,1,1,1,1,0,1,1,1,0,1,1,1,1,1,0,1,0,1,1,1,1,1,1,1,1,1,0,1,1,1,1,0,1,1,0,0,0,0,0,0,1,0,1,1,1,1,1,1,0,1,1,0,1,1,1,1,1,1,1,0,1,0,1,0,0,0,1,1,1,1,1,1,0,1,0,0,0,1,1,1,1,1,0,1,1,1,0,1,1,0,1,1,0,1,1,0,1,1],"final_channel_mask_block4":[1,1,1,1,1,0,0,1,1,1,1,0,0,1,0,1,0,1,1,1,1,0,1,1,1,1,1,0,1,1,0,0,1,1,1,1,0,1,1,0,1,0,1,1,1,1,1,0,0,1,1,1,1,1,1,1,1,0,1,0,1,0,1,0,0,0,1,0,1,1,1,1,0,1,0,1,0,1,0,1,1,1,1,1,1,1,1,0,1,0,1,1,1,1,0,1,1,1,1,1,1,1,1,1,1,1,0,1,0,1,1,1,0,0,1,1,0,0,1,0,0,1,1,0,0,1,1,1],"stage2_test_loss":0.7790624421736679,"model_param_count_dense":36998,"train_loss":0.5993315423131363,"stage5_test_f1":0.6582419690755019,"Block3_Pruned_%":32.03125,"stage5_test_loss":0.8077671379311561,"hard_bin_mask":[1,1,1,1,1,0,1,1,1,1,1,1,1,1,1,1,1,1,1,1,1,1,1,1,1,1,1,1,0,0,0,0,0,0,0,0,0,0,0,0,0,0,0,0,0,0,0,0,0,0,0],"stage3_test_loss":0.7982593621361938,"lr_gumbel_bin":0.001,"stage4_test_loss":0.7724069311485531,"model_param_reduction_pct":43.321260608681555,"lr_gumbel_channel":0.001,"bin_keep_ratio":0.529411792755127,"mask_l1":0.4901961088180542,"stage5_test_acc":70.00515198351366,"stage_3_separableconvcnn/confusion_matrix_table":{"_latest_artifact_path":"wandb-client-artifact://se11w2uwiy5cg6z8ss5em71kpgcgq60xacawp64evt7stbo4qep580qkgq494n4liau6e8t93hh1i4taim4ci5lg4feyu6x0he1g3bpbcgl8h0yyj56cu38f5lgty9zc:latest/stage_3_separableconvcnn/confusion_matrix_table.table.json","sha256":"b8268b3b5b1b5453fa2a138800a263d963748d1500116a400d5b15f2115e6bb5","log_mode":"IMMUTABLE","artifact_path":"wandb-client-artifact://0dwwphnliszg438678kzh42w5wtkzm3hauc28axx6ul9q0wifq6aqu7n75m5lrg0jpfpnu2yegyrwbhcmdoq8m4ovzze6rqv05pj3jcqz3o4ncgkd796xz5i24iqtw4z/stage_3_separableconvcnn/confusion_matrix_table.table.json","nrows":64,"size":2014,"path":"media/table/stage_3_separableconvcnn/confusion_matrix_table_66_b8268b3b5b1b5453fa2a.table.json","_type":"table-file","ncols":3}}