{"_timestamp":1.7753009248729432e+09,"stage1/train_loss":0.39563072848517705,"stage1/val_acc":55.61128526645768,"stage1_test_f1":0.6979587952367939,"stage1/test_f1":0.6979587952367939,"_step":14,"stage1/test_loss":0.5904486476430753,"stage1_test_acc":77.1973209685729,"best_epoch":3,"stage1/train_acc":74.78176141899819,"stage1/lr":0.001,"_wandb":{"runtime":50},"test_acc":77.1973209685729,"stage1/test_acc":77.1973209685729,"test_loss":0.5904486476430753,"stage1/best_val_loss":1.5048704310457535,"stage1/epoch":13,"stage1/purpose":"train baseline model","best_val_loss":1.5048704310457535,"_runtime":50,"test_f1_macro":0.6979587952367939,"stage1_test_loss":0.5904486476430753,"stage1/val_loss":1.756316990010604,"stage1/use_pretrain_model":false,"stage1/stage_number":1}