{"bin_keep_ratio":0.203125,"stage_1_separableconvcnn/confusion_matrix_table":{"_type":"table-file","log_mode":"IMMUTABLE","size":1366,"artifact_path":"wandb-client-artifact://skmtaul61mm9mcu678v3ymglscsk8e581hntljirqjnp0gdd0k1xv5txvlxxs10lala1sb0na3injis1e90n3yo8181k0sbqbh1dsfx1rxz3hahou682pjo115tdwke4/stage_1_separableconvcnn/confusion_matrix_table.table.json","_latest_artifact_path":"wandb-client-artifact://3u1zokv45j48hsmjx71zynpmngsn4xjcj61594qyus5fcudhbno0uamo336hzmob2fvc6j2rvzcppe9hh5e1kuggqlweajjq94lk5vbq6cl1d5fuwwylwojyubphqwqb:latest/stage_1_separableconvcnn/confusion_matrix_table.table.json","nrows":36,"ncols":3,"path":"media/table/stage_1_separableconvcnn/confusion_matrix_table_1_ba1709b9ded253dca6f1.table.json","sha256":"ba1709b9ded253dca6f14b8d1a777336f0cb86899167c45d58f90d5e787020ac"},"stage1/test_acc":91.72039362063116,"val_loss":0.2951845569638079,"stage3_test_acc":85.17136070580251,"stage1/test_f1":0.9190924499938599,"lr_gumbel_bin":0.001,"stage_3_separableconvcnn/confusion_matrix_table":{"size":1369,"log_mode":"IMMUTABLE","ncols":3,"sha256":"112d1fe40095b8c75c8ce26ec0548cf288b64f743409da037d8ee522a9c38f37","nrows":36,"path":"media/table/stage_3_separableconvcnn/confusion_matrix_table_12_112d1fe40095b8c75c8c.table.json","_type":"table-file","_latest_artifact_path":"wandb-client-artifact://4mfz8rzpqqgrb0qf7g270lbl8cdi4ptcteusq2tyk6mjkvah8fr2youdv7xe1qy2id8e21mvsf9ce54xfwg0rd5fc5cb4i33s7l65c18opelgmnyjmcl3e7koe8wh8tb:latest/stage_3_separableconvcnn/confusion_matrix_table.table.json","artifact_path":"wandb-client-artifact://tnyt6yx2uqlp4v1l9zs9i4ole72abs4lebyfvnvskbope7svk4wl5vebp3h9746myxwyvwb81yxslt3r4y1sgeveijfybo993b7l94nsnpyg3ykatlifstai8mm8pyxr/stage_3_separableconvcnn/confusion_matrix_table.table.json"},"stage":3,"stage1_test_loss":0.25057173036076164,"lr_backbone":0.0001,"stage3_test_f1":0.8505962932811277,"train_acc":92.790863668808,"stage2_test_f1":0.8080335745678284,"train_loss":0.15804742745081923,"stage1_test_acc":91.72039362063116,"_runtime":21,"stage1/use_pretrain_model":false,"stage2_test_loss":0.6136163382187061,"stage1_test_f1":0.9190924499938599,"mask_l1":0.0078125,"lr":0.001,"stage3_test_loss":0.516208519817178,"_timestamp":1.776419922725322e+09,"val_acc":91.64265129682997,"epoch":40,"stage1/test_loss":0.25057173036076164,"_wandb":{"runtime":21},"stage2_test_acc":80.96369189005769,"best_val_loss":0.2937742844968766,"_step":13,"stage2_hard_bin_mask_str":"[0.0, 0.0, 0.0, 0.0, 1.0, 1.0, 1.0, 0.0, 0.0, 1.0, 0.0, 0.0, 0.0, 0.0, 0.0, 1.0, 0.0, 0.0, 0.0, 0.0, 1.0, 1.0, 1.0, 0.0, 0.0, 0.0, 1.0, 1.0, 1.0, 1.0, 1.0, 1.0, 0.0, 1.0, 1.0, 0.0, 1.0, 0.0, 0.0, 0.0, 1.0, 1.0, 0.0, 0.0, 0.0, 0.0, 1.0, 1.0, 0.0, 0.0, 0.0, 0.0, 0.0, 0.0, 1.0, 1.0, 1.0, 1.0, 0.0, 0.0, 0.0, 0.0, 0.0, 1.0, 0.0, 0.0, 0.0, 0.0, 0.0, 0.0, 0.0, 0.0, 0.0, 0.0, 0.0, 0.0, 0.0, 0.0, 0.0, 0.0, 0.0, 0.0, 0.0, 0.0, 0.0, 0.0, 0.0, 0.0, 0.0, 0.0, 0.0, 0.0, 0.0, 0.0, 0.0, 0.0, 0.0, 0.0, 0.0, 0.0, 0.0, 0.0, 0.0, 0.0, 0.0, 0.0, 0.0, 0.0, 0.0, 0.0, 0.0, 0.0, 0.0, 0.0, 0.0, 0.0, 0.0, 0.0, 0.0, 0.0, 0.0, 0.0, 0.0, 0.0, 0.0, 0.0, 0.0, 0.0]"}