{"stage2/block3_Pruned_%":59.375,"stage2/val_loss":0.4718678330721186,"train_loss":0.562403428875376,"stage1/test_f1":0.6938116427504186,"stage2/Total_Pruned_%":45.3125,"stage2/mask_l1":0.5179758071899414,"lr_loaded_weights":0.0001,"stage1/test_acc":80.16486347243689,"stage_3_prunedseparableconvcnn/confusion_matrix_table":{"sha256":"6dbf48a57f66a25e65a4346f91448c873e357a6ab7bede6b2dd2db985a45adf7","log_mode":"IMMUTABLE","nrows":64,"_type":"table-file","size":2010,"ncols":3,"artifact_path":"wandb-client-artifact://f2vyakya8yccwa6uj3ei5eu87wa25qycxxisxiqinhg1yrk1rosxcn4riurtzqwxpnuca3jw2vz6lum7dpd7w73dap2ubn0vzj77xhhoh2gy0r070vj5b6u4x7hbeili/stage_3_prunedseparableconvcnn/confusion_matrix_table.table.json","_latest_artifact_path":"wandb-client-artifact://a7jnyid3jp6g4fqfb5vr4wdj1iudge0wez0et925a3dzh21cdeyd7ec3jzcyf5hs9ka8ble64hmxl7konpvfm9y1xivlvtfljxq19ofmy58g2w6sy1ls7hcsfq7um7wj:latest/stage_3_prunedseparableconvcnn/confusion_matrix_table.table.json","path":"media/table/stage_3_prunedseparableconvcnn/confusion_matrix_table_24_6dbf48a57f66a25e65a4.table.json"},"_wandb":{"runtime":350},"stage2/best_val_loss":0.4718678330721186,"stage2/raw_hard_mask_block4":"[0.0, 1.0, 0.0, 0.0, 1.0, 1.0, 1.0, 0.0, 1.0, 0.0, 1.0, 1.0, 1.0, 1.0, 0.0, 1.0, 1.0, 1.0, 1.0, 1.0, 0.0, 1.0, 0.0, 0.0, 0.0, 0.0, 1.0, 1.0, 1.0, 0.0, 1.0, 0.0, 1.0, 1.0, 1.0, 0.0, 1.0, 0.0, 0.0, 1.0, 1.0, 1.0, 1.0, 1.0, 1.0, 1.0, 0.0, 1.0, 1.0, 1.0, 1.0, 1.0, 1.0, 0.0, 0.0, 1.0, 1.0, 1.0, 1.0, 1.0, 1.0, 1.0, 0.0, 0.0, 1.0, 1.0, 1.0, 1.0, 0.0, 1.0, 1.0, 1.0, 0.0, 1.0, 1.0, 0.0, 0.0, 0.0, 1.0, 1.0, 1.0, 0.0, 1.0, 1.0, 1.0, 1.0, 0.0, 0.0, 1.0, 1.0, 1.0, 0.0, 0.0, 1.0, 0.0, 1.0, 1.0, 1.0, 0.0, 0.0, 1.0, 1.0, 1.0, 0.0, 1.0, 0.0, 0.0, 1.0, 0.0, 0.0, 0.0, 1.0, 0.0, 0.0, 0.0, 1.0, 1.0, 1.0, 0.0, 1.0, 0.0, 0.0, 1.0, 1.0, 1.0, 0.0, 1.0, 1.0]","stage1/test_loss":0.5890314269793642,"stage2/purpose":"train channel-pruning model with masking","stage2/train_loss":0.7973576862496767,"train_acc":69.90407438648802,"stage2/train_acc":64.21327265237264,"model_param_reduction_pct":60.74922968809125,"stage2/test_f1":0.6884517075548757,"stage1_test_loss":0.5890314269793642,"block2_Pruned_%":34.375,"final_summary_log_path":"/home/qphan/master-thesis/models/wear_best_model_three_stage_channel_subject6_val_final_summary_val_6.txt","stage1_test_acc":80.16486347243689,"stage2/epoch":60,"val_acc":73.58113509192646,"stage3_test_acc":80.03091190108192,"stage2/raw_hard_mask_block2":"[1.0, 1.0, 0.0, 1.0, 1.0, 0.0, 1.0, 1.0, 0.0, 1.0, 0.0, 0.0, 1.0, 0.0, 0.0, 1.0, 1.0, 0.0, 1.0, 0.0, 1.0, 1.0, 0.0, 1.0, 0.0, 1.0, 0.0, 1.0, 1.0, 0.0, 0.0, 1.0, 0.0, 0.0, 1.0, 1.0, 0.0, 1.0, 1.0, 1.0, 1.0, 1.0, 1.0, 1.0, 1.0, 1.0, 0.0, 1.0, 0.0, 1.0, 0.0, 1.0, 1.0, 1.0, 1.0, 1.0, 0.0, 1.0, 1.0, 0.0, 1.0, 1.0, 1.0, 1.0]","Total_Pruned_%":45.3125,"stage3_test_loss":0.6034936109963672,"stage2/test_acc":79.04173106646058,"stage2/final_mask_keep_ratio_block4":0.6328125,"stage2/block4_Pruned_%":36.71875,"_step":26,"stage2/block2_Pruned_%":34.375,"val_loss":0.5028365292399526,"stage2/test_loss":0.6145352538032116,"stage2_test_acc":79.04173106646058,"_timestamp":1.7753270153611577e+09,"stage1_test_f1":0.6938116427504186,"stage3_test_f1":0.6985547627474658,"best_val_loss":0.48734447548238874,"stage2_test_f1":0.6884517075548757,"stage2/stage_number":2,"epoch":45,"model_param_count":14522,"stage":3,"stage2/final_mask_keep_ratio_block2":0.65625,"stage2/raw_hard_mask_block3":"[1.0, 0.0, 0.0, 1.0, 0.0, 1.0, 0.0, 0.0, 0.0, 1.0, 0.0, 0.0, 1.0, 1.0, 0.0, 0.0, 1.0, 1.0, 0.0, 1.0, 1.0, 1.0, 0.0, 1.0, 1.0, 0.0, 0.0, 0.0, 0.0, 0.0, 1.0, 1.0, 0.0, 0.0, 0.0, 0.0, 0.0, 0.0, 0.0, 1.0, 0.0, 0.0, 1.0, 0.0, 1.0, 0.0, 0.0, 0.0, 1.0, 1.0, 1.0, 0.0, 1.0, 0.0, 0.0, 1.0, 1.0, 1.0, 0.0, 0.0, 1.0, 0.0, 0.0, 1.0, 0.0, 0.0, 0.0, 1.0, 1.0, 1.0, 0.0, 0.0, 0.0, 0.0, 0.0, 1.0, 0.0, 1.0, 0.0, 0.0, 0.0, 0.0, 0.0, 1.0, 1.0, 0.0, 0.0, 0.0, 0.0, 0.0, 0.0, 0.0, 0.0, 0.0, 0.0, 0.0, 1.0, 1.0, 0.0, 0.0, 1.0, 0.0, 1.0, 1.0, 0.0, 1.0, 0.0, 1.0, 1.0, 0.0, 1.0, 0.0, 1.0, 1.0, 1.0, 0.0, 0.0, 0.0, 0.0, 1.0, 1.0, 1.0, 1.0, 0.0, 0.0, 1.0, 0.0, 1.0]","block3_Pruned_%":59.375,"stage2/final_mask_keep_ratio_block3":0.40625,"model_param_count_dense":36998,"stage2/best_epoch":60,"stage2/lr_backbone":0.0001,"stage1/use_pretrain_model":false,"model_param_count_pruned":14522,"stage2/lr_gumbel":0.001,"stage2/val_acc":73.78097521982414,"_runtime":350,"stage2_test_loss":0.6145352538032116,"block4_Pruned_%":36.71875,"stage_1_separableconvcnn/confusion_matrix_table":{"_type":"table-file","nrows":64,"size":2013,"artifact_path":"wandb-client-artifact://jrepzoys4l2xtf83vs6l2k2g95lfssxcfxpsavofjyvdevs4ltqwp9f2lj6g8t81vw5v6wbtqvv8xmsothfled2pffp7xr2prebqr8t1czrpe9ubzlgwj6h0lpimiini/stage_1_separableconvcnn/confusion_matrix_table.table.json","ncols":3,"log_mode":"IMMUTABLE","_latest_artifact_path":"wandb-client-artifact://psx91uhyzd28wvj5d84d3o0aneeohlwtys837fl28ms4yqi7iwwewyv4pix5ytcdq33d4n5hx882nsm996os1zqhf0b5xgvvyw3sgroj1wjg92a8gh3x0yzf6nzn0jk8:latest/stage_1_separableconvcnn/confusion_matrix_table.table.json","path":"media/table/stage_1_separableconvcnn/confusion_matrix_table_1_19e3a9ae2c375b73338c.table.json","sha256":"19e3a9ae2c375b73338ce37fca927ff682c7861d693bce46d7737f855959d0e1"}}