{"stage1_test_acc":89.20936545639634,"best_val_loss":0.7022544970879188,"stage1_test_f1":0.8915448237738737,"stage1/lr":0.001,"stage1/purpose":"train baseline model","stage1_test_loss":0.2887824049044412,"test_f1_macro":0.8915448237738737,"stage1/epoch":15,"stage_1_separableconvcnn/confusion_matrix_table":{"path":"media/table/stage_1_separableconvcnn/confusion_matrix_table_5_430ec0ba43b3aba6cfeb.table.json","ncols":3,"log_mode":"IMMUTABLE","_latest_artifact_path":"wandb-client-artifact://n3hhjht8g1ji8o3f7m4g1j2j713tx82m4t35viw0cmsllozfk426fd13ndx51ddpv95okbsv3ky5bvhcmg55ptagwr6t0o3g84elbtb841hw4b3envyg5txpoauu45z9:latest/stage_1_separableconvcnn/confusion_matrix_table.table.json","nrows":36,"sha256":"430ec0ba43b3aba6cfebeea9ed04041986a5ac1adc24cf6d886e9876fa0e8f7b","artifact_path":"wandb-client-artifact://ddj9852gf0c7s4dg25q3t95ieg9kvaaup2jfvowcktkedx9c6d04fi8ufic2498wt1xnpwzdhqtz91com42650c7ity0zdy6q5tm91cu13o32d0xpd8lkmx7l6i8mtnl/stage_1_separableconvcnn/confusion_matrix_table.table.json","_type":"table-file","size":1368},"stage1/train_acc":94.06574640671695,"stage1/best_val_loss":0.7022544970879188,"stage1/train_loss":0.14645230042017487,"_runtime":8,"stage1/test_loss":0.2887824049044412,"_timestamp":1.7757578538784919e+09,"stage1/stage_number":1,"stage1/test_f1":0.8915448237738737,"test_acc":89.20936545639634,"best_epoch":8,"stage1/use_pretrain_model":false,"stage1/val_loss":0.9143885289705717,"test_loss":0.2887824049044412,"stage1/test_acc":89.20936545639634,"_wandb":{"runtime":8},"_step":5,"stage1/val_acc":75.6923076923077}