{"stage1_test_f1":0.9190924499938599,"lr":0.001,"stage1/test_acc":91.72039362063116,"train_acc":92.790863668808,"lr_backbone":0.0001,"stage1_test_acc":91.72039362063116,"stage2_hard_bin_mask_str":"[0.0, 0.0, 0.0, 0.0, 0.0, 1.0, 1.0, 1.0, 0.0, 0.0, 0.0, 1.0, 1.0, 1.0, 1.0, 1.0, 1.0, 0.0, 0.0, 1.0, 1.0, 1.0, 1.0, 0.0, 1.0, 1.0, 1.0, 0.0, 0.0, 1.0, 1.0, 0.0, 1.0, 0.0, 0.0, 0.0, 0.0, 1.0, 0.0, 0.0, 0.0, 1.0, 0.0, 0.0, 0.0, 0.0, 1.0, 1.0, 1.0, 1.0, 1.0, 1.0, 1.0, 1.0, 1.0, 0.0, 0.0, 0.0, 1.0, 0.0, 0.0, 0.0, 0.0, 0.0, 0.0, 0.0, 0.0, 0.0, 0.0, 0.0, 0.0, 0.0, 0.0, 0.0, 0.0, 0.0, 0.0, 0.0, 0.0, 0.0, 0.0, 0.0, 0.0, 0.0, 0.0, 0.0, 0.0, 0.0, 0.0, 0.0, 0.0, 0.0, 0.0, 1.0, 0.0, 0.0, 0.0, 0.0, 0.0, 0.0, 0.0, 0.0, 0.0, 0.0, 0.0, 0.0, 0.0, 0.0, 0.0, 0.0, 0.0, 0.0, 0.0, 0.0, 0.0, 0.0, 0.0, 0.0, 0.0, 0.0, 0.0, 0.0, 0.0, 0.0, 0.0, 0.0, 0.0, 0.0]","stage3_test_f1":0.8665626930293318,"stage1/test_f1":0.9190924499938599,"val_acc":81.26801152737752,"stage_3_separableconvcnn/confusion_matrix_table":{"_latest_artifact_path":"wandb-client-artifact://ibn13zs8f0jywoa3hm6k6xhulifwmrkps7wyfxxdii78jqq8x85yfsrq34dyrlu2npqrb2hmhu1acu213y5hbzcof0zh9t5mjypq1lprcljhns9tabvrnsh5xzb8tol0:latest/stage_3_separableconvcnn/confusion_matrix_table.table.json","size":1369,"artifact_path":"wandb-client-artifact://8rmx051xc84sater564uvzjt6ize5zcyyvpppm4nkjbqxeg2g6faq5s986gmeing68104gyp6kigik0smc973vwnhic28dloeyncjst55w1nnm04g6elfkbla3hlj8b8/stage_3_separableconvcnn/confusion_matrix_table.table.json","sha256":"c85854b416b13732402123538e7ee6d406bb26c26a3f7b28fe1dcd1064a1c03a","nrows":36,"log_mode":"IMMUTABLE","path":"media/table/stage_3_separableconvcnn/confusion_matrix_table_9_c85854b416b137324021.table.json","ncols":3,"_type":"table-file"},"val_loss":0.4776056667827392,"stage3_test_acc":86.46080760095012,"stage1/use_pretrain_model":false,"lr_gumbel_bin":0.001,"_runtime":16,"stage3_test_loss":0.48591105553707403,"_step":10,"stage1/test_loss":0.25057173036076164,"_wandb":{"runtime":16},"epoch":25,"bin_keep_ratio":0.25,"_timestamp":1.7764223128540347e+09,"mask_l1":0.0078125,"stage":3,"stage_1_separableconvcnn/confusion_matrix_table":{"size":1366,"path":"media/table/stage_1_separableconvcnn/confusion_matrix_table_1_ba1709b9ded253dca6f1.table.json","ncols":3,"_latest_artifact_path":"wandb-client-artifact://9i340iyey5u7w2i43vhxlf5ysxtwmfd07e165d7w2b0f0g8cwkbhfbqh2m8lpxhhiuptl9xu75ivcyt27y5qud0zqu2izn2dtwa6higbzmcriodwicvl5fsikogifvwh:latest/stage_1_separableconvcnn/confusion_matrix_table.table.json","_type":"table-file","artifact_path":"wandb-client-artifact://uklc9wx8kmz7csz8bnq4mktqyvjiz8dllohe1n3inexo0l7l1up3c4axzbfrajpsh3v56neudmiluw2awotwthz87ecaxwftt5vaegxv9by6dou47iefatnelpwbg79b/stage_1_separableconvcnn/confusion_matrix_table.table.json","nrows":36,"log_mode":"IMMUTABLE","sha256":"ba1709b9ded253dca6f14b8d1a777336f0cb86899167c45d58f90d5e787020ac"},"stage2_test_acc":83.2711231761113,"stage2_test_loss":0.560163696678586,"train_loss":0.1646172298896236,"stage1_test_loss":0.25057173036076164,"stage2_test_f1":0.8306942439823563,"best_val_loss":0.23486924183793817}