{"stage3_test_f1":0.664236575647668,"stage":3,"params_after_pruning":31172,"stage1_test_acc":81.02009273570324,"epoch":30,"val_acc":78.22774659182036,"_timestamp":1.7754247375842435e+09,"channels_block3":115,"best_val_loss":0.5627057046152251,"train_loss":0.47219191127528604,"stage_1_separableconvcnn/confusion_matrix_table":{"_latest_artifact_path":"wandb-client-artifact://06nkzqu93dyu5yn0cmaxh60y3471fokfgyzbrx4nifyzek55706yclu54phuebhtkrjrht5g5cto8mfrgv1vcqbmo3q3n5s56tqj18zopzqy4e2sx3ko7z619bvl8120:latest/stage_1_separableconvcnn/confusion_matrix_table.table.json","artifact_path":"wandb-client-artifact://2duxno81r2alo42jsosidzzqllpd83g4lek0ndbos1jk7d1hufvwztqnert9obwni15srrb9gvpuaaff3xs9bhyj6nka36jyp6jflsrdz2cs9t65gf371utnlg7g6pmv/stage_1_separableconvcnn/confusion_matrix_table.table.json","sha256":"4d5546a305398ff4a292ccded4e9979fc31142fd3426813cca798edeea62d572","path":"media/table/stage_1_separableconvcnn/confusion_matrix_table_0_4d5546a305398ff4a292.table.json","ncols":3,"_type":"table-file","size":2014,"log_mode":"IMMUTABLE","nrows":64},"stage3_test_acc":71.42709943328181,"_step":9,"stage1_test_f1":0.7044195145040806,"channels_block4":115,"train_acc":82.31244483671668,"val_loss":0.5920453519883783,"_runtime":85,"params_before_pruning":36998,"stage_3_prunedseparableconvcnn/confusion_matrix_table":{"_latest_artifact_path":"wandb-client-artifact://u378a79rl7y3iu8oiqr49kbi7u91m194jpdoyqf05gzsqwo1dgiuihysehb8liwrxsv9zl5ggnmd5ls0fvpl4w8bs7kuuvgzz4eti6xjk5s77mn0x9ehgrcfhbrnj2fp:latest/stage_3_prunedseparableconvcnn/confusion_matrix_table.table.json","artifact_path":"wandb-client-artifact://sr0kyv4jy86ao4o6qiqk2cyirnr7bp2vcha5zh00a7yaf61giv3lyhs3001zqht5slqtndzbqan6eisjmfat5w3r9wr5lqhe16hc9zx4wk7dws872lrs6o2453eeo9u2/stage_3_prunedseparableconvcnn/confusion_matrix_table.table.json","sha256":"1b0249526bdfccbbff3080a88b06cace8b975d11abb694dccd8b0d2ee054934c","size":2012,"nrows":64,"ncols":3,"path":"media/table/stage_3_prunedseparableconvcnn/confusion_matrix_table_8_1b0249526bdfccbbff30.table.json","_type":"table-file","log_mode":"IMMUTABLE"},"lr":0.001,"stage3_channel_metadata_json":"{\"block2\": {\"kept_indices\": [0, 1, 2, 3, 4, 5, 6, 7, 8, 9, 10, 11, 13, 14, 15, 16, 17, 18, 19, 20, 21, 22, 23, 24, 25, 27, 28, 29, 30, 31, 33, 34, 35, 36, 37, 38, 39, 41, 42, 43, 44, 46, 47, 48, 49, 50, 51, 52, 53, 54, 55, 56, 57, 58, 59, 60, 61, 63], \"pruned_indices\": [12, 26, 32, 40, 45, 62], \"kept_count\": 58, \"pruned_count\": 6, \"total_channels\": 64}, \"block3\": {\"kept_indices\": [0, 1, 2, 4, 5, 6, 7, 9, 10, 11, 13, 15, 16, 17, 18, 19, 20, 21, 22, 23, 24, 25, 26, 27, 28, 29, 30, 31, 32, 33, 34, 35, 36, 37, 38, 39, 40, 42, 43, 44, 45, 46, 47, 48, 49, 50, 51, 52, 53, 56, 57, 58, 60, 61, 62, 63, 64, 65, 66, 67, 68, 69, 70, 71, 73, 74, 75, 76, 77, 78, 79, 82, 83, 84, 85, 86, 87, 88, 89, 90, 91, 92, 93, 94, 95, 96, 97, 98, 99, 100, 101, 102, 103, 105, 106, 107, 108, 109, 110, 111, 112, 113, 114, 115, 116, 117, 118, 120, 121, 122, 123, 124, 125, 126, 127], \"pruned_indices\": [3, 8, 12, 14, 41, 54, 55, 59, 72, 80, 81, 104, 119], \"kept_count\": 115, \"pruned_count\": 13, \"total_channels\": 128}, \"block4\": {\"kept_indices\": [0, 1, 2, 3, 4, 5, 6, 8, 9, 10, 11, 12, 13, 14, 15, 16, 18, 19, 21, 22, 23, 24, 25, 26, 27, 28, 29, 30, 31, 32, 33, 34, 36, 37, 38, 40, 41, 42, 43, 44, 45, 46, 48, 49, 50, 51, 52, 53, 54, 55, 56, 57, 58, 59, 62, 63, 64, 65, 67, 68, 69, 70, 71, 72, 74, 75, 76, 77, 78, 79, 80, 81, 82, 83, 84, 85, 86, 87, 88, 89, 90, 91, 92, 93, 94, 95, 96, 97, 98, 99, 100, 101, 102, 103, 104, 105, 107, 108, 109, 111, 112, 113, 114, 115, 116, 118, 119, 120, 121, 122, 123, 124, 125, 126, 127], \"pruned_indices\": [7, 17, 20, 35, 39, 47, 60, 61, 66, 73, 106, 110, 117], \"kept_count\": 115, \"pruned_count\": 13, \"total_channels\": 128}}","stage3_final_mask_json":"{\"block2\": [1.0, 1.0, 1.0, 1.0, 1.0, 1.0, 1.0, 1.0, 1.0, 1.0, 1.0, 1.0, 0.0, 1.0, 1.0, 1.0, 1.0, 1.0, 1.0, 1.0, 1.0, 1.0, 1.0, 1.0, 1.0, 1.0, 0.0, 1.0, 1.0, 1.0, 1.0, 1.0, 0.0, 1.0, 1.0, 1.0, 1.0, 1.0, 1.0, 1.0, 0.0, 1.0, 1.0, 1.0, 1.0, 0.0, 1.0, 1.0, 1.0, 1.0, 1.0, 1.0, 1.0, 1.0, 1.0, 1.0, 1.0, 1.0, 1.0, 1.0, 1.0, 1.0, 0.0, 1.0], \"block3\": [1.0, 1.0, 1.0, 0.0, 1.0, 1.0, 1.0, 1.0, 0.0, 1.0, 1.0, 1.0, 0.0, 1.0, 0.0, 1.0, 1.0, 1.0, 1.0, 1.0, 1.0, 1.0, 1.0, 1.0, 1.0, 1.0, 1.0, 1.0, 1.0, 1.0, 1.0, 1.0, 1.0, 1.0, 1.0, 1.0, 1.0, 1.0, 1.0, 1.0, 1.0, 0.0, 1.0, 1.0, 1.0, 1.0, 1.0, 1.0, 1.0, 1.0, 1.0, 1.0, 1.0, 1.0, 0.0, 0.0, 1.0, 1.0, 1.0, 0.0, 1.0, 1.0, 1.0, 1.0, 1.0, 1.0, 1.0, 1.0, 1.0, 1.0, 1.0, 1.0, 0.0, 1.0, 1.0, 1.0, 1.0, 1.0, 1.0, 1.0, 0.0, 0.0, 1.0, 1.0, 1.0, 1.0, 1.0, 1.0, 1.0, 1.0, 1.0, 1.0, 1.0, 1.0, 1.0, 1.0, 1.0, 1.0, 1.0, 1.0, 1.0, 1.0, 1.0, 1.0, 0.0, 1.0, 1.0, 1.0, 1.0, 1.0, 1.0, 1.0, 1.0, 1.0, 1.0, 1.0, 1.0, 1.0, 1.0, 0.0, 1.0, 1.0, 1.0, 1.0, 1.0, 1.0, 1.0, 1.0], \"block4\": [1.0, 1.0, 1.0, 1.0, 1.0, 1.0, 1.0, 0.0, 1.0, 1.0, 1.0, 1.0, 1.0, 1.0, 1.0, 1.0, 1.0, 0.0, 1.0, 1.0, 0.0, 1.0, 1.0, 1.0, 1.0, 1.0, 1.0, 1.0, 1.0, 1.0, 1.0, 1.0, 1.0, 1.0, 1.0, 0.0, 1.0, 1.0, 1.0, 0.0, 1.0, 1.0, 1.0, 1.0, 1.0, 1.0, 1.0, 0.0, 1.0, 1.0, 1.0, 1.0, 1.0, 1.0, 1.0, 1.0, 1.0, 1.0, 1.0, 1.0, 0.0, 0.0, 1.0, 1.0, 1.0, 1.0, 0.0, 1.0, 1.0, 1.0, 1.0, 1.0, 1.0, 0.0, 1.0, 1.0, 1.0, 1.0, 1.0, 1.0, 1.0, 1.0, 1.0, 1.0, 1.0, 1.0, 1.0, 1.0, 1.0, 1.0, 1.0, 1.0, 1.0, 1.0, 1.0, 1.0, 1.0, 1.0, 1.0, 1.0, 1.0, 1.0, 1.0, 1.0, 1.0, 1.0, 0.0, 1.0, 1.0, 1.0, 0.0, 1.0, 1.0, 1.0, 1.0, 1.0, 1.0, 0.0, 1.0, 1.0, 1.0, 1.0, 1.0, 1.0, 1.0, 1.0, 1.0, 1.0]}","channels_block2":58,"_wandb":{"runtime":85}}