{"stage3_test_f1":0.8614967198317611,"train_acc":92.03426124197001,"stage3_test_acc":86.12147947064811,"epoch":25,"stage1/use_pretrain_model":false,"mask_l1":0.015625,"stage1/test_acc":91.72039362063116,"stage1/test_f1":0.9190924499938599,"train_loss":0.17493499171236088,"stage":3,"lr_gumbel_bin":0.001,"stage_1_separableconvcnn/confusion_matrix_table":{"_type":"table-file","nrows":36,"path":"media/table/stage_1_separableconvcnn/confusion_matrix_table_1_ba1709b9ded253dca6f1.table.json","_latest_artifact_path":"wandb-client-artifact://5wara5eknu800glhyx10dzx8orkx48ci8wimpupurvky4p4op80c88y1o349lkcao19s28ci6w0ck8r1if9xfo737fcnpb4h8e9pdujnu3djibsvdv3i0r3x3fdcnl1e:latest/stage_1_separableconvcnn/confusion_matrix_table.table.json","ncols":3,"artifact_path":"wandb-client-artifact://m6urbj010gpaoth0g9hv4rf4xkb1t464jys9qqcihscw770e9vedgb04drjst6tsmplv5yal2jdc20l6xu4h17cuhjo1jbmaq3rbhhemxkfgkudm9mtd7eywu24vawd3/stage_1_separableconvcnn/confusion_matrix_table.table.json","log_mode":"IMMUTABLE","sha256":"ba1709b9ded253dca6f14b8d1a777336f0cb86899167c45d58f90d5e787020ac","size":1366},"val_acc":82.42074927953891,"best_val_loss":0.352383240799739,"stage1_test_acc":91.72039362063116,"stage2_test_f1":0.8483146635876425,"_timestamp":1.7764170457249613e+09,"bin_keep_ratio":0.21875,"_step":10,"stage3_test_loss":0.5158606430747606,"_wandb":{"runtime":17},"stage2_test_acc":84.8320325755005,"lr":0.001,"stage2_test_loss":0.4949165938781087,"stage_3_separableconvcnn/confusion_matrix_table":{"artifact_path":"wandb-client-artifact://asyob617182voo8ucpin7cu11uf1rx3wd9h9sy4aegwym4mk9vzjlgml7um2t1bpvlypvmsvuzgn4i1oi9ij3f276tpyx9894kcsupc1jxec7y1efgrf1hnl1onymzg5/stage_3_separableconvcnn/confusion_matrix_table.table.json","log_mode":"IMMUTABLE","ncols":3,"sha256":"6cf8051c5ca04d8a8009cf87010312a8b7a52e7c2e2e393a0f7f38a2c46ccb89","size":1369,"_type":"table-file","path":"media/table/stage_3_separableconvcnn/confusion_matrix_table_9_6cf8051c5ca04d8a8009.table.json","nrows":36,"_latest_artifact_path":"wandb-client-artifact://j38n3xipqy3d890hkzssmho1yggd5418r47i9pchh47ed94bomiff8trnsp1gukigfy2xb9dwz5nzw2mcexnadwx5nz4qvzrcsvn6uxfboo173gx9i5fn5eautl070cu:latest/stage_3_separableconvcnn/confusion_matrix_table.table.json"},"val_loss":0.44418804250893745,"stage2_hard_bin_mask_str":"[0.0, 0.0, 0.0, 0.0, 0.0, 0.0, 0.0, 0.0, 1.0, 0.0, 0.0, 0.0, 0.0, 1.0, 1.0, 0.0, 1.0, 0.0, 0.0, 0.0, 1.0, 1.0, 0.0, 0.0, 1.0, 1.0, 1.0, 1.0, 1.0, 0.0, 0.0, 0.0, 1.0, 1.0, 1.0, 1.0, 1.0, 1.0, 0.0, 0.0, 1.0, 1.0, 1.0, 0.0, 0.0, 0.0, 1.0, 0.0, 1.0, 1.0, 0.0, 0.0, 1.0, 0.0, 0.0, 1.0, 1.0, 1.0, 1.0, 0.0, 0.0, 0.0, 0.0, 0.0, 0.0, 0.0, 0.0, 0.0, 0.0, 0.0, 0.0, 0.0, 0.0, 0.0, 0.0, 0.0, 0.0, 0.0, 0.0, 0.0, 0.0, 0.0, 0.0, 0.0, 0.0, 0.0, 0.0, 0.0, 0.0, 0.0, 0.0, 0.0, 0.0, 0.0, 0.0, 0.0, 0.0, 0.0, 0.0, 0.0, 0.0, 0.0, 0.0, 0.0, 0.0, 0.0, 0.0, 0.0, 0.0, 0.0, 0.0, 0.0, 0.0, 0.0, 0.0, 0.0, 0.0, 0.0, 0.0, 0.0, 0.0, 0.0, 0.0, 0.0, 0.0, 0.0, 0.0, 0.0]","stage1_test_loss":0.25057173036076164,"stage1_test_f1":0.9190924499938599,"lr_backbone":0.0001,"_runtime":17,"stage1/test_loss":0.25057173036076164}