{"stage":2,"Total_Pruned_%":20.3125,"train_loss":0.6941979395555994,"val_loss":1.3541271069206788,"stage2_test_loss":0.9415384028757559,"stage1_test_acc":78.16589386913962,"train_acc":72.87279524349262,"_step":4,"Block4_Pruned_%":20.3125,"lr":0.0001,"stage2_test_acc":50.788253477588874,"stage1_test_f1":0.670081033504409,"stage1_test_loss":0.670312063924926,"stage2_channel_metadata_json":"{\"block2\": {\"kept_indices\": [2, 4, 5, 6, 7, 8, 9, 10, 11, 12, 13, 16, 17, 19, 20, 21, 22, 23, 24, 25, 27, 28, 29, 30, 31, 33, 34, 35, 36, 37, 38, 39, 40, 42, 45, 46, 47, 48, 49, 50, 51, 52, 53, 54, 55, 56, 58, 59, 60, 61, 62], \"pruned_indices\": [0, 1, 3, 14, 15, 18, 26, 32, 41, 43, 44, 57, 63], \"kept_count\": 51, \"pruned_count\": 13, \"total_channels\": 64}, \"block3\": {\"kept_indices\": [0, 1, 2, 3, 4, 6, 8, 9, 11, 12, 13, 15, 16, 17, 18, 19, 20, 21, 22, 23, 24, 25, 26, 27, 28, 29, 30, 31, 32, 33, 34, 35, 36, 38, 39, 40, 42, 44, 45, 46, 47, 48, 49, 50, 51, 52, 53, 54, 58, 59, 60, 62, 63, 64, 66, 68, 69, 71, 72, 73, 74, 75, 76, 77, 78, 81, 82, 83, 84, 85, 86, 87, 90, 91, 92, 93, 94, 95, 96, 98, 99, 100, 101, 103, 104, 105, 106, 107, 108, 110, 111, 112, 113, 116, 117, 118, 120, 121, 122, 125, 126, 127], \"pruned_indices\": [5, 7, 10, 14, 37, 41, 43, 55, 56, 57, 61, 65, 67, 70, 79, 80, 88, 89, 97, 102, 109, 114, 115, 119, 123, 124], \"kept_count\": 102, \"pruned_count\": 26, \"total_channels\": 128}, \"block4\": {\"kept_indices\": [0, 1, 2, 3, 4, 6, 7, 8, 9, 10, 11, 12, 13, 14, 16, 17, 19, 20, 21, 22, 23, 24, 28, 29, 30, 31, 32, 34, 35, 36, 37, 38, 39, 40, 41, 42, 43, 44, 45, 46, 47, 48, 49, 50, 51, 52, 53, 56, 58, 59, 60, 61, 63, 64, 66, 67, 68, 69, 70, 73, 74, 75, 76, 77, 78, 81, 82, 83, 84, 87, 88, 89, 90, 91, 92, 94, 95, 96, 97, 98, 99, 100, 101, 102, 103, 105, 106, 108, 109, 110, 111, 112, 113, 114, 117, 118, 119, 121, 122, 123, 125, 126], \"pruned_indices\": [5, 15, 18, 25, 26, 27, 33, 54, 55, 57, 62, 65, 71, 72, 79, 80, 85, 86, 93, 104, 107, 115, 116, 120, 124, 127], \"kept_count\": 102, \"pruned_count\": 26, \"total_channels\": 128}}","_wandb":{"runtime":43},"params_before_pruning":36998,"_timestamp":1.775403960832917e+09,"stage2_test_f1":0.49569781637311466,"Block2_Pruned_%":20.3125,"epoch":11,"params_after_pruning":25701,"Block3_Pruned_%":20.3125,"val_acc":64.07523510971787,"stage1_checkpoint_path":"/home/qphan/master-thesis/models/stage1/fft/wear_best_model_subject4_val.pth","best_val_loss":1.1968501279346622,"_runtime":43,"stage1_loaded_from_checkpoint":true}