{"val_loss":0.7051482589348502,"stage1_test_loss":0.2596978127236172,"stage1/use_pretrain_model":false,"stage_3_separableconvcnn/confusion_matrix_table":{"_latest_artifact_path":"wandb-client-artifact://hxvon9qzgqztl00mcqxd1syipxcxvz2npsnov4y7ql6hefolh53e7llrkgv8mp9jc8zp23h5ojqq32fwl1tzjc4sjiuah6de9icqr90ptfxzaheg8stf97u3x2vri95f:latest/stage_3_separableconvcnn/confusion_matrix_table.table.json","ncols":3,"sha256":"f7b85f294f7bd3b448481d657553d4a0c625d13b2831ba03b19111ccdd7261c6","artifact_path":"wandb-client-artifact://vnskgrjcasx1gd2fblv97n6hrwottlvwojl9vd2a7ykn0s0z7oupyxzin0023qvdyfivp4u6mhqvzy1cvu9q1cpvr4virmiezlx852jzm8vir5a6i7mou6by57zdwnws/stage_3_separableconvcnn/confusion_matrix_table.table.json","path":"media/table/stage_3_separableconvcnn/confusion_matrix_table_14_f7b85f294f7bd3b44848.table.json","log_mode":"IMMUTABLE","nrows":36,"_type":"table-file","size":1369},"stage3_test_acc":84.59450288428911,"_wandb":{"runtime":27},"epoch":15,"lr_backbone":0.0001,"stage":3,"stage1_test_acc":89.82015609093993,"_step":15,"_timestamp":1.7766062297145493e+09,"stage2_test_f1":0.8350175914804304,"lr_gumbel_bin":0.001,"val_acc":63.858695652173914,"_runtime":27,"lr":0.001,"stage1/test_f1":0.8995361926906478,"stage3_test_loss":0.4227234936282317,"stage1_test_f1":0.8995361926906478,"train_acc":83.94902634593356,"stage1/test_loss":0.2596978127236172,"bin_keep_ratio":0.07692307978868484,"stage1/test_acc":89.82015609093993,"stage3_test_f1":0.8447791713902816,"stage_1_separableconvcnn/confusion_matrix_table":{"size":1367,"path":"media/table/stage_1_separableconvcnn/confusion_matrix_table_1_ffc61f2a9a5c6083869d.table.json","nrows":36,"_latest_artifact_path":"wandb-client-artifact://y6g075z7qs5inowv4p68gafpdse8ebv07ocgrs0b2xi7ykpatrjf730ie8nrnil8pmc8l6g1z1kpit147y9ea5gvhwdwuwk2kc1rfq5sp5xmpprjaaod1vmrxd3vbqvt:latest/stage_1_separableconvcnn/confusion_matrix_table.table.json","sha256":"ffc61f2a9a5c6083869d95063a11e8d57c336a91bbbee1f83da10e2cd86b1d25","log_mode":"IMMUTABLE","_type":"table-file","ncols":3,"artifact_path":"wandb-client-artifact://041rf10gw1hxqdntnc1hcjpu4q1lc641feqdm3p61n717b5p5bk694pp95q91u3sg3u9s6iwji2qn6ws2pdzew4msp6qpi1k1oq852008edany17pr6pcr4jklfxk8wu/stage_1_separableconvcnn/confusion_matrix_table.table.json"},"stage2_test_loss":0.41695839997025763,"stage2_hard_bin_mask_str":"[0.0, 1.0, 1.0, 1.0, 1.0, 1.0, 0.0, 0.0, 0.0, 0.0, 0.0, 0.0, 0.0, 0.0, 0.0, 0.0, 0.0, 0.0, 0.0, 0.0, 0.0, 0.0, 0.0, 0.0, 0.0, 0.0, 0.0, 0.0, 0.0, 0.0, 0.0, 0.0, 0.0, 0.0, 0.0, 0.0, 0.0, 0.0, 0.0, 0.0, 0.0, 0.0, 0.0, 0.0, 0.0, 0.0, 0.0, 0.0, 0.0, 0.0, 0.0, 0.0, 0.0, 0.0, 0.0, 0.0, 0.0, 0.0, 0.0, 0.0, 0.0, 0.0, 0.0, 0.0, 0.0]","stage2_test_acc":83.5765184933831,"best_val_loss":0.6162902064945387,"train_loss":0.3713641019211602,"mask_l1":0.061538465321063995}