{"_wandb":{"runtime":95},"best_val_loss":1.5603303650329854,"stage1/lr":0.001,"test_acc":80.26790314270994,"stage1/val_acc":57.492163009404386,"_runtime":95,"stage1/test_acc":80.26790314270994,"best_epoch":5,"stage1/test_loss":0.5753566635485656,"stage1_test_f1":0.7003207143527972,"stage1/test_f1":0.7003207143527972,"test_f1_macro":0.7003207143527972,"stage1/stage_number":1,"stage1/best_val_loss":1.5603303650329854,"stage1/train_acc":75.45188808685796,"_step":17,"stage1/val_loss":1.7418789269034765,"stage1_test_loss":0.5753566635485656,"_timestamp":1.7753045149018297e+09,"test_loss":0.5753566635485656,"stage1_test_acc":80.26790314270994,"stage1/purpose":"train baseline model","stage1/use_pretrain_model":false,"stage1/train_loss":0.3759856246419653,"stage1/epoch":15,"stage_1_separableconvcnn/confusion_matrix_table":{"sha256":"5441aab544f3f7c1f8e9f6fc035b79ca66f34e2f1d230f6bff4daa0808f184b5","artifact_path":"wandb-client-artifact://vfy9o5tty8g0yr22abk81qvcz2xtr6ahh9r0ej7pj66rf7kab6bw9njnmv8r9vl056q8mtmuojhmpl4m7exkj7hlwjzksczuzjtel2kfy1tzkhml0j7xs9la9h6kyb3a/stage_1_separableconvcnn/confusion_matrix_table.table.json","ncols":3,"size":2011,"log_mode":"IMMUTABLE","path":"media/table/stage_1_separableconvcnn/confusion_matrix_table_17_5441aab544f3f7c1f8e9.table.json","_latest_artifact_path":"wandb-client-artifact://679sog6w3ulh3px27y28axofgrfpfc82aa6a7wgnon33khu8l5uxgxurp23jt8q52unpvhr0sv9z13r81pu33lpbkeis5gu0efjq4y6y6gxbhlhcvh14q0y69xp22eu8:latest/stage_1_separableconvcnn/confusion_matrix_table.table.json","_type":"table-file","nrows":64}}