{"stage3_test_f1":0.9246815362594317,"train_acc":95.66151202749141,"stage2/mask_l1":0.48115700483322144,"stage2/raw_hard_mask_block2":"[1.0, 1.0, 0.0, 0.0, 0.0, 1.0, 0.0, 1.0, 1.0, 0.0, 0.0, 0.0, 0.0, 0.0, 0.0, 1.0, 0.0, 0.0, 0.0, 1.0, 1.0, 1.0, 0.0, 0.0, 0.0, 1.0, 0.0, 0.0, 0.0, 1.0, 1.0, 1.0, 1.0, 0.0, 0.0, 1.0, 0.0, 1.0, 1.0, 0.0, 0.0, 0.0, 1.0, 0.0, 0.0, 0.0, 0.0, 0.0, 0.0, 1.0, 0.0, 1.0, 0.0, 0.0, 1.0, 0.0, 0.0, 0.0, 1.0, 0.0, 1.0, 0.0, 0.0, 0.0]","_wandb":{"runtime":18},"model_param_count_pruned":5339,"stage2/best_epoch":4,"stage1/use_pretrain_model":false,"stage_1_separableconvcnn/confusion_matrix_table":{"sha256":"584d6812cec90805ffa3b964a659510c4e80ab4951b3b837721f8a5805c825f8","size":1362,"_type":"table-file","nrows":36,"ncols":3,"log_mode":"IMMUTABLE","path":"media/table/stage_1_separableconvcnn/confusion_matrix_table_1_584d6812cec90805ffa3.table.json","_latest_artifact_path":"wandb-client-artifact://2k2tjhibevpbt4avzzp0vj4gc8t0246b9j2c5u48sfdw0n49vixjmb3gx0qpaef5tcnq5dzd5nc4de2bk5r3yij4lrpx0dz84vl72peft3bzsk6ozsoywgbc1uhsokem:latest/stage_1_separableconvcnn/confusion_matrix_table.table.json","artifact_path":"wandb-client-artifact://kux1jten9c0ue7wipv31erw4nwop96apq71bxud9yadlle76uv9wok0p99a3j2n7g7vvagnljya5tcdog6rm0l3a0p3c7vff76s0j0nxgtny5og1cjdb2okfzitbq27d/stage_1_separableconvcnn/confusion_matrix_table.table.json"},"stage2/val_loss":0.813119157500889,"model_param_count":5339,"stage2/lr_gumbel":0.001,"stage2/test_acc":70.95351204614863,"stage2/test_f1":0.6547319274893186,"stage3_test_acc":92.36511706820495,"stage2/epoch":10,"stage2_test_acc":70.95351204614863,"stage2/train_acc":77.66323024054982,"stage3_test_loss":0.21522428729158358,"val_loss":0.13366572094990103,"stage2/val_acc":66.30434782608695,"_timestamp":1.77680584739008e+09,"stage2/train_loss":2.061029443762693,"stage1/test_loss":0.323623392208538,"stage1_test_f1":0.9328057435477168,"model_param_count_dense":36868,"stage2/raw_hard_mask_block4":"[0.0, 1.0, 0.0, 1.0, 0.0, 0.0, 0.0, 0.0, 0.0, 0.0, 0.0, 0.0, 0.0, 0.0, 0.0, 0.0, 0.0, 0.0, 0.0, 1.0, 0.0, 0.0, 0.0, 0.0, 1.0, 1.0, 0.0, 0.0, 0.0, 0.0, 1.0, 0.0, 0.0, 0.0, 0.0, 0.0, 0.0, 0.0, 0.0, 0.0, 0.0, 0.0, 0.0, 0.0, 0.0, 0.0, 0.0, 0.0, 0.0, 0.0, 0.0, 0.0, 0.0, 1.0, 0.0, 0.0, 0.0, 0.0, 0.0, 1.0, 0.0, 0.0, 0.0, 0.0, 1.0, 0.0, 0.0, 0.0, 1.0, 0.0, 0.0, 0.0, 0.0, 0.0, 0.0, 0.0, 0.0, 0.0, 0.0, 0.0, 1.0, 1.0, 0.0, 0.0, 1.0, 0.0, 0.0, 0.0, 0.0, 0.0, 1.0, 1.0, 1.0, 0.0, 0.0, 0.0, 0.0, 0.0, 1.0, 1.0, 1.0, 0.0, 0.0, 0.0, 0.0, 0.0, 1.0, 0.0, 0.0, 0.0, 0.0, 1.0, 1.0, 0.0, 0.0, 0.0, 0.0, 0.0, 0.0, 0.0, 0.0, 0.0, 0.0, 0.0, 0.0, 0.0, 0.0, 0.0]","block4_Pruned_%":82.8125,"stage2_test_loss":0.8394144403356029,"stage2/final_mask_keep_ratio_block3":0.34375,"stage":3,"epoch":25,"stage2/test_loss":0.8394144403356029,"final_summary_log_path":"/home/qphan/master-thesis/models/uci_best_model_three_stage_channel_subject17_val_final_summary_val_17.txt","stage1/test_f1":0.9328057435477168,"stage2/block2_Pruned_%":64.0625,"val_acc":92.66304347826087,"stage2/Total_Pruned_%":72.1875,"stage2_test_f1":0.6547319274893186,"stage2/purpose":"train channel-pruning model with masking","_runtime":18,"stage2/block3_Pruned_%":65.625,"train_loss":0.10133624209980785,"stage2/final_mask_keep_ratio_block4":0.171875,"best_val_loss":0.10523806362534346,"Total_Pruned_%":72.1875,"block2_Pruned_%":64.0625,"block3_Pruned_%":65.625,"stage_3_prunedseparableconvcnn/confusion_matrix_table":{"size":1361,"_type":"table-file","artifact_path":"wandb-client-artifact://qpykwhheoyizs0154fdym7dvo4fmcyq2ee1txze4itp4h28gl3hmnvf711yzonmvuixbgw8fj9dmljf0t6lpb4ah2aazhgwihkyufw6drj983yrfog4nh85e89wvvlni/stage_3_prunedseparableconvcnn/confusion_matrix_table.table.json","sha256":"5505ec2b9bfcffeed8dcbed34eb779406e0cff4882b18400680ac9dd42eb37a6","log_mode":"IMMUTABLE","ncols":3,"nrows":36,"_latest_artifact_path":"wandb-client-artifact://2zf4db67t1erf2zu6swrbdmt1pbfg5rmic2gpu4z48y9w77ahovrpa7n09roat8a7m7qi0obb34mrqrtsl5rajp2hjm4dmche1s6jmke2o3x5tt2qkw3cxjzgae5ptea:latest/stage_3_prunedseparableconvcnn/confusion_matrix_table.table.json","path":"media/table/stage_3_prunedseparableconvcnn/confusion_matrix_table_10_5505ec2b9bfcffeed8dc.table.json"},"stage1_test_acc":93.31523583305056,"lr_loaded_weights":0.0001,"model_param_reduction_pct":85.51860692199197,"stage1/test_acc":93.31523583305056,"stage2/best_val_loss":0.7698732925497968,"stage2/stage_number":2,"stage2/lr_backbone":0.0001,"stage2/block4_Pruned_%":82.8125,"stage2/raw_hard_mask_block3":"[0.0, 1.0, 0.0, 1.0, 0.0, 1.0, 0.0, 0.0, 0.0, 0.0, 0.0, 0.0, 1.0, 1.0, 0.0, 0.0, 1.0, 1.0, 0.0, 0.0, 0.0, 1.0, 1.0, 0.0, 0.0, 0.0, 1.0, 1.0, 1.0, 0.0, 0.0, 1.0, 0.0, 0.0, 1.0, 1.0, 1.0, 0.0, 0.0, 0.0, 0.0, 1.0, 0.0, 0.0, 0.0, 1.0, 0.0, 0.0, 1.0, 0.0, 0.0, 0.0, 0.0, 0.0, 0.0, 0.0, 0.0, 1.0, 0.0, 0.0, 0.0, 0.0, 0.0, 1.0, 1.0, 0.0, 0.0, 0.0, 0.0, 0.0, 1.0, 0.0, 1.0, 1.0, 0.0, 0.0, 1.0, 0.0, 0.0, 1.0, 0.0, 1.0, 0.0, 0.0, 0.0, 1.0, 0.0, 0.0, 1.0, 1.0, 1.0, 0.0, 0.0, 0.0, 0.0, 0.0, 1.0, 1.0, 0.0, 0.0, 0.0, 1.0, 0.0, 0.0, 0.0, 0.0, 1.0, 1.0, 0.0, 1.0, 0.0, 1.0, 0.0, 0.0, 0.0, 0.0, 0.0, 0.0, 0.0, 0.0, 1.0, 1.0, 0.0, 1.0, 0.0, 1.0, 1.0, 0.0]","_step":12,"stage1_test_loss":0.323623392208538,"stage2/final_mask_keep_ratio_block2":0.359375}