{"stage3_test_acc":85.78215134034612,"bin_keep_ratio":0.234375,"stage2_test_f1":0.832946164056351,"stage1_test_f1":0.9190924499938599,"stage2_hard_bin_mask_str":"[0.0, 0.0, 1.0, 0.0, 0.0, 0.0, 0.0, 0.0, 0.0, 0.0, 1.0, 1.0, 1.0, 1.0, 1.0, 1.0, 1.0, 0.0, 1.0, 1.0, 1.0, 1.0, 1.0, 1.0, 1.0, 0.0, 0.0, 0.0, 0.0, 0.0, 1.0, 0.0, 0.0, 0.0, 0.0, 0.0, 1.0, 1.0, 1.0, 1.0, 1.0, 1.0, 1.0, 0.0, 0.0, 0.0, 0.0, 0.0, 1.0, 0.0, 1.0, 0.0, 0.0, 1.0, 1.0, 1.0, 1.0, 0.0, 0.0, 0.0, 0.0, 0.0, 1.0, 0.0, 0.0, 0.0, 0.0, 0.0, 0.0, 0.0, 0.0, 0.0, 0.0, 0.0, 0.0, 0.0, 0.0, 0.0, 0.0, 0.0, 0.0, 0.0, 0.0, 0.0, 0.0, 0.0, 0.0, 0.0, 0.0, 0.0, 0.0, 0.0, 0.0, 0.0, 0.0, 0.0, 0.0, 0.0, 0.0, 0.0, 0.0, 0.0, 0.0, 0.0, 0.0, 0.0, 0.0, 0.0, 0.0, 0.0, 0.0, 0.0, 0.0, 0.0, 0.0, 0.0, 0.0, 0.0, 0.0, 0.0, 0.0, 0.0, 0.0, 0.0, 0.0, 0.0, 0.0, 0.0]","lr":0.001,"stage1/test_f1":0.9190924499938599,"stage1_test_acc":91.72039362063116,"stage3_test_f1":0.8589067085882681,"epoch":15,"lr_gumbel_bin":0.001,"stage1/test_loss":0.25057173036076164,"val_acc":81.26801152737752,"stage":3,"_timestamp":1.7757772090088632e+09,"stage3_test_loss":0.4757277819359099,"train_acc":90.74946466809422,"stage1_test_loss":0.25057173036076164,"best_val_loss":0.41459764681906797,"_wandb":{"runtime":14},"_step":8,"train_loss":0.2073110209329906,"val_loss":0.6365605853390625,"mask_l1":0.015625,"_runtime":14,"stage2_test_acc":83.3389888021717,"stage_3_separableconvcnn/confusion_matrix_table":{"nrows":36,"_type":"table-file","_latest_artifact_path":"wandb-client-artifact://biea1xynci1mllne84sbtrdso8ief7uflo1v9whfcx6gbrklmrqyrrh2vwiwbr6fluuf9w8974uk0esmz4iw2xxnskn9aeq0mlpew7asri5xg3gqkr7qn35p5cclcj8t:latest/stage_3_separableconvcnn/confusion_matrix_table.table.json","sha256":"c898af7cd5403fb8dc3a7ce974b04f2900b6e6c04dbd372452fbb63412e6b66f","size":1369,"path":"media/table/stage_3_separableconvcnn/confusion_matrix_table_7_c898af7cd5403fb8dc3a.table.json","artifact_path":"wandb-client-artifact://9hepepj0vuypfc9iefgsvej7ch1jo0g7376nnu5uyyh36qbk0j306v48x5zgxcikdunw8vmr5kvsohskghokw030m7pmah2z6marit3m3n9f9k7alqkq9u4hww5lwv8o/stage_3_separableconvcnn/confusion_matrix_table.table.json","log_mode":"IMMUTABLE","ncols":3},"lr_backbone":0.0001,"stage1/test_acc":91.72039362063116,"stage_1_separableconvcnn/confusion_matrix_table":{"artifact_path":"wandb-client-artifact://mtu2ituitpqkc5yy44qgpceyjqws8byfrlz3omv2af3uh21mvbqvsfdz4koa6qjajq1xfkzqxrvj696wgwfvfo1ii6brwmh1kei6c3i8m27byd8f6lss8vwcwt6y3lfm/stage_1_separableconvcnn/confusion_matrix_table.table.json","_type":"table-file","ncols":3,"sha256":"ba1709b9ded253dca6f14b8d1a777336f0cb86899167c45d58f90d5e787020ac","size":1366,"nrows":36,"_latest_artifact_path":"wandb-client-artifact://agfpl471j2pe78w4ygna5ukjcobiplw59afirc7m0suoj9ja2w1htzf6g88hck820r2sg5npshr4zrmpa48cdc4nj2mtempo7pka0mg1cs8wd54rivog6oix0los6bwf:latest/stage_1_separableconvcnn/confusion_matrix_table.table.json","path":"media/table/stage_1_separableconvcnn/confusion_matrix_table_1_ba1709b9ded253dca6f1.table.json","log_mode":"IMMUTABLE"},"stage2_test_loss":0.5003638465604061,"stage1/use_pretrain_model":false}