{"val_loss":1.634942286523872,"_timestamp":1.7757745771231964e+09,"stage3_test_acc":87.58059043094673,"stage3_test_f1":0.8804414462125161,"stage1/test_acc":83.4068544282321,"stage2_test_f1":0.8887792846169708,"_step":9,"val_acc":62.22910216718266,"stage1/test_loss":0.4129540924705828,"stage1_test_loss":0.4129540924705828,"_wandb":{"runtime":16},"stage1/use_pretrain_model":false,"stage1_test_acc":83.4068544282321,"stage":3,"epoch":10,"stage2_test_acc":88.53070919579233,"stage2_test_loss":0.32404187762990333,"stage1/test_f1":0.8308489119377521,"lr_gumbel_bin":0.001,"train_loss":0.19061808094121532,"best_val_loss":0.4699857271861735,"lr":0.001,"stage_3_separableconvcnn/confusion_matrix_table":{"size":1367,"ncols":3,"log_mode":"IMMUTABLE","_latest_artifact_path":"wandb-client-artifact://k3q13i3cva7lqqk21z5ir542s3gwj66ml2n69huhc8oujmqarrjk29wn71cxvgdfamb2w168jvz17omlkforvlx4w67fwgj6enqbilwbhy9bgtuneziyh1bmx4f1989k:latest/stage_3_separableconvcnn/confusion_matrix_table.table.json","artifact_path":"wandb-client-artifact://czpv4txxmssb9r99doggot2f1h4jgpqb2i62sgvo1f8tqldl94hv5tr7d69uwpbq2zfd7d5te4l04bhvn2nw491gkf3k5kkul0kozwgh3w38kbarxs112iuj7l1pgpyq/stage_3_separableconvcnn/confusion_matrix_table.table.json","_type":"table-file","path":"media/table/stage_3_separableconvcnn/confusion_matrix_table_8_ed292468d8c990893f7a.table.json","sha256":"ed292468d8c990893f7a304e7611f25866756edc567e246e0649b05e68fe73c7","nrows":36},"stage1_test_f1":0.8308489119377521,"_runtime":16,"mask_l1":0.421875,"lr_backbone":0.0001,"stage_1_separableconvcnn/confusion_matrix_table":{"size":1365,"_type":"table-file","nrows":36,"log_mode":"IMMUTABLE","sha256":"f3aab2e547084ad044047dca3b6d12867565d0f6e1e08201762dfdc92f954e70","ncols":3,"artifact_path":"wandb-client-artifact://bj8q8xzlnd9mx11zo2ofhtb9ftnbapcaykoj0be72neupjfsc3y4de8ame6r601uqnwypc2g1cqs77hulis4yy0m93vf2rw61zy95x4dy8gbqn618jqkg8hzcj0fdkxw/stage_1_separableconvcnn/confusion_matrix_table.table.json","_latest_artifact_path":"wandb-client-artifact://w5tciya5z1sk8pj5u4e4uy7o6uk4p96lsmqefkn50sh9mal8k6i5x3yc5dxpyjwwlxgdrba95eqqlncbywtf144gekxbkbzwwaaeufo3yuawbobecyvdrwxa20l11pji:latest/stage_1_separableconvcnn/confusion_matrix_table.table.json","path":"media/table/stage_1_separableconvcnn/confusion_matrix_table_1_f3aab2e547084ad04404.table.json"},"bin_keep_ratio":0.4375,"stage3_test_loss":0.3368350493163556,"stage2_hard_bin_mask_str":"[0.0, 0.0, 0.0, 0.0, 1.0, 1.0, 1.0, 1.0, 1.0, 1.0, 1.0, 1.0, 1.0, 1.0, 1.0, 1.0, 1.0, 1.0, 1.0, 1.0, 1.0, 1.0, 1.0, 1.0, 1.0, 1.0, 1.0, 1.0, 1.0, 1.0, 1.0, 1.0, 1.0, 0.0, 1.0, 1.0, 1.0, 1.0, 1.0, 1.0, 1.0, 1.0, 1.0, 1.0, 1.0, 1.0, 1.0, 1.0, 1.0, 1.0, 1.0, 1.0, 1.0, 1.0, 1.0, 1.0, 1.0, 0.0, 1.0, 1.0, 0.0, 0.0, 1.0, 1.0, 0.0, 0.0, 0.0, 0.0, 0.0, 0.0, 0.0, 0.0, 0.0, 0.0, 0.0, 0.0, 0.0, 0.0, 0.0, 0.0, 0.0, 0.0, 0.0, 0.0, 0.0, 0.0, 0.0, 0.0, 0.0, 0.0, 0.0, 0.0, 0.0, 0.0, 0.0, 0.0, 0.0, 0.0, 0.0, 0.0, 0.0, 0.0, 0.0, 0.0, 0.0, 0.0, 0.0, 0.0, 0.0, 0.0, 0.0, 0.0, 0.0, 0.0, 0.0, 0.0, 0.0, 0.0, 0.0, 0.0, 0.0, 0.0, 0.0, 0.0, 0.0, 0.0, 0.0, 0.0]","train_acc":91.50661545027742}