{"stage1/test_loss":0.26241459981148063,"stage2/block3_Pruned_%":39.84375,"stage2/test_loss":0.3274954433244916,"stage2/best_val_loss":0.31752564058013716,"val_loss":0.21197863029137384,"_timestamp":1.775850839885672e+09,"stage2_test_f1":0.8879019150852949,"stage2/Total_Pruned_%":26.5625,"block4_Pruned_%":18.75,"stage2/raw_hard_mask_block2":"[1.0, 1.0, 1.0, 1.0, 1.0, 0.0, 1.0, 1.0, 1.0, 1.0, 0.0, 1.0, 1.0, 1.0, 1.0, 1.0, 1.0, 1.0, 1.0, 1.0, 0.0, 0.0, 1.0, 1.0, 1.0, 1.0, 1.0, 1.0, 1.0, 1.0, 0.0, 1.0, 1.0, 1.0, 1.0, 0.0, 1.0, 1.0, 0.0, 0.0, 1.0, 1.0, 1.0, 1.0, 1.0, 0.0, 1.0, 1.0, 1.0, 1.0, 1.0, 1.0, 1.0, 1.0, 0.0, 1.0, 1.0, 1.0, 1.0, 1.0, 1.0, 1.0, 1.0, 1.0]","block3_Pruned_%":39.84375,"model_param_count_dense":36868,"stage":3,"stage2/final_mask_keep_ratio_block2":0.84375,"stage2_test_acc":88.56464200882253,"model_param_count":22249,"train_acc":95.49086757990868,"stage2/final_mask_keep_ratio_block4":0.8125,"_step":29,"stage2/train_loss":0.42532007212508216,"stage2/final_mask_keep_ratio_block3":0.6015625,"stage2/raw_hard_mask_block3":"[1.0, 1.0, 1.0, 0.0, 0.0, 1.0, 1.0, 1.0, 1.0, 0.0, 1.0, 0.0, 0.0, 0.0, 1.0, 1.0, 0.0, 1.0, 0.0, 1.0, 1.0, 1.0, 0.0, 1.0, 1.0, 0.0, 0.0, 1.0, 1.0, 0.0, 1.0, 0.0, 1.0, 0.0, 1.0, 1.0, 1.0, 0.0, 1.0, 1.0, 0.0, 0.0, 1.0, 1.0, 1.0, 0.0, 0.0, 1.0, 0.0, 1.0, 1.0, 1.0, 1.0, 1.0, 0.0, 1.0, 0.0, 1.0, 0.0, 1.0, 1.0, 0.0, 1.0, 1.0, 0.0, 1.0, 1.0, 0.0, 1.0, 1.0, 1.0, 0.0, 0.0, 0.0, 1.0, 0.0, 0.0, 1.0, 1.0, 1.0, 0.0, 0.0, 1.0, 0.0, 0.0, 0.0, 0.0, 1.0, 1.0, 1.0, 1.0, 0.0, 1.0, 1.0, 0.0, 1.0, 1.0, 0.0, 0.0, 1.0, 1.0, 0.0, 0.0, 1.0, 1.0, 0.0, 1.0, 0.0, 0.0, 0.0, 0.0, 0.0, 1.0, 1.0, 1.0, 1.0, 1.0, 1.0, 0.0, 1.0, 0.0, 1.0, 1.0, 1.0, 1.0, 1.0, 1.0, 1.0]","stage1/test_f1":0.9114597953604786,"train_loss":0.11449551274447137,"stage1/use_pretrain_model":false,"stage3_test_acc":90.36308109942314,"stage2/epoch":60,"stage3_test_f1":0.9037758726057313,"_wandb":{"runtime":54},"stage2/val_acc":82.26744186046511,"stage1_test_acc":91.00780454699695,"Total_Pruned_%":26.5625,"lr_loaded_weights":0.0001,"stage1_test_loss":0.26241459981148063,"model_param_count_pruned":22249,"stage_1_separableconvcnn/confusion_matrix_table":{"_type":"table-file","_latest_artifact_path":"wandb-client-artifact://5o5q8aeigoiy69dimevop1iuo1yco20tq57bvxp25o318u7tgmv4r0lqhzuqq94bgn51vnul6hzje3p0i8ra9ekzso6ucb9vaelcxz897df3ibqsep76y2amb497ol5y:latest/stage_1_separableconvcnn/confusion_matrix_table.table.json","size":1367,"log_mode":"IMMUTABLE","path":"media/table/stage_1_separableconvcnn/confusion_matrix_table_1_c00c763d302031feb986.table.json","nrows":36,"ncols":3,"artifact_path":"wandb-client-artifact://nyzu4e8ltd9gemmpenzpo4miw4irf2eckbb9md5sifm3u5mthkl94sk9t13wloudxjgib4pjdqgryzp26hpa0e8mbbm7zr8qrj4il3tndyt6zu20fz418l49vx62r7pg/stage_1_separableconvcnn/confusion_matrix_table.table.json","sha256":"c00c763d302031feb9866229d0b7c28247ab821837d7399a92ca32ebb691d192"},"stage2/val_loss":0.3241539567146859,"stage2/lr_gumbel":0.001,"stage_3_prunedseparableconvcnn/confusion_matrix_table":{"nrows":36,"log_mode":"IMMUTABLE","artifact_path":"wandb-client-artifact://xly1hary6hg60m2s98le9ocavamb76ye8rehgxqq3w05bls1jni608dibissh22lqj7cs63uou826s3lhqo59hwdph2i6x6hmspuoe5t5gk30p33no0uabnduhfi8vas/stage_3_prunedseparableconvcnn/confusion_matrix_table.table.json","_type":"table-file","path":"media/table/stage_3_prunedseparableconvcnn/confusion_matrix_table_27_ce059836da6c451e58c7.table.json","ncols":3,"size":1366,"_latest_artifact_path":"wandb-client-artifact://2thgr0eopcv2nvipwqsg3pbsz6wyrqn9j6tgxouch9zrsfldpyzmhscfj1fnji6qz9sb2vjblhq6y66i0n1tacqm0ljsyfq4mvhzv22tgmukwuhobukivs2mmcts7efj:latest/stage_3_prunedseparableconvcnn/confusion_matrix_table.table.json","sha256":"ce059836da6c451e58c717f307ffc03dbdfefbdec90a7bfd54dd8704fc3d0d0f"},"final_summary_log_path":"/home/qphan/master-thesis/models/uci_best_model_three_stage_channel_subject29_val_final_summary_val_29.txt","stage2/train_acc":83.84703196347031,"stage1/test_acc":91.00780454699695,"stage2/test_acc":88.56464200882253,"model_param_reduction_pct":39.65227297385267,"stage2/test_f1":0.8879019150852949,"stage2/mask_l1":0.6564766764640808,"stage2/lr_backbone":0.0001,"best_val_loss":0.21197863029137384,"stage1_test_f1":0.9114597953604786,"stage2_test_loss":0.3274954433244916,"stage2/block2_Pruned_%":15.625,"stage2/block4_Pruned_%":18.75,"val_acc":93.31395348837209,"_runtime":54,"stage2/best_epoch":59,"block2_Pruned_%":15.625,"stage2/stage_number":2,"stage3_test_loss":0.3092068789835383,"stage2/purpose":"train channel-pruning model with masking","stage2/raw_hard_mask_block4":"[1.0, 1.0, 1.0, 1.0, 1.0, 0.0, 1.0, 1.0, 1.0, 0.0, 1.0, 0.0, 1.0, 0.0, 1.0, 0.0, 1.0, 1.0, 1.0, 1.0, 1.0, 0.0, 1.0, 1.0, 1.0, 1.0, 1.0, 1.0, 1.0, 1.0, 1.0, 1.0, 1.0, 1.0, 1.0, 1.0, 1.0, 1.0, 1.0, 0.0, 1.0, 0.0, 1.0, 1.0, 1.0, 1.0, 1.0, 1.0, 0.0, 1.0, 1.0, 0.0, 1.0, 1.0, 0.0, 1.0, 1.0, 1.0, 1.0, 1.0, 1.0, 1.0, 1.0, 1.0, 0.0, 1.0, 1.0, 1.0, 1.0, 1.0, 1.0, 1.0, 1.0, 1.0, 1.0, 1.0, 1.0, 0.0, 1.0, 0.0, 1.0, 0.0, 1.0, 1.0, 0.0, 0.0, 1.0, 1.0, 1.0, 1.0, 1.0, 1.0, 1.0, 1.0, 1.0, 1.0, 1.0, 0.0, 1.0, 1.0, 1.0, 1.0, 1.0, 1.0, 1.0, 1.0, 1.0, 1.0, 0.0, 1.0, 1.0, 0.0, 1.0, 1.0, 0.0, 1.0, 1.0, 1.0, 1.0, 1.0, 1.0, 1.0, 1.0, 0.0, 1.0, 1.0, 0.0, 0.0]","epoch":60}