{"_runtime":14,"epoch":20,"lr_backbone":0.0001,"val_loss":0.33848216116776614,"stage1_test_loss":0.25057173036076164,"stage":3,"_wandb":{"runtime":14},"mask_l1":0.03125,"stage1_test_f1":0.9190924499938599,"stage1/test_acc":91.72039362063116,"stage2_test_loss":0.463267309803362,"_step":9,"bin_keep_ratio":0.2734375,"stage1_test_acc":91.72039362063116,"stage_3_separableconvcnn/confusion_matrix_table":{"path":"media/table/stage_3_separableconvcnn/confusion_matrix_table_8_21d3a36938522a12eeba.table.json","size":1368,"_type":"table-file","artifact_path":"wandb-client-artifact://7arh36ylb5gaxhwpvj2f110wn0as03bip0brgc34wnjy90ou5sqnwse25inn3ckl6t0ximg1uvepyjy36nr5btfhmt8ju7ir0gsdodkqfdrov6m4qk96dfugoxu50kkx/stage_3_separableconvcnn/confusion_matrix_table.table.json","nrows":36,"sha256":"21d3a36938522a12eeba148cd6c6d6acb3295f80b969d2f8d6fe117506e484fa","log_mode":"IMMUTABLE","ncols":3,"_latest_artifact_path":"wandb-client-artifact://jqvdumerkuvgx7xdaxgmkd63yojcw3vsucu4avihewf9dzbjz7h0hi5rvb3d6iywqplayvz9cm6ouvbgxpupb7j0okj391ukgfqqavofkxdqsqznvdg3o4ibbztzemwq:latest/stage_3_separableconvcnn/confusion_matrix_table.table.json"},"train_acc":92.67665952890792,"stage1/use_pretrain_model":false,"stage3_test_f1":0.870732696716423,"stage2_hard_bin_mask_str":"[0.0, 0.0, 1.0, 0.0, 1.0, 1.0, 0.0, 0.0, 0.0, 0.0, 0.0, 0.0, 1.0, 1.0, 1.0, 1.0, 1.0, 1.0, 1.0, 0.0, 0.0, 1.0, 1.0, 1.0, 1.0, 1.0, 1.0, 1.0, 1.0, 0.0, 1.0, 1.0, 1.0, 0.0, 1.0, 1.0, 1.0, 1.0, 0.0, 0.0, 0.0, 0.0, 1.0, 1.0, 1.0, 1.0, 0.0, 0.0, 0.0, 1.0, 0.0, 0.0, 1.0, 1.0, 1.0, 0.0, 0.0, 1.0, 1.0, 0.0, 0.0, 0.0, 0.0, 0.0, 0.0, 0.0, 0.0, 0.0, 0.0, 0.0, 0.0, 0.0, 0.0, 0.0, 0.0, 0.0, 0.0, 0.0, 0.0, 0.0, 0.0, 0.0, 0.0, 0.0, 0.0, 0.0, 0.0, 0.0, 0.0, 0.0, 0.0, 0.0, 0.0, 0.0, 0.0, 0.0, 0.0, 0.0, 0.0, 0.0, 0.0, 0.0, 0.0, 0.0, 0.0, 0.0, 0.0, 0.0, 0.0, 0.0, 0.0, 0.0, 0.0, 0.0, 0.0, 0.0, 0.0, 0.0, 0.0, 0.0, 0.0, 0.0, 0.0, 0.0, 0.0, 0.0, 0.0, 0.0]","lr":0.001,"train_loss":0.16186445359350699,"stage3_test_acc":87.10553104852393,"stage2_test_acc":86.05361384458772,"best_val_loss":0.2892176821954201,"_timestamp":1.7764183928817317e+09,"stage_1_separableconvcnn/confusion_matrix_table":{"sha256":"ba1709b9ded253dca6f14b8d1a777336f0cb86899167c45d58f90d5e787020ac","log_mode":"IMMUTABLE","_latest_artifact_path":"wandb-client-artifact://158taf97tsxtf7rwy7lmvre2d5rjsg8kg8wbbzyfrxyc8a7dom6tmskux9v1noc9lni9nn4ezl65w30nrdesm26y5nnldhb20o302t8uzrpfg6ic3xb0wynii2zbdea1:latest/stage_1_separableconvcnn/confusion_matrix_table.table.json","path":"media/table/stage_1_separableconvcnn/confusion_matrix_table_1_ba1709b9ded253dca6f1.table.json","artifact_path":"wandb-client-artifact://b99hmb15ei7ghzjixxpq3dct4x25f2ybc0eq0vsr1nazhl6u902v7y4lxcj8pjr7w8btm4u7e18x3yvdkmgtel5qg3ceneul20102ak5y5sgfg3wk5y3j1s2kjy7mk1c/stage_1_separableconvcnn/confusion_matrix_table.table.json","_type":"table-file","size":1366,"ncols":3,"nrows":36},"lr_gumbel_bin":0.001,"val_acc":87.31988472622479,"stage2_test_f1":0.8606733469383423,"stage1/test_f1":0.9190924499938599,"stage1/test_loss":0.25057173036076164,"stage3_test_loss":0.47282691699401186}