{"_step":9,"stage3_test_acc":90.15948422124194,"_wandb":{"runtime":15},"lr_backbone":0.0001,"bin_keep_ratio":0.375,"stage_3_separableconvcnn/confusion_matrix_table":{"size":1367,"nrows":36,"_latest_artifact_path":"wandb-client-artifact://zs5kmvrbka9iptm5zxgg5pr3lb8r1ys3mcn5q3rugiq19c0c5z5jypb0jegixgrx8qpgkvvg9ig87insnpgqwdniw8wvwi2pivq8h9prj3jcqvpvphjejcc2qe62i6qo:latest/stage_3_separableconvcnn/confusion_matrix_table.table.json","sha256":"f4a949e94b45d964aa3afe143874a80fb1e786b80266763df0cc4cb90a458dbb","path":"media/table/stage_3_separableconvcnn/confusion_matrix_table_8_f4a949e94b45d964aa3a.table.json","artifact_path":"wandb-client-artifact://3wgqs643tmdo0swepslupporvkxzjjbb56e73zn2tjmej2f75r89pnaxuy4llx38r8i9b2kxw6nlwqgwiscv7z07o2rx5fqbz6dyyy4czp6c3yy34pma73o0ho8zgceo/stage_3_separableconvcnn/confusion_matrix_table.table.json","log_mode":"IMMUTABLE","ncols":3,"_type":"table-file"},"lr":0.001,"train_loss":0.10586696805788709,"stage2_test_f1":0.8795272897967411,"mask_l1":0.2109375,"stage1_test_loss":0.4559599839993571,"stage1/test_loss":0.4559599839993571,"epoch":15,"stage_1_separableconvcnn/confusion_matrix_table":{"sha256":"02c5a6fac2b98a2cce23216035c71184f8282e95afab8b7a4923ed0654b10cea","nrows":36,"path":"media/table/stage_1_separableconvcnn/confusion_matrix_table_1_02c5a6fac2b98a2cce23.table.json","log_mode":"IMMUTABLE","_type":"table-file","size":1368,"ncols":3,"_latest_artifact_path":"wandb-client-artifact://y46h91qgvd65xhivwf52xsqwttwkvzdqc6hv0jpxi9uz92kdvq8g5p4q2v686jisq561k4vvymkjkwhno58sl12i7dyrljl4nylvnbvbmytmynioqwr7hh5p7ulamx3i:latest/stage_1_separableconvcnn/confusion_matrix_table.table.json","artifact_path":"wandb-client-artifact://qpjt1n95z1f1e45glzs5r62dlw6v1kcv4fq3mxmvy3goh9in3mnm3ev4mrpzu3uq2ztr7i90tzy6gknwp5p7senr2b7wb07a16z5zq7ep2s0y4h8kfc1udbfy5sni4e1/stage_1_separableconvcnn/confusion_matrix_table.table.json"},"stage1_test_acc":89.85408890397014,"stage2_test_loss":0.45699945260577746,"stage":3,"stage3_test_loss":0.4711287133102955,"val_loss":0.6660843025073627,"stage2_test_acc":87.75025449609772,"stage1_test_f1":0.8992012196111356,"_timestamp":1.7764283377462704e+09,"stage1/use_pretrain_model":false,"stage2_hard_bin_mask_str":"[0.0, 0.0, 0.0, 0.0, 0.0, 1.0, 1.0, 1.0, 1.0, 1.0, 0.0, 0.0, 1.0, 1.0, 1.0, 1.0, 1.0, 1.0, 1.0, 1.0, 1.0, 1.0, 1.0, 1.0, 1.0, 1.0, 1.0, 1.0, 0.0, 1.0, 0.0, 1.0, 1.0, 1.0, 1.0, 1.0, 1.0, 1.0, 1.0, 1.0, 1.0, 1.0, 1.0, 1.0, 1.0, 1.0, 1.0, 1.0, 1.0, 0.0, 1.0, 1.0, 1.0, 1.0, 1.0, 0.0, 1.0, 0.0, 0.0, 1.0, 0.0, 0.0, 0.0, 1.0, 0.0, 0.0, 0.0, 0.0, 0.0, 0.0, 0.0, 0.0, 0.0, 0.0, 0.0, 0.0, 0.0, 0.0, 0.0, 0.0, 0.0, 0.0, 0.0, 0.0, 0.0, 0.0, 0.0, 0.0, 0.0, 0.0, 0.0, 0.0, 0.0, 0.0, 0.0, 0.0, 0.0, 0.0, 0.0, 0.0, 0.0, 0.0, 0.0, 0.0, 0.0, 0.0, 0.0, 0.0, 0.0, 0.0, 0.0, 0.0, 0.0, 0.0, 0.0, 0.0, 0.0, 0.0, 0.0, 0.0, 0.0, 0.0, 0.0, 0.0, 0.0, 0.0, 0.0, 0.0]","stage1/test_f1":0.8992012196111356,"train_acc":95.37869062901156,"stage3_test_f1":0.9025093538741568,"lr_gumbel_bin":0.001,"val_acc":82.40469208211144,"best_val_loss":0.21630723386882775,"_runtime":15,"stage1/test_acc":89.85408890397014}