{"stage1/use_pretrain_model":false,"stage2/block4_Pruned_%":49.21875,"stage2/purpose":"train channel-pruning model with masking","stage3_test_acc":89.37902952154734,"stage2/block2_Pruned_%":56.25,"_step":21,"stage2/val_acc":60.55555555555556,"stage2/val_loss":0.7129341836752348,"stage2/test_f1":0.5639036917661537,"stage2/train_loss":0.7821941915856891,"stage2/Total_Pruned_%":56.56250000000001,"stage2/mask_l1":0.46203160285949707,"stage1/test_loss":0.3024970810920323,"_timestamp":1.7758705723055365e+09,"stage2/final_mask_keep_ratio_block4":0.5078125,"_runtime":38,"block3_Pruned_%":64.0625,"stage2/epoch":35,"stage2/raw_hard_mask_block2":"[0.0, 0.0, 1.0, 0.0, 1.0, 0.0, 0.0, 1.0, 0.0, 1.0, 1.0, 1.0, 1.0, 0.0, 0.0, 1.0, 0.0, 0.0, 0.0, 0.0, 0.0, 0.0, 1.0, 0.0, 1.0, 0.0, 0.0, 1.0, 0.0, 0.0, 1.0, 0.0, 0.0, 1.0, 1.0, 1.0, 0.0, 1.0, 0.0, 0.0, 0.0, 1.0, 1.0, 1.0, 0.0, 0.0, 0.0, 1.0, 1.0, 0.0, 0.0, 1.0, 0.0, 0.0, 0.0, 0.0, 1.0, 1.0, 0.0, 1.0, 1.0, 1.0, 0.0, 1.0]","stage3_test_loss":0.3204601043808951,"train_acc":90.53203661327231,"stage3_test_f1":0.8967171639131314,"stage2/block3_Pruned_%":64.0625,"stage2/test_acc":61.62198846284357,"stage2_test_acc":61.62198846284357,"stage_3_prunedseparableconvcnn/confusion_matrix_table":{"nrows":36,"_latest_artifact_path":"wandb-client-artifact://fwfa5t2esao2jpty7nakydgn0w6xh1vfncicq4lykip4tk0v6ma6757xlc6syy8s7tg66h78xfm81guqct14ay09axanyhepbwzwkmnzvp6rjdiilg8euiiww435dmbb:latest/stage_3_prunedseparableconvcnn/confusion_matrix_table.table.json","sha256":"46a486dcd96922fd6e46f8b9aa5ce0e4528e7ee5171fecbab5cdf6c61795f0f3","path":"media/table/stage_3_prunedseparableconvcnn/confusion_matrix_table_19_46a486dcd96922fd6e46.table.json","ncols":3,"_type":"table-file","size":1365,"artifact_path":"wandb-client-artifact://csxqg2h833iu25pnhn48ed8fkndnms17rlzizn1k01sa7hu5qxlqerwx34d7boheofz5i1f3t5fg32mubcvxzmznosm04n2ue6cxd6lxzz54z1tv3p1p82755suni76m/stage_3_prunedseparableconvcnn/confusion_matrix_table.table.json","log_mode":"IMMUTABLE"},"stage2_test_f1":0.5639036917661537,"final_summary_log_path":"/home/qphan/master-thesis/models/uci_best_model_three_stage_channel_subject19_val_final_summary_val_19.txt","stage2/lr_gumbel":0.001,"best_val_loss":0.2279389399375254,"model_param_count_pruned":10670,"stage":3,"stage2_test_loss":0.7031255653514762,"model_param_count":10670,"stage2/final_mask_keep_ratio_block2":0.4375,"stage2/lr_backbone":0.0001,"stage2/train_acc":62.88615560640732,"stage2/raw_hard_mask_block3":"[0.0, 1.0, 1.0, 1.0, 0.0, 1.0, 0.0, 0.0, 1.0, 1.0, 1.0, 0.0, 0.0, 0.0, 0.0, 0.0, 0.0, 1.0, 0.0, 0.0, 0.0, 0.0, 1.0, 0.0, 0.0, 1.0, 0.0, 0.0, 0.0, 0.0, 1.0, 1.0, 0.0, 0.0, 1.0, 0.0, 0.0, 0.0, 0.0, 0.0, 0.0, 0.0, 1.0, 0.0, 1.0, 0.0, 0.0, 1.0, 0.0, 1.0, 0.0, 1.0, 1.0, 0.0, 0.0, 0.0, 1.0, 1.0, 0.0, 1.0, 1.0, 0.0, 0.0, 0.0, 0.0, 1.0, 0.0, 0.0, 1.0, 0.0, 0.0, 0.0, 0.0, 0.0, 0.0, 1.0, 0.0, 1.0, 0.0, 0.0, 0.0, 0.0, 0.0, 1.0, 1.0, 0.0, 0.0, 0.0, 0.0, 1.0, 1.0, 1.0, 1.0, 0.0, 0.0, 1.0, 0.0, 0.0, 1.0, 1.0, 0.0, 0.0, 0.0, 0.0, 1.0, 1.0, 1.0, 0.0, 1.0, 0.0, 0.0, 1.0, 1.0, 1.0, 0.0, 0.0, 1.0, 0.0, 0.0, 0.0, 1.0, 0.0, 0.0, 0.0, 0.0, 1.0, 0.0, 0.0]","lr_loaded_weights":0.0001,"stage2/stage_number":2,"stage_1_separableconvcnn/confusion_matrix_table":{"nrows":36,"ncols":3,"_latest_artifact_path":"wandb-client-artifact://epym9a9s3dum4o8dhqobszk0k8sqde48vtfwa8lpircnsu5h9regnijhmktd2hhu0h76ryse82c2fbtw6udv942fok41a6lm9ply6rdbf3x9q3oo3n38btpkpthsmfbc:latest/stage_1_separableconvcnn/confusion_matrix_table.table.json","artifact_path":"wandb-client-artifact://buh90hagy9kvm7hpgzar3nhofzflkxdwxabgzck7m5p36jre3egvo8nh7m9c9qtcm2bknip5k9cehtg0g5wy9o1vmqr02uwcpnd5kllw72n2v207xpfp7744x72pfswa/stage_1_separableconvcnn/confusion_matrix_table.table.json","sha256":"333b0b609a13648b6e83c6bb0a022cbf7373ebcb487a303cfe0980664a3508e2","size":1367,"path":"media/table/stage_1_separableconvcnn/confusion_matrix_table_1_333b0b609a13648b6e83.table.json","log_mode":"IMMUTABLE","_type":"table-file"},"stage2/best_val_loss":0.6988327500237372,"val_acc":90.55555555555556,"train_loss":0.2121162503889551,"stage1_test_loss":0.3024970810920323,"_wandb":{"runtime":38},"Total_Pruned_%":56.56250000000001,"block2_Pruned_%":56.25,"stage2/best_epoch":26,"model_param_count_dense":36868,"epoch":45,"stage1_test_f1":0.9092289001934469,"block4_Pruned_%":49.21875,"stage1/test_acc":90.77027485578554,"stage1/test_f1":0.9092289001934469,"model_param_reduction_pct":71.05891287837692,"stage2/final_mask_keep_ratio_block3":0.359375,"stage2/test_loss":0.7031255653514762,"stage2/raw_hard_mask_block4":"[0.0, 1.0, 1.0, 1.0, 1.0, 1.0, 1.0, 0.0, 0.0, 0.0, 0.0, 0.0, 1.0, 0.0, 0.0, 1.0, 0.0, 1.0, 1.0, 1.0, 0.0, 0.0, 0.0, 1.0, 0.0, 0.0, 0.0, 1.0, 0.0, 0.0, 0.0, 1.0, 0.0, 1.0, 0.0, 1.0, 1.0, 0.0, 1.0, 1.0, 0.0, 0.0, 1.0, 1.0, 1.0, 0.0, 0.0, 0.0, 0.0, 0.0, 1.0, 1.0, 0.0, 0.0, 0.0, 1.0, 1.0, 0.0, 1.0, 0.0, 1.0, 0.0, 0.0, 1.0, 1.0, 1.0, 0.0, 1.0, 0.0, 1.0, 1.0, 1.0, 1.0, 1.0, 1.0, 0.0, 1.0, 0.0, 1.0, 1.0, 0.0, 1.0, 0.0, 0.0, 1.0, 0.0, 0.0, 1.0, 0.0, 0.0, 0.0, 0.0, 1.0, 0.0, 0.0, 1.0, 1.0, 0.0, 0.0, 1.0, 1.0, 1.0, 0.0, 0.0, 0.0, 0.0, 0.0, 1.0, 1.0, 0.0, 0.0, 1.0, 0.0, 1.0, 1.0, 1.0, 1.0, 0.0, 1.0, 1.0, 1.0, 1.0, 1.0, 0.0, 1.0, 0.0, 1.0, 1.0]","val_loss":0.2354107799359958,"stage1_test_acc":90.77027485578554}