{"stage2/raw_hard_mask_block3":"[1.0, 0.0, 1.0, 1.0, 1.0, 0.0, 0.0, 0.0, 0.0, 0.0, 1.0, 0.0, 0.0, 0.0, 1.0, 1.0, 1.0, 0.0, 0.0, 0.0, 0.0, 1.0, 1.0, 1.0, 1.0, 1.0, 0.0, 0.0, 0.0, 0.0, 0.0, 1.0, 0.0, 0.0, 1.0, 1.0, 1.0, 0.0, 0.0, 1.0, 1.0, 0.0, 0.0, 0.0, 1.0, 1.0, 0.0, 1.0, 1.0, 0.0, 0.0, 0.0, 0.0, 1.0, 1.0, 1.0, 1.0, 1.0, 0.0, 0.0, 0.0, 0.0, 1.0, 1.0, 0.0, 1.0, 1.0, 0.0, 1.0, 0.0, 0.0, 1.0, 1.0, 0.0, 1.0, 0.0, 1.0, 0.0, 0.0, 0.0, 0.0, 0.0, 1.0, 0.0, 1.0, 1.0, 1.0, 1.0, 0.0, 1.0, 1.0, 1.0, 1.0, 1.0, 0.0, 1.0, 1.0, 0.0, 1.0, 0.0, 0.0, 0.0, 1.0, 0.0, 0.0, 1.0, 0.0, 0.0, 1.0, 1.0, 1.0, 0.0, 0.0, 0.0, 0.0, 1.0, 1.0, 0.0, 1.0, 0.0, 0.0, 1.0, 1.0, 1.0, 1.0, 0.0, 1.0, 0.0]","stage1_test_loss":0.35822860038495447,"train_acc":87.16312056737588,"stage2/best_epoch":6,"stage1/test_loss":0.35822860038495447,"stage2/epoch":15,"_step":12,"_runtime":18,"stage2/block3_Pruned_%":50.78125,"block2_Pruned_%":54.6875,"best_val_loss":0.6124728045716191,"stage2/lr_backbone":0.0001,"stage2_test_loss":0.6585715630454838,"stage2/raw_hard_mask_block4":"[1.0, 0.0, 1.0, 0.0, 1.0, 1.0, 0.0, 0.0, 1.0, 0.0, 1.0, 1.0, 1.0, 1.0, 1.0, 0.0, 0.0, 0.0, 1.0, 1.0, 1.0, 1.0, 1.0, 1.0, 1.0, 0.0, 0.0, 0.0, 1.0, 0.0, 0.0, 1.0, 0.0, 1.0, 1.0, 0.0, 0.0, 0.0, 0.0, 0.0, 1.0, 0.0, 1.0, 1.0, 0.0, 0.0, 1.0, 0.0, 0.0, 1.0, 1.0, 1.0, 0.0, 0.0, 1.0, 0.0, 1.0, 0.0, 0.0, 0.0, 0.0, 1.0, 1.0, 0.0, 1.0, 1.0, 1.0, 0.0, 0.0, 1.0, 1.0, 0.0, 0.0, 1.0, 1.0, 1.0, 1.0, 0.0, 0.0, 1.0, 0.0, 0.0, 0.0, 1.0, 0.0, 1.0, 0.0, 1.0, 1.0, 1.0, 0.0, 1.0, 1.0, 1.0, 0.0, 0.0, 0.0, 0.0, 1.0, 0.0, 0.0, 1.0, 0.0, 0.0, 1.0, 1.0, 0.0, 0.0, 1.0, 0.0, 0.0, 1.0, 1.0, 1.0, 0.0, 0.0, 1.0, 0.0, 1.0, 1.0, 0.0, 1.0, 0.0, 1.0, 0.0, 0.0, 1.0, 0.0]","stage2/raw_hard_mask_block2":"[1.0, 1.0, 1.0, 0.0, 1.0, 0.0, 0.0, 0.0, 1.0, 1.0, 0.0, 1.0, 0.0, 1.0, 1.0, 0.0, 0.0, 1.0, 0.0, 0.0, 0.0, 0.0, 1.0, 1.0, 1.0, 1.0, 0.0, 1.0, 0.0, 1.0, 1.0, 0.0, 1.0, 1.0, 1.0, 1.0, 0.0, 0.0, 0.0, 1.0, 0.0, 0.0, 0.0, 0.0, 0.0, 0.0, 0.0, 1.0, 1.0, 1.0, 1.0, 1.0, 0.0, 0.0, 1.0, 0.0, 0.0, 0.0, 0.0, 0.0, 1.0, 0.0, 0.0, 0.0]","model_param_count_pruned":12307,"block4_Pruned_%":50,"_wandb":{"runtime":18},"stage2/test_acc":63.216830675262976,"epoch":20,"stage_1_separableconvcnn/confusion_matrix_table":{"sha256":"5112b3895e0c7e8dead39abba1f7322eec0085818df092622544a232c1cdda3d","size":1367,"nrows":36,"artifact_path":"wandb-client-artifact://nls66f022mvhood1wfjg4e12lp3n1fidbkwch2rvqh9nwa5cjmhct9iq8px3pq48p9inknoi61akmfx41m2oxs9sjnyuphi8n6a8llxgc9bv9grxka93nb45a1snutmt/stage_1_separableconvcnn/confusion_matrix_table.table.json","_latest_artifact_path":"wandb-client-artifact://y3eug25q2x8ywnkn51to1rnl22fbh6glvf15hrajn4ke65ntb2sfwqqhe886wqekqvgq1rbm89dcogzpc87p4fqjg8db681aqmxe1tuttw5v0ji1pwahyweag5ygs3yz:latest/stage_1_separableconvcnn/confusion_matrix_table.table.json","path":"media/table/stage_1_separableconvcnn/confusion_matrix_table_1_5112b3895e0c7e8dead3.table.json","log_mode":"IMMUTABLE","_type":"table-file","ncols":3},"stage3_test_loss":0.3833666686613326,"model_param_count":12307,"stage2/purpose":"train channel-pruning model with masking","stage1/use_pretrain_model":false,"stage1/test_f1":0.876917347795431,"stage3_test_acc":85.47675602307432,"stage2/final_mask_keep_ratio_block2":0.453125,"block3_Pruned_%":50.78125,"Total_Pruned_%":51.24999999999999,"final_summary_log_path":"/home/qphan/master-thesis/models/uci_best_model_three_stage_channel_subject5_val_final_summary_val_5.txt","val_acc":76.49006622516556,"stage2/lr_gumbel":0.001,"stage2_test_acc":63.216830675262976,"stage2/stage_number":2,"stage3_test_f1":0.857437296385542,"stage_3_prunedseparableconvcnn/confusion_matrix_table":{"ncols":3,"log_mode":"IMMUTABLE","path":"media/table/stage_3_prunedseparableconvcnn/confusion_matrix_table_10_dbdfb78ac6f002933aae.table.json","nrows":36,"size":1368,"_type":"table-file","artifact_path":"wandb-client-artifact://1wbjrq1nwyx4sqi838y999zo5j3lo88g5ecr1fn8favllzg24zlx03ca3hzt3vc4padkx3yckvukxk4c93w358j2drh3lvw99dfzbywjh7e5hfe7gjv376yq9hkszsrj/stage_3_prunedseparableconvcnn/confusion_matrix_table.table.json","_latest_artifact_path":"wandb-client-artifact://kyjlvxfx797mmlhqx593iadvigid5bmtzjsuqqy3ltbl0glt8hq5fwc2nj86kv23cq1ug8prnr1xbl7uys8helsaaaw2fx3x3g84zmxf3ytou3dq5hgr92wq0gztisjq:latest/stage_3_prunedseparableconvcnn/confusion_matrix_table.table.json","sha256":"dbdfb78ac6f002933aae520786103a60b7170fd2e698826f431cc8b31d2c7f0b"},"stage2/Total_Pruned_%":51.24999999999999,"lr_loaded_weights":0.0001,"stage2/mask_l1":0.48664993047714233,"model_param_reduction_pct":66.61874796571551,"stage2/test_f1":0.5932214310349635,"stage":3,"stage1/test_acc":87.78418730912793,"stage2_test_f1":0.5932214310349635,"stage2/best_val_loss":0.7817924279250846,"model_param_count_dense":36868,"stage2/test_loss":0.6585715630454838,"_timestamp":1.77585506466853e+09,"stage1_test_acc":87.78418730912793,"stage2/train_acc":60.751773049645394,"stage1_test_f1":0.876917347795431,"stage2/final_mask_keep_ratio_block3":0.4921875,"stage2/val_acc":50.66225165562914,"stage2/train_loss":1.0484660749570698,"stage2/block4_Pruned_%":50,"stage2/block2_Pruned_%":54.6875,"train_loss":0.30252951361608843,"stage2/val_loss":0.9051874473394937,"stage2/final_mask_keep_ratio_block4":0.5,"val_loss":0.6523020237881616}