{"stage2/final_mask_keep_ratio_block2":0.78125,"stage5_test_loss":0.3253364417692484,"stage1/test_f1":0.8925505607945969,"model_param_count_pruned":18373,"best_val_loss":0.31726362287062,"final_channel_mask_block4":[1,1,1,0,0,1,0,0,1,1,0,1,1,1,0,1,0,1,0,1,1,1,1,0,0,1,1,1,1,0,0,1,1,0,1,0,1,0,0,1,1,1,1,1,1,1,0,0,1,1,0,1,1,1,1,1,0,0,1,1,1,1,1,0,1,1,0,0,1,1,0,1,1,1,0,1,0,0,1,0,1,1,0,1,0,1,0,1,1,1,1,1,0,1,1,1,0,1,1,1,1,1,0,0,1,1,1,1,0,1,1,1,1,1,1,0,1,1,1,0,0,1,0,1,1,1,1,0],"lr_backbone":0.0001,"stage2/lr_backbone":0.0001,"_wandb":{"runtime":47},"stage1_test_loss":0.3122502789217946,"lr":0.001,"stage2/block3_Pruned_%":44.53125,"val_acc":87.43455497382199,"stage2/raw_hard_mask_block3":"[0.0, 1.0, 0.0, 0.0, 0.0, 1.0, 1.0, 1.0, 0.0, 0.0, 0.0, 1.0, 0.0, 0.0, 1.0, 0.0, 1.0, 0.0, 0.0, 1.0, 1.0, 1.0, 1.0, 0.0, 0.0, 0.0, 1.0, 0.0, 1.0, 1.0, 1.0, 0.0, 1.0, 1.0, 1.0, 1.0, 1.0, 0.0, 1.0, 1.0, 0.0, 0.0, 1.0, 0.0, 1.0, 1.0, 0.0, 0.0, 1.0, 0.0, 1.0, 1.0, 1.0, 1.0, 1.0, 1.0, 0.0, 0.0, 1.0, 0.0, 0.0, 0.0, 1.0, 1.0, 1.0, 0.0, 1.0, 1.0, 0.0, 1.0, 0.0, 1.0, 0.0, 0.0, 1.0, 1.0, 0.0, 1.0, 1.0, 1.0, 1.0, 1.0, 0.0, 1.0, 0.0, 1.0, 1.0, 1.0, 1.0, 0.0, 0.0, 0.0, 0.0, 1.0, 1.0, 1.0, 0.0, 1.0, 0.0, 1.0, 0.0, 0.0, 1.0, 0.0, 1.0, 0.0, 0.0, 0.0, 1.0, 0.0, 1.0, 1.0, 1.0, 1.0, 1.0, 0.0, 1.0, 0.0, 1.0, 0.0, 1.0, 1.0, 1.0, 0.0, 0.0, 0.0, 1.0, 0.0]","stage2/test_acc":75.29691211401425,"stage2/block4_Pruned_%":32.8125,"stage2/val_loss":0.5317737382119863,"stage2/lr_gumbel":0.001,"stage2/raw_hard_mask_block4":"[1.0, 1.0, 1.0, 0.0, 0.0, 1.0, 0.0, 0.0, 1.0, 1.0, 0.0, 1.0, 1.0, 1.0, 0.0, 1.0, 0.0, 1.0, 0.0, 1.0, 1.0, 1.0, 1.0, 0.0, 0.0, 1.0, 1.0, 1.0, 1.0, 0.0, 0.0, 1.0, 1.0, 0.0, 1.0, 0.0, 1.0, 0.0, 0.0, 1.0, 1.0, 1.0, 1.0, 1.0, 1.0, 1.0, 0.0, 0.0, 1.0, 1.0, 0.0, 1.0, 1.0, 1.0, 1.0, 1.0, 0.0, 0.0, 1.0, 1.0, 1.0, 1.0, 1.0, 0.0, 1.0, 1.0, 0.0, 0.0, 1.0, 1.0, 0.0, 1.0, 1.0, 1.0, 0.0, 1.0, 0.0, 0.0, 1.0, 0.0, 1.0, 1.0, 0.0, 1.0, 0.0, 1.0, 0.0, 1.0, 1.0, 1.0, 1.0, 1.0, 0.0, 1.0, 1.0, 1.0, 0.0, 1.0, 1.0, 1.0, 1.0, 1.0, 0.0, 0.0, 1.0, 1.0, 1.0, 1.0, 0.0, 1.0, 1.0, 1.0, 1.0, 1.0, 1.0, 0.0, 1.0, 1.0, 1.0, 0.0, 0.0, 1.0, 0.0, 1.0, 1.0, 1.0, 1.0, 0.0]","stage2/test_f1":0.7394880910387448,"stage2/final_mask_keep_ratio_block4":0.671875,"stage2/best_epoch":29,"lr_gumbel_bin":0.001,"stage2/train_acc":72.53945480631278,"epoch":15,"stage2/test_loss":0.5332894302653167,"stage2/Total_Pruned_%":35.3125,"model_param_reduction_pct":50.1654551372464,"stage":5,"stage2/purpose":"train channel-pruning model with masking","_step":24,"stage1_test_acc":88.90397013912454,"stage5_test_f1":0.8953762718811467,"stage1/test_acc":88.90397013912454,"hard_bin_mask":[1,1,1,1,1,1,1,1,1,1,1,1,1,1,1,0,1,1,0,1,0,1,0,0,0,1,0,1,0,0,0,0,0,0,0,1,0,0,0,0,0,0,0,0,1,0,0,0,0,0,0,0,0,0,0,0,0,0,0,0,0,0,0,0,0],"val_loss":0.3452094176988951,"stage2/final_mask_keep_ratio_block3":0.5546875,"stage5_test_acc":89.44689514760773,"stage2/raw_hard_mask_block2":"[0.0, 1.0, 1.0, 1.0, 1.0, 1.0, 1.0, 1.0, 1.0, 1.0, 1.0, 1.0, 1.0, 0.0, 1.0, 1.0, 1.0, 1.0, 0.0, 0.0, 1.0, 1.0, 1.0, 1.0, 1.0, 0.0, 0.0, 1.0, 1.0, 1.0, 1.0, 1.0, 1.0, 1.0, 1.0, 0.0, 1.0, 0.0, 1.0, 1.0, 0.0, 1.0, 1.0, 0.0, 1.0, 1.0, 0.0, 1.0, 1.0, 1.0, 1.0, 1.0, 1.0, 1.0, 1.0, 1.0, 1.0, 1.0, 0.0, 1.0, 0.0, 0.0, 1.0, 1.0]","stage2/epoch":35,"lr_loaded_weights":0.0001,"train_acc":91.4777618364419,"stage2/best_val_loss":0.5315556838250285,"train_loss":0.20052807553854357,"stage_1_separableconvcnn/confusion_matrix_table":{"artifact_path":"wandb-client-artifact://n8wsycxjhpghv3973vu8qeblvc5ns0xvdxayxzyyfkxf0qurdgrgz00xlpj71o29m6ijh806ukhkbqxtgynoougtmvii09qpr0fe9hq9uvvt5ekaqbbmwskpnmhc0b1e/stage_1_separableconvcnn/confusion_matrix_table.table.json","size":1366,"path":"media/table/stage_1_separableconvcnn/confusion_matrix_table_1_e9271ad1c0d6eb115873.table.json","ncols":3,"_latest_artifact_path":"wandb-client-artifact://ynbd0lrl3oijdepdu1b6su7ejdzsoete55khzt4z09u2k1yljzlriyk926ovy7ixrk73xxjs3j1zo607ktnndpkn1u5y7xisxhkjsi4kwe7k02yuttql9tfs9aduwlp4:latest/stage_1_separableconvcnn/confusion_matrix_table.table.json","log_mode":"IMMUTABLE","nrows":36,"_type":"table-file","sha256":"e9271ad1c0d6eb115873b79bcea70d5184eb36695de8e731069de72e9927e820"},"mask_l1":0.26153847575187683,"stage1/test_loss":0.3122502789217946,"stage2/block2_Pruned_%":21.875,"stage_3_separableconvcnn/confusion_matrix_table":{"_latest_artifact_path":"wandb-client-artifact://99w6jqcuhzum0om3c8q1vi4owfcr5bva77cg6o4vk78we5tq7othla0wi4g51l1sfq4m2jkkczwx5ixc63e8gxqa59nfax351vp0nugaektxapeglf48fvijm79y46on:latest/stage_3_separableconvcnn/confusion_matrix_table.table.json","sha256":"f0324ee7ea082eb94391348de826eb17e9b684d9571cefe398a7c8b7d5d50a48","ncols":3,"log_mode":"IMMUTABLE","_type":"table-file","artifact_path":"wandb-client-artifact://lh4a1u3yxbd5iqppyw4opannwsi0ruw6jsizpccmpic4d234q2dwdyloqwm4icky411p9rv4aifb7dzlbetf2rffst5mxcmu4gycfpxcj5wjhoi4t5f67u0ro3zaqbwj/stage_3_separableconvcnn/confusion_matrix_table.table.json","nrows":36,"size":1365,"path":"media/table/stage_3_separableconvcnn/confusion_matrix_table_11_f0324ee7ea082eb94391.table.json"},"_runtime":47,"stage1_test_f1":0.8925505607945969,"stage1/use_pretrain_model":false,"final_channel_mask_block3":[0,1,0,0,0,1,1,1,0,0,0,1,0,0,1,0,1,0,0,1,1,1,1,0,0,0,1,0,1,1,1,0,1,1,1,1,1,0,1,1,0,0,1,0,1,1,0,0,1,0,1,1,1,1,1,1,0,0,1,0,0,0,1,1,1,0,1,1,0,1,0,1,0,0,1,1,0,1,1,1,1,1,0,1,0,1,1,1,1,0,0,0,0,1,1,1,0,1,0,1,0,0,1,0,1,0,0,0,1,0,1,1,1,1,1,0,1,0,1,0,1,1,1,0,0,0,1,0],"_timestamp":1.7767073688749688e+09,"stage_5_prunedseparableconvcnn/confusion_matrix_table":{"path":"media/table/stage_5_prunedseparableconvcnn/confusion_matrix_table_23_4e9e6ee4f2824c98591e.table.json","artifact_path":"wandb-client-artifact://7cm61qa444m5dbld1i87gpffyqrp9rds382fjxh4d7o8wv1suakv2vajjsotpjgcy7bvly93sczf8ijtgy3235brshxmonz4eka507t2lskj1wwrlavzkq7qzmwmznv2/stage_5_prunedseparableconvcnn/confusion_matrix_table.table.json","ncols":3,"size":1367,"sha256":"4e9e6ee4f2824c98591edf5e67d17350615dbc85826375f58848d4d270653661","_latest_artifact_path":"wandb-client-artifact://beattqgqwfbh20r6uj9ha468vbdnmk91p4r6c5i2ix5ugbbrd78jwbs3durojispk821tenux9rbj2w1qnubg3lzvtap84a0ra558gqdjqw6qihdr99febca721qvzsx:latest/stage_5_prunedseparableconvcnn/confusion_matrix_table.table.json","log_mode":"IMMUTABLE","nrows":36,"_type":"table-file"},"stage2/stage_number":2,"stage2/train_loss":0.6330236597245872,"stage2/mask_l1":0.5118358135223389,"final_channel_mask_block2":[0,1,1,1,1,1,1,1,1,1,1,1,1,0,1,1,1,1,0,0,1,1,1,1,1,0,0,1,1,1,1,1,1,1,1,0,1,0,1,1,0,1,1,0,1,1,0,1,1,1,1,1,1,1,1,1,1,1,0,1,0,0,1,1],"model_param_count_dense":36868,"stage2/val_acc":78.79581151832461}