{"stage1/test_acc":88.97183576518493,"stage1_test_f1":0.8918346350058876,"stage2_test_f1":0.9000956893792939,"stage1/use_pretrain_model":false,"lr":0.001,"stage1_test_acc":88.97183576518493,"stage1_test_loss":0.2595700413673605,"stage_3_separableconvcnn/confusion_matrix_table":{"ncols":3,"path":"media/table/stage_3_separableconvcnn/confusion_matrix_table_16_9b06b513554298e642ee.table.json","nrows":36,"artifact_path":"wandb-client-artifact://de9swgdt7zjguqggy6igvswn1j0umbrrcitmlg99vxiqkl034xe2qcnh4uvdc4huriiy8g2qs5bpn9pt1uvdwlspg1ak2shbxhhxxcwycw3upji2ibs454oug5fw0eim/stage_3_separableconvcnn/confusion_matrix_table.table.json","_type":"table-file","sha256":"9b06b513554298e642ee46c7344de34c2565dd588b42e04179608b7ee07418cb","log_mode":"IMMUTABLE","size":1366,"_latest_artifact_path":"wandb-client-artifact://emnked7gx9gdf9rxuhyxh1ofklbz684lmhy2qovnkw3fsjos7gzsc7q4sfb7mh4t0713yg95uz38mtatyzqn3qocads1xx6506epdnea5k7euu7qh66uprh73510fhir:latest/stage_3_separableconvcnn/confusion_matrix_table.table.json"},"val_acc":82.22222222222223,"stage2_test_loss":0.2752790666802514,"stage3_test_f1":0.8992709824740063,"lr_backbone":0.0001,"stage3_test_loss":0.32479448704991243,"epoch":25,"lr_gumbel_bin":0.001,"stage2_hard_bin_mask_str":"[1.0, 1.0, 1.0, 1.0, 1.0, 1.0, 1.0, 1.0, 1.0, 1.0, 1.0, 1.0, 1.0, 1.0, 1.0, 1.0, 1.0, 1.0, 1.0, 1.0, 1.0, 1.0, 1.0, 1.0, 0.0, 0.0, 0.0, 0.0, 0.0, 0.0, 0.0, 0.0, 0.0, 0.0, 0.0, 0.0, 0.0, 0.0, 0.0, 0.0, 0.0, 0.0, 0.0, 0.0, 0.0, 0.0, 0.0, 0.0, 0.0, 0.0, 0.0, 0.0, 0.0, 0.0, 0.0, 0.0, 0.0, 0.0, 0.0, 0.0, 0.0, 0.0, 0.0, 0.0, 0.0, 0.0, 0.0, 0.0, 0.0, 0.0, 0.0, 0.0, 0.0, 0.0, 0.0, 0.0, 0.0, 0.0, 0.0, 0.0, 0.0, 0.0, 0.0, 0.0, 0.0, 0.0, 0.0, 0.0, 0.0, 0.0, 0.0, 0.0, 0.0, 0.0, 0.0, 0.0, 0.0, 0.0, 0.0, 0.0, 0.0, 0.0, 0.0, 0.0, 0.0, 0.0, 0.0, 0.0, 0.0, 0.0, 0.0, 0.0, 0.0, 0.0, 0.0, 0.0, 0.0, 0.0, 0.0, 0.0, 0.0, 0.0, 0.0, 0.0, 0.0, 0.0, 0.0, 0.0]","train_acc":93.77860411899313,"stage2_test_acc":90.02375296912113,"_step":17,"val_loss":0.41611662132959787,"stage1/test_loss":0.2595700413673605,"bin_keep_ratio":0.1875,"_runtime":30,"best_val_loss":0.23966439701616765,"mask_l1":0.1875,"stage_1_separableconvcnn/confusion_matrix_table":{"ncols":3,"nrows":36,"sha256":"880c447eac1a9a77c7fa2e8846a50891fe02ccdbcf95146150818555860496db","log_mode":"IMMUTABLE","path":"media/table/stage_1_separableconvcnn/confusion_matrix_table_1_880c447eac1a9a77c7fa.table.json","_type":"table-file","artifact_path":"wandb-client-artifact://u5yue5w4vb68sawnfswgy2ea9djmhexbr143508ureoqey3ddz9x08vlbxcczqtg4oq21nlfhystu21hmuy7uclberf0ifhtdi69obqm3nuotw324war2efndzgo4c56/stage_1_separableconvcnn/confusion_matrix_table.table.json","size":1368,"_latest_artifact_path":"wandb-client-artifact://983faat3w9r2r05s71jcrktl59waciyy2nm2ixjmpjcblxs9am27odhe4vuy7h0srvabwnh1n0654ywmu1ijdr27uplnmyuqv07q2a9dkdeahrmj2kunsonbr610ll9j:latest/stage_1_separableconvcnn/confusion_matrix_table.table.json"},"stage3_test_acc":89.82015609093993,"_timestamp":1.7757805680577328e+09,"_wandb":{"runtime":30},"stage":3,"train_loss":0.14763330727883825,"stage1/test_f1":0.8918346350058876}