{"_step":7,"stage1_test_acc":88.93790295215473,"stage_1_separableconvcnn/confusion_matrix_table":{"_type":"table-file","log_mode":"IMMUTABLE","nrows":36,"size":1366,"ncols":3,"sha256":"a9ae168c4f41b59f8d8307f9c2f69e8d2f1d5edcad995b31a86da8ca7b06aade","path":"media/table/stage_1_separableconvcnn/confusion_matrix_table_7_a9ae168c4f41b59f8d83.table.json","artifact_path":"wandb-client-artifact://l78ov5tvm6e675ejlezrw1zbmq4yo723eashiforl5en8e8nm6tzvlwquewe9g3114zzjtdzgfo6kdetq2odgrsbjthdn9vfuzdk2wbeochpc1xwagbc37k0331v50k7/stage_1_separableconvcnn/confusion_matrix_table.table.json","_latest_artifact_path":"wandb-client-artifact://vtq1rcqm3brvs9s2cbexr0puat0dsf147gfjyy9wxteh9toudjf9qjnhfuepvp9rhcx4y36l4xz8kwu8p42ffch8p90801g34af19xumfzqepbf1iny9gyjem074h6yh:latest/stage_1_separableconvcnn/confusion_matrix_table.table.json"},"stage1/val_acc":93.50649350649351,"test_loss":0.36724332314800434,"stage1/train_loss":0.14184904875300405,"stage1/train_acc":93.89551391254969,"_runtime":11,"stage1/lr":0.001,"stage1/stage_number":1,"stage1/epoch":25,"stage1/val_loss":0.22139042885611196,"stage1/best_val_loss":0.15717733534946493,"stage1/purpose":"train baseline model","_timestamp":1.7757573516307712e+09,"stage1_test_loss":0.36724332314800434,"test_f1_macro":0.8914507086121141,"stage1/use_pretrain_model":false,"_wandb":{"runtime":11},"test_acc":88.93790295215473,"best_epoch":18,"best_val_loss":0.15717733534946493,"stage1/test_acc":88.93790295215473,"stage1_test_f1":0.8914507086121141,"stage1/test_loss":0.36724332314800434,"stage1/test_f1":0.8914507086121141}