{"stage1_test_loss":0.677947698330093,"train_loss":0.9341718512225082,"stage1_test_acc":74.66254507985575,"mask_l1":0.05882353335618973,"stage3_test_acc":69.60329726944873,"stage2_test_f1":0.5439833353887489,"train_acc":53.71230404185848,"stage3_test_f1":0.5692064932077855,"stage2_test_loss":1.0001138797253446,"val_loss":1.1505237807472832,"best_val_loss":1.1450266928981534,"stage1_test_f1":0.6673215202135461,"lr":0.001,"_timestamp":1.7757592774053106e+09,"epoch":13,"_wandb":{"runtime":118},"lr_gumbel_bin":0.001,"_runtime":118,"lr_backbone":0.0001,"stage2_test_acc":67.2746007212777,"stage3_test_loss":0.9432041017143828,"stage":3,"bin_keep_ratio":0.0784313753247261,"_step":29,"val_acc":46.49880095923261}