{"bin_keep_ratio":0.32307693362236023,"_step":12,"stage2_test_loss":0.29351417760263265,"train_acc":92.42553191489361,"stage1/test_acc":87.78418730912793,"epoch":10,"stage3_test_f1":0.873421511457667,"train_loss":0.17885865541478843,"stage1_test_loss":0.35822860038495447,"stage2_hard_bin_mask_str":"[1.0, 1.0, 1.0, 1.0, 1.0, 1.0, 1.0, 1.0, 1.0, 1.0, 1.0, 1.0, 1.0, 1.0, 1.0, 1.0, 1.0, 0.0, 1.0, 1.0, 0.0, 1.0, 1.0, 0.0, 0.0, 0.0, 0.0, 0.0, 0.0, 0.0, 0.0, 0.0, 0.0, 0.0, 0.0, 0.0, 0.0, 0.0, 0.0, 0.0, 0.0, 0.0, 0.0, 0.0, 0.0, 0.0, 0.0, 0.0, 0.0, 0.0, 0.0, 0.0, 0.0, 0.0, 0.0, 0.0, 0.0, 0.0, 0.0, 0.0, 0.0, 0.0, 0.0, 0.0, 0.0]","stage3_test_acc":87.24126230064472,"stage1_test_acc":87.78418730912793,"lr_gumbel_bin":0.001,"stage1/test_loss":0.35822860038495447,"stage1/use_pretrain_model":false,"stage2_test_f1":0.8865265135372843,"_runtime":21,"lr":0.001,"stage3_test_loss":0.34697754617147136,"val_loss":0.974141664457637,"_wandb":{"runtime":21},"mask_l1":0.2769230604171753,"stage":3,"stage1/test_f1":0.876917347795431,"stage_3_separableconvcnn/confusion_matrix_table":{"size":1368,"ncols":3,"nrows":36,"path":"media/table/stage_3_separableconvcnn/confusion_matrix_table_11_b49c69d71000bd40f125.table.json","sha256":"b49c69d71000bd40f1258ebf2bb20ace87b16ef746b68204d95c2b7fdf05b319","_latest_artifact_path":"wandb-client-artifact://s79wbqbshab7cn11849tq3jcsyo2siqexkecgp7jt9umx11lojls2mmdstmzz4csq5ge4mtovktmip9y7yw1pgkcceoi817yydqabcexa67cgup9wvi5k08owz54ve9e:latest/stage_3_separableconvcnn/confusion_matrix_table.table.json","_type":"table-file","artifact_path":"wandb-client-artifact://2uciwb4kehr8zp7umsj09rmjux5uqx9vajwvbjutvrkfb4bneg0ns96gim83v0jmrodoagl3h1lli9gqkcvo4kw5ww8lzz1w9o1iblpu8ggxy1zn46oacki1ankkstsm/stage_3_separableconvcnn/confusion_matrix_table.table.json","log_mode":"IMMUTABLE"},"lr_backbone":0.0001,"val_acc":75.82781456953643,"stage_1_separableconvcnn/confusion_matrix_table":{"nrows":36,"_latest_artifact_path":"wandb-client-artifact://vrrz274lzhvsheli9vmf8axrso5ensjf34nstk6rgsg7dnts871eqfl493s94j5tg4d9f7kcflbkk6pmylu9fyb5662en1zkun5sxy1lhjpfo4ixdcnyk470ja8s07up:latest/stage_1_separableconvcnn/confusion_matrix_table.table.json","_type":"table-file","artifact_path":"wandb-client-artifact://yldlfn0z7r3z92aesndrshfm1ymc2348hy0k7uvco3mo0he1kynotpbn7xruet0nw9gppm2irserr5n35mawtv0j9ot9ret9hezf91la3il5tbky0z00tp2iaumnwmy5/stage_1_separableconvcnn/confusion_matrix_table.table.json","path":"media/table/stage_1_separableconvcnn/confusion_matrix_table_1_5112b3895e0c7e8dead3.table.json","sha256":"5112b3895e0c7e8dead39abba1f7322eec0085818df092622544a232c1cdda3d","ncols":3,"size":1367,"log_mode":"IMMUTABLE"},"stage1_test_f1":0.876917347795431,"stage2_test_acc":88.66644044791313,"best_val_loss":0.5976570992675049,"_timestamp":1.7757674613579848e+09}