{"_timestamp":1.7764183732275755e+09,"train_acc":92.29122055674519,"val_acc":89.62536023054756,"stage3_test_f1":0.8752826953768257,"bin_keep_ratio":0.2265625,"train_loss":0.18308487627695152,"stage":3,"val_loss":0.2967226780274674,"best_val_loss":0.2942957432151528,"stage1_test_f1":0.9190924499938599,"stage2_test_f1":0.842707763408661,"lr_gumbel_bin":0.001,"stage1_test_acc":91.72039362063116,"_step":10,"epoch":25,"_wandb":{"runtime":16},"stage3_test_loss":0.4650888918540964,"stage2_test_acc":84.3230403800475,"_runtime":16,"stage1/use_pretrain_model":false,"stage_3_separableconvcnn/confusion_matrix_table":{"nrows":36,"artifact_path":"wandb-client-artifact://hpmyvb7jkige02v1bik4k8fanjuo02lzhc64kmuakp57ccxhk76ssv3yrpe5ud3gnistn8j2kbqf1yyac64wwsec5zsak0hzr3b4qmaf85wjkls1w5lkxe4j3s15wcxy/stage_3_separableconvcnn/confusion_matrix_table.table.json","path":"media/table/stage_3_separableconvcnn/confusion_matrix_table_9_575bc8be70b59c7fb0e8.table.json","_type":"table-file","_latest_artifact_path":"wandb-client-artifact://9z3hd6985i4s8tcufxlxnlh41wwuj63pzy1qbqgc32kpgwuomwew8l8kx3pj6hovuhivw40jfpetcpli9jtaqtle8kp2fsq3r5yalcuiwv12201xvf33u48amhnvg91a:latest/stage_3_separableconvcnn/confusion_matrix_table.table.json","log_mode":"IMMUTABLE","size":1369,"ncols":3,"sha256":"575bc8be70b59c7fb0e875aeae1eda4cdcf302d24861dd3237b0fba167208091"},"stage_1_separableconvcnn/confusion_matrix_table":{"ncols":3,"log_mode":"IMMUTABLE","path":"media/table/stage_1_separableconvcnn/confusion_matrix_table_1_ba1709b9ded253dca6f1.table.json","_type":"table-file","_latest_artifact_path":"wandb-client-artifact://8dm9pn8ed3pkz80jwqt99qoi3uad9a9jkkl48j7efipgqbgk7mn62aw40ie42jtghbzex9fcbsatfss468m8gd4nixz7ww7vrsrz3mjdk7o19idpjlk6mmz8frpibkf9:latest/stage_1_separableconvcnn/confusion_matrix_table.table.json","nrows":36,"artifact_path":"wandb-client-artifact://5ru75yfpb76f6vx9ubs4mgl28e9347e5lmmie7dbocote3slm8a2n1iychvv90tf046vb6pvn12nkcemq9tcpwptq09h7euzfkhh4shfg80ercjh1gsm0jbehhhg13oe/stage_1_separableconvcnn/confusion_matrix_table.table.json","sha256":"ba1709b9ded253dca6f14b8d1a777336f0cb86899167c45d58f90d5e787020ac","size":1366},"lr":0.001,"stage1/test_f1":0.9190924499938599,"stage2_hard_bin_mask_str":"[0.0, 0.0, 0.0, 0.0, 0.0, 0.0, 1.0, 1.0, 1.0, 1.0, 0.0, 0.0, 0.0, 0.0, 1.0, 0.0, 1.0, 0.0, 1.0, 0.0, 1.0, 1.0, 1.0, 1.0, 1.0, 0.0, 0.0, 0.0, 1.0, 0.0, 0.0, 0.0, 0.0, 0.0, 0.0, 1.0, 1.0, 1.0, 0.0, 0.0, 1.0, 1.0, 1.0, 0.0, 0.0, 0.0, 0.0, 1.0, 0.0, 1.0, 1.0, 1.0, 1.0, 1.0, 1.0, 0.0, 1.0, 1.0, 0.0, 1.0, 0.0, 0.0, 0.0, 0.0, 0.0, 0.0, 0.0, 0.0, 0.0, 0.0, 0.0, 0.0, 0.0, 0.0, 0.0, 0.0, 0.0, 0.0, 0.0, 0.0, 0.0, 0.0, 0.0, 0.0, 0.0, 0.0, 0.0, 0.0, 0.0, 0.0, 0.0, 0.0, 0.0, 0.0, 0.0, 0.0, 0.0, 0.0, 0.0, 0.0, 0.0, 0.0, 0.0, 0.0, 0.0, 0.0, 0.0, 0.0, 0.0, 0.0, 0.0, 0.0, 0.0, 0.0, 0.0, 0.0, 0.0, 0.0, 0.0, 0.0, 0.0, 0.0, 0.0, 0.0, 0.0, 0.0, 0.0, 0.0]","stage1/test_loss":0.25057173036076164,"stage2_test_loss":0.5143716970473163,"stage3_test_acc":87.44485917882592,"stage1/test_acc":91.72039362063116,"mask_l1":0.015625,"stage1_test_loss":0.25057173036076164,"lr_backbone":0.0001}