{"_timestamp":1.7757738606259322e+09,"train_acc":97.4913990825688,"stage1/test_f1":0.9083884028424908,"stage1/test_acc":90.70240922972515,"val_loss":0.20188972443460965,"train_loss":0.06317186477773507,"stage1_test_loss":0.344244056778843,"lr_backbone":0.0001,"best_val_loss":0.09273540408298202,"stage2_hard_bin_mask_str":"[0.0, 1.0, 1.0, 1.0, 1.0, 1.0, 1.0, 1.0, 1.0, 1.0, 1.0, 1.0, 1.0, 1.0, 1.0, 1.0, 1.0, 1.0, 1.0, 1.0, 1.0, 1.0, 1.0, 1.0, 1.0, 1.0, 1.0, 1.0, 1.0, 1.0, 1.0, 1.0, 1.0, 1.0, 1.0, 1.0, 1.0, 1.0, 1.0, 1.0, 1.0, 1.0, 1.0, 1.0, 1.0, 1.0, 1.0, 1.0, 1.0, 1.0, 1.0, 1.0, 1.0, 1.0, 1.0, 1.0, 1.0, 1.0, 1.0, 1.0, 1.0, 1.0, 1.0, 1.0, 0.0, 0.0, 0.0, 1.0, 1.0, 1.0, 0.0, 1.0, 0.0, 1.0, 1.0, 1.0, 0.0, 1.0, 0.0, 0.0, 1.0, 0.0, 0.0, 1.0, 1.0, 1.0, 1.0, 1.0, 1.0, 1.0, 0.0, 0.0, 0.0, 1.0, 0.0, 1.0, 1.0, 1.0, 0.0, 1.0, 1.0, 0.0, 1.0, 1.0, 0.0, 1.0, 0.0, 0.0, 0.0, 1.0, 1.0, 0.0, 1.0, 1.0, 1.0, 1.0, 1.0, 0.0, 1.0, 1.0, 1.0, 1.0, 1.0, 1.0, 1.0, 0.0, 0.0, 0.0]","stage2_test_f1":0.9075418380538302,"val_acc":93.88297872340425,"stage3_test_f1":0.9283772901317873,"bin_keep_ratio":0.796875,"stage_1_separableconvcnn/confusion_matrix_table":{"ncols":3,"nrows":36,"size":1367,"log_mode":"IMMUTABLE","path":"media/table/stage_1_separableconvcnn/confusion_matrix_table_1_beec763689a3ade99de0.table.json","_type":"table-file","sha256":"beec763689a3ade99de0f94dc00571c79732049db16ef5d22d8483d7a1255bae","_latest_artifact_path":"wandb-client-artifact://lkxfraeapcxxy8n0nuem86017kcvri35o96nfltlu42utf9988jjvz2hgzodvthu1gkbwzk8usa3mpuhdm4plw28xkhgqog0fg12450dgpzln19a6sqzspxh0k6ec98e:latest/stage_1_separableconvcnn/confusion_matrix_table.table.json","artifact_path":"wandb-client-artifact://997ycwdv0nemx8h3fyykxoo1mbxzhifode1hndhpglzmbfp0shdblpgww6007xllf3ikpnezf6rdqiy45ypryng0ogb8angmalrtc4m19y4j50u2nbvztm62et0c5gj5/stage_1_separableconvcnn/confusion_matrix_table.table.json"},"stage1/test_loss":0.344244056778843,"_step":8,"stage":3,"stage1_test_acc":90.70240922972515,"stage2_test_acc":90.66847641669494,"stage3_test_loss":0.3530514743425779,"stage1_test_f1":0.9083884028424908,"lr":0.001,"epoch":15,"lr_gumbel_bin":0.001,"stage2_test_loss":0.44595979549076686,"_wandb":{"runtime":13},"stage1/use_pretrain_model":false,"stage_3_separableconvcnn/confusion_matrix_table":{"artifact_path":"wandb-client-artifact://en20osfejnkiss01ix0dt7zts3jpxqs6dzhl1y9kuhyq0nv93kffllxh1dqlmv3c9gnszw1axxc3mufo38fk35vp24swa279zn7wj7kn3qn60tguqni36jpmol33v5p8/stage_3_separableconvcnn/confusion_matrix_table.table.json","sha256":"326a8f62e3f7fa56b4e49de78a297a683c8bc1a679c7e1a976fb08848a2de5f7","log_mode":"IMMUTABLE","nrows":36,"_type":"table-file","size":1365,"path":"media/table/stage_3_separableconvcnn/confusion_matrix_table_7_326a8f62e3f7fa56b4e4.table.json","ncols":3,"_latest_artifact_path":"wandb-client-artifact://jhyp38zwm5ph91xerh2apos3n5e9szyzftw8dk3spa9u1pusofmmsnqyp596yj75aiwitq5f116gwep5hp4mingq8i1edpsbpuuux1nw0tt9ejm0gam3ejcicbgku858:latest/stage_3_separableconvcnn/confusion_matrix_table.table.json"},"_runtime":13,"mask_l1":0.8281250596046448,"stage3_test_acc":92.73837801153715}