{"stage2/best_val_loss":0.7597469952727064,"stage1_test_f1":0.715260829706252,"stage2/Total_Pruned_%":74.375,"stage1_test_acc":80.9273570324575,"stage2/raw_hard_mask_block2":"[0.0, 0.0, 0.0, 0.0, 0.0, 1.0, 0.0, 0.0, 0.0, 1.0, 0.0, 0.0, 0.0, 0.0, 0.0, 0.0, 1.0, 0.0, 0.0, 0.0, 0.0, 0.0, 0.0, 0.0, 0.0, 0.0, 0.0, 0.0, 0.0, 0.0, 0.0, 0.0, 1.0, 0.0, 0.0, 0.0, 0.0, 1.0, 0.0, 1.0, 0.0, 0.0, 1.0, 0.0, 0.0, 0.0, 1.0, 0.0, 0.0, 0.0, 1.0, 0.0, 0.0, 0.0, 1.0, 0.0, 1.0, 0.0, 0.0, 0.0, 0.0, 0.0, 0.0, 0.0]","stage2/final_mask_keep_ratio_block3":0.09375,"train_loss":0.7526364623853498,"val_acc":65.16290726817043,"Total_Pruned_%":74.375,"stage2/block3_Pruned_%":90.625,"stage1/test_loss":0.581220023251498,"_timestamp":1.7768649698816903e+09,"val_loss":0.7648095335108467,"epoch":25,"stage2/lr_gumbel":0.001,"stage_1_separableconvcnn/confusion_matrix_table":{"size":2013,"_latest_artifact_path":"wandb-client-artifact://5zyf10zzl76hu6flrwhteyheochinlz7a6ui2gtnsww5npoultze7nqj6b2uelu0oytob32n8p06epfhuqdc3eleyt4s43c3pqtpyi61rp6j0mphhw98xs6y8vnirr2z:latest/stage_1_separableconvcnn/confusion_matrix_table.table.json","path":"media/table/stage_1_separableconvcnn/confusion_matrix_table_1_4914c57416d7d97c05d7.table.json","ncols":3,"sha256":"4914c57416d7d97c05d71336b6dd88502669ddc7eb128e5dae27a54e7be414ec","artifact_path":"wandb-client-artifact://g3gp8mbmls12528klom7hizhx7pqe1tr3ywerhrvbl2j3ufn8hekwkhokor93nhgngebewkt47yjp88fq95femi6z8d60gv05xujh5i8qgacblcx5p9c4p3duzxyu371/stage_1_separableconvcnn/confusion_matrix_table.table.json","_type":"table-file","nrows":64,"log_mode":"IMMUTABLE"},"stage2_test_f1":0.6665639866156177,"best_val_loss":0.7455652832686154,"stage1/test_f1":0.715260829706252,"stage2/stage_number":2,"block4_Pruned_%":53.90625,"stage2/mask_l1":0.22069868445396423,"stage1/use_pretrain_model":false,"lr_loaded_weights":0.0001,"train_acc":57.94499467308527,"block3_Pruned_%":90.625,"block2_Pruned_%":82.8125,"_wandb":{"runtime":269},"stage2/final_mask_keep_ratio_block2":0.171875,"model_param_count":6167,"stage2/block2_Pruned_%":82.8125,"stage2/test_loss":0.6816074168394977,"stage2/val_acc":64.08879341210168,"stage2/train_loss":1.0803341340121184,"stage2/val_loss":0.7782970609265418,"stage3_test_loss":0.6442225336844254,"stage2/raw_hard_mask_block4":"[0.0, 1.0, 0.0, 1.0, 0.0, 1.0, 0.0, 0.0, 0.0, 0.0, 1.0, 1.0, 0.0, 1.0, 0.0, 0.0, 0.0, 1.0, 1.0, 0.0, 1.0, 1.0, 0.0, 0.0, 0.0, 1.0, 0.0, 0.0, 1.0, 0.0, 1.0, 0.0, 1.0, 1.0, 0.0, 0.0, 0.0, 1.0, 1.0, 0.0, 0.0, 1.0, 0.0, 1.0, 0.0, 0.0, 1.0, 1.0, 1.0, 0.0, 0.0, 0.0, 1.0, 0.0, 1.0, 0.0, 0.0, 0.0, 1.0, 0.0, 0.0, 0.0, 0.0, 1.0, 1.0, 0.0, 0.0, 1.0, 1.0, 0.0, 1.0, 0.0, 0.0, 1.0, 1.0, 1.0, 0.0, 0.0, 0.0, 0.0, 1.0, 0.0, 1.0, 1.0, 1.0, 0.0, 0.0, 1.0, 0.0, 1.0, 0.0, 1.0, 0.0, 0.0, 0.0, 1.0, 1.0, 1.0, 0.0, 0.0, 0.0, 0.0, 1.0, 1.0, 1.0, 1.0, 1.0, 1.0, 1.0, 0.0, 0.0, 1.0, 1.0, 1.0, 0.0, 0.0, 1.0, 1.0, 1.0, 1.0, 0.0, 0.0, 0.0, 0.0, 0.0, 1.0, 0.0, 1.0]","stage2/epoch":45,"stage2_test_acc":78.05255023183926,"model_param_count_pruned":6167,"stage1/test_acc":80.9273570324575,"stage2/train_acc":53.2040405634692,"stage_3_prunedseparableconvcnn/confusion_matrix_table":{"size":2018,"log_mode":"IMMUTABLE","sha256":"fd2e8712635e29cff043063f976fcfda827f75273205d7c51e42800ff716452f","path":"media/table/stage_3_prunedseparableconvcnn/confusion_matrix_table_17_fd2e8712635e29cff043.table.json","ncols":3,"artifact_path":"wandb-client-artifact://yfpyzbhagguz41b7mong2v8yfrzsdq452y6cosdidoh1o5ngsj1lksfvi88fabxghf3y7gf11x5ilzsnkew3bfnc8laxbkdqyclv9nf619vesgsjetq8vke4eptupa0i/stage_3_prunedseparableconvcnn/confusion_matrix_table.table.json","_latest_artifact_path":"wandb-client-artifact://fcel4m80zltfe0mydbqahbr900f8f7tyzsvt5apygqj47v3o8lkzcubrelnhg5qfa85tva1afybnyinzixtyuj95vpsfsudw3brxip3gdifa7kmfwoitvjg0mj9gaqdu:latest/stage_3_prunedseparableconvcnn/confusion_matrix_table.table.json","nrows":64,"_type":"table-file"},"_step":19,"stage2/purpose":"train channel-pruning model with masking","stage2_test_loss":0.6816074168394977,"stage3_test_f1":0.6824258316807627,"model_param_reduction_pct":83.33153143413158,"stage":3,"_runtime":269,"stage2/test_acc":78.05255023183926,"stage2/final_mask_keep_ratio_block4":0.4609375,"stage2/block4_Pruned_%":53.90625,"final_summary_log_path":"/home/qphan/master-thesis/models/wear_best_model_three_stage_channel_subject0_val_final_summary_val_0.txt","stage2/best_epoch":38,"model_param_count_dense":36998,"stage2/lr_backbone":0.0001,"stage2/raw_hard_mask_block3":"[0.0, 1.0, 0.0, 0.0, 0.0, 0.0, 0.0, 1.0, 0.0, 0.0, 0.0, 0.0, 0.0, 0.0, 0.0, 1.0, 0.0, 0.0, 0.0, 0.0, 0.0, 0.0, 0.0, 0.0, 0.0, 0.0, 0.0, 0.0, 0.0, 1.0, 0.0, 0.0, 0.0, 0.0, 0.0, 0.0, 0.0, 0.0, 0.0, 0.0, 0.0, 0.0, 0.0, 0.0, 0.0, 0.0, 1.0, 0.0, 0.0, 0.0, 0.0, 0.0, 0.0, 0.0, 0.0, 0.0, 0.0, 0.0, 0.0, 0.0, 0.0, 0.0, 0.0, 1.0, 0.0, 0.0, 0.0, 0.0, 0.0, 0.0, 0.0, 0.0, 0.0, 0.0, 0.0, 0.0, 0.0, 0.0, 0.0, 0.0, 0.0, 0.0, 0.0, 0.0, 0.0, 0.0, 0.0, 1.0, 0.0, 0.0, 1.0, 0.0, 0.0, 0.0, 1.0, 0.0, 0.0, 0.0, 0.0, 0.0, 0.0, 0.0, 0.0, 1.0, 0.0, 0.0, 0.0, 0.0, 0.0, 0.0, 0.0, 0.0, 0.0, 0.0, 0.0, 1.0, 0.0, 0.0, 0.0, 0.0, 0.0, 0.0, 0.0, 0.0, 0.0, 0.0, 1.0, 0.0]","stage1_test_loss":0.581220023251498,"stage2/test_f1":0.6665639866156177,"stage3_test_acc":79.04173106646058}