{"_wandb":{"runtime":13},"stage3_test_loss":0.4789850501860791,"train_loss":0.2205513978029982,"lr_gumbel_bin":0.001,"stage_3_separableconvcnn/confusion_matrix_table":{"artifact_path":"wandb-client-artifact://k0nqchcfjhyw73jti91gjmhmqbitjl5j42ke8air76qbgn35073ufzpa58s9krrawtagcro0su148q47cveg2be9eb790ndffunbhlmraodafnkvlr2pcft467hxinr5/stage_3_separableconvcnn/confusion_matrix_table.table.json","nrows":36,"_latest_artifact_path":"wandb-client-artifact://sha9rw216eue3e3uom5yngn9963nthkp6vob8x3nuj1t3a72vd56l45ymgdc871k6lpohaxokmb3f6c1yhqzy9d1ye1xsjdq8ba2a1tin84msw4nv4j5r96n0z4aicin:latest/stage_3_separableconvcnn/confusion_matrix_table.table.json","path":"media/table/stage_3_separableconvcnn/confusion_matrix_table_7_27fa210f58bd1f39a520.table.json","log_mode":"IMMUTABLE","sha256":"27fa210f58bd1f39a52015a5af6d1cd7e155c3bbbe688e7ae955343516991092","ncols":3,"size":1371,"_type":"table-file"},"mask_l1":0.0234375,"train_acc":89.95003568879372,"stage3_test_f1":0.8313177980703923,"lr_backbone":0.0001,"stage1_test_acc":91.72039362063116,"_step":8,"val_acc":81.26801152737752,"val_loss":0.4604235612398137,"stage1/test_loss":0.25057173036076164,"stage2_test_loss":0.6568692999695686,"bin_keep_ratio":0.1875,"stage3_test_acc":83.5425856803529,"_runtime":13,"lr":0.001,"stage2_hard_bin_mask_str":"[0.0, 0.0, 0.0, 0.0, 0.0, 0.0, 0.0, 0.0, 0.0, 0.0, 1.0, 1.0, 0.0, 1.0, 0.0, 0.0, 1.0, 0.0, 0.0, 0.0, 1.0, 1.0, 0.0, 0.0, 0.0, 0.0, 0.0, 0.0, 1.0, 1.0, 1.0, 0.0, 0.0, 0.0, 1.0, 1.0, 0.0, 1.0, 0.0, 0.0, 0.0, 1.0, 1.0, 0.0, 1.0, 1.0, 1.0, 1.0, 0.0, 0.0, 0.0, 0.0, 0.0, 1.0, 1.0, 1.0, 1.0, 0.0, 0.0, 1.0, 0.0, 0.0, 1.0, 0.0, 0.0, 0.0, 0.0, 0.0, 0.0, 0.0, 0.0, 0.0, 0.0, 0.0, 0.0, 0.0, 0.0, 0.0, 0.0, 0.0, 0.0, 0.0, 0.0, 0.0, 0.0, 0.0, 0.0, 0.0, 0.0, 0.0, 0.0, 0.0, 0.0, 0.0, 0.0, 0.0, 0.0, 0.0, 0.0, 0.0, 0.0, 0.0, 0.0, 0.0, 0.0, 0.0, 0.0, 0.0, 0.0, 0.0, 0.0, 0.0, 0.0, 0.0, 0.0, 0.0, 0.0, 0.0, 0.0, 0.0, 0.0, 0.0, 0.0, 0.0, 0.0, 0.0, 0.0, 0.0]","stage2_test_acc":77.53647777400747,"stage_1_separableconvcnn/confusion_matrix_table":{"log_mode":"IMMUTABLE","_type":"table-file","size":1366,"_latest_artifact_path":"wandb-client-artifact://lng596amk1wvrds46rmvli9it6mxktjooejzl0ztof87qxuwbf2vceg0lxzmh5cpqcyj7ab63femezvfxqkl1gy4axo4mteyg8mpsub4lks2lzs434it5ykmfrh9th0a:latest/stage_1_separableconvcnn/confusion_matrix_table.table.json","ncols":3,"artifact_path":"wandb-client-artifact://vgjhjceoq4sd4xfv3t9nflyqowkonfz6lqi5bdhqt41r9yzzc4oasnw8630nb5ffvkyd01wi4pyj8jqvg3wrx4rznrntudwq7dkcyvp9ln7rhgvo581k6kaipkianvsq/stage_1_separableconvcnn/confusion_matrix_table.table.json","sha256":"ba1709b9ded253dca6f14b8d1a777336f0cb86899167c45d58f90d5e787020ac","nrows":36,"path":"media/table/stage_1_separableconvcnn/confusion_matrix_table_1_ba1709b9ded253dca6f1.table.json"},"stage1/test_f1":0.9190924499938599,"stage1_test_f1":0.9190924499938599,"stage1_test_loss":0.25057173036076164,"best_val_loss":0.33642999714063293,"stage1/test_acc":91.72039362063116,"stage2_test_f1":0.7744791974323796,"epoch":15,"stage1/use_pretrain_model":false,"stage":3,"_timestamp":1.7764228801555424e+09}