{"stage2/epoch":30,"stage1_test_f1":0.9051329843595525,"stage2/block4_Pruned_%":57.8125,"best_val_loss":0.2738050978377227,"lr_loaded_weights":0.0001,"epoch":60,"_step":23,"stage2/final_mask_keep_ratio_block4":0.421875,"block4_Pruned_%":57.8125,"stage2_test_loss":0.6729079020555024,"stage2/raw_hard_mask_block3":"[0.0, 0.0, 0.0, 0.0, 1.0, 1.0, 0.0, 0.0, 0.0, 0.0, 0.0, 1.0, 0.0, 0.0, 1.0, 0.0, 1.0, 0.0, 0.0, 0.0, 1.0, 0.0, 0.0, 0.0, 0.0, 0.0, 1.0, 0.0, 1.0, 0.0, 0.0, 0.0, 0.0, 1.0, 1.0, 0.0, 0.0, 1.0, 0.0, 0.0, 0.0, 0.0, 1.0, 0.0, 0.0, 0.0, 0.0, 0.0, 0.0, 1.0, 0.0, 1.0, 1.0, 1.0, 0.0, 0.0, 0.0, 0.0, 0.0, 0.0, 0.0, 1.0, 1.0, 0.0, 0.0, 1.0, 0.0, 0.0, 0.0, 0.0, 1.0, 0.0, 0.0, 0.0, 0.0, 0.0, 0.0, 1.0, 0.0, 1.0, 1.0, 1.0, 0.0, 1.0, 1.0, 0.0, 0.0, 1.0, 1.0, 0.0, 0.0, 0.0, 0.0, 0.0, 0.0, 0.0, 0.0, 0.0, 0.0, 1.0, 1.0, 1.0, 0.0, 0.0, 0.0, 1.0, 0.0, 1.0, 1.0, 0.0, 0.0, 0.0, 1.0, 0.0, 0.0, 1.0, 0.0, 0.0, 1.0, 0.0, 0.0, 0.0, 1.0, 1.0, 1.0, 0.0, 0.0, 0.0]","_timestamp":1.7758654110277216e+09,"model_param_count":7915,"Total_Pruned_%":65.9375,"stage2/test_f1":0.5537648489399435,"stage2/val_loss":0.7426283396195367,"stage2/train_acc":60.71736011477762,"block2_Pruned_%":76.5625,"val_loss":0.2776756762912136,"train_acc":89.51219512195122,"stage2/best_epoch":22,"stage2/lr_backbone":0.0001,"stage2/final_mask_keep_ratio_block3":0.3125,"stage2/mask_l1":0.4396458566188812,"stage2/raw_hard_mask_block4":"[0.0, 1.0, 1.0, 1.0, 0.0, 0.0, 1.0, 1.0, 0.0, 0.0, 0.0, 0.0, 1.0, 0.0, 1.0, 0.0, 1.0, 1.0, 1.0, 0.0, 0.0, 1.0, 1.0, 0.0, 0.0, 0.0, 0.0, 1.0, 1.0, 0.0, 1.0, 1.0, 0.0, 0.0, 0.0, 0.0, 0.0, 1.0, 0.0, 0.0, 0.0, 1.0, 0.0, 1.0, 1.0, 1.0, 0.0, 0.0, 0.0, 0.0, 1.0, 1.0, 1.0, 0.0, 1.0, 0.0, 0.0, 1.0, 0.0, 0.0, 1.0, 1.0, 1.0, 1.0, 0.0, 0.0, 0.0, 0.0, 0.0, 0.0, 1.0, 0.0, 0.0, 0.0, 0.0, 0.0, 0.0, 0.0, 1.0, 1.0, 1.0, 1.0, 1.0, 1.0, 1.0, 0.0, 0.0, 1.0, 1.0, 1.0, 0.0, 0.0, 0.0, 1.0, 0.0, 0.0, 0.0, 0.0, 1.0, 1.0, 1.0, 0.0, 0.0, 1.0, 1.0, 0.0, 0.0, 0.0, 0.0, 0.0, 0.0, 1.0, 0.0, 0.0, 0.0, 0.0, 0.0, 1.0, 1.0, 1.0, 0.0, 1.0, 0.0, 0.0, 1.0, 0.0, 1.0, 0.0]","stage1_test_loss":0.26277959650952193,"stage2/raw_hard_mask_block2":"[1.0, 1.0, 0.0, 0.0, 0.0, 0.0, 0.0, 1.0, 0.0, 1.0, 0.0, 0.0, 1.0, 0.0, 1.0, 0.0, 1.0, 0.0, 0.0, 0.0, 0.0, 0.0, 0.0, 0.0, 0.0, 0.0, 0.0, 0.0, 0.0, 0.0, 0.0, 0.0, 1.0, 1.0, 0.0, 0.0, 0.0, 0.0, 0.0, 0.0, 0.0, 1.0, 0.0, 0.0, 1.0, 0.0, 0.0, 0.0, 0.0, 0.0, 1.0, 0.0, 0.0, 1.0, 1.0, 0.0, 0.0, 0.0, 0.0, 0.0, 0.0, 0.0, 0.0, 1.0]","stage3_test_f1":0.8992882542702447,"stage_1_separableconvcnn/confusion_matrix_table":{"nrows":36,"size":1366,"sha256":"5e10bfc5089100db3fe5728a7162421b691ff437e4ac9bceeeae0f92c75042d8","artifact_path":"wandb-client-artifact://0z9u53tp340g92d739i4cg10ht6d4wu0576n2aape2b0xc79trjfvd5bsk6kxvl1fg51gxe6h9p80ofe4m5e307h3sxavuvmogqngcwzze55emg8kysx8s2cc4xfz5xh/stage_1_separableconvcnn/confusion_matrix_table.table.json","_latest_artifact_path":"wandb-client-artifact://tim2auoq8mlchnatmd5fr9navet3j4ginage8wqtx6bv4ajb4d30gezifleqrludladgl5xe8ix8wrps1cec536u3gxrq3i89nk8wswqcot7p4otdvogcxrsnfc0fxc1:latest/stage_1_separableconvcnn/confusion_matrix_table.table.json","_type":"table-file","log_mode":"IMMUTABLE","path":"media/table/stage_1_separableconvcnn/confusion_matrix_table_1_5e10bfc5089100db3fe5.table.json","ncols":3},"stage2/lr_gumbel":0.001,"_runtime":38,"val_acc":90.83769633507853,"stage2/final_mask_keep_ratio_block2":0.234375,"stage1/test_loss":0.26277959650952193,"stage3_test_acc":89.71835765184935,"stage2/block2_Pruned_%":76.5625,"stage2/train_loss":1.0464698469279656,"stage2/purpose":"train channel-pruning model with masking","stage2/best_val_loss":0.6988660880798445,"model_param_count_dense":36868,"stage2/test_loss":0.6729079020555024,"stage2/test_acc":60.70580251102817,"train_loss":0.2561467188801964,"block3_Pruned_%":68.75,"final_summary_log_path":"/home/qphan/master-thesis/models/uci_best_model_three_stage_channel_subject28_val_final_summary_val_28.txt","stage_3_prunedseparableconvcnn/confusion_matrix_table":{"sha256":"2ab68358751ac4e3a24f4b4606f51411cd087d109e221897df75f8be19579dc7","log_mode":"IMMUTABLE","path":"media/table/stage_3_prunedseparableconvcnn/confusion_matrix_table_21_2ab68358751ac4e3a24f.table.json","_type":"table-file","artifact_path":"wandb-client-artifact://jfqhma2gulniv5sgldat9oftg6qjiftiicioj9voxzdit86i8t5j1wc6qc3oyoaw6h38bgq8ko4prfp2fitapip0ocyqh927bigazye377vc78esqjqz86lsqi6bzdj3/stage_3_prunedseparableconvcnn/confusion_matrix_table.table.json","_latest_artifact_path":"wandb-client-artifact://154gk9qkbqvb5mdpkapnelgyekph7xn89a8oskskpp1yll3gyara4xfjoa7dx377eqf16p0gyq7t6s6a96cja7ye80024h7ix14ye3z8gcclyl0gob0d7txk1z4zyb8q:latest/stage_3_prunedseparableconvcnn/confusion_matrix_table.table.json","size":1368,"nrows":36,"ncols":3},"stage":3,"stage2_test_f1":0.5537648489399435,"stage2/val_acc":57.853403141361255,"stage1/test_f1":0.9051329843595525,"stage1_test_acc":90.26128266033254,"stage1/use_pretrain_model":false,"stage2/block3_Pruned_%":68.75,"stage2/stage_number":2,"model_param_count_pruned":7915,"model_param_reduction_pct":78.53151784745579,"stage3_test_loss":0.3029143476861421,"stage1/test_acc":90.26128266033254,"stage2_test_acc":60.70580251102817,"stage2/Total_Pruned_%":65.9375,"_wandb":{"runtime":38}}