{"stage2/final_mask_keep_ratio_block2":0.296875,"stage3_test_loss":0.3162523662695307,"stage3_test_acc":89.41296233457754,"stage2/epoch":35,"stage1/test_loss":0.22055789638881276,"stage2/test_loss":0.6531368098877469,"model_param_count_pruned":6984,"_step":24,"stage2/train_acc":59.46333763811164,"final_summary_log_path":"/home/qphan/master-thesis/models/uci_best_model_three_stage_channel_subject30_val_final_summary_val_30.txt","stage2/test_acc":62.538174414658975,"stage1_test_f1":0.9239060078892737,"stage_1_separableconvcnn/confusion_matrix_table":{"path":"media/table/stage_1_separableconvcnn/confusion_matrix_table_1_cc7b9f814993e0a95cb9.table.json","sha256":"cc7b9f814993e0a95cb917ba11f19db645c604b66bb7ffecd44ad2ccf6147a1e","size":1368,"nrows":36,"artifact_path":"wandb-client-artifact://mnch4hwb0gkof067xodgbshlxu8rharfidjgryo3srf70bedfsfcekfkc4i56a5gulsxdx2gu5rewqkcjfcsy6lmf545ealhefziq4i19hu2f36z3i2i51ne6fjhtwt1/stage_1_separableconvcnn/confusion_matrix_table.table.json","log_mode":"IMMUTABLE","_type":"table-file","ncols":3,"_latest_artifact_path":"wandb-client-artifact://pemec46t09b3l45vfexjzvfg2jtj0mt8622y1vehzlt257oj760wxh2lpa7lnoq31896ggujxfz4zi6yuddocgcbu2ac7zt648yttkji1ofhuh6mnw294rll9vgefla7:latest/stage_1_separableconvcnn/confusion_matrix_table.table.json"},"lr_loaded_weights":0.0001,"stage1_test_acc":92.33118425517475,"_wandb":{"runtime":41},"stage2/final_mask_keep_ratio_block4":0.3671875,"stage2/block2_Pruned_%":70.3125,"stage2/val_acc":65.27415143603133,"train_loss":0.2721014349395429,"stage2_test_acc":62.538174414658975,"_runtime":41,"stage1/test_f1":0.9239060078892737,"stage2/mask_l1":0.41671568155288696,"block2_Pruned_%":70.3125,"stage2/best_val_loss":0.5625638556970629,"Total_Pruned_%":69.0625,"model_param_reduction_pct":81.0567429749376,"stage2/lr_gumbel":0.001,"stage2_test_f1":0.5841789289912648,"stage1/use_pretrain_model":false,"block3_Pruned_%":74.21875,"stage2/Total_Pruned_%":69.0625,"stage2/train_loss":1.022668522474054,"stage2/val_loss":0.5787432485165235,"stage2_test_loss":0.6531368098877469,"val_acc":92.16710182767623,"stage2/test_f1":0.5841789289912648,"stage1/test_acc":92.33118425517475,"stage2/block4_Pruned_%":63.28125,"val_loss":0.2076832200388373,"stage2/raw_hard_mask_block4":"[1.0, 1.0, 1.0, 1.0, 0.0, 0.0, 0.0, 1.0, 1.0, 0.0, 1.0, 0.0, 0.0, 0.0, 1.0, 1.0, 1.0, 0.0, 0.0, 0.0, 0.0, 0.0, 1.0, 1.0, 1.0, 0.0, 0.0, 1.0, 0.0, 1.0, 0.0, 1.0, 1.0, 1.0, 0.0, 0.0, 0.0, 0.0, 0.0, 0.0, 0.0, 0.0, 0.0, 0.0, 0.0, 0.0, 1.0, 0.0, 0.0, 0.0, 0.0, 0.0, 0.0, 0.0, 0.0, 0.0, 1.0, 1.0, 0.0, 0.0, 1.0, 1.0, 1.0, 0.0, 0.0, 1.0, 0.0, 1.0, 0.0, 0.0, 0.0, 1.0, 0.0, 0.0, 1.0, 0.0, 0.0, 0.0, 0.0, 1.0, 1.0, 0.0, 0.0, 0.0, 0.0, 0.0, 0.0, 1.0, 0.0, 0.0, 1.0, 0.0, 0.0, 0.0, 1.0, 0.0, 1.0, 0.0, 0.0, 0.0, 1.0, 1.0, 1.0, 1.0, 1.0, 0.0, 0.0, 0.0, 1.0, 0.0, 0.0, 1.0, 0.0, 1.0, 1.0, 0.0, 0.0, 0.0, 1.0, 0.0, 1.0, 1.0, 0.0, 0.0, 0.0, 1.0, 0.0, 0.0]","stage2/raw_hard_mask_block3":"[0.0, 0.0, 1.0, 1.0, 1.0, 0.0, 1.0, 0.0, 0.0, 1.0, 0.0, 1.0, 0.0, 1.0, 1.0, 0.0, 0.0, 0.0, 0.0, 1.0, 0.0, 0.0, 0.0, 0.0, 1.0, 0.0, 1.0, 0.0, 1.0, 1.0, 0.0, 0.0, 1.0, 1.0, 0.0, 1.0, 1.0, 0.0, 0.0, 1.0, 0.0, 0.0, 0.0, 0.0, 0.0, 0.0, 0.0, 0.0, 0.0, 1.0, 0.0, 0.0, 0.0, 0.0, 0.0, 1.0, 0.0, 0.0, 0.0, 1.0, 0.0, 0.0, 0.0, 0.0, 1.0, 0.0, 0.0, 0.0, 1.0, 0.0, 0.0, 0.0, 0.0, 1.0, 0.0, 0.0, 1.0, 0.0, 0.0, 1.0, 0.0, 0.0, 0.0, 0.0, 0.0, 0.0, 1.0, 0.0, 1.0, 0.0, 1.0, 0.0, 0.0, 1.0, 0.0, 0.0, 1.0, 0.0, 0.0, 1.0, 0.0, 0.0, 0.0, 0.0, 0.0, 1.0, 0.0, 0.0, 0.0, 0.0, 0.0, 0.0, 0.0, 0.0, 0.0, 0.0, 0.0, 0.0, 0.0, 0.0, 0.0, 0.0, 0.0, 0.0, 0.0, 0.0, 0.0, 0.0]","train_acc":87.90357296599225,"model_param_count_dense":36868,"stage1_test_loss":0.22055789638881276,"best_val_loss":0.20664297155160505,"_timestamp":1.7758654934220762e+09,"stage2/best_epoch":28,"stage_3_prunedseparableconvcnn/confusion_matrix_table":{"_type":"table-file","_latest_artifact_path":"wandb-client-artifact://ys517luta3f65j6nwk9akrwug7hbpxirvgbrtura6nc6qo0bso9upusiuheslfzfsk4d69bgxl1tjigtqq4d9ps4wzkf6620kaf8iaa6aw9l0k34d8b46odxp8pf3pvf:latest/stage_3_prunedseparableconvcnn/confusion_matrix_table.table.json","size":1367,"ncols":3,"sha256":"dbce70be08a5ee4fca7e3ae79017c1045f2492a9edd4942c7d1f1705ed04e817","nrows":36,"artifact_path":"wandb-client-artifact://gseplpzqu7uwgabmdz1gqh7cddy63imvjrwaukxoqfotuo701refcnfp5ot91eo3zazy7zc3imd46xyu6xfkjtxknf7gtiw5t17z8zizz2hw6oioqa2fqp8g0b0zkfvg/stage_3_prunedseparableconvcnn/confusion_matrix_table.table.json","path":"media/table/stage_3_prunedseparableconvcnn/confusion_matrix_table_22_dbce70be08a5ee4fca7e.table.json","log_mode":"IMMUTABLE"},"stage2/block3_Pruned_%":74.21875,"stage2/final_mask_keep_ratio_block3":0.2578125,"stage2/purpose":"train channel-pruning model with masking","model_param_count":6984,"epoch":60,"stage2/raw_hard_mask_block2":"[1.0, 0.0, 1.0, 0.0, 0.0, 0.0, 1.0, 0.0, 0.0, 0.0, 0.0, 0.0, 0.0, 0.0, 0.0, 0.0, 1.0, 0.0, 1.0, 0.0, 0.0, 0.0, 0.0, 1.0, 0.0, 0.0, 1.0, 0.0, 0.0, 0.0, 1.0, 0.0, 0.0, 1.0, 0.0, 0.0, 0.0, 0.0, 0.0, 0.0, 0.0, 1.0, 1.0, 1.0, 1.0, 0.0, 1.0, 1.0, 0.0, 0.0, 0.0, 1.0, 0.0, 0.0, 0.0, 1.0, 1.0, 0.0, 0.0, 0.0, 0.0, 1.0, 0.0, 0.0]","stage2/lr_backbone":0.0001,"block4_Pruned_%":63.28125,"stage3_test_f1":0.8957619850240413,"stage":3,"stage2/stage_number":2}