{"_runtime":35,"lr_gumbel_bin":0.001,"lr":0.001,"lr_backbone":0.0001,"stage1_test_f1":0.8382917571746885,"stage":3,"stage2_hard_bin_mask_str":"[0.0, 1.0, 1.0, 0.0, 1.0, 1.0, 1.0, 1.0, 1.0, 1.0, 1.0, 1.0, 1.0, 1.0, 1.0, 1.0, 1.0, 1.0, 1.0, 1.0, 1.0, 1.0, 1.0, 1.0, 1.0, 1.0, 1.0, 1.0, 1.0, 1.0, 1.0, 1.0, 1.0, 1.0, 1.0, 1.0, 1.0, 1.0, 1.0, 1.0, 1.0, 1.0, 1.0, 1.0, 1.0, 1.0, 1.0, 1.0, 1.0, 1.0, 1.0, 1.0, 1.0, 1.0, 1.0, 1.0, 1.0, 1.0, 1.0, 1.0, 1.0, 0.0, 0.0, 1.0, 0.0, 0.0, 0.0, 0.0, 0.0, 0.0, 0.0, 0.0, 0.0, 0.0, 0.0, 0.0, 0.0, 0.0, 0.0, 0.0, 0.0, 0.0, 0.0, 0.0, 0.0, 0.0, 0.0, 0.0, 0.0, 0.0, 0.0, 0.0, 0.0, 0.0, 0.0, 0.0, 0.0, 0.0, 0.0, 0.0, 0.0, 0.0, 0.0, 0.0, 0.0, 0.0, 0.0, 0.0, 0.0, 0.0, 0.0, 0.0, 0.0, 0.0, 0.0, 0.0, 0.0, 0.0, 0.0, 0.0, 0.0, 0.0, 0.0, 0.0, 0.0, 0.0, 0.0, 0.0]","stage1/test_f1":0.8382917571746885,"stage3_test_acc":90.43094672548354,"bin_keep_ratio":0.46875,"stage1/test_loss":0.36175281142630955,"stage3_test_loss":0.2795032894685095,"stage2_test_acc":91.34713267729894,"best_val_loss":0.07446204855272145,"_timestamp":1.7757747272919846e+09,"train_acc":94.86559522116342,"mask_l1":0.46875,"stage1/test_acc":84.0176450627757,"stage1_test_loss":0.36175281142630955,"stage_3_separableconvcnn/confusion_matrix_table":{"size":1365,"nrows":36,"sha256":"10d8d3d3f9504a417282c82d07362f9ff1894769bb316578ef81724c74a4ec58","_type":"table-file","artifact_path":"wandb-client-artifact://qvugnuu6d2rgbvkal6c7chggck3e1xdor6s1hdrxu3p0u103pkowm0lkgz19py6nxv9tngz3k3jxtf6rqmgmrbdldego9fipchf8hqdkuxhn7l7s3ucl760sc9v6ca09/stage_3_separableconvcnn/confusion_matrix_table.table.json","path":"media/table/stage_3_separableconvcnn/confusion_matrix_table_18_10d8d3d3f9504a417282.table.json","_latest_artifact_path":"wandb-client-artifact://3dc4q7wf0woby7ihps319c3dir7a8qmawv9y7zymcmq0ff8b6ylxq2pf9u4zrhk7wrdp7p18x3d6vrxq8ogtbvq9zi5tiglzdkc15u90c86t8fxno9zb952q0xrymp2o:latest/stage_3_separableconvcnn/confusion_matrix_table.table.json","log_mode":"IMMUTABLE","ncols":3},"train_loss":0.12449264154209044,"epoch":20,"_step":19,"val_loss":0.29102321685729926,"stage2_test_f1":0.9159111405947559,"stage3_test_f1":0.9079358065737094,"stage_1_separableconvcnn/confusion_matrix_table":{"_latest_artifact_path":"wandb-client-artifact://5igvqt0fm7sopnm2hq6cx65v4orh72r5fdoqswewj91fn4gt3gjp3ae34npirahk9xs3m23gzdd3xk4bo74em2n7tkh6wvivonajsza08cjy5rebqgiubt75051e1mof:latest/stage_1_separableconvcnn/confusion_matrix_table.table.json","ncols":3,"_type":"table-file","path":"media/table/stage_1_separableconvcnn/confusion_matrix_table_1_68f5254b6d00cbcd3f59.table.json","nrows":36,"size":1367,"sha256":"68f5254b6d00cbcd3f59fd1ef9e2389c9b20ef626d1e7033eccc4fe4bdc696c6","log_mode":"IMMUTABLE","artifact_path":"wandb-client-artifact://789y1o11f4s2f4k3vqjm9snkru1oqr97sl0bfxle42remsd0c6hngnxx4d84ubvllb1cb6p5k8p4cmueg1uac0re9o04ss7la3eum6noh6a49q4jerjj1oommoj31m3b/stage_1_separableconvcnn/confusion_matrix_table.table.json"},"_wandb":{"runtime":35},"stage1_test_acc":84.0176450627757,"stage1/use_pretrain_model":false,"stage2_test_loss":0.26809577578348187,"val_acc":88.78504672897196}