{"mask_l1":0.015625,"stage1/test_f1":0.9190924499938599,"bin_keep_ratio":0.234375,"stage2_test_acc":83.3389888021717,"stage":3,"stage3_test_acc":85.78215134034612,"_timestamp":1.7764306774624798e+09,"stage3_test_f1":0.8589067085882681,"val_loss":0.6365605853390625,"stage1/test_loss":0.25057173036076164,"epoch":15,"_step":8,"lr_backbone":0.0001,"stage1/test_acc":91.72039362063116,"train_acc":90.74946466809422,"stage1_test_f1":0.9190924499938599,"_runtime":15,"stage2_hard_bin_mask_str":"[0.0, 0.0, 1.0, 0.0, 0.0, 0.0, 0.0, 0.0, 0.0, 0.0, 1.0, 1.0, 1.0, 1.0, 1.0, 1.0, 1.0, 0.0, 1.0, 1.0, 1.0, 1.0, 1.0, 1.0, 1.0, 0.0, 0.0, 0.0, 0.0, 0.0, 1.0, 0.0, 0.0, 0.0, 0.0, 0.0, 1.0, 1.0, 1.0, 1.0, 1.0, 1.0, 1.0, 0.0, 0.0, 0.0, 0.0, 0.0, 1.0, 0.0, 1.0, 0.0, 0.0, 1.0, 1.0, 1.0, 1.0, 0.0, 0.0, 0.0, 0.0, 0.0, 1.0, 0.0, 0.0, 0.0, 0.0, 0.0, 0.0, 0.0, 0.0, 0.0, 0.0, 0.0, 0.0, 0.0, 0.0, 0.0, 0.0, 0.0, 0.0, 0.0, 0.0, 0.0, 0.0, 0.0, 0.0, 0.0, 0.0, 0.0, 0.0, 0.0, 0.0, 0.0, 0.0, 0.0, 0.0, 0.0, 0.0, 0.0, 0.0, 0.0, 0.0, 0.0, 0.0, 0.0, 0.0, 0.0, 0.0, 0.0, 0.0, 0.0, 0.0, 0.0, 0.0, 0.0, 0.0, 0.0, 0.0, 0.0, 0.0, 0.0, 0.0, 0.0, 0.0, 0.0, 0.0, 0.0]","val_acc":81.26801152737752,"stage3_test_loss":0.4757277819359099,"stage1/use_pretrain_model":false,"stage1_test_acc":91.72039362063116,"stage2_test_loss":0.5003638465604061,"stage1_test_loss":0.25057173036076164,"_wandb":{"runtime":15},"stage_1_separableconvcnn/confusion_matrix_table":{"path":"media/table/stage_1_separableconvcnn/confusion_matrix_table_1_ba1709b9ded253dca6f1.table.json","log_mode":"IMMUTABLE","nrows":36,"size":1366,"_latest_artifact_path":"wandb-client-artifact://v0hbwgdxqun0668f9tzq6m6quaan3tisvfzko627jbnmv6lmomu1536rpj3fnqkzq1qrv7nqf7c6o86y7ivihrcouxoxje6wqkmkdy3nrjfze4v4ej6mw42ej7zn55nd:latest/stage_1_separableconvcnn/confusion_matrix_table.table.json","artifact_path":"wandb-client-artifact://ouvhe81dw3mxm3p75inuix5ve02wnaqgbwzijihovalhbfg0d73qq2hro3wpef2fkn7a2r2piytljupq15sr16ow9iepnk329yy204hp2gfsgq74ko4lpbafyxl2n5sq/stage_1_separableconvcnn/confusion_matrix_table.table.json","_type":"table-file","ncols":3,"sha256":"ba1709b9ded253dca6f14b8d1a777336f0cb86899167c45d58f90d5e787020ac"},"best_val_loss":0.41459764681906797,"stage_3_separableconvcnn/confusion_matrix_table":{"ncols":3,"_latest_artifact_path":"wandb-client-artifact://crhl3g5vw6dkosaexgvsbnms81p52mjdj3nu7bkf5wndslql4jrsfbd9eyb1csd0o21ikydah90z95ep0dv8zb4m4x3c3v557hrnz3c3lfsn7ogqwg8w0t0xv3qwr1y6:latest/stage_3_separableconvcnn/confusion_matrix_table.table.json","_type":"table-file","nrows":36,"artifact_path":"wandb-client-artifact://zuxkuyk13o6e9rxb4ynkmqpm1qivagy7f8iligzfca8u8tnkwf8i0i35460jnued6xnypuvjmi5w90pliqc2jjon4s7yq2du4q0ol5a6ll9wndl83z6rex543v9am8zm/stage_3_separableconvcnn/confusion_matrix_table.table.json","size":1369,"sha256":"c898af7cd5403fb8dc3a7ce974b04f2900b6e6c04dbd372452fbb63412e6b66f","log_mode":"IMMUTABLE","path":"media/table/stage_3_separableconvcnn/confusion_matrix_table_7_c898af7cd5403fb8dc3a.table.json"},"stage2_test_f1":0.832946164056351,"lr_gumbel_bin":0.001,"lr":0.001,"train_loss":0.2073110209329906}