{"val_loss":0.019040327152366598,"stage":3,"Total_Pruned_%":26.875000000000004,"stage_1_separableconvcnn/confusion_matrix_table":{"_latest_artifact_path":"wandb-client-artifact://anjwhuqnuhhqshbg519k2ghf222q8rsb5yj3pksuxz72u2u1h012b9c9rl0b59y900g0iet13b74p429513qt72udig5tu8q2zbqlj3w4zcs0tvgp5gc1xxa7ilopqu9:latest/stage_1_separableconvcnn/confusion_matrix_table.table.json","size":1362,"log_mode":"IMMUTABLE","nrows":36,"path":"media/table/stage_1_separableconvcnn/confusion_matrix_table_1_44c42f7aa55450fff22e.table.json","sha256":"44c42f7aa55450fff22e405596c92966e201f278c3fb20ebb52e0742af2cb9f8","artifact_path":"wandb-client-artifact://lnt1wd0k84zk4vqy58vhgu2saf229nk1bugp7htrg4lhxz7tzn83j30979esfdtcycmu47ad2ybpyqewcb6yool44hwlgz21pwaan45hzdrd39yeczw1eg71vs13s44h/stage_1_separableconvcnn/confusion_matrix_table.table.json","ncols":3,"_type":"table-file"},"stage2/stage_number":2,"stage2_test_loss":0.43660511575613137,"_step":11,"stage2/final_mask_keep_ratio_block3":0.6171875,"stage2/best_epoch":14,"train_loss":0.0977680327695444,"model_param_reduction_pct":39.16133232071173,"epoch":10,"stage2/test_f1":0.9055072807479698,"stage1_test_loss":0.29814465811102325,"model_param_count_pruned":22430,"stage2/final_mask_keep_ratio_block2":0.6875,"stage2/val_loss":0.011613660994508463,"stage2/epoch":20,"final_summary_log_path":"/home/qphan/master-thesis/models/uci_best_model_three_stage_channel_subject27_val_final_summary_val_27.txt","stage1/test_acc":93.07770614183916,"stage2/block2_Pruned_%":31.25,"stage2/block4_Pruned_%":13.28125,"stage2/mask_l1":0.504375159740448,"model_param_count_dense":36868,"stage2/lr_backbone":0.0001,"_timestamp":1.7767997316315875e+09,"best_val_loss":0.005014547312810542,"stage2/Total_Pruned_%":26.875000000000004,"stage2/best_val_loss":0.011209778501305412,"stage1/test_loss":0.29814465811102325,"block2_Pruned_%":31.25,"stage2/raw_hard_mask_block2":"[1.0, 0.0, 0.0, 1.0, 0.0, 1.0, 1.0, 1.0, 0.0, 1.0, 0.0, 0.0, 1.0, 0.0, 0.0, 1.0, 0.0, 0.0, 1.0, 1.0, 1.0, 1.0, 1.0, 1.0, 1.0, 1.0, 1.0, 1.0, 1.0, 0.0, 0.0, 1.0, 1.0, 0.0, 1.0, 0.0, 0.0, 1.0, 0.0, 0.0, 1.0, 1.0, 1.0, 0.0, 1.0, 1.0, 1.0, 1.0, 1.0, 1.0, 1.0, 1.0, 1.0, 1.0, 1.0, 1.0, 1.0, 0.0, 1.0, 0.0, 1.0, 1.0, 1.0, 1.0]","model_param_count":22430,"block4_Pruned_%":13.28125,"train_acc":95.41284403669725,"stage2/final_mask_keep_ratio_block4":0.8671875,"stage2/lr_gumbel":0.001,"stage2/raw_hard_mask_block4":"[1.0, 1.0, 1.0, 1.0, 1.0, 1.0, 1.0, 0.0, 1.0, 1.0, 1.0, 1.0, 1.0, 1.0, 1.0, 1.0, 1.0, 1.0, 1.0, 0.0, 1.0, 0.0, 1.0, 0.0, 1.0, 1.0, 1.0, 1.0, 0.0, 1.0, 1.0, 1.0, 1.0, 1.0, 0.0, 1.0, 1.0, 1.0, 1.0, 1.0, 1.0, 1.0, 1.0, 1.0, 1.0, 1.0, 1.0, 1.0, 1.0, 1.0, 1.0, 1.0, 1.0, 1.0, 1.0, 1.0, 1.0, 1.0, 1.0, 1.0, 1.0, 1.0, 1.0, 1.0, 1.0, 1.0, 1.0, 1.0, 1.0, 1.0, 1.0, 1.0, 1.0, 1.0, 1.0, 1.0, 1.0, 1.0, 1.0, 1.0, 1.0, 1.0, 1.0, 0.0, 1.0, 1.0, 0.0, 1.0, 0.0, 1.0, 1.0, 1.0, 1.0, 1.0, 1.0, 1.0, 0.0, 1.0, 1.0, 0.0, 1.0, 1.0, 0.0, 1.0, 1.0, 1.0, 1.0, 1.0, 1.0, 0.0, 1.0, 1.0, 0.0, 1.0, 1.0, 1.0, 1.0, 0.0, 1.0, 1.0, 1.0, 1.0, 1.0, 1.0, 1.0, 0.0, 1.0, 0.0]","stage3_test_f1":0.9044175475199596,"stage1_test_acc":93.07770614183916,"stage2_test_acc":90.60061079063455,"stage2_test_f1":0.9055072807479698,"stage3_test_acc":90.32914828639294,"_wandb":{"runtime":18},"stage1/test_f1":0.9305132448797803,"_runtime":18,"stage2/purpose":"train channel-pruning model with masking","block3_Pruned_%":38.28125,"stage3_test_loss":0.36583451504164943,"lr_loaded_weights":0.0001,"stage2/val_acc":100,"stage1/use_pretrain_model":false,"stage2/train_loss":0.5300124798892835,"stage2/block3_Pruned_%":38.28125,"stage_3_prunedseparableconvcnn/confusion_matrix_table":{"path":"media/table/stage_3_prunedseparableconvcnn/confusion_matrix_table_9_2f8575b094b87a53e417.table.json","nrows":36,"_latest_artifact_path":"wandb-client-artifact://p9lyyhw0tsb0ncwh6w8saosl9wg3pznsb6bagmqeu432cp22rp0b5zns1te3j1zmy07w2cbh96iclpfu1qbxphy5zh709yhsqipdfzk2fiy9xxuhs1gngvg0piiy2gi9:latest/stage_3_prunedseparableconvcnn/confusion_matrix_table.table.json","log_mode":"IMMUTABLE","sha256":"2f8575b094b87a53e4176e5eba335228dbc892d6e48e032ff62b31c02a16dc02","artifact_path":"wandb-client-artifact://2b3bud3ao917wy5iqlrdn1jsxztykavlmt2h7glrursq30z3c05mhgr54ry2ybr9ftyerrsf01ruv9ffu1v6sjem4fcll321iz09h4hv3b6mwz9revlffmfo5t5wxszw/stage_3_prunedseparableconvcnn/confusion_matrix_table.table.json","size":1364,"_type":"table-file","ncols":3},"stage2/train_acc":91.47075688073394,"stage2/test_acc":90.60061079063455,"stage1_test_f1":0.9305132448797803,"stage2/raw_hard_mask_block3":"[1.0, 0.0, 1.0, 1.0, 0.0, 1.0, 0.0, 1.0, 1.0, 1.0, 1.0, 0.0, 1.0, 0.0, 1.0, 1.0, 1.0, 1.0, 0.0, 1.0, 1.0, 0.0, 0.0, 0.0, 1.0, 0.0, 0.0, 1.0, 1.0, 1.0, 1.0, 0.0, 1.0, 0.0, 0.0, 1.0, 0.0, 1.0, 0.0, 1.0, 1.0, 1.0, 1.0, 0.0, 1.0, 1.0, 1.0, 0.0, 1.0, 0.0, 0.0, 1.0, 0.0, 1.0, 1.0, 1.0, 1.0, 1.0, 0.0, 0.0, 1.0, 1.0, 0.0, 1.0, 0.0, 0.0, 1.0, 0.0, 1.0, 0.0, 1.0, 1.0, 1.0, 1.0, 1.0, 1.0, 1.0, 1.0, 1.0, 0.0, 1.0, 0.0, 0.0, 0.0, 1.0, 0.0, 0.0, 0.0, 1.0, 1.0, 0.0, 1.0, 0.0, 1.0, 1.0, 1.0, 0.0, 1.0, 1.0, 1.0, 0.0, 0.0, 1.0, 1.0, 0.0, 1.0, 0.0, 1.0, 1.0, 1.0, 1.0, 0.0, 0.0, 1.0, 1.0, 1.0, 0.0, 1.0, 0.0, 1.0, 0.0, 1.0, 1.0, 1.0, 0.0, 1.0, 1.0, 0.0]","stage2/test_loss":0.43660511575613137,"val_acc":100}