{"mask_l1":0.1015625074505806,"stage_1_separableconvcnn/confusion_matrix_table":{"_type":"table-file","size":1367,"ncols":3,"path":"media/table/stage_1_separableconvcnn/confusion_matrix_table_1_b6794eea1be784f80fb1.table.json","sha256":"b6794eea1be784f80fb161e79cfb5fafc447fd2d79d397f01e9a3acefb80fca6","log_mode":"IMMUTABLE","nrows":36,"artifact_path":"wandb-client-artifact://9w0tv4k3exyd81bl626k06abslm6vnqiv5ddopnmxt1rec80v64ht0trxb88zvdsmaeab58vlgh80ymzokwt0vba6l7tc6h6rk6oslbb30m9zty16cbfvdl6lwpd6wj4/stage_1_separableconvcnn/confusion_matrix_table.table.json","_latest_artifact_path":"wandb-client-artifact://0wi0sut79ua8hqcbn2zpkdemg5krcioeu9undocyrjimlhrs7nuq2wdq1sqfr12mz437pbl511gqr3sbl97k3p9b6ohfdcwqrxz20qg2sfy7tpy9gu4hqd5122sooeqa:latest/stage_1_separableconvcnn/confusion_matrix_table.table.json"},"stage1/use_pretrain_model":false,"_step":11,"stage3_test_acc":89.17543264336614,"_wandb":{"runtime":18},"val_acc":84.94623655913979,"lr_backbone":0.0001,"stage":3,"train_loss":0.19233337684739968,"stage1/test_loss":0.2953477400942689,"stage1/test_f1":0.8955848355193489,"lr":0.001,"stage1_test_acc":89.44689514760773,"stage3_test_f1":0.8941112268645193,"best_val_loss":0.2767039228190658,"stage1_test_loss":0.2953477400942689,"_runtime":18,"stage3_test_loss":0.2873206403969418,"_timestamp":1.7766093951912205e+09,"epoch":30,"stage2_test_loss":0.366315648359158,"stage1/test_acc":89.44689514760773,"train_acc":91.44699140401146,"stage1_test_f1":0.8955848355193489,"stage2_test_f1":0.8796729746940296,"bin_keep_ratio":0.1328125,"stage_3_separableconvcnn/confusion_matrix_table":{"nrows":36,"artifact_path":"wandb-client-artifact://ypugxvpx4co78ujlsf56nxk68npikubps23qdya90wtkbl80mgr9scr4pyewyqkje30dkp2c0lneoj76wwz41u73fdqvb43w4gsmmk5gtub2uzig0pv1wi8lndbxuo99/stage_3_separableconvcnn/confusion_matrix_table.table.json","path":"media/table/stage_3_separableconvcnn/confusion_matrix_table_10_73b6e989dd21a13ae6ea.table.json","size":1368,"ncols":3,"sha256":"73b6e989dd21a13ae6eac542d9b4a61a3c4e6b826680e6b1bca3b8358ae1752c","log_mode":"IMMUTABLE","_type":"table-file","_latest_artifact_path":"wandb-client-artifact://4093cg2goi3tbsdwof44ko5o3k2stsen3tfi6f75dsdrx9wmcxsjizdf2bcy7hly5yc78j10m9dblmdvuf6erxj45b83wt2x7mxjc2q75o2809mmi06r570u3shwf66f:latest/stage_3_separableconvcnn/confusion_matrix_table.table.json"},"stage2_test_acc":87.88598574821853,"stage2_hard_bin_mask_str":"[1.0, 1.0, 1.0, 1.0, 1.0, 1.0, 1.0, 1.0, 1.0, 1.0, 1.0, 1.0, 1.0, 1.0, 1.0, 1.0, 0.0, 0.0, 1.0, 0.0, 0.0, 0.0, 0.0, 0.0, 0.0, 0.0, 0.0, 0.0, 0.0, 0.0, 0.0, 0.0, 0.0, 0.0, 0.0, 0.0, 0.0, 0.0, 0.0, 0.0, 0.0, 0.0, 0.0, 0.0, 0.0, 0.0, 0.0, 0.0, 0.0, 0.0, 0.0, 0.0, 0.0, 0.0, 0.0, 0.0, 0.0, 0.0, 0.0, 0.0, 0.0, 0.0, 0.0, 0.0, 0.0, 0.0, 0.0, 0.0, 0.0, 0.0, 0.0, 0.0, 0.0, 0.0, 0.0, 0.0, 0.0, 0.0, 0.0, 0.0, 0.0, 0.0, 0.0, 0.0, 0.0, 0.0, 0.0, 0.0, 0.0, 0.0, 0.0, 0.0, 0.0, 0.0, 0.0, 0.0, 0.0, 0.0, 0.0, 0.0, 0.0, 0.0, 0.0, 0.0, 0.0, 0.0, 0.0, 0.0, 0.0, 0.0, 0.0, 0.0, 0.0, 0.0, 0.0, 0.0, 0.0, 0.0, 0.0, 0.0, 0.0, 0.0, 0.0, 0.0, 0.0, 0.0, 0.0, 0.0]","val_loss":0.35359677768522696,"lr_gumbel_bin":0.001}