{"stage1/train_acc":74.86951517196214,"_timestamp":1.7753171011442642e+09,"test_loss":0.7011388579681938,"stage_1_separableconvcnn/confusion_matrix_table":{"artifact_path":"wandb-client-artifact://hhmusc2brq39wdkf5tf5lj3sfcegj51oskw4kdf8ay42j8ln6c4ydot1m3bezy0jt51ybmmkcoqj7xi2jfvywy0nqdjdhvzxvcmoy7egnjoxn4dys5v44p3co2w137dk/stage_1_separableconvcnn/confusion_matrix_table.table.json","_type":"table-file","ncols":3,"sha256":"dffe9574fa8a806ef1bc2eae0b0e0477f0acebf00f2098e85525f43965c70875","_latest_artifact_path":"wandb-client-artifact://jiyxj218vyrsxfor89bcojxu72g3vfblzmjvj67kjj4ylf9zj153r0a9au73ujqb93zi79qei1n9gfgv7ft5x0emb2q1lhj2wt9z3fogl39nyaxucpxzy0fl8oun5hhd:latest/stage_1_separableconvcnn/confusion_matrix_table.table.json","size":2015,"log_mode":"IMMUTABLE","path":"media/table/stage_1_separableconvcnn/confusion_matrix_table_38_dffe9574fa8a806ef1bc.table.json","nrows":64},"_runtime":166,"stage1/stage_number":1,"stage1/train_loss":0.43610942907809275,"stage1_test_loss":0.7011388579681938,"stage1/val_acc":69.8705501618123,"stage1/use_pretrain_model":false,"stage1/epoch":36,"stage1/test_loss":0.7011388579681938,"stage1_test_acc":76.55847501287995,"test_f1_macro":0.6701834570006557,"stage1/best_val_loss":0.6077697420197398,"best_epoch":26,"_wandb":{"runtime":166},"stage1/val_loss":0.6239698985669895,"stage1_test_f1":0.6701834570006557,"_step":38,"stage1/test_acc":76.55847501287995,"test_acc":76.55847501287995,"stage1/test_f1":0.6701834570006557,"stage1/purpose":"train baseline model","stage1/lr":0.001,"best_val_loss":0.6077697420197398}