{"stage2_test_acc":89.44689514760773,"lr":0.001,"_step":18,"stage2_hard_bin_mask_str":"[1.0, 1.0, 1.0, 1.0, 1.0, 1.0, 1.0, 1.0, 1.0, 1.0, 1.0, 1.0, 1.0, 1.0, 1.0, 1.0, 1.0, 1.0, 1.0, 1.0, 1.0, 0.0, 0.0, 0.0, 0.0, 0.0, 0.0, 0.0, 0.0, 0.0, 0.0, 0.0, 0.0, 0.0, 0.0, 0.0, 0.0, 0.0, 0.0, 0.0, 0.0, 0.0, 0.0, 0.0, 0.0, 0.0, 0.0, 0.0, 0.0, 0.0, 0.0, 0.0, 0.0, 0.0, 0.0, 0.0, 0.0, 0.0, 0.0, 0.0, 0.0, 0.0, 0.0, 0.0, 0.0, 0.0, 0.0, 0.0, 0.0, 0.0, 0.0, 0.0, 0.0, 0.0, 0.0, 0.0, 0.0, 0.0, 0.0, 0.0, 0.0, 0.0, 0.0, 0.0, 0.0, 0.0, 0.0, 0.0, 0.0, 0.0, 0.0, 0.0, 0.0, 0.0, 0.0, 0.0, 0.0, 0.0, 0.0, 0.0, 0.0, 0.0, 0.0, 0.0, 0.0, 0.0, 0.0, 0.0, 0.0, 0.0, 0.0, 0.0, 0.0, 0.0, 0.0, 0.0, 0.0, 0.0, 0.0, 0.0, 0.0, 0.0, 0.0, 0.0, 0.0, 0.0, 0.0, 0.0]","stage1_test_acc":89.75229046487954,"stage3_test_acc":88.08958262639973,"stage3_test_loss":0.31320114533618115,"lr_gumbel_bin":0.001,"stage_1_separableconvcnn/confusion_matrix_table":{"artifact_path":"wandb-client-artifact://2dmhahvy3p6u6ylvw3of0bd603lq0marss2f48n3qnvqhwhgwsu2hi199ldw954o2sauy79a07wy7aonuba0r3g0jpt2g5u0my7cpphpre568e5f1ler69k6avrgeoxz/stage_1_separableconvcnn/confusion_matrix_table.table.json","size":1367,"nrows":36,"_latest_artifact_path":"wandb-client-artifact://kz6my3ow25strdnptet3elxmc19pbu88syw75wossu7v2up8y1fqe6c5h4cor4yaoakcgkxhls2qqsdpw51hz85n355an6b28de9lx28bcxpom2syuo5sxnotbu9pic1:latest/stage_1_separableconvcnn/confusion_matrix_table.table.json","_type":"table-file","ncols":3,"path":"media/table/stage_1_separableconvcnn/confusion_matrix_table_1_03dfbd2c4e1796b6f14c.table.json","sha256":"03dfbd2c4e1796b6f14c9c6ff1c6762d4bce54ff6391a5bae0814e1d8b095def","log_mode":"IMMUTABLE"},"epoch":20,"mask_l1":0.1640625,"stage":3,"stage3_test_f1":0.8845511579601827,"stage1/test_acc":89.75229046487954,"stage1/test_loss":0.268587467844987,"val_acc":84.43708609271523,"lr_backbone":0.0001,"_timestamp":1.7757803291553204e+09,"train_loss":0.17300262948299977,"stage2_test_loss":0.2704652301830622,"stage1_test_f1":0.8986571403146842,"val_loss":0.6142879104772151,"stage1_test_loss":0.268587467844987,"_wandb":{"runtime":33},"bin_keep_ratio":0.1640625,"_runtime":33,"stage2_test_f1":0.89389248042511,"stage1/use_pretrain_model":false,"best_val_loss":0.536493397311659,"train_acc":92.62411347517731,"stage_3_separableconvcnn/confusion_matrix_table":{"log_mode":"IMMUTABLE","nrows":36,"path":"media/table/stage_3_separableconvcnn/confusion_matrix_table_17_584b67c2d9c450953351.table.json","_latest_artifact_path":"wandb-client-artifact://60z3n0rvlj6xlssbz26971qlf9ufgxjxbczm7iqtuycuzovljna38m1ydjkk9ndwu843ukkr8i6zl6b4fpgsdt2gu1akzl1yqy0afj3wntwqvd6gpa9tll2l2o87bqqe:latest/stage_3_separableconvcnn/confusion_matrix_table.table.json","_type":"table-file","size":1367,"artifact_path":"wandb-client-artifact://0ruhk6tedaezecpebdg4w32jjqshs88fbiehpq1ii7bl0z60aakbnwbh1zsogh8hys7nmua80ql4txvfracgcanl0plqakqskaxoeuxiojwkjhalwkf0nt3cdabtpwy4/stage_3_separableconvcnn/confusion_matrix_table.table.json","ncols":3,"sha256":"584b67c2d9c450953351f69802a1332ca72891069ecf2d2122388edc1a9b1ba6"},"stage1/test_f1":0.8986571403146842}