{"mask_l1":0.019607841968536377,"_step":6,"stage2_test_f1":0.5368627250125819,"stage1_test_acc":78.7017001545595,"stage":3,"stage1_test_f1":0.6782045044792259,"lr":0.001,"_timestamp":1.7759038214021502e+09,"train_loss":0.8626884108186732,"lr_gumbel_bin":0.001,"stage2_hard_bin_mask_str":"[0.0, 1.0, 1.0, 1.0, 1.0, 0.0, 0.0, 0.0, 0.0, 0.0, 0.0, 0.0, 0.0, 0.0, 0.0, 0.0, 0.0, 0.0, 0.0, 0.0, 0.0, 0.0, 0.0, 0.0, 0.0, 0.0, 0.0, 0.0, 0.0, 0.0, 0.0, 0.0, 0.0, 0.0, 0.0, 0.0, 0.0, 0.0, 0.0, 0.0, 0.0, 0.0, 0.0, 0.0, 0.0, 0.0, 0.0, 0.0, 0.0, 0.0, 0.0]","stage_1_separableconvcnn/confusion_matrix_table":{"_latest_artifact_path":"wandb-client-artifact://ifh5p6n4z6c5j6jpev0eisvzgyr3tsknjkjdrokskbhuiba54w3bynamsu783qfq1lrem4e04cc4ktzfqo9oswk5r68p7xz7ws3zbos7kijdgyhrs6zebjlxoexpx703:latest/stage_1_separableconvcnn/confusion_matrix_table.table.json","path":"media/table/stage_1_separableconvcnn/confusion_matrix_table_0_6b5920f7eaf9da6e880b.table.json","ncols":3,"size":2015,"sha256":"6b5920f7eaf9da6e880b6c5a9bd2bc2d3ed87b55ba1b5511761e1c5b3b00df0f","nrows":64,"artifact_path":"wandb-client-artifact://5odjv5dqe3y7csecep2egu21zris4jzugjr9ac7wmfihoiwz1er4wag54o2ln4bft5enlrnx67f6ecjd359gyyekdxr9eke6lym4iyl3maw4tbxn97ss1uimj88q0hj5/stage_1_separableconvcnn/confusion_matrix_table.table.json","log_mode":"IMMUTABLE","_type":"table-file"},"_wandb":{"runtime":113},"stage_3_separableconvcnn/confusion_matrix_table":{"ncols":3,"sha256":"8edba9d0b682c5dc22144490f5faaece5477e0f648c76b7aa3652018ebb8f7bf","size":2021,"log_mode":"IMMUTABLE","path":"media/table/stage_3_separableconvcnn/confusion_matrix_table_5_8edba9d0b682c5dc2214.table.json","artifact_path":"wandb-client-artifact://bfl21iojmlazh7d12o315mgzrrhcwyyafssedozathaiheusobesuigf5tekxjgjorjbb1p9iwk68adi585xu8x91h7s1x40c21v8sou7mfmkvt41k92s3lsrnbvnro2/stage_3_separableconvcnn/confusion_matrix_table.table.json","_latest_artifact_path":"wandb-client-artifact://gbkb9vq50v0eeuucaum978tzfj4nsc5wg167swmswtlo0nx8mlrgr4o0ya486jecagz8x1ou0gzoao4pcilzvu6j8xa5wnboqehnldl6wn4cg2uah9bko1nuhu7cqfhs:latest/stage_3_separableconvcnn/confusion_matrix_table.table.json","nrows":64,"_type":"table-file"},"bin_keep_ratio":0.0784313753247261,"stage3_test_f1":0.617255793053034,"stage3_test_acc":73.31272539927872,"train_acc":57.06875468423336,"val_acc":48.54159164566079,"stage3_test_loss":0.8158768242348844,"epoch":10,"lr_backbone":0.0001,"_runtime":113,"stage1_test_loss":0.6365662128654477,"val_loss":1.144684942154134,"stage2_test_loss":1.0664562084452507,"best_val_loss":1.1326330823781554,"stage2_test_acc":63.89489953632148}