{"stage1/test_acc":91.72039362063116,"lr":0.001,"val_loss":0.47394920743851565,"stage1/use_pretrain_model":false,"lr_gumbel_bin":0.001,"stage3_test_acc":84.86596538853071,"_runtime":16,"stage2_test_acc":81.84594502884289,"stage1_test_f1":0.9190924499938599,"stage3_test_loss":0.5047804588053031,"val_acc":82.13256484149856,"stage3_test_f1":0.8503242841270904,"lr_backbone":0.0001,"_wandb":{"runtime":16},"_timestamp":1.7764194751713727e+09,"best_val_loss":0.33781741426382694,"stage2_test_loss":0.5707544341723206,"train_acc":91.2062812276945,"stage2_test_f1":0.8169785831663426,"stage":3,"stage1_test_acc":91.72039362063116,"stage1_test_loss":0.25057173036076164,"train_loss":0.2023164548485046,"stage_1_separableconvcnn/confusion_matrix_table":{"ncols":3,"sha256":"ba1709b9ded253dca6f14b8d1a777336f0cb86899167c45d58f90d5e787020ac","_type":"table-file","size":1366,"_latest_artifact_path":"wandb-client-artifact://fz2trwm23uy7gwn5oay5uv218oskjwln05dljwu094t5mj14lxd52nz4z2zq4j1qkd7r49k6q09ivfcoowr5r6dtiorfclknxj2ola3b3edbaxrxhdjfb9xv41hm2ree:latest/stage_1_separableconvcnn/confusion_matrix_table.table.json","path":"media/table/stage_1_separableconvcnn/confusion_matrix_table_1_ba1709b9ded253dca6f1.table.json","artifact_path":"wandb-client-artifact://h4d4iqoom7ukm4a81ufhtxnmnjrpvyuanggziyfxt88jowsccp83515b0a50vicmqevtvrckafresuvhpik6gowlw6mkv2pdebrdhl1czvbj0za6vl8n6c7ysx9rroch/stage_1_separableconvcnn/confusion_matrix_table.table.json","nrows":36,"log_mode":"IMMUTABLE"},"bin_keep_ratio":0.1953125,"mask_l1":0.0078125,"stage_3_separableconvcnn/confusion_matrix_table":{"path":"media/table/stage_3_separableconvcnn/confusion_matrix_table_9_4fd566ded38b35f22c0e.table.json","nrows":36,"size":1370,"_type":"table-file","log_mode":"IMMUTABLE","artifact_path":"wandb-client-artifact://fdkjo05mkjkpb85q8kn0hk5h1hx4iqg9o7r6a3z94vvpwkndf641gl94kcgqm3zkdsoo6dggqrfoi5yx2kwq9xj6j8srcfxpccnp6oebt9k53cufpmi2cjawd4u8e9g4/stage_3_separableconvcnn/confusion_matrix_table.table.json","sha256":"4fd566ded38b35f22c0e335356706ba01abff8bf1b25aa308235a9d659885f4a","ncols":3,"_latest_artifact_path":"wandb-client-artifact://caniekv7eyt1tw0pds633znflvb5un6gipviao6biw71lid09diu14eyxkv68qthy1sgshrvkmkacfjewfnt1zhj2bh7g7kwu8ycn2zs1klnzfoxr19s5wg6q87atnyg:latest/stage_3_separableconvcnn/confusion_matrix_table.table.json"},"_step":10,"stage1/test_f1":0.9190924499938599,"epoch":25,"stage1/test_loss":0.25057173036076164,"stage2_hard_bin_mask_str":"[0.0, 0.0, 0.0, 1.0, 1.0, 0.0, 0.0, 0.0, 0.0, 0.0, 0.0, 0.0, 1.0, 1.0, 0.0, 0.0, 1.0, 0.0, 1.0, 1.0, 1.0, 0.0, 1.0, 1.0, 1.0, 1.0, 1.0, 1.0, 1.0, 1.0, 0.0, 0.0, 0.0, 0.0, 1.0, 1.0, 1.0, 0.0, 0.0, 0.0, 0.0, 0.0, 0.0, 0.0, 0.0, 1.0, 1.0, 0.0, 1.0, 0.0, 1.0, 0.0, 0.0, 0.0, 1.0, 0.0, 1.0, 0.0, 0.0, 0.0, 0.0, 0.0, 0.0, 0.0, 0.0, 0.0, 0.0, 0.0, 0.0, 0.0, 0.0, 0.0, 0.0, 0.0, 0.0, 0.0, 0.0, 0.0, 0.0, 0.0, 0.0, 0.0, 0.0, 0.0, 0.0, 0.0, 0.0, 0.0, 0.0, 0.0, 0.0, 0.0, 0.0, 0.0, 0.0, 0.0, 0.0, 0.0, 0.0, 0.0, 0.0, 0.0, 0.0, 0.0, 0.0, 0.0, 0.0, 0.0, 0.0, 0.0, 0.0, 0.0, 0.0, 0.0, 0.0, 0.0, 0.0, 0.0, 0.0, 0.0, 0.0, 0.0, 0.0, 0.0, 0.0, 0.0, 0.0, 0.0]"}