{"stage_1_separableconvcnn/confusion_matrix_table":{"path":"media/table/stage_1_separableconvcnn/confusion_matrix_table_1_6f402d02fbf37f6d3d55.table.json","nrows":36,"_latest_artifact_path":"wandb-client-artifact://1g6oonfqzgjys2ksdqnxe2w34qz7mhbpxlz43oqf4qjhsxq4wyqknqk1zx7jdbl44qnmft880mh24x1s4g6uxrnq9rwi8q4uquezw5kjb8oxlf9f77te46kto587xiyk:latest/stage_1_separableconvcnn/confusion_matrix_table.table.json","log_mode":"IMMUTABLE","_type":"table-file","ncols":3,"size":1365,"artifact_path":"wandb-client-artifact://cxdbtzy8g9mdjaa4nh6jih298xy6mgqq00t81223bzzk1p9iqetsu35bw18p2zzoypo3jrl9xte2ittjiwb2rj7473r22yaa1i6ad5zxgjemqi3ylm37vv9bpido2xe6/stage_1_separableconvcnn/confusion_matrix_table.table.json","sha256":"6f402d02fbf37f6d3d55118871da63cbf09d5832e39c15a2a9f8cb75e304e1d2"},"_timestamp":1.7766024770052214e+09,"stage3_test_acc":87.27519511367493,"stage3_test_loss":0.3814634544225887,"stage2_test_acc":89.34509670851713,"_step":9,"stage1_test_f1":0.9012470705848713,"stage2_test_f1":0.8942324699328372,"stage1_test_acc":90.05768578215134,"stage2_test_loss":0.296834932390536,"_wandb":{"runtime":17},"stage1/test_loss":0.3037740063835904,"train_acc":93.78194207836457,"epoch":10,"_runtime":17,"stage1/test_f1":0.9012470705848713,"val_loss":0.5621946248915288,"best_val_loss":0.3921308796127121,"stage":3,"stage1/use_pretrain_model":false,"stage2_hard_bin_mask_str":"[1.0, 1.0, 1.0, 1.0, 1.0, 1.0, 1.0, 1.0, 1.0, 1.0, 1.0, 1.0, 1.0, 1.0, 1.0, 1.0, 1.0, 1.0, 1.0, 1.0, 1.0, 1.0, 0.0, 1.0, 1.0, 0.0, 1.0, 0.0, 0.0, 0.0, 1.0, 0.0, 1.0, 0.0, 0.0, 0.0, 0.0, 0.0, 0.0, 0.0, 0.0, 1.0, 1.0, 0.0, 0.0, 0.0, 0.0, 0.0, 1.0, 0.0, 1.0, 1.0, 0.0, 0.0, 0.0, 0.0, 0.0, 0.0, 0.0, 0.0, 0.0, 0.0, 0.0, 0.0, 0.0]","val_acc":83.11688311688312,"stage1/test_acc":90.05768578215134,"lr_backbone":0.0001,"stage3_test_f1":0.8724703180200439,"stage1_test_loss":0.3037740063835904,"bin_keep_ratio":0.4923076927661896,"lr":0.001,"lr_gumbel_bin":0.001,"mask_l1":0.4153846204280853,"stage_3_separableconvcnn/confusion_matrix_table":{"log_mode":"IMMUTABLE","_type":"table-file","sha256":"da948f38ada4173bb18b07b9de796fdf87c4057ba234fb2cbcf8da0339674107","nrows":36,"size":1365,"ncols":3,"path":"media/table/stage_3_separableconvcnn/confusion_matrix_table_8_da948f38ada4173bb18b.table.json","artifact_path":"wandb-client-artifact://wa49pn6x1i3mquzrd8u87l89mn70ttym860u7rnyw1l2dha245r6ejhs0ogp55uuq9yt5jcsgraq1d29rs6z1nyhsw4avxkgg7hj8npinc2p17mkat7t73y9i008m087/stage_3_separableconvcnn/confusion_matrix_table.table.json","_latest_artifact_path":"wandb-client-artifact://4shlrklxlirmoffzb0wu069n0xhglwx7nlzym4righjg35genjoy8kb7wg5zqvtphp3w74m8z7dikfnba8uu4qhrtvj5p77hddzwe30dw821ihubmvr3y44g2ffu1t2w:latest/stage_3_separableconvcnn/confusion_matrix_table.table.json"},"train_loss":0.15271485125998216}