{"stage2/best_val_loss":0.7872919423130172,"stage1/test_loss":0.6157203727687284,"stage2/Total_Pruned_%":51.24999999999999,"stage2_test_f1":0.6732772641805889,"stage2/test_acc":78.84595569294179,"stage1_test_loss":0.6157203727687284,"stage_1_separableconvcnn/confusion_matrix_table":{"sha256":"8b433c7cc780213adc0564b79cd57bafa4481908889fe9ae3faf42cf8ded27b9","ncols":3,"_latest_artifact_path":"wandb-client-artifact://1k0x22oz4142zze4xoei0te7115d0etgl335gdh6byszy3edguo998h07biv52j3o5z5yee16z4vk05c6gvl3o889ioeowrap71vrh7mwwh7s24u9ng51rqaxtijbu1r:latest/stage_1_separableconvcnn/confusion_matrix_table.table.json","nrows":64,"artifact_path":"wandb-client-artifact://dqef5ty3kkl9m8pnds5yrme05cp7x5e8ta1jstw5bahfk9cxbblmyx8vuysvene9krkqe4qi0zoytorzcdlz530y2ozja8g24tos3s52ipu4dra38trtbdkq8khympr2/stage_1_separableconvcnn/confusion_matrix_table.table.json","path":"media/table/stage_1_separableconvcnn/confusion_matrix_table_1_8b433c7cc780213adc05.table.json","size":2013,"log_mode":"IMMUTABLE","_type":"table-file"},"stage3_test_f1":0.6911199095869112,"train_acc":68.13782115116511,"stage3_test_loss":0.6390081162937273,"stage1_test_f1":0.6971494130997002,"_step":23,"stage2/raw_hard_mask_block3":"[0.0, 0.0, 0.0, 0.0, 1.0, 0.0, 1.0, 0.0, 0.0, 0.0, 0.0, 1.0, 0.0, 1.0, 0.0, 0.0, 0.0, 0.0, 1.0, 0.0, 0.0, 0.0, 1.0, 0.0, 1.0, 0.0, 1.0, 1.0, 0.0, 1.0, 1.0, 0.0, 0.0, 0.0, 0.0, 1.0, 0.0, 0.0, 0.0, 0.0, 0.0, 0.0, 0.0, 0.0, 0.0, 1.0, 0.0, 0.0, 0.0, 0.0, 1.0, 1.0, 0.0, 1.0, 0.0, 0.0, 0.0, 0.0, 1.0, 0.0, 0.0, 0.0, 1.0, 1.0, 1.0, 0.0, 0.0, 1.0, 0.0, 1.0, 0.0, 1.0, 0.0, 0.0, 0.0, 1.0, 1.0, 1.0, 0.0, 1.0, 1.0, 1.0, 0.0, 0.0, 1.0, 0.0, 1.0, 0.0, 1.0, 0.0, 0.0, 0.0, 1.0, 0.0, 0.0, 0.0, 0.0, 0.0, 1.0, 0.0, 0.0, 1.0, 0.0, 1.0, 1.0, 0.0, 1.0, 0.0, 1.0, 1.0, 0.0, 1.0, 0.0, 0.0, 0.0, 0.0, 0.0, 0.0, 0.0, 1.0, 1.0, 1.0, 0.0, 0.0, 0.0, 0.0, 0.0, 1.0]","_timestamp":1.7753329854220107e+09,"val_acc":63.78097277454879,"stage2/lr_backbone":0.0001,"stage2/final_mask_keep_ratio_block2":0.46875,"val_loss":0.7816688169868542,"Total_Pruned_%":51.24999999999999,"stage2/final_mask_keep_ratio_block3":0.3515625,"model_param_count_pruned":12642,"stage2/test_f1":0.6732772641805889,"stage1/test_acc":79.65996908809892,"stage1_test_acc":79.65996908809892,"stage2/train_loss":0.8727073334883086,"block4_Pruned_%":36.71875,"train_loss":0.5995688369147831,"_wandb":{"runtime":311},"stage3_test_acc":78.61926841834106,"stage2/raw_hard_mask_block4":"[1.0, 0.0, 0.0, 0.0, 0.0, 1.0, 1.0, 0.0, 1.0, 1.0, 0.0, 0.0, 1.0, 0.0, 1.0, 0.0, 1.0, 1.0, 0.0, 0.0, 1.0, 1.0, 0.0, 0.0, 1.0, 1.0, 1.0, 0.0, 1.0, 1.0, 0.0, 0.0, 1.0, 1.0, 1.0, 0.0, 0.0, 0.0, 1.0, 1.0, 1.0, 1.0, 0.0, 1.0, 0.0, 1.0, 0.0, 0.0, 0.0, 1.0, 1.0, 1.0, 1.0, 1.0, 1.0, 1.0, 1.0, 0.0, 0.0, 0.0, 1.0, 1.0, 1.0, 1.0, 0.0, 1.0, 0.0, 1.0, 0.0, 1.0, 1.0, 0.0, 1.0, 1.0, 0.0, 1.0, 1.0, 1.0, 1.0, 1.0, 0.0, 0.0, 0.0, 0.0, 1.0, 0.0, 1.0, 0.0, 1.0, 1.0, 1.0, 0.0, 1.0, 1.0, 1.0, 1.0, 1.0, 1.0, 1.0, 1.0, 1.0, 1.0, 1.0, 1.0, 0.0, 1.0, 1.0, 1.0, 0.0, 1.0, 1.0, 0.0, 1.0, 0.0, 1.0, 1.0, 1.0, 1.0, 0.0, 1.0, 1.0, 0.0, 1.0, 1.0, 0.0, 0.0, 1.0, 1.0]","final_summary_log_path":"/home/qphan/master-thesis/models/wear_best_model_three_stage_channel_subject12_val_final_summary_val_12.txt","stage2/train_acc":59.85859390559649,"epoch":40,"stage2/test_loss":0.6649134425819688,"model_param_reduction_pct":65.83058543705064,"block3_Pruned_%":64.84375,"stage2/purpose":"train channel-pruning model with masking","stage2/lr_gumbel":0.001,"lr_loaded_weights":0.0001,"stage2/val_loss":0.7872570611242491,"stage1/test_f1":0.6971494130997002,"stage2/stage_number":2,"stage2_test_acc":78.84595569294179,"stage_3_prunedseparableconvcnn/confusion_matrix_table":{"path":"media/table/stage_3_prunedseparableconvcnn/confusion_matrix_table_21_d0a30fd8fe96a12e533d.table.json","artifact_path":"wandb-client-artifact://adyh85guc3kfn9oo534u7rc1gir7ps2qiodg5iu5k3luu6nvup47gc422dgw5ogo7dikxyyjtqaqse1kmv6b11dqa8bll3i27y5zziso195ms6fyi67ya0umbmik2frj/stage_3_prunedseparableconvcnn/confusion_matrix_table.table.json","_type":"table-file","nrows":64,"_latest_artifact_path":"wandb-client-artifact://nmghwor9syxyi13gn5u9kupykvc35deox2rpnpe85gcrvswbld1ycn0024t809l98hg42ywxfdv1vrw6cqytz5pfk8ukv2xmf3o2s0yyqeq98a027wxev1h8nkxpkqgn:latest/stage_3_prunedseparableconvcnn/confusion_matrix_table.table.json","sha256":"d0a30fd8fe96a12e533d69da82761b9210cce7fd32427ee95f348bb3d262b820","size":2013,"log_mode":"IMMUTABLE","ncols":3},"stage2/final_mask_keep_ratio_block4":0.6328125,"model_param_count":12642,"stage":3,"block2_Pruned_%":53.125,"stage2_test_loss":0.6649134425819688,"stage2/raw_hard_mask_block2":"[0.0, 0.0, 0.0, 1.0, 1.0, 1.0, 1.0, 1.0, 0.0, 1.0, 0.0, 1.0, 1.0, 0.0, 0.0, 1.0, 0.0, 1.0, 1.0, 0.0, 1.0, 0.0, 0.0, 0.0, 1.0, 0.0, 0.0, 1.0, 0.0, 1.0, 0.0, 0.0, 0.0, 1.0, 1.0, 1.0, 1.0, 0.0, 0.0, 0.0, 1.0, 0.0, 0.0, 1.0, 0.0, 1.0, 0.0, 1.0, 0.0, 0.0, 1.0, 1.0, 0.0, 1.0, 1.0, 0.0, 1.0, 0.0, 0.0, 0.0, 0.0, 0.0, 1.0, 1.0]","stage2/best_epoch":42,"stage2/epoch":50,"_runtime":311,"stage2/block3_Pruned_%":64.84375,"stage2/block4_Pruned_%":36.71875,"model_param_count_dense":36998,"stage2/mask_l1":0.40682148933410645,"stage2/val_acc":55.613337412052616,"stage1/use_pretrain_model":false,"best_val_loss":0.7547208239412994,"stage2/block2_Pruned_%":53.125}