{"_step":10,"lr_backbone":0.0001,"stage":3,"_wandb":{"runtime":17},"_runtime":17,"bin_keep_ratio":0.6953125,"lr":0.001,"stage1_test_f1":0.9112220300697073,"best_val_loss":0.0688861354917198,"val_loss":0.5129471024684858,"lr_gumbel_bin":0.001,"stage2_test_f1":0.9133393819032017,"stage3_test_acc":89.92195453003053,"stage3_test_loss":0.4251154174822078,"epoch":25,"stage2_test_loss":0.3549895677927667,"stage1_test_acc":91.00780454699695,"stage1/test_loss":0.3138910028403248,"stage2_hard_bin_mask_str":"[0.0, 1.0, 1.0, 1.0, 1.0, 1.0, 1.0, 1.0, 1.0, 1.0, 1.0, 1.0, 1.0, 1.0, 1.0, 1.0, 1.0, 1.0, 1.0, 1.0, 1.0, 1.0, 1.0, 1.0, 1.0, 1.0, 1.0, 1.0, 1.0, 1.0, 1.0, 1.0, 1.0, 1.0, 1.0, 1.0, 1.0, 1.0, 1.0, 1.0, 1.0, 1.0, 1.0, 1.0, 1.0, 1.0, 1.0, 1.0, 1.0, 1.0, 1.0, 1.0, 1.0, 1.0, 1.0, 1.0, 1.0, 1.0, 1.0, 1.0, 1.0, 1.0, 1.0, 1.0, 0.0, 0.0, 0.0, 1.0, 0.0, 0.0, 0.0, 1.0, 0.0, 1.0, 1.0, 0.0, 0.0, 1.0, 1.0, 1.0, 0.0, 1.0, 0.0, 1.0, 1.0, 1.0, 0.0, 0.0, 1.0, 1.0, 1.0, 0.0, 0.0, 0.0, 1.0, 1.0, 0.0, 1.0, 0.0, 1.0, 0.0, 0.0, 0.0, 0.0, 1.0, 0.0, 0.0, 1.0, 1.0, 1.0, 0.0, 0.0, 1.0, 0.0, 1.0, 0.0, 0.0, 0.0, 0.0, 1.0, 0.0, 0.0, 1.0, 0.0, 0.0, 0.0, 0.0, 0.0]","stage2_test_acc":91.24533423820834,"val_acc":90.59139784946237,"stage_1_separableconvcnn/confusion_matrix_table":{"path":"media/table/stage_1_separableconvcnn/confusion_matrix_table_1_612eaba306bb362fe266.table.json","_type":"table-file","_latest_artifact_path":"wandb-client-artifact://mysrfiivwhelwih1n0r1x8hiszmn8yv9m5uoxe6eh1cmchd8nyggf3nncjh5gdljqycgjsx6kg9j2uc27toz1bf8ibeokqpixaf5b7q2onp092t4ed3mtbqvi8ezx57t:latest/stage_1_separableconvcnn/confusion_matrix_table.table.json","log_mode":"IMMUTABLE","sha256":"612eaba306bb362fe266aab7a99e3b1cbce6c2c772a585b6cc22a7fa85cdba0f","nrows":36,"ncols":3,"size":1366,"artifact_path":"wandb-client-artifact://q9dil7tqp9lgo4n89fx1rlw125aazo1oo6flaral08fr8f8ud7ug6o4mlvvytu54jimyv993r8g8oe1me1pixcmtcvbzxzx8n2nyvxhw6bhlq98ecydnwgdtld4cd8xv/stage_1_separableconvcnn/confusion_matrix_table.table.json"},"stage1/test_f1":0.9112220300697073,"mask_l1":0.5546875,"stage1/test_acc":91.00780454699695,"_timestamp":1.7757752286015813e+09,"stage3_test_f1":0.9008170864183987,"train_acc":97.77936962750717,"stage1_test_loss":0.3138910028403248,"stage_3_separableconvcnn/confusion_matrix_table":{"artifact_path":"wandb-client-artifact://xgan8mbbyjrm4r3vsfidkow1z4okeajdgigux8fmsdwpckj7wz07x0swl8pn2hcn0e219do05tvdwqrmcyyaro9pl3tq3b7myly66ilqt3c3blirviwbkckdq3j2kel6/stage_3_separableconvcnn/confusion_matrix_table.table.json","size":1367,"path":"media/table/stage_3_separableconvcnn/confusion_matrix_table_9_adc1cfce7969b39409a6.table.json","ncols":3,"log_mode":"IMMUTABLE","_type":"table-file","nrows":36,"sha256":"adc1cfce7969b39409a6a65494cc4c7b4a491e2ddcf2cf8de420b0e068bbb720","_latest_artifact_path":"wandb-client-artifact://2u7lkyg3wriwubthww8ul4uyf4zkui7ss6c11yoas9fbh0nsgh86bzgz09cwjp37tutzeg36vsf9gkzgi2o7gqf4p0fvh7iucfvgb4h963zaorkn1b76h23og4zuveed:latest/stage_3_separableconvcnn/confusion_matrix_table.table.json"},"stage1/use_pretrain_model":false,"train_loss":0.053817181106667465}