{"stage2/purpose":"train channel-pruning model with masking","stage3_test_loss":0.26436417133034945,"stage1/use_pretrain_model":false,"stage2/train_acc":80.16799544419135,"epoch":55,"block4_Pruned_%":0.78125,"stage2/raw_hard_mask_block3":"[0.0, 1.0, 0.0, 0.0, 0.0, 0.0, 1.0, 0.0, 0.0, 1.0, 0.0, 1.0, 0.0, 0.0, 0.0, 1.0, 0.0, 0.0, 1.0, 1.0, 1.0, 1.0, 1.0, 0.0, 0.0, 0.0, 1.0, 1.0, 0.0, 1.0, 1.0, 0.0, 1.0, 0.0, 0.0, 0.0, 1.0, 0.0, 0.0, 0.0, 1.0, 1.0, 0.0, 0.0, 0.0, 1.0, 1.0, 0.0, 1.0, 1.0, 1.0, 0.0, 0.0, 1.0, 1.0, 0.0, 1.0, 1.0, 1.0, 0.0, 1.0, 1.0, 1.0, 1.0, 0.0, 0.0, 1.0, 1.0, 0.0, 0.0, 0.0, 0.0, 0.0, 1.0, 1.0, 1.0, 0.0, 0.0, 1.0, 1.0, 0.0, 1.0, 1.0, 0.0, 1.0, 1.0, 0.0, 0.0, 0.0, 0.0, 1.0, 1.0, 1.0, 1.0, 0.0, 1.0, 1.0, 0.0, 1.0, 0.0, 0.0, 0.0, 0.0, 1.0, 1.0, 1.0, 0.0, 0.0, 0.0, 1.0, 1.0, 0.0, 1.0, 1.0, 0.0, 0.0, 1.0, 1.0, 0.0, 0.0, 1.0, 0.0, 1.0, 0.0, 0.0, 1.0, 0.0, 1.0]","val_loss":0.38089796173863294,"stage2/test_f1":0.8674394587338682,"stage_3_prunedseparableconvcnn/confusion_matrix_table":{"artifact_path":"wandb-client-artifact://23qoth35u9mghf3ttxt96qiibxatn2vtyh69nhlpftnzjjailxu27jeug81sx5xa0dlvthmxxeaudgvqnf4t6mn0lxgla8so3mszsvkza64n3np3cw9pd3ahq8i63b8w/stage_3_prunedseparableconvcnn/confusion_matrix_table.table.json","nrows":36,"size":1365,"log_mode":"IMMUTABLE","sha256":"54358187d0ffed655f3902edf923fb219b61a2a0d1933c6a1a0eec93651bc663","path":"media/table/stage_3_prunedseparableconvcnn/confusion_matrix_table_26_54358187d0ffed655f39.table.json","_type":"table-file","_latest_artifact_path":"wandb-client-artifact://gw9i9kx6p0qn8ez93a5lchfosjlcmlvrx869tfo8f4kk4ei3vx8kft0d2q7qhqcwyyaateda2p2mx4z9bt3zv37tmbk7xle3veuolidj29j0ywrm0srk0qpd0dte5ac4:latest/stage_3_prunedseparableconvcnn/confusion_matrix_table.table.json","ncols":3},"stage2/test_acc":86.01968103155751,"stage2/epoch":60,"model_param_count_dense":36868,"stage2/block4_Pruned_%":0.78125,"model_param_count_pruned":21534,"stage2/final_mask_keep_ratio_block4":0.9921875,"stage2_test_loss":0.40756975695109227,"stage2/block3_Pruned_%":50.78125,"stage2/mask_l1":0.5844806432723999,"stage1/test_f1":0.88700545532366,"_step":28,"_timestamp":1.7758677437466025e+09,"best_val_loss":0.1988682094507101,"val_acc":82.3170731707317,"stage1_test_f1":0.88700545532366,"Total_Pruned_%":28.125,"stage2/final_mask_keep_ratio_block2":0.625,"stage_1_separableconvcnn/confusion_matrix_table":{"ncols":3,"size":1366,"_type":"table-file","sha256":"3e9a7dfa6ae532a6f998e7bfcfd24fdc54498a7eeb455661699d246113d1eec8","_latest_artifact_path":"wandb-client-artifact://ktdee3lus2absp4lqtiphzo7pc9hhv1dj6po7lrfyhejm0x6yjg3wyebu1jwv6ou52xpxy32e264r6b400060xkzg7svi42000bvoyo0tml40gn4oxdgnesedlhmg265:latest/stage_1_separableconvcnn/confusion_matrix_table.table.json","path":"media/table/stage_1_separableconvcnn/confusion_matrix_table_1_3e9a7dfa6ae532a6f998.table.json","nrows":36,"artifact_path":"wandb-client-artifact://odsq8kow94nsqmodhq9x37hxlybrh92gykf2cqvr6s86reby2zabxxbii5e8bwhanfx9ztu2p3k5h01q5juykjxj0tt9wu7scs309kaka1fhy6y49j3aukyikxnwfrxk/stage_1_separableconvcnn/confusion_matrix_table.table.json","log_mode":"IMMUTABLE"},"stage2/final_mask_keep_ratio_block3":0.4921875,"final_summary_log_path":"/home/qphan/master-thesis/models/uci_best_model_three_stage_channel_subject15_val_final_summary_val_15.txt","stage2/stage_number":2,"stage1/test_acc":88.29317950458093,"train_acc":92.86731207289294,"stage2/Total_Pruned_%":28.125,"block3_Pruned_%":50.78125,"model_param_reduction_pct":41.591624172724316,"stage2_test_f1":0.8674394587338682,"stage1_test_loss":0.27359851776276795,"stage1/test_loss":0.27359851776276795,"stage2/raw_hard_mask_block4":"[1.0, 1.0, 1.0, 1.0, 1.0, 1.0, 1.0, 1.0, 1.0, 1.0, 1.0, 1.0, 1.0, 1.0, 1.0, 1.0, 1.0, 1.0, 1.0, 1.0, 1.0, 1.0, 1.0, 1.0, 1.0, 1.0, 1.0, 1.0, 1.0, 1.0, 1.0, 1.0, 1.0, 1.0, 1.0, 1.0, 1.0, 1.0, 1.0, 1.0, 1.0, 1.0, 1.0, 1.0, 1.0, 1.0, 1.0, 1.0, 1.0, 1.0, 0.0, 1.0, 1.0, 1.0, 1.0, 1.0, 1.0, 1.0, 1.0, 1.0, 1.0, 1.0, 1.0, 1.0, 1.0, 1.0, 1.0, 1.0, 1.0, 1.0, 1.0, 1.0, 1.0, 1.0, 1.0, 1.0, 1.0, 1.0, 1.0, 1.0, 1.0, 1.0, 1.0, 1.0, 1.0, 1.0, 1.0, 1.0, 1.0, 1.0, 1.0, 1.0, 1.0, 1.0, 1.0, 1.0, 1.0, 1.0, 1.0, 1.0, 1.0, 1.0, 1.0, 1.0, 1.0, 1.0, 1.0, 1.0, 1.0, 1.0, 1.0, 1.0, 1.0, 1.0, 1.0, 1.0, 1.0, 1.0, 1.0, 1.0, 1.0, 1.0, 1.0, 1.0, 1.0, 1.0, 1.0, 1.0]","train_loss":0.16224887802484095,"stage2/best_epoch":60,"stage2_test_acc":86.01968103155751,"stage2/val_loss":0.4334382998484482,"block2_Pruned_%":37.5,"stage3_test_acc":91.41499830335935,"lr_loaded_weights":0.0001,"stage2/raw_hard_mask_block2":"[1.0, 0.0, 1.0, 1.0, 1.0, 1.0, 0.0, 1.0, 0.0, 1.0, 1.0, 0.0, 0.0, 1.0, 1.0, 1.0, 1.0, 0.0, 1.0, 1.0, 0.0, 0.0, 1.0, 1.0, 0.0, 0.0, 0.0, 0.0, 1.0, 1.0, 1.0, 0.0, 0.0, 0.0, 1.0, 1.0, 1.0, 1.0, 1.0, 0.0, 0.0, 1.0, 1.0, 0.0, 0.0, 0.0, 1.0, 1.0, 0.0, 1.0, 1.0, 0.0, 1.0, 1.0, 1.0, 1.0, 1.0, 0.0, 1.0, 1.0, 0.0, 1.0, 1.0, 1.0]","_runtime":55,"stage":3,"stage2/train_loss":0.4633350458530739,"stage3_test_f1":0.9168046564977069,"stage1_test_acc":88.29317950458093,"stage2/val_acc":78.35365853658537,"stage2/lr_backbone":0.0001,"stage2/block2_Pruned_%":37.5,"model_param_count":21534,"stage2/best_val_loss":0.4334382998484482,"stage2/test_loss":0.40756975695109227,"_wandb":{"runtime":55},"stage2/lr_gumbel":0.001}