{"_wandb":{"runtime":22},"train_acc":89.86942172478118,"stage":3,"stage_3_separableconvcnn/confusion_matrix_table":{"path":"media/table/stage_3_separableconvcnn/confusion_matrix_table_12_efa29d189b0f7904a170.table.json","size":1367,"sha256":"efa29d189b0f7904a170dce4665340b5224d5325d6dc716ea002d1d8ce26b475","nrows":36,"ncols":3,"log_mode":"IMMUTABLE","_latest_artifact_path":"wandb-client-artifact://dupoqcgfn009s4m8ez9ent0avxy2jiag9tb74evbz8o9s5j91jqdce8t3om219rd01cm6tnhxh7iz6rgrzjxaawlyi3y6l466bgvydzyo71uit65lroixrz1fnmbf79h:latest/stage_3_separableconvcnn/confusion_matrix_table.table.json","_type":"table-file","artifact_path":"wandb-client-artifact://q6lrkh3t13qw6bq95bd6wzaj6q7j8fxw8umsnsfi7fls72p3qp9m7eqkct2mbq544g7m4e6u92r4fkkwe2x4308mmi38vlqlae03k15mxr83gs7tvm7ufkmjyeik9zdp/stage_3_separableconvcnn/confusion_matrix_table.table.json"},"best_val_loss":0.26162839409537786,"stage3_test_loss":0.31518211010685554,"train_loss":0.22687269298020044,"stage1/use_pretrain_model":false,"lr":0.001,"stage1_test_f1":0.9252008010887307,"val_loss":0.44017686660331007,"stage2_test_f1":0.8671471790105981,"stage1_test_loss":0.20342029849058735,"stage2_hard_bin_mask_str":"[1.0, 1.0, 1.0, 1.0, 1.0, 1.0, 1.0, 1.0, 0.0, 0.0, 0.0, 0.0, 0.0, 0.0, 0.0, 0.0, 0.0, 0.0, 0.0, 0.0, 0.0, 0.0, 0.0, 0.0, 0.0, 0.0, 0.0, 0.0, 0.0, 0.0, 0.0, 0.0, 0.0, 0.0, 0.0, 0.0, 0.0, 0.0, 0.0, 0.0, 0.0, 0.0, 0.0, 0.0, 0.0, 0.0, 0.0, 0.0, 0.0, 0.0, 0.0, 0.0, 0.0, 0.0, 0.0, 0.0, 0.0, 0.0, 0.0, 0.0, 0.0, 0.0, 0.0, 0.0, 0.0]","stage1/test_acc":92.36511706820495,"stage3_test_f1":0.8978361513808109,"stage1_test_acc":92.36511706820495,"_step":13,"stage1/test_loss":0.20342029849058735,"lr_gumbel_bin":0.001,"stage2_test_loss":0.36791799542603776,"val_acc":84.59530026109661,"stage3_test_acc":89.65049202578894,"_timestamp":1.7766115874381025e+09,"mask_l1":0.10769231617450714,"_runtime":22,"stage_1_separableconvcnn/confusion_matrix_table":{"_latest_artifact_path":"wandb-client-artifact://e2b5nikgl8jmpcmlg79zts7e8ox4p6shjfwn3x7g82c4l3qsbkh4gg1xxzfq2xnblvlczq8wcj2n2r751kiea1y56rns7djed8jx4bxu7zmltsbu8u4405a8vmz2wllm:latest/stage_1_separableconvcnn/confusion_matrix_table.table.json","log_mode":"IMMUTABLE","ncols":3,"path":"media/table/stage_1_separableconvcnn/confusion_matrix_table_1_fbad1ffa9e4a698441e6.table.json","size":1366,"_type":"table-file","artifact_path":"wandb-client-artifact://49dsycn85w83dmcnamj2lhskwr1gk2vjinscdw8nei8tgc4c7lnrfljxot156ooc5wcdxoje429joryma5vw7dlyld5igf282hgo8exkkgteafstsrhwthp2nl7pypvo/stage_1_separableconvcnn/confusion_matrix_table.table.json","nrows":36,"sha256":"fbad1ffa9e4a698441e6c4034ec7cba260dd5a39d3fe7b34b8c33c001509fe53"},"epoch":25,"lr_backbone":0.0001,"stage1/test_f1":0.9252008010887307,"stage2_test_acc":86.69833729216153,"bin_keep_ratio":0.1230769231915474}