{"stage1_test_loss":0.25042668238587484,"val_loss":0.3007912787730204,"_runtime":23,"train_loss":0.3359255722170618,"_wandb":{"runtime":23},"stage1_test_acc":90.22734984730234,"stage1/test_acc":90.22734984730234,"val_acc":88.1619937694704,"stage_3_separableconvcnn/confusion_matrix_table":{"artifact_path":"wandb-client-artifact://cniwuma7bxqzl2bys004zz60tbt4xcyu1gvmqik0tlmn1iueb8d3e5ym08lxct132mezgzv5a4ho63vj0abx68ggant0v2azfpvgkkq0yse3in28rm64ke1jrw99tvye/stage_3_separableconvcnn/confusion_matrix_table.table.json","sha256":"0307a34c99220726d61f67c78828ea4cda240e0b19041bc4a51f567c6925eca3","_type":"table-file","path":"media/table/stage_3_separableconvcnn/confusion_matrix_table_12_0307a34c99220726d61f.table.json","log_mode":"IMMUTABLE","nrows":36,"_latest_artifact_path":"wandb-client-artifact://y1wu3tzwg7mfi9voo9sqiumubjwgtyj96ecms8u50isuxqyksm6e2ibuc313qdqnvuumlcjq3u5e48e9nuoawlw8147z3wzil21mcijz1rtgz3ddr2d3q5kvz6h3uzgd:latest/stage_3_separableconvcnn/confusion_matrix_table.table.json","ncols":3,"size":1371},"stage_1_separableconvcnn/confusion_matrix_table":{"artifact_path":"wandb-client-artifact://y34rqgmji2anxky9gaucpvvn7lqkx9to3q96vw7flb48ysyr97i71yc6ql7988y57qezg8ujlwaj7obrwc33fhczm71sfywpxyiioqt485wdcj7flagkpz8vp942ngx5/stage_1_separableconvcnn/confusion_matrix_table.table.json","ncols":3,"size":1367,"_type":"table-file","log_mode":"IMMUTABLE","sha256":"31b4d710340281842bc3d2b1af8a24bfe054234d3b8904d2d088c9b15086d181","_latest_artifact_path":"wandb-client-artifact://pz050ahjywn83jj92pd4saswhcfww78swgdyfnsmovlk7djcnn7yedtctst1ykhhfsuc9c22fqwc069bzdqkd0j1ynajxbrhw387hp1uo9i5v68tfnjjax6292fjq8ai:latest/stage_1_separableconvcnn/confusion_matrix_table.table.json","path":"media/table/stage_1_separableconvcnn/confusion_matrix_table_1_31b4d710340281842bc3.table.json","nrows":36},"stage":3,"best_val_loss":0.2729675184900516,"stage1/test_f1":0.9037190950512649,"stage2_test_loss":0.3756512200853604,"stage3_test_loss":0.3779688130357547,"stage1_test_f1":0.9037190950512649,"_timestamp":1.7766114217170532e+09,"train_acc":85.33636751528944,"lr":0.001,"epoch":10,"stage1/test_loss":0.25042668238587484,"lr_backbone":0.0001,"stage1/use_pretrain_model":false,"stage3_test_acc":85.10349507974212,"stage2_test_acc":86.12147947064811,"lr_gumbel_bin":0.001,"stage2_hard_bin_mask_str":"[1.0, 1.0, 1.0, 1.0, 1.0, 1.0, 1.0, 0.0, 0.0, 0.0, 0.0, 0.0, 0.0, 0.0, 0.0, 0.0, 0.0, 0.0, 0.0, 0.0, 0.0, 0.0, 0.0, 0.0, 0.0, 0.0, 0.0, 0.0, 0.0, 0.0, 0.0, 0.0, 0.0, 0.0, 0.0, 0.0, 0.0, 0.0, 0.0, 0.0, 0.0, 0.0, 0.0, 0.0, 0.0, 0.0, 0.0, 0.0, 0.0, 0.0, 0.0, 0.0, 0.0, 0.0, 0.0, 0.0, 0.0, 0.0, 0.0, 0.0, 0.0, 0.0, 0.0, 0.0, 0.0]","_step":13,"stage2_test_f1":0.8596002760811846,"bin_keep_ratio":0.10769230872392654,"stage3_test_f1":0.8557466139506676,"mask_l1":0.0923076942563057}