{"stage2/train_loss":0.6518321877564264,"stage_3_prunedseparableconvcnn/confusion_matrix_table":{"size":1363,"path":"media/table/stage_3_prunedseparableconvcnn/confusion_matrix_table_12_62f04ebcaa18fc8e60e0.table.json","_latest_artifact_path":"wandb-client-artifact://r9jviydym0037tytygwtnm1ayq18vo7nc76go9tr0minig212j6982jtvesicsqtit9xwgkrbz0sgxm7cksa7s7bxlnnysqvjrf0tmpdvc3czsafau48i60d2slrjkuf:latest/stage_3_prunedseparableconvcnn/confusion_matrix_table.table.json","nrows":36,"sha256":"62f04ebcaa18fc8e60e0c6e30c569d05a429995cec227cf1b371e60fbe744735","log_mode":"IMMUTABLE","artifact_path":"wandb-client-artifact://uvtpfv6cigdjv2fgcxk9lovkw3pnoeh3n9m2uhdz2mst11vn265qt354q8s7r7wsgpy8gsy3tmud8fd7f9gycqghxkv7l5l6gdkora7phjvh3h79zivemw0ozvxakwlc/stage_3_prunedseparableconvcnn/confusion_matrix_table.table.json","_type":"table-file","ncols":3},"stage2/purpose":"train channel-pruning model with masking","_timestamp":1.7768008984682384e+09,"stage2/final_mask_keep_ratio_block4":0.7890625,"stage2/test_acc":90.66847641669494,"block2_Pruned_%":34.375,"Total_Pruned_%":30.937499999999996,"stage2/val_acc":90.59139784946237,"stage1/test_f1":0.9340293312577218,"stage3_test_acc":92.39904988123516,"epoch":25,"model_param_count_dense":36868,"model_param_count":20600,"stage2_test_acc":90.66847641669494,"block3_Pruned_%":39.0625,"stage2/test_loss":0.38020923913744037,"stage2/raw_hard_mask_block4":"[1.0, 1.0, 1.0, 1.0, 1.0, 1.0, 1.0, 1.0, 1.0, 1.0, 1.0, 0.0, 1.0, 1.0, 1.0, 1.0, 1.0, 1.0, 1.0, 1.0, 1.0, 1.0, 1.0, 1.0, 1.0, 1.0, 1.0, 0.0, 1.0, 1.0, 1.0, 1.0, 0.0, 1.0, 1.0, 1.0, 1.0, 1.0, 1.0, 1.0, 1.0, 1.0, 0.0, 1.0, 0.0, 1.0, 1.0, 0.0, 1.0, 1.0, 1.0, 1.0, 1.0, 1.0, 1.0, 0.0, 0.0, 0.0, 1.0, 0.0, 1.0, 1.0, 1.0, 0.0, 1.0, 1.0, 1.0, 0.0, 0.0, 0.0, 1.0, 0.0, 1.0, 1.0, 1.0, 0.0, 1.0, 1.0, 1.0, 1.0, 0.0, 1.0, 1.0, 1.0, 1.0, 1.0, 1.0, 0.0, 1.0, 1.0, 1.0, 1.0, 1.0, 1.0, 1.0, 1.0, 0.0, 0.0, 0.0, 1.0, 1.0, 0.0, 1.0, 1.0, 0.0, 1.0, 1.0, 1.0, 1.0, 1.0, 0.0, 1.0, 1.0, 1.0, 1.0, 0.0, 1.0, 1.0, 1.0, 0.0, 1.0, 0.0, 1.0, 1.0, 1.0, 1.0, 1.0, 1.0]","stage1/test_acc":93.34916864608076,"stage2/lr_gumbel":0.001,"stage1_test_acc":93.34916864608076,"stage2/final_mask_keep_ratio_block2":0.65625,"stage":3,"lr_loaded_weights":0.0001,"stage2/test_f1":0.9059081871281965,"block4_Pruned_%":21.09375,"stage1/use_pretrain_model":false,"stage2/block3_Pruned_%":39.0625,"model_param_count_pruned":20600,"best_val_loss":0.11906239232774424,"final_summary_log_path":"/home/qphan/master-thesis/models/uci_best_model_three_stage_channel_subject23_val_final_summary_val_23.txt","stage1/test_loss":0.20608454581177776,"stage2/mask_l1":0.4968186318874359,"stage2/best_epoch":11,"_wandb":{"runtime":22},"model_param_reduction_pct":44.124986438103505,"stage2/epoch":20,"stage2/lr_backbone":0.0001,"stage2/block2_Pruned_%":34.375,"stage2_test_loss":0.38020923913744037,"stage1_test_f1":0.9340293312577218,"stage2/block4_Pruned_%":21.09375,"stage2/train_acc":90.78796561604585,"val_loss":0.14417647025191166,"stage_1_separableconvcnn/confusion_matrix_table":{"nrows":36,"ncols":3,"size":1362,"_type":"table-file","path":"media/table/stage_1_separableconvcnn/confusion_matrix_table_1_8cab147eeb459aea51c2.table.json","log_mode":"IMMUTABLE","artifact_path":"wandb-client-artifact://idvwts4e28r64mpy9242moo9ayvj580bd8tzah3g8l0urrtzmepk8mw2mfhtn8d8udixuihazz8mdux4ge4rjyrmy5osyv0qdofkchxg18z7hz7w1ocnj11shnjk6wlt/stage_1_separableconvcnn/confusion_matrix_table.table.json","_latest_artifact_path":"wandb-client-artifact://4rv1ios5dq0udfmt22f15pax1kttimrbkl0aig37uziai017z91hsyrm37pigvmulz9i19k2kb52i9auc6t6wq47kxm8e3z1umu36byco4l0sqifiw88bn2ho0mp6qyx:latest/stage_1_separableconvcnn/confusion_matrix_table.table.json","sha256":"8cab147eeb459aea51c2cc881be46ee3aaebbf38bac7c785b4b22cac60ff3b5c"},"stage2_test_f1":0.9059081871281965,"stage2/raw_hard_mask_block2":"[0.0, 1.0, 0.0, 1.0, 0.0, 0.0, 0.0, 1.0, 1.0, 1.0, 1.0, 0.0, 1.0, 0.0, 1.0, 1.0, 1.0, 0.0, 1.0, 0.0, 1.0, 0.0, 0.0, 1.0, 0.0, 0.0, 1.0, 1.0, 1.0, 1.0, 0.0, 0.0, 0.0, 1.0, 0.0, 1.0, 1.0, 0.0, 1.0, 1.0, 1.0, 1.0, 0.0, 1.0, 0.0, 1.0, 1.0, 1.0, 1.0, 1.0, 0.0, 1.0, 1.0, 1.0, 1.0, 1.0, 1.0, 1.0, 1.0, 1.0, 1.0, 1.0, 0.0, 1.0]","stage2/final_mask_keep_ratio_block3":0.609375,"stage1_test_loss":0.20608454581177776,"val_acc":90.59139784946237,"_runtime":22,"stage2/stage_number":2,"stage2/raw_hard_mask_block3":"[0.0, 1.0, 0.0, 1.0, 1.0, 1.0, 1.0, 0.0, 0.0, 1.0, 1.0, 0.0, 1.0, 1.0, 0.0, 0.0, 0.0, 0.0, 1.0, 1.0, 0.0, 1.0, 1.0, 1.0, 0.0, 1.0, 1.0, 0.0, 1.0, 1.0, 0.0, 1.0, 1.0, 1.0, 0.0, 0.0, 0.0, 0.0, 1.0, 1.0, 1.0, 0.0, 0.0, 1.0, 0.0, 1.0, 1.0, 1.0, 1.0, 1.0, 0.0, 1.0, 1.0, 0.0, 1.0, 1.0, 0.0, 0.0, 1.0, 1.0, 1.0, 1.0, 0.0, 1.0, 0.0, 0.0, 1.0, 1.0, 0.0, 1.0, 1.0, 1.0, 0.0, 1.0, 1.0, 0.0, 1.0, 1.0, 0.0, 0.0, 1.0, 1.0, 1.0, 0.0, 1.0, 1.0, 1.0, 1.0, 1.0, 0.0, 1.0, 1.0, 0.0, 0.0, 0.0, 1.0, 1.0, 1.0, 0.0, 1.0, 1.0, 1.0, 1.0, 1.0, 0.0, 1.0, 0.0, 1.0, 1.0, 1.0, 0.0, 0.0, 0.0, 1.0, 0.0, 1.0, 1.0, 1.0, 1.0, 0.0, 0.0, 0.0, 0.0, 0.0, 1.0, 0.0, 1.0, 1.0]","train_acc":96.01719197707736,"train_loss":0.08019337838563673,"stage3_test_f1":0.9250484111156454,"stage3_test_loss":0.21830273007671022,"stage2/val_loss":0.19837015673911865,"stage2/Total_Pruned_%":30.937499999999996,"_step":14,"stage2/best_val_loss":0.10540126942569553}