{"stage1/purpose":"train baseline model","stage1/train_acc":95.25837592277115,"test_loss":0.2914276045149342,"stage1/epoch":25,"stage1/best_val_loss":0.1899249926058261,"stage1/val_acc":74.02597402597402,"_timestamp":1.7757564521620722e+09,"_wandb":{"runtime":10},"_step":7,"stage1_test_acc":90.63454360366474,"stage_1_separableconvcnn/confusion_matrix_table":{"log_mode":"IMMUTABLE","size":1366,"sha256":"55ee6fad50e55c0c9b0b807c779fb47a3f12fad8f214708e473ea99e4325c11e","ncols":3,"_type":"table-file","artifact_path":"wandb-client-artifact://w87dfcxxd1h2k720ljqyglorikefmi3jtvt1p1engkeh40uykrucgekyagtfatpqypqi0zd3ln4bv6a6bsi1sobkpczm2vgqmg6hca7vxhas55vier0fdou1fzb9lka4/stage_1_separableconvcnn/confusion_matrix_table.table.json","nrows":36,"_latest_artifact_path":"wandb-client-artifact://9u0pnf7vyqfwlmuywyws9itbefbmsh3vold37ch80pm1anwegg1fdhk9qtlk5l66v04jc8aj2heefy688cyeb3fq21oal39qtqj0d29g9xrlf9q7p4njonoxnda4o4tw:latest/stage_1_separableconvcnn/confusion_matrix_table.table.json","path":"media/table/stage_1_separableconvcnn/confusion_matrix_table_7_55ee6fad50e55c0c9b0b.table.json"},"test_f1_macro":0.9077675212268622,"best_epoch":15,"stage1/test_f1":0.9077675212268622,"stage1/val_loss":1.7614739392581698,"best_val_loss":0.1899249926058261,"stage1/train_loss":0.1155671507949385,"stage1/test_acc":90.63454360366474,"test_acc":90.63454360366474,"stage1/use_pretrain_model":false,"_runtime":10,"stage1_test_loss":0.2914276045149342,"stage1_test_f1":0.9077675212268622,"stage1/lr":0.001,"stage1/stage_number":1,"stage1/test_loss":0.2914276045149342}