{"stage1_test_acc":89.85408890397014,"_timestamp":1.7764251800321026e+09,"_runtime":15,"train_loss":0.11947090937282437,"_step":9,"val_loss":0.5149037615120237,"stage2_hard_bin_mask_str":"[0.0, 0.0, 0.0, 0.0, 0.0, 1.0, 0.0, 1.0, 0.0, 1.0, 1.0, 1.0, 1.0, 1.0, 1.0, 1.0, 1.0, 1.0, 1.0, 1.0, 1.0, 1.0, 1.0, 1.0, 1.0, 1.0, 1.0, 1.0, 1.0, 1.0, 1.0, 1.0, 1.0, 1.0, 1.0, 0.0, 0.0, 1.0, 1.0, 1.0, 1.0, 1.0, 0.0, 1.0, 1.0, 1.0, 1.0, 1.0, 1.0, 1.0, 1.0, 1.0, 1.0, 1.0, 1.0, 1.0, 1.0, 1.0, 1.0, 1.0, 0.0, 0.0, 0.0, 0.0, 0.0, 0.0, 0.0, 0.0, 0.0, 0.0, 0.0, 0.0, 0.0, 0.0, 0.0, 0.0, 0.0, 0.0, 0.0, 0.0, 0.0, 0.0, 0.0, 0.0, 0.0, 0.0, 0.0, 0.0, 0.0, 0.0, 0.0, 0.0, 0.0, 0.0, 0.0, 0.0, 0.0, 0.0, 0.0, 0.0, 0.0, 0.0, 0.0, 0.0, 0.0, 0.0, 0.0, 0.0, 0.0, 0.0, 0.0, 0.0, 0.0, 0.0, 0.0, 0.0, 0.0, 0.0, 0.0, 0.0, 0.0, 0.0, 0.0, 0.0, 0.0, 0.0, 0.0, 0.0]","stage_1_separableconvcnn/confusion_matrix_table":{"ncols":3,"_latest_artifact_path":"wandb-client-artifact://63w2ndq2hy5edtqrheazbznyr1q4rlp4hz7r7cyhsi26uojg9854ikg5iln6l8xq1n4q6p0371yler1af5jhci72ac0toqcgz4ewg171jg84d5gk4mp6m70jmjokaae9:latest/stage_1_separableconvcnn/confusion_matrix_table.table.json","artifact_path":"wandb-client-artifact://x1lnj0rwgepkyxzvinp6p0qwjbnp3vc3uby8bidwxweovq6zd57quc427v4w62svi30xvaags03w2j4xfuvjpy931t3k0kpz4jfh7wjbm2dcwgedy8kyxnxbyyjkxono/stage_1_separableconvcnn/confusion_matrix_table.table.json","log_mode":"IMMUTABLE","size":1368,"sha256":"02c5a6fac2b98a2cce23216035c71184f8282e95afab8b7a4923ed0654b10cea","path":"media/table/stage_1_separableconvcnn/confusion_matrix_table_1_02c5a6fac2b98a2cce23.table.json","nrows":36,"_type":"table-file"},"val_acc":85.92375366568915,"stage3_test_acc":88.53070919579233,"stage1/test_acc":89.85408890397014,"bin_keep_ratio":0.390625,"stage3_test_loss":0.48855473718025716,"stage":3,"best_val_loss":0.2314522368205258,"train_acc":94.72257880473542,"mask_l1":0.1640625,"lr_gumbel_bin":0.001,"stage1/test_loss":0.4559599839993571,"stage1/use_pretrain_model":false,"lr":0.001,"stage1/test_f1":0.8992012196111356,"stage2_test_acc":87.34306073973532,"stage3_test_f1":0.8879569238033214,"stage1_test_loss":0.4559599839993571,"stage1_test_f1":0.8992012196111356,"_wandb":{"runtime":15},"epoch":15,"stage_3_separableconvcnn/confusion_matrix_table":{"nrows":36,"_latest_artifact_path":"wandb-client-artifact://h7y0iqiwthnxad13ubi817kh7vs1pc155it7f0xq9r9z9e9oocor9yvv67nllc2aluadmixmmxz2gvt471h93jn6dlncwgfalhntvhf1z0rti9pl6qdo1t144u3sw1o2:latest/stage_3_separableconvcnn/confusion_matrix_table.table.json","path":"media/table/stage_3_separableconvcnn/confusion_matrix_table_8_6f40d834f7451c493235.table.json","sha256":"6f40d834f7451c493235c8a864e3893ae8bcd2ef216b41fddea927f240c2b1dc","log_mode":"IMMUTABLE","_type":"table-file","size":1365,"ncols":3,"artifact_path":"wandb-client-artifact://ljlhk7dwvu2ne6c19s8zxxvaadfpjwcqwfw6aqr5dp8r85m6d2p2n3hhtqyabe9qk2ltr2orn6std4qbrmfhcendhcohlihshwth6xz6nbsy7h3vpu2knawmooa0m1hn/stage_3_separableconvcnn/confusion_matrix_table.table.json"},"stage2_test_loss":0.4827724216407286,"lr_backbone":0.0001,"stage2_test_f1":0.8748209334885204}