{"_step":9,"params_before_pruning":36998,"channels_block2":58,"_wandb":{"runtime":77},"stage_3_prunedseparableconvcnn/confusion_matrix_table":{"artifact_path":"wandb-client-artifact://l3bsuqel3i2e7cxd54999imw9fylirlanwx6stwt8amlifl9as2qm8vq0xbapb91beu2umpspgbazbb7zgbqzr4r54jw5767rga2ovpvim19a0d2lbhvr4fgsatemupk/stage_3_prunedseparableconvcnn/confusion_matrix_table.table.json","path":"media/table/stage_3_prunedseparableconvcnn/confusion_matrix_table_8_b86f7fb474d9c653a6ab.table.json","sha256":"b86f7fb474d9c653a6ab5f7436222ca96b076dec3f3f7dbe50c61609d15ddedf","_latest_artifact_path":"wandb-client-artifact://q4g7kdf1aj6j1k7kgcu8s7cq7dy927gouhheb3gjbkb70nefrexnf1meytcbqr28c7q2nj59niedogzm71tbozps8y6uc7ap0206iyttwnhavsbv6yff0oyykxr6ejoo:latest/stage_3_prunedseparableconvcnn/confusion_matrix_table.table.json","log_mode":"IMMUTABLE","size":2013,"ncols":3,"_type":"table-file","nrows":64},"stage1_test_f1":0.6910884547576478,"best_val_loss":0.8056159215628688,"lr":0.001,"channels_block4":115,"stage3_channel_metadata_json":"{\"block2\": {\"kept_indices\": [0, 1, 2, 4, 5, 6, 7, 8, 9, 10, 11, 12, 13, 14, 15, 16, 17, 18, 19, 20, 21, 22, 23, 24, 25, 26, 27, 28, 29, 30, 31, 32, 33, 35, 36, 37, 38, 39, 40, 42, 43, 44, 45, 46, 47, 48, 49, 50, 51, 53, 54, 55, 56, 57, 58, 60, 61, 62], \"pruned_indices\": [3, 34, 41, 52, 59, 63], \"kept_count\": 58, \"pruned_count\": 6, \"total_channels\": 64}, \"block3\": {\"kept_indices\": [0, 1, 2, 3, 4, 5, 6, 7, 9, 11, 12, 13, 15, 16, 17, 19, 20, 21, 22, 23, 24, 25, 26, 27, 28, 29, 30, 31, 32, 33, 35, 37, 38, 39, 40, 41, 42, 43, 44, 45, 46, 47, 48, 49, 51, 52, 53, 54, 55, 56, 57, 58, 59, 61, 62, 63, 64, 65, 66, 67, 68, 69, 70, 71, 72, 73, 74, 75, 78, 79, 80, 81, 82, 84, 85, 87, 88, 89, 90, 91, 92, 93, 94, 95, 96, 97, 98, 99, 100, 101, 102, 103, 104, 106, 107, 108, 109, 110, 111, 112, 113, 114, 115, 116, 117, 118, 119, 120, 121, 122, 123, 124, 125, 126, 127], \"pruned_indices\": [8, 10, 14, 18, 34, 36, 50, 60, 76, 77, 83, 86, 105], \"kept_count\": 115, \"pruned_count\": 13, \"total_channels\": 128}, \"block4\": {\"kept_indices\": [0, 1, 3, 4, 5, 6, 7, 8, 10, 11, 12, 13, 14, 15, 16, 19, 20, 21, 22, 23, 24, 25, 26, 27, 28, 29, 30, 31, 32, 33, 34, 35, 36, 37, 38, 39, 40, 41, 42, 43, 44, 45, 46, 48, 49, 50, 51, 52, 53, 54, 55, 56, 57, 58, 59, 60, 61, 62, 63, 64, 65, 66, 67, 68, 69, 70, 71, 72, 73, 74, 76, 77, 78, 79, 80, 81, 82, 83, 84, 85, 87, 88, 89, 90, 91, 92, 94, 95, 96, 97, 98, 99, 100, 101, 102, 104, 105, 106, 107, 108, 109, 110, 111, 113, 116, 117, 118, 119, 120, 121, 122, 123, 124, 125, 126], \"pruned_indices\": [2, 9, 17, 18, 47, 75, 86, 93, 103, 112, 114, 115, 127], \"kept_count\": 115, \"pruned_count\": 13, \"total_channels\": 128}}","stage3_final_mask_json":"{\"block2\": [1.0, 1.0, 1.0, 0.0, 1.0, 1.0, 1.0, 1.0, 1.0, 1.0, 1.0, 1.0, 1.0, 1.0, 1.0, 1.0, 1.0, 1.0, 1.0, 1.0, 1.0, 1.0, 1.0, 1.0, 1.0, 1.0, 1.0, 1.0, 1.0, 1.0, 1.0, 1.0, 1.0, 1.0, 0.0, 1.0, 1.0, 1.0, 1.0, 1.0, 1.0, 0.0, 1.0, 1.0, 1.0, 1.0, 1.0, 1.0, 1.0, 1.0, 1.0, 1.0, 0.0, 1.0, 1.0, 1.0, 1.0, 1.0, 1.0, 0.0, 1.0, 1.0, 1.0, 0.0], \"block3\": [1.0, 1.0, 1.0, 1.0, 1.0, 1.0, 1.0, 1.0, 0.0, 1.0, 0.0, 1.0, 1.0, 1.0, 0.0, 1.0, 1.0, 1.0, 0.0, 1.0, 1.0, 1.0, 1.0, 1.0, 1.0, 1.0, 1.0, 1.0, 1.0, 1.0, 1.0, 1.0, 1.0, 1.0, 0.0, 1.0, 0.0, 1.0, 1.0, 1.0, 1.0, 1.0, 1.0, 1.0, 1.0, 1.0, 1.0, 1.0, 1.0, 1.0, 0.0, 1.0, 1.0, 1.0, 1.0, 1.0, 1.0, 1.0, 1.0, 1.0, 0.0, 1.0, 1.0, 1.0, 1.0, 1.0, 1.0, 1.0, 1.0, 1.0, 1.0, 1.0, 1.0, 1.0, 1.0, 1.0, 0.0, 0.0, 1.0, 1.0, 1.0, 1.0, 1.0, 0.0, 1.0, 1.0, 0.0, 1.0, 1.0, 1.0, 1.0, 1.0, 1.0, 1.0, 1.0, 1.0, 1.0, 1.0, 1.0, 1.0, 1.0, 1.0, 1.0, 1.0, 1.0, 0.0, 1.0, 1.0, 1.0, 1.0, 1.0, 1.0, 1.0, 1.0, 1.0, 1.0, 1.0, 1.0, 1.0, 1.0, 1.0, 1.0, 1.0, 1.0, 1.0, 1.0, 1.0, 1.0], \"block4\": [1.0, 1.0, 0.0, 1.0, 1.0, 1.0, 1.0, 1.0, 1.0, 0.0, 1.0, 1.0, 1.0, 1.0, 1.0, 1.0, 1.0, 0.0, 0.0, 1.0, 1.0, 1.0, 1.0, 1.0, 1.0, 1.0, 1.0, 1.0, 1.0, 1.0, 1.0, 1.0, 1.0, 1.0, 1.0, 1.0, 1.0, 1.0, 1.0, 1.0, 1.0, 1.0, 1.0, 1.0, 1.0, 1.0, 1.0, 0.0, 1.0, 1.0, 1.0, 1.0, 1.0, 1.0, 1.0, 1.0, 1.0, 1.0, 1.0, 1.0, 1.0, 1.0, 1.0, 1.0, 1.0, 1.0, 1.0, 1.0, 1.0, 1.0, 1.0, 1.0, 1.0, 1.0, 1.0, 0.0, 1.0, 1.0, 1.0, 1.0, 1.0, 1.0, 1.0, 1.0, 1.0, 1.0, 0.0, 1.0, 1.0, 1.0, 1.0, 1.0, 1.0, 0.0, 1.0, 1.0, 1.0, 1.0, 1.0, 1.0, 1.0, 1.0, 1.0, 0.0, 1.0, 1.0, 1.0, 1.0, 1.0, 1.0, 1.0, 1.0, 0.0, 1.0, 0.0, 0.0, 1.0, 1.0, 1.0, 1.0, 1.0, 1.0, 1.0, 1.0, 1.0, 1.0, 1.0, 0.0]}","channels_block3":115,"epoch":26,"stage":3,"train_loss":0.5146226395192622,"_timestamp":1.7754248185052352e+09,"stage_1_separableconvcnn/confusion_matrix_table":{"_latest_artifact_path":"wandb-client-artifact://i76txh96kv6nun6nv0s7fntlrqbu0778io7h1z7uezojqixqhc37c04s7zy55bh7190na1vvm76q57jvwz25q5jzfz6ngucmtzx9qhlj1r7a0bxjdlebqqsatghgl20a:latest/stage_1_separableconvcnn/confusion_matrix_table.table.json","path":"media/table/stage_1_separableconvcnn/confusion_matrix_table_0_41e0e97869cda5d4f39f.table.json","_type":"table-file","log_mode":"IMMUTABLE","size":2012,"ncols":3,"artifact_path":"wandb-client-artifact://74drfor8twwzj7ezsyj9k6g15c8pjqewxemnzp94x5i6g0o68g8l1cf2317pntrwl5rl89em1v151hxxf4s4xeivvrh9339f5dxkvc33znea57j20evz8msa9dj2qj0s/stage_1_separableconvcnn/confusion_matrix_table.table.json","nrows":64,"sha256":"41e0e97869cda5d4f39f5eb29c50ede05b4b9fc64abbbda1ce57ff54181bc3bb"},"train_acc":81.0324667732003,"_runtime":77,"stage3_test_f1":0.6774782043908711,"stage1_test_acc":79.31993817619784,"val_loss":1.0045378552126003,"params_after_pruning":31172,"stage3_test_acc":72.71509531169501,"val_acc":62.725173210161664}