{"stage2/best_val_loss":0.5599720213665033,"stage1/use_pretrain_model":false,"model_param_reduction_pct":72.6456547683628,"_runtime":53,"epoch":60,"stage2/val_loss":0.630799645950746,"stage2/Total_Pruned_%":58.4375,"train_loss":0.21431650805297994,"stage2/final_mask_keep_ratio_block4":0.484375,"stage2/epoch":60,"train_acc":91.35907226700608,"stage2_test_loss":0.5323762598778813,"stage2/train_acc":69.26884457643898,"stage2/block3_Pruned_%":64.0625,"stage2/lr_backbone":0.0001,"stage2/mask_l1":0.4049092233181,"stage1/test_loss":0.22985296332345792,"stage2/test_f1":0.7127926553239347,"stage2_test_f1":0.7127926553239347,"stage2/raw_hard_mask_block3":"[1.0, 0.0, 1.0, 0.0, 1.0, 0.0, 0.0, 1.0, 1.0, 1.0, 1.0, 1.0, 0.0, 0.0, 0.0, 1.0, 0.0, 0.0, 0.0, 0.0, 0.0, 0.0, 0.0, 1.0, 1.0, 0.0, 0.0, 0.0, 0.0, 1.0, 0.0, 1.0, 1.0, 1.0, 0.0, 0.0, 1.0, 0.0, 0.0, 0.0, 1.0, 1.0, 1.0, 0.0, 0.0, 0.0, 0.0, 0.0, 0.0, 0.0, 1.0, 1.0, 0.0, 1.0, 0.0, 0.0, 1.0, 1.0, 0.0, 0.0, 1.0, 0.0, 0.0, 1.0, 0.0, 1.0, 0.0, 0.0, 0.0, 0.0, 0.0, 1.0, 1.0, 1.0, 0.0, 0.0, 0.0, 1.0, 0.0, 0.0, 1.0, 0.0, 0.0, 0.0, 1.0, 1.0, 0.0, 1.0, 0.0, 0.0, 0.0, 0.0, 1.0, 0.0, 0.0, 1.0, 0.0, 1.0, 0.0, 0.0, 0.0, 1.0, 0.0, 0.0, 1.0, 0.0, 0.0, 1.0, 0.0, 0.0, 0.0, 0.0, 1.0, 1.0, 0.0, 0.0, 1.0, 0.0, 0.0, 0.0, 0.0, 0.0, 0.0, 0.0, 0.0, 0.0, 1.0, 1.0]","Total_Pruned_%":58.4375,"stage1_test_f1":0.9256903327450012,"_step":29,"stage2/test_acc":74.95758398371225,"stage2/final_mask_keep_ratio_block3":0.359375,"stage3_test_loss":0.2766677208634511,"stage2/val_acc":65.83629893238434,"stage1_test_acc":92.46691550729555,"stage2/raw_hard_mask_block4":"[1.0, 0.0, 0.0, 0.0, 1.0, 0.0, 0.0, 0.0, 0.0, 1.0, 0.0, 1.0, 1.0, 0.0, 1.0, 1.0, 1.0, 0.0, 0.0, 0.0, 0.0, 0.0, 1.0, 0.0, 0.0, 1.0, 0.0, 0.0, 0.0, 0.0, 1.0, 0.0, 0.0, 0.0, 1.0, 0.0, 1.0, 0.0, 0.0, 0.0, 0.0, 1.0, 1.0, 1.0, 1.0, 1.0, 1.0, 1.0, 1.0, 0.0, 0.0, 0.0, 1.0, 0.0, 0.0, 1.0, 1.0, 0.0, 1.0, 0.0, 1.0, 0.0, 1.0, 0.0, 1.0, 1.0, 0.0, 0.0, 1.0, 0.0, 1.0, 1.0, 0.0, 0.0, 1.0, 0.0, 1.0, 0.0, 0.0, 1.0, 1.0, 1.0, 0.0, 1.0, 0.0, 1.0, 1.0, 1.0, 1.0, 0.0, 0.0, 1.0, 1.0, 0.0, 1.0, 1.0, 1.0, 1.0, 1.0, 0.0, 0.0, 1.0, 1.0, 0.0, 0.0, 1.0, 0.0, 0.0, 0.0, 1.0, 1.0, 0.0, 0.0, 1.0, 1.0, 1.0, 1.0, 0.0, 0.0, 0.0, 1.0, 0.0, 1.0, 0.0, 0.0, 1.0, 1.0, 0.0]","model_param_count_pruned":10085,"stage2/raw_hard_mask_block2":"[0.0, 1.0, 1.0, 1.0, 0.0, 0.0, 0.0, 0.0, 0.0, 0.0, 0.0, 1.0, 1.0, 0.0, 1.0, 1.0, 0.0, 0.0, 1.0, 0.0, 0.0, 0.0, 1.0, 1.0, 0.0, 0.0, 0.0, 1.0, 1.0, 1.0, 1.0, 1.0, 0.0, 0.0, 1.0, 0.0, 0.0, 0.0, 1.0, 0.0, 0.0, 1.0, 0.0, 0.0, 0.0, 1.0, 0.0, 0.0, 1.0, 1.0, 0.0, 1.0, 0.0, 0.0, 0.0, 0.0, 0.0, 0.0, 1.0, 0.0, 1.0, 0.0, 1.0, 0.0]","stage2/stage_number":2,"stage1_test_loss":0.22985296332345792,"_wandb":{"runtime":53},"stage":3,"stage2/final_mask_keep_ratio_block2":0.390625,"stage2/purpose":"train channel-pruning model with masking","stage_3_prunedseparableconvcnn/confusion_matrix_table":{"_latest_artifact_path":"wandb-client-artifact://qjeaew0dh2adeazrpjqi1jqa0x98yc4iri66piljm5uxrbxonptkyconz4dvtp7k1rockojsumuhufxa97eppw2m13ilowm5alzxgicitrwkv4dr56shjf8ewj7zfyvj:latest/stage_3_prunedseparableconvcnn/confusion_matrix_table.table.json","artifact_path":"wandb-client-artifact://lz0sxf1nnw80unptlt9u4tbi4dja0zzkqjkehf5c21i4dq9nymx3d4h093565jw5ddxqbvvg4ytwyv7hs0tmwtjjk3ep7sdyollj266x7b6e2h1oofxcfqdwwyvpkjmw/stage_3_prunedseparableconvcnn/confusion_matrix_table.table.json","_type":"table-file","ncols":3,"log_mode":"IMMUTABLE","path":"media/table/stage_3_prunedseparableconvcnn/confusion_matrix_table_27_f31d3c4478c217c31f5d.table.json","sha256":"f31d3c4478c217c31f5d728e050e93322e070879bb1028df86d503a21e8c6e6a","size":1367,"nrows":36},"val_acc":92.17081850533808,"stage2/train_loss":0.6859527277551973,"_timestamp":1.775860426841128e+09,"stage2/block2_Pruned_%":60.9375,"final_summary_log_path":"/home/qphan/master-thesis/models/uci_best_model_three_stage_channel_subject8_val_final_summary_val_8.txt","stage2_test_acc":74.95758398371225,"stage2/lr_gumbel":0.001,"stage_1_separableconvcnn/confusion_matrix_table":{"ncols":3,"nrows":36,"path":"media/table/stage_1_separableconvcnn/confusion_matrix_table_1_0d020f5d83c84288d7ef.table.json","sha256":"0d020f5d83c84288d7ef82e44b2c5507ef0a1db1a97322c6a1ebbfba66b35265","_latest_artifact_path":"wandb-client-artifact://kt1kwmxsfwu0w51kjz9negm7jdeb7cor61mwgfqbu5awr9ysy3p1ugy454uh7pr4k4510fh0dke5g888eswfrltuzbebvbdue0q0qzixq21nuycvhczvgrfe7amxuy1l:latest/stage_1_separableconvcnn/confusion_matrix_table.table.json","size":1366,"_type":"table-file","artifact_path":"wandb-client-artifact://3z985iuv7rx3i37v1dzh6pj5mxyclu5roo1ksmwq3ightu4yqwez21cy6m9r72eeiep7rindxc3ja0yqtgklvbay3b04404rid3g653et94c6arz1hfgnnl1iyewhzg1/stage_1_separableconvcnn/confusion_matrix_table.table.json","log_mode":"IMMUTABLE"},"stage2/block4_Pruned_%":51.5625,"stage3_test_acc":89.31116389548694,"lr_loaded_weights":0.0001,"block4_Pruned_%":51.5625,"stage3_test_f1":0.8946646263691252,"stage2/test_loss":0.5323762598778813,"block2_Pruned_%":60.9375,"block3_Pruned_%":64.0625,"model_param_count_dense":36868,"model_param_count":10085,"val_loss":0.20529589147118063,"stage1/test_acc":92.46691550729555,"best_val_loss":0.1973767106908496,"stage2/best_epoch":54,"stage1/test_f1":0.9256903327450012}