{"stage2/block2_Pruned_%":65.625,"model_param_count_pruned":8954,"stage2/raw_hard_mask_block3":"[0.0, 0.0, 1.0, 1.0, 1.0, 1.0, 0.0, 1.0, 0.0, 0.0, 0.0, 1.0, 0.0, 1.0, 0.0, 0.0, 1.0, 0.0, 1.0, 0.0, 1.0, 0.0, 0.0, 1.0, 0.0, 0.0, 0.0, 0.0, 0.0, 0.0, 1.0, 0.0, 1.0, 1.0, 0.0, 0.0, 1.0, 1.0, 0.0, 0.0, 0.0, 0.0, 0.0, 1.0, 0.0, 1.0, 1.0, 0.0, 0.0, 0.0, 0.0, 1.0, 1.0, 1.0, 0.0, 1.0, 0.0, 1.0, 1.0, 0.0, 1.0, 0.0, 0.0, 0.0, 0.0, 0.0, 0.0, 0.0, 1.0, 0.0, 0.0, 0.0, 0.0, 0.0, 0.0, 0.0, 1.0, 1.0, 1.0, 1.0, 0.0, 0.0, 1.0, 0.0, 0.0, 0.0, 0.0, 1.0, 1.0, 0.0, 0.0, 1.0, 0.0, 0.0, 0.0, 1.0, 1.0, 0.0, 0.0, 0.0, 1.0, 1.0, 0.0, 0.0, 1.0, 1.0, 1.0, 1.0, 1.0, 0.0, 1.0, 1.0, 1.0, 0.0, 0.0, 0.0, 0.0, 1.0, 1.0, 1.0, 0.0, 0.0, 0.0, 0.0, 1.0, 0.0, 1.0, 0.0]","stage2/epoch":15,"stage3_test_acc":73.02341364099084,"_wandb":{"runtime":17},"block4_Pruned_%":60.9375,"stage1/test_f1":0.8924884128205228,"stage1/test_loss":0.2930488961723181,"stage2/test_loss":0.7355957590858887,"stage1_test_acc":89.07363420427554,"_step":10,"stage1_test_f1":0.8924884128205228,"model_param_count":8954,"stage3_test_f1":0.7165529439398158,"model_param_count_dense":36868,"stage2/final_mask_keep_ratio_block3":0.40625,"final_summary_log_path":"/home/qphan/master-thesis/models/uci_best_model_three_stage_channel_subject25_val_final_summary_val_25.txt","stage2/val_loss":1.0352339034212394,"_timestamp":1.775866153721291e+09,"stage2/val_acc":52.567237163814184,"val_acc":67.97066014669926,"stage1/use_pretrain_model":false,"stage2/Total_Pruned_%":61.25000000000001,"stage2/block4_Pruned_%":60.9375,"stage2/train_loss":1.2541007989939466,"train_acc":79.51893993950742,"stage2/best_epoch":9,"Total_Pruned_%":61.25000000000001,"stage2/final_mask_keep_ratio_block2":0.34375,"stage2_test_loss":0.7355957590858887,"stage_3_prunedseparableconvcnn/confusion_matrix_table":{"_type":"table-file","sha256":"779d8363f0e29142953930927794839dbd1106df3f073719b9e04f44675af0f1","ncols":3,"nrows":36,"path":"media/table/stage_3_prunedseparableconvcnn/confusion_matrix_table_8_779d8363f0e291429539.table.json","log_mode":"IMMUTABLE","size":1367,"artifact_path":"wandb-client-artifact://dytj69ia8v780kgibk1je5ehd1tnzogo6tspo33vm30l0z8157antsu5gumr76df7bry5mve6edlivwng4g2g54tet8arc4y2il95r7286debcfvg52ucky8fw3hvgu3/stage_3_prunedseparableconvcnn/confusion_matrix_table.table.json","_latest_artifact_path":"wandb-client-artifact://wrzqifmfzhyisctspbp2uba4rmx0pdtr0jpa4i0b4cp4c9aiqar7eafpmowqakyg75feui0go066m80o1v5g4s7kdjgbok7vka7jluft7ud9fz2lucoxwuvpgawsfmjp:latest/stage_3_prunedseparableconvcnn/confusion_matrix_table.table.json"},"stage2/block3_Pruned_%":59.375,"stage1_test_loss":0.2930488961723181,"lr_loaded_weights":0.0001,"stage2/raw_hard_mask_block4":"[0.0, 0.0, 0.0, 0.0, 1.0, 1.0, 1.0, 0.0, 0.0, 1.0, 1.0, 1.0, 1.0, 1.0, 0.0, 0.0, 0.0, 1.0, 1.0, 1.0, 0.0, 0.0, 1.0, 1.0, 0.0, 1.0, 0.0, 1.0, 0.0, 0.0, 0.0, 1.0, 0.0, 0.0, 0.0, 1.0, 0.0, 1.0, 1.0, 0.0, 0.0, 0.0, 0.0, 1.0, 0.0, 1.0, 1.0, 1.0, 1.0, 0.0, 0.0, 0.0, 1.0, 0.0, 0.0, 1.0, 1.0, 0.0, 1.0, 1.0, 0.0, 0.0, 1.0, 0.0, 1.0, 0.0, 1.0, 1.0, 0.0, 0.0, 1.0, 0.0, 0.0, 0.0, 0.0, 0.0, 1.0, 0.0, 0.0, 1.0, 0.0, 1.0, 0.0, 1.0, 0.0, 0.0, 0.0, 0.0, 0.0, 1.0, 1.0, 0.0, 0.0, 0.0, 0.0, 1.0, 1.0, 0.0, 1.0, 0.0, 0.0, 0.0, 1.0, 1.0, 0.0, 0.0, 1.0, 0.0, 1.0, 0.0, 0.0, 0.0, 0.0, 0.0, 0.0, 0.0, 0.0, 0.0, 1.0, 0.0, 1.0, 0.0, 1.0, 0.0, 0.0, 0.0, 0.0, 0.0]","stage3_test_loss":0.5757817135190558,"stage2/stage_number":2,"_runtime":17,"stage":3,"stage2/best_val_loss":0.8673087310018632,"stage2_test_acc":58.53410247709535,"stage2/final_mask_keep_ratio_block4":0.390625,"block3_Pruned_%":59.375,"val_loss":0.9193695703146223,"stage_1_separableconvcnn/confusion_matrix_table":{"_latest_artifact_path":"wandb-client-artifact://dopf9u2h87wb0nbs9391ja49iaioocfva6y7qxjchqikrrrugrda1a8rx5vgnzm3emewtxxkyfkcgbez633ew6txs4i3yxvsitrx8n6r9c77aghcucz8y2ezscblxi8j:latest/stage_1_separableconvcnn/confusion_matrix_table.table.json","size":1365,"artifact_path":"wandb-client-artifact://w9fiiv4jx8upi0efret3yoa49yyxurzez7z2mz98wgx6uahu3lxfyow9bb1eb71fi6vfai524ls61uephqjhu1idh5eo7ur4x3risn8v8efqddxqdd5shqh6kqbsjhg4/stage_1_separableconvcnn/confusion_matrix_table.table.json","log_mode":"IMMUTABLE","sha256":"e9d0f4c5600594355502fc58cbe063851c9ea7d0488f87540acebe3c18daf084","_type":"table-file","nrows":36,"path":"media/table/stage_1_separableconvcnn/confusion_matrix_table_1_e9d0f4c5600594355502.table.json","ncols":3},"stage2/test_acc":58.53410247709535,"model_param_reduction_pct":75.71335575566887,"stage2/lr_backbone":0.0001,"stage2/test_f1":0.5066692414856616,"best_val_loss":0.7854519232032788,"stage2/raw_hard_mask_block2":"[0.0, 0.0, 1.0, 0.0, 0.0, 0.0, 0.0, 0.0, 1.0, 0.0, 1.0, 1.0, 0.0, 0.0, 0.0, 1.0, 1.0, 0.0, 0.0, 1.0, 0.0, 0.0, 1.0, 1.0, 1.0, 0.0, 0.0, 0.0, 1.0, 0.0, 0.0, 1.0, 0.0, 1.0, 0.0, 0.0, 0.0, 0.0, 1.0, 0.0, 0.0, 0.0, 0.0, 1.0, 1.0, 0.0, 0.0, 1.0, 1.0, 0.0, 0.0, 1.0, 0.0, 1.0, 0.0, 1.0, 0.0, 0.0, 0.0, 1.0, 0.0, 0.0, 0.0, 0.0]","stage1/test_acc":89.07363420427554,"stage2/mask_l1":0.47957468032836914,"stage2_test_f1":0.5066692414856616,"stage2/purpose":"train channel-pruning model with masking","block2_Pruned_%":65.625,"stage2/train_acc":57.52556531758606,"epoch":10,"stage2/lr_gumbel":0.001,"train_loss":0.4491556393607419}