{"train_loss":0.1288900359287034,"stage3_test_f1":0.9050598515574153,"stage3_test_acc":90.60061079063455,"stage_3_separableconvcnn/confusion_matrix_table":{"nrows":36,"log_mode":"IMMUTABLE","artifact_path":"wandb-client-artifact://ron3ztfsnybil9y4q3lr50g2315t16dgad4wy4ewhp1rqdu4wjclvnioybfmhncm8gdg8su5c62jdr4txzfuczt3nd8obb446faxepql3pn7uktbckh3guhpsdiv2kh6/stage_3_separableconvcnn/confusion_matrix_table.table.json","size":1365,"sha256":"cf2535e48a471e5a6c71e90e819aa07c443eda2eb0458eb4efe9b98df5882737","path":"media/table/stage_3_separableconvcnn/confusion_matrix_table_7_cf2535e48a471e5a6c71.table.json","_latest_artifact_path":"wandb-client-artifact://e9qlwcrhzzgv4u6lhpc40m9vl6czy0e67xaw6zmncxbg6siq8n142h0ql6y6tjf5mvac0hsaskq9nkbhhis0pt0dujydrtw4i7yyu07wnmn33oingu8as8dktze9mnou:latest/stage_3_separableconvcnn/confusion_matrix_table.table.json","ncols":3,"_type":"table-file"},"val_loss":0.39567256946898866,"stage2_hard_bin_mask_str":"[1.0, 1.0, 1.0, 1.0, 1.0, 1.0, 1.0, 1.0, 1.0, 1.0, 1.0, 1.0, 0.0, 1.0, 1.0, 1.0, 1.0, 1.0, 1.0, 1.0, 1.0, 1.0, 1.0, 0.0, 1.0, 0.0, 1.0, 0.0, 1.0, 0.0, 1.0, 1.0, 0.0, 0.0, 0.0, 0.0, 0.0, 0.0, 0.0, 0.0, 0.0, 1.0, 0.0, 0.0, 1.0, 0.0, 0.0, 0.0, 0.0, 0.0, 0.0, 1.0, 0.0, 0.0, 1.0, 1.0, 0.0, 0.0, 0.0, 0.0, 0.0, 0.0, 0.0, 0.0, 0.0, 0.0, 0.0, 0.0, 0.0, 0.0, 0.0, 0.0, 0.0, 0.0, 0.0, 0.0, 0.0, 0.0, 0.0, 0.0, 0.0, 0.0, 0.0, 0.0, 0.0, 0.0, 0.0, 0.0, 0.0, 0.0, 0.0, 0.0, 0.0, 0.0, 0.0, 0.0, 0.0, 0.0, 0.0, 0.0, 0.0, 0.0, 0.0, 0.0, 0.0, 0.0, 0.0, 0.0, 0.0, 0.0, 0.0, 0.0, 0.0, 0.0, 0.0, 0.0, 0.0, 0.0, 0.0, 0.0, 0.0, 0.0, 0.0, 0.0, 0.0, 0.0, 0.0, 0.0]","_runtime":13,"stage1_test_f1":0.9256903327450012,"epoch":15,"_timestamp":1.7757826725106523e+09,"mask_l1":0.1640625,"stage1_test_acc":92.46691550729555,"_wandb":{"runtime":13},"bin_keep_ratio":0.25,"stage1/test_loss":0.22985296332345792,"train_acc":94.65422146796776,"best_val_loss":0.3039327200297188,"stage1/use_pretrain_model":false,"stage2_test_f1":0.8881438551175517,"stage2_test_loss":0.3883499351848478,"stage1_test_loss":0.22985296332345792,"lr_gumbel_bin":0.001,"lr_backbone":0.0001,"stage1/test_f1":0.9256903327450012,"stage2_test_acc":88.76823888700373,"stage3_test_loss":0.2789305548847185,"val_acc":87.54448398576513,"_step":8,"lr":0.001,"stage_1_separableconvcnn/confusion_matrix_table":{"ncols":3,"path":"media/table/stage_1_separableconvcnn/confusion_matrix_table_1_0d020f5d83c84288d7ef.table.json","artifact_path":"wandb-client-artifact://ikgfcxxjcxkczlsx8krgeyoo2g4f0xhau6bimvb8phuy1anxih4srg9bvf9zqrd4fxfw66487pd0nv9ng8brdjjen26t8z2ov2r7zdwy2yb7rywfhghtwyl1affycxxg/stage_1_separableconvcnn/confusion_matrix_table.table.json","size":1366,"_type":"table-file","sha256":"0d020f5d83c84288d7ef82e44b2c5507ef0a1db1a97322c6a1ebbfba66b35265","_latest_artifact_path":"wandb-client-artifact://aajrdj4z7k0g57he4s0ysq49bggv4wh9ad4qad8ofiyonrb92x8z1ejmks5wgxa7pt58jv7sjtnjrt0wi8tbocldp6qkvu6ugujqjusfhzghg6mn5l9quqsug951x14y:latest/stage_1_separableconvcnn/confusion_matrix_table.table.json","nrows":36,"log_mode":"IMMUTABLE"},"stage":3,"stage1/test_acc":92.46691550729555}