{"stage2_test_f1":0.8730574972893104,"stage2_test_loss":0.547502418698109,"stage1_test_f1":0.8992012196111356,"stage3_test_loss":0.47139113145336997,"stage1/test_loss":0.4559599839993571,"lr_gumbel_bin":0.001,"stage3_test_f1":0.8849952748158838,"lr_backbone":0.0001,"stage1/test_f1":0.8992012196111356,"stage":3,"bin_keep_ratio":0.3984375,"mask_l1":0.3125,"stage2_test_acc":87.17339667458432,"lr":0.001,"_runtime":12,"_wandb":{"runtime":12},"train_loss":0.12162544234637067,"train_acc":95.07916131792896,"_timestamp":1.7764290303580258e+09,"stage3_test_acc":88.36104513064133,"stage1/use_pretrain_model":false,"val_acc":75.95307917888563,"stage2_hard_bin_mask_str":"[0.0, 0.0, 0.0, 0.0, 0.0, 0.0, 1.0, 1.0, 1.0, 1.0, 1.0, 1.0, 1.0, 1.0, 1.0, 1.0, 0.0, 1.0, 1.0, 1.0, 1.0, 1.0, 1.0, 1.0, 1.0, 1.0, 1.0, 1.0, 1.0, 1.0, 1.0, 1.0, 1.0, 0.0, 1.0, 1.0, 1.0, 1.0, 1.0, 1.0, 0.0, 1.0, 1.0, 1.0, 1.0, 1.0, 1.0, 1.0, 1.0, 1.0, 1.0, 1.0, 1.0, 1.0, 1.0, 1.0, 1.0, 1.0, 0.0, 0.0, 1.0, 0.0, 0.0, 1.0, 0.0, 0.0, 0.0, 0.0, 0.0, 0.0, 0.0, 0.0, 0.0, 0.0, 0.0, 0.0, 0.0, 0.0, 0.0, 0.0, 0.0, 0.0, 0.0, 0.0, 0.0, 0.0, 0.0, 0.0, 0.0, 0.0, 0.0, 0.0, 0.0, 0.0, 0.0, 0.0, 0.0, 0.0, 0.0, 0.0, 0.0, 0.0, 0.0, 0.0, 0.0, 0.0, 0.0, 0.0, 0.0, 0.0, 0.0, 0.0, 0.0, 0.0, 0.0, 0.0, 0.0, 0.0, 0.0, 0.0, 0.0, 0.0, 0.0, 0.0, 0.0, 0.0, 0.0, 0.0]","stage1_test_acc":89.85408890397014,"_step":7,"best_val_loss":0.248402772837283,"stage1_test_loss":0.4559599839993571,"stage_1_separableconvcnn/confusion_matrix_table":{"artifact_path":"wandb-client-artifact://t11jifygnq5au2zo3136eopm28a9qt5428hwsvo1xt9dmrbd1s8tbnhdnfqrglqycgkq7ifjswek0pzozoblk165sps5ujc79rwaxtxdr5nn3rdmszs569swuztbtn2r/stage_1_separableconvcnn/confusion_matrix_table.table.json","_latest_artifact_path":"wandb-client-artifact://hjj0n18itepngw1ip79tsu81ppn3fw7ufonp19cdr8v6v9blsbzoy0ffu5f8n82679zv1yo44b4i47mseqyemskqtd03ceb0pd5ym0hgp74lku0eov81w04hj1uu438s:latest/stage_1_separableconvcnn/confusion_matrix_table.table.json","sha256":"02c5a6fac2b98a2cce23216035c71184f8282e95afab8b7a4923ed0654b10cea","_type":"table-file","path":"media/table/stage_1_separableconvcnn/confusion_matrix_table_1_02c5a6fac2b98a2cce23.table.json","log_mode":"IMMUTABLE","ncols":3,"nrows":36,"size":1368},"stage_3_separableconvcnn/confusion_matrix_table":{"sha256":"3649b3a0f93064777f30e1ada3c613314193bf9fca80e4fd79ed1e0c5bac6f1d","_type":"table-file","artifact_path":"wandb-client-artifact://tdgybhpir90dynodsrtxgl1zpu10760jwa6to91vymqs1yweo6nln04cov7gp5z51l1xrkosbmw5ub41o5slydtlpui18t9dn7u2jfj4mjx5ceyy819sbdctpsrpcl1l/stage_3_separableconvcnn/confusion_matrix_table.table.json","_latest_artifact_path":"wandb-client-artifact://86aen0dmub91lj44jtolha2h3jm71vfj9xq2opp4yfxw8rjvdeaxsyuy7ai0d96tt5nmagi6o6k3w293tiih3vmy4itnwgx40d0porcap4piwvt3icf3vj5rku6r8zfo:latest/stage_3_separableconvcnn/confusion_matrix_table.table.json","size":1367,"nrows":36,"ncols":3,"path":"media/table/stage_3_separableconvcnn/confusion_matrix_table_6_3649b3a0f93064777f30.table.json","log_mode":"IMMUTABLE"},"stage1/test_acc":89.85408890397014,"val_loss":0.8074404654964324,"epoch":10}