{"stage2/test_loss":0.5596165173511707,"final_channel_mask_block3":[1,0,1,0,1,0,1,0,1,1,1,1,1,0,1,0,1,1,0,1,0,1,1,0,0,1,0,0,1,1,1,0,0,1,1,1,0,1,1,0,0,0,0,1,1,1,0,1,1,1,1,0,1,1,1,0,1,1,1,1,1,1,0,0,1,0,1,0,1,0,1,1,1,1,1,0,0,0,0,0,1,0,1,1,1,1,1,1,1,1,1,1,1,1,0,1,0,1,1,1,1,1,1,0,0,1,0,0,1,1,1,0,1,0,1,1,1,0,1,0,0,0,0,0,0,1,1,1],"stage2/lr_backbone":0.0001,"epoch":20,"stage2/block2_Pruned_%":26.5625,"stage2/Total_Pruned_%":31.874999999999996,"lr_gumbel_bin":0.001,"stage5_test_f1":0.9064654307733458,"stage2/best_epoch":21,"model_param_count_pruned":20021,"lr_loaded_weights":0.0001,"stage1/test_f1":0.9012470705848713,"stage2/block4_Pruned_%":28.90625,"stage5_test_acc":90.60061079063455,"_runtime":49,"train_loss":0.18976654663199663,"stage5_test_loss":0.2771732364171275,"model_param_count_dense":36868,"best_val_loss":0.4531962561916995,"stage1/test_acc":90.05768578215134,"val_acc":80.1948051948052,"final_channel_mask_block4":[1,1,1,1,1,1,1,0,0,0,1,0,0,1,1,0,1,1,0,1,1,1,1,1,1,1,1,0,0,1,1,1,0,1,1,1,1,1,0,1,1,0,0,1,1,0,1,1,0,1,0,0,0,1,1,1,1,0,0,0,1,1,1,0,0,1,1,0,1,1,1,1,0,1,1,1,1,0,0,1,1,1,1,1,0,1,1,1,1,1,1,0,1,1,1,0,1,1,1,1,1,1,1,0,1,1,0,0,1,1,1,1,1,0,1,0,0,1,0,1,1,1,1,1,1,1,1,1],"stage2/train_loss":0.6613456617357513,"lr":0.001,"stage2/purpose":"train channel-pruning model with masking","stage1_test_acc":90.05768578215134,"stage":5,"stage1_test_loss":0.3037740063835904,"stage1/use_pretrain_model":false,"stage2/mask_l1":0.5158059597015381,"hard_bin_mask":[1,1,1,1,1,1,1,1,1,1,1,1,1,1,1,1,1,1,1,1,1,1,1,1,1,1,0,0,0,1,1,1,1,1,1,1,0,0,0,1,0,0,0,1,1,1,0,0,0,0,0,0,0,0,0,0,0,0,0,0,0,0,0,0,0],"stage2/final_mask_keep_ratio_block2":0.734375,"stage2/final_mask_keep_ratio_block4":0.7109375,"stage2/val_loss":0.754883794041423,"val_loss":0.522303625747755,"stage2/val_acc":68.83116883116882,"final_channel_mask_block2":[0,1,0,0,1,0,1,1,1,1,0,1,1,0,1,1,1,1,1,0,1,0,1,1,1,1,1,1,0,1,1,1,1,1,1,1,1,1,0,1,1,1,1,1,0,1,1,0,1,0,1,0,0,1,1,1,1,0,1,0,1,1,1,1],"stage2/lr_gumbel":0.001,"mask_l1":0.5230768918991089,"_timestamp":1.7767019532938163e+09,"stage_3_separableconvcnn/confusion_matrix_table":{"size":1366,"artifact_path":"wandb-client-artifact://8mbqjcp0dx4qr5yy6dlpl0e0n5yurfylq95ln0en1iqgaijqvym2tkpevqafnnxni26gykuctlbwlgi0dquxb88j257obzrin2vnu9rlw3xqasyuu9l3i76kjrd3hdgh/stage_3_separableconvcnn/confusion_matrix_table.table.json","path":"media/table/stage_3_separableconvcnn/confusion_matrix_table_8_c7a7e4666f61f8701f22.table.json","log_mode":"IMMUTABLE","sha256":"c7a7e4666f61f8701f22f37bc9e2732c839a38378381b63abfe5e6ba7cac121e","_latest_artifact_path":"wandb-client-artifact://7b3e3rz3qz8hd6juioukmkt157j96ovvsj0ngjhlwdl2azcn1so3oaekywcar9ugww545tkp0wu5m21sjh3dq813lpmremdqf41fq385wtq7rfvy1fbewkxmv0fw90d4:latest/stage_3_separableconvcnn/confusion_matrix_table.table.json","ncols":3,"_type":"table-file","nrows":36},"stage_5_prunedseparableconvcnn/confusion_matrix_table":{"_latest_artifact_path":"wandb-client-artifact://r7djj7giunxqlbccrqu2kh936jl84b7iz7fmecg5m9oerxkpg3u433w9ghq4ucfcua9iriearz1gcqbyfk0uupwm4g04mlrm1udqtgh1ktqi7jgqowrxyz633wzj5zc6:latest/stage_5_prunedseparableconvcnn/confusion_matrix_table.table.json","log_mode":"IMMUTABLE","size":1367,"sha256":"2fcd28bb913311fafbb4604d15cd093c86d182d85ee06d2adb9a868114df4fdc","nrows":36,"artifact_path":"wandb-client-artifact://sq3najfymoh6qd97hva3zz7nejrejkyj7thfama8wgeq388ac6rm5lfownabpd4iwok6xgjc5yhrj02oewoytplbgty4n5jrb4d03g1iifemtscj70eagcuv2rikkup6/stage_5_prunedseparableconvcnn/confusion_matrix_table.table.json","ncols":3,"_type":"table-file","path":"media/table/stage_5_prunedseparableconvcnn/confusion_matrix_table_20_2fcd28bb913311fafbb4.table.json"},"lr_backbone":0.0001,"train_acc":92.17773992049972,"stage1_test_f1":0.9012470705848713,"stage_1_separableconvcnn/confusion_matrix_table":{"size":1365,"ncols":3,"nrows":36,"_latest_artifact_path":"wandb-client-artifact://kuobm1fd0lvpft7nncn9vag9mxm5jkfkxjxn1dzkkoilsiidhb94ujsm1o7je5csjuu2eaurv6234jvnm5e6vc8mozmwb9vkp3r01aiep0houuuc7ytf8qq5v97yfetd:latest/stage_1_separableconvcnn/confusion_matrix_table.table.json","sha256":"6f402d02fbf37f6d3d55118871da63cbf09d5832e39c15a2a9f8cb75e304e1d2","_type":"table-file","log_mode":"IMMUTABLE","path":"media/table/stage_1_separableconvcnn/confusion_matrix_table_1_6f402d02fbf37f6d3d55.table.json","artifact_path":"wandb-client-artifact://6hwc1xthqhhzjraajl126aky488gp5abzfqwp34jvhckemiquhh8d9kmvn7gftb9v0gwzqtyh0r0hwgstta61pjx6nz77x9h72tthndsoci7ck24z9ahnwdvn8u4tvpq/stage_1_separableconvcnn/confusion_matrix_table.table.json"},"model_param_reduction_pct":45.69545405229467,"stage2/best_val_loss":0.7422789420400348,"_wandb":{"runtime":49},"stage2/stage_number":2,"stage2/raw_hard_mask_block3":"[1.0, 0.0, 1.0, 0.0, 1.0, 0.0, 1.0, 0.0, 1.0, 1.0, 1.0, 1.0, 1.0, 0.0, 1.0, 0.0, 1.0, 1.0, 0.0, 1.0, 0.0, 1.0, 1.0, 0.0, 0.0, 1.0, 0.0, 0.0, 1.0, 1.0, 1.0, 0.0, 0.0, 1.0, 1.0, 1.0, 0.0, 1.0, 1.0, 0.0, 0.0, 0.0, 0.0, 1.0, 1.0, 1.0, 0.0, 1.0, 1.0, 1.0, 1.0, 0.0, 1.0, 1.0, 1.0, 0.0, 1.0, 1.0, 1.0, 1.0, 1.0, 1.0, 0.0, 0.0, 1.0, 0.0, 1.0, 0.0, 1.0, 0.0, 1.0, 1.0, 1.0, 1.0, 1.0, 0.0, 0.0, 0.0, 0.0, 0.0, 1.0, 0.0, 1.0, 1.0, 1.0, 1.0, 1.0, 1.0, 1.0, 1.0, 1.0, 1.0, 1.0, 1.0, 0.0, 1.0, 0.0, 1.0, 1.0, 1.0, 1.0, 1.0, 1.0, 0.0, 0.0, 1.0, 0.0, 0.0, 1.0, 1.0, 1.0, 0.0, 1.0, 0.0, 1.0, 1.0, 1.0, 0.0, 1.0, 0.0, 0.0, 0.0, 0.0, 0.0, 0.0, 1.0, 1.0, 1.0]","stage2/epoch":30,"stage2/train_acc":70.37194775695627,"stage1/test_loss":0.3037740063835904,"stage2/raw_hard_mask_block2":"[0.0, 1.0, 0.0, 0.0, 1.0, 0.0, 1.0, 1.0, 1.0, 1.0, 0.0, 1.0, 1.0, 0.0, 1.0, 1.0, 1.0, 1.0, 1.0, 0.0, 1.0, 0.0, 1.0, 1.0, 1.0, 1.0, 1.0, 1.0, 0.0, 1.0, 1.0, 1.0, 1.0, 1.0, 1.0, 1.0, 1.0, 1.0, 0.0, 1.0, 1.0, 1.0, 1.0, 1.0, 0.0, 1.0, 1.0, 0.0, 1.0, 0.0, 1.0, 0.0, 0.0, 1.0, 1.0, 1.0, 1.0, 0.0, 1.0, 0.0, 1.0, 1.0, 1.0, 1.0]","stage2/final_mask_keep_ratio_block3":0.625,"stage2/test_acc":78.58839497794366,"stage2/test_f1":0.7968468846999254,"_step":21,"stage2/raw_hard_mask_block4":"[1.0, 1.0, 1.0, 1.0, 1.0, 1.0, 1.0, 0.0, 0.0, 0.0, 1.0, 0.0, 0.0, 1.0, 1.0, 0.0, 1.0, 1.0, 0.0, 1.0, 1.0, 1.0, 1.0, 1.0, 1.0, 1.0, 1.0, 0.0, 0.0, 1.0, 1.0, 1.0, 0.0, 1.0, 1.0, 1.0, 1.0, 1.0, 0.0, 1.0, 1.0, 0.0, 0.0, 1.0, 1.0, 0.0, 1.0, 1.0, 0.0, 1.0, 0.0, 0.0, 0.0, 1.0, 1.0, 1.0, 1.0, 0.0, 0.0, 0.0, 1.0, 1.0, 1.0, 0.0, 0.0, 1.0, 1.0, 0.0, 1.0, 1.0, 1.0, 1.0, 0.0, 1.0, 1.0, 1.0, 1.0, 0.0, 0.0, 1.0, 1.0, 1.0, 1.0, 1.0, 0.0, 1.0, 1.0, 1.0, 1.0, 1.0, 1.0, 0.0, 1.0, 1.0, 1.0, 0.0, 1.0, 1.0, 1.0, 1.0, 1.0, 1.0, 1.0, 0.0, 1.0, 1.0, 0.0, 0.0, 1.0, 1.0, 1.0, 1.0, 1.0, 0.0, 1.0, 0.0, 0.0, 1.0, 0.0, 1.0, 1.0, 1.0, 1.0, 1.0, 1.0, 1.0, 1.0, 1.0]","stage2/block3_Pruned_%":37.5}