{"_timestamp":1.7757557239444895e+09,"stage1_test_f1":0.9197352496137098,"test_f1_macro":0.9197352496137098,"stage1/train_acc":93.83551778769984,"stage1/use_pretrain_model":false,"stage1/val_loss":0.7710398451498002,"test_acc":91.75432643366135,"stage1_test_loss":0.22306190427325723,"stage_1_separableconvcnn/confusion_matrix_table":{"ncols":3,"artifact_path":"wandb-client-artifact://vl5ls6jd5d2dte9eplpwcgiz65ew8on67kn5x85pjhmybxzq93aplprgsug5fwt6r1bkshckignz50ibw61jtv335qmohmwksm21w4f9rji3hyuhazjve88x7tfjb8yt/stage_1_separableconvcnn/confusion_matrix_table.table.json","sha256":"2b3b07e28ea0905122ac401c49b592fc20691227510774fa51c55f0ff17409cc","_type":"table-file","path":"media/table/stage_1_separableconvcnn/confusion_matrix_table_5_2b3b07e28ea0905122ac.table.json","log_mode":"IMMUTABLE","nrows":36,"_latest_artifact_path":"wandb-client-artifact://r007vptou20f2jnemgmdn0mdfi9l80nbll9kfkktw3dgcqge650iqa1q5rhavu5vu6whuyb0gpnwf3qqitv504y5w9u16mpzuyyavzb17nffsxpjc11neo22celhrrm9:latest/stage_1_separableconvcnn/confusion_matrix_table.table.json","size":1366},"stage1/train_loss":0.15412983399388358,"stage1_test_acc":91.75432643366135,"stage1/test_loss":0.22306190427325723,"stage1/purpose":"train baseline model","stage1/lr":0.001,"stage1/epoch":15,"best_val_loss":0.48223414521238567,"test_loss":0.22306190427325723,"_runtime":13,"best_epoch":9,"stage1/best_val_loss":0.48223414521238567,"_step":5,"stage1/val_acc":78.239608801956,"_wandb":{"runtime":13},"stage1/stage_number":1,"stage1/test_acc":91.75432643366135,"stage1/test_f1":0.9197352496137098}