{"stage3_test_f1":0.6723507609374677,"mask_l1":0.09803921729326248,"_timestamp":1.7758954679252567e+09,"stage2_test_acc":74.72436888201958,"val_acc":70.6634692246203,"stage3_test_loss":0.6312078904884492,"epoch":20,"best_val_loss":0.5480654281612447,"stage":3,"stage2_test_f1":0.6387532814724732,"lr_backbone":0.0001,"stage_3_separableconvcnn/confusion_matrix_table":{"_type":"table-file","log_mode":"IMMUTABLE","ncols":3,"path":"media/table/stage_3_separableconvcnn/confusion_matrix_table_9_fab4a9b983264ab5521b.table.json","size":2014,"sha256":"fab4a9b983264ab5521b932f599656781ba56ba624c06ba99f89b07ca29f7775","nrows":64,"artifact_path":"wandb-client-artifact://il3q61r6jak0dya465odwczszqvkc1p6i6mrixf3jamug8caulr2oo4hkjwnekg28nwwv9ouvx7hu0vfls7qafd076iqrm5wv3ri0mo8lq0v4ojeb5pwtapjm5rwu283/stage_3_separableconvcnn/confusion_matrix_table.table.json","_latest_artifact_path":"wandb-client-artifact://65hisdycfrirqf9mqffoflri6p646dd74m5ymwm2j4gm11daohb6k04nh0zqh2c7lkjrue59ayaztq00xw0frmjoxoke94y64bhqw8kws8kofq8741h9dcz5h6fzqs2j:latest/stage_3_separableconvcnn/confusion_matrix_table.table.json"},"stage1_test_loss":0.5890314269793642,"train_loss":0.6491273214530956,"_step":10,"stage2_test_loss":0.7395000843811993,"stage2_hard_bin_mask_str":"[1.0, 1.0, 1.0, 1.0, 1.0, 0.0, 1.0, 1.0, 0.0, 1.0, 0.0, 0.0, 0.0, 0.0, 0.0, 0.0, 0.0, 0.0, 0.0, 0.0, 0.0, 0.0, 0.0, 0.0, 0.0, 0.0, 0.0, 0.0, 0.0, 0.0, 0.0, 0.0, 0.0, 0.0, 0.0, 0.0, 0.0, 0.0, 0.0, 0.0, 0.0, 0.0, 0.0, 0.0, 0.0, 0.0, 0.0, 0.0, 0.0, 0.0, 0.0]","_wandb":{"runtime":166},"lr_gumbel_bin":0.001,"val_loss":0.5735150195783276,"lr":0.001,"stage3_test_acc":78.99021123132405,"stage_1_separableconvcnn/confusion_matrix_table":{"path":"media/table/stage_1_separableconvcnn/confusion_matrix_table_0_19e3a9ae2c375b73338c.table.json","ncols":3,"nrows":64,"_type":"table-file","log_mode":"IMMUTABLE","sha256":"19e3a9ae2c375b73338ce37fca927ff682c7861d693bce46d7737f855959d0e1","_latest_artifact_path":"wandb-client-artifact://kp22jyhxhdy569z8dbew3f7eiincz7uep02cjt4ykl7nkjrlw07eelmfpwiiguue7twq1u7wk9igv7j7f1ap97aoxqw3vuzuzzqlfre53ufbnc0qav5o4254am6owg15:latest/stage_1_separableconvcnn/confusion_matrix_table.table.json","size":2013,"artifact_path":"wandb-client-artifact://556jkj4amowb9c6xpnkxre955hxvwumgtbf2j66y42p0fbrnhtgx9b4f1f6qpx7lq3nk1ccynmqq3w042gs9agabcwwv04isqry1pg3akv80dt50t5qub0bfvc1rei4b/stage_1_separableconvcnn/confusion_matrix_table.table.json"},"bin_keep_ratio":0.1568627506494522,"stage1_test_f1":0.6938116427504186,"stage1_test_acc":80.16486347243689,"train_acc":63.6679286737156,"_runtime":166}