{"stage1/test_loss":0.2914276045149342,"bin_keep_ratio":0.4921875,"stage3_test_f1":0.8504040529124425,"train_loss":0.07983656676485076,"stage_3_separableconvcnn/confusion_matrix_table":{"artifact_path":"wandb-client-artifact://pficy8ywzgwp5sciw856bp2t6qmmjis9vk8qa8gzk803sjuj9x98xoiv2ma043wrib2mv0ru48t9v8q0gi2czz83zeyilqxsx959jwgwlgjtlbwv8x9v8nww0n1ew3l4/stage_3_separableconvcnn/confusion_matrix_table.table.json","_type":"table-file","_latest_artifact_path":"wandb-client-artifact://g8l8picv58nwshy9j6wyvaptwx2ix4zotkm1kbenz0k5l43gmsxviryjb3b63ak24ra3urkbircm7en93pb1w4pw8f6h08lyiip1wfrqc2d6ifws7a28he6bsvkynh26:latest/stage_3_separableconvcnn/confusion_matrix_table.table.json","log_mode":"IMMUTABLE","ncols":3,"path":"media/table/stage_3_separableconvcnn/confusion_matrix_table_16_737c9130b25fd3b3802d.table.json","size":1368,"nrows":36,"sha256":"737c9130b25fd3b3802d84c7eb88c15b4970d1bbb1ad96d43d0dca8d0abfcfef"},"stage1_test_loss":0.2914276045149342,"_wandb":{"runtime":29},"stage1/use_pretrain_model":false,"_step":17,"lr_backbone":0.0001,"stage2_test_loss":0.2963861684464036,"stage":3,"train_acc":96.69222032935832,"stage3_test_loss":0.4925649218066107,"stage1_test_acc":90.63454360366474,"stage1/test_acc":90.63454360366474,"_timestamp":1.7757745065742683e+09,"stage2_test_f1":0.9115436841498682,"stage2_test_acc":90.97387173396675,"lr_gumbel_bin":0.001,"stage2_hard_bin_mask_str":"[0.0, 1.0, 1.0, 1.0, 1.0, 1.0, 1.0, 1.0, 1.0, 1.0, 1.0, 1.0, 1.0, 1.0, 1.0, 1.0, 1.0, 1.0, 1.0, 1.0, 1.0, 1.0, 1.0, 1.0, 1.0, 1.0, 1.0, 1.0, 1.0, 1.0, 1.0, 1.0, 1.0, 1.0, 1.0, 1.0, 1.0, 1.0, 1.0, 1.0, 1.0, 1.0, 1.0, 1.0, 1.0, 1.0, 1.0, 1.0, 1.0, 1.0, 1.0, 1.0, 1.0, 1.0, 1.0, 1.0, 1.0, 1.0, 1.0, 1.0, 1.0, 1.0, 1.0, 1.0, 0.0, 0.0, 0.0, 0.0, 0.0, 0.0, 0.0, 0.0, 0.0, 0.0, 0.0, 0.0, 0.0, 0.0, 0.0, 0.0, 0.0, 0.0, 0.0, 0.0, 0.0, 0.0, 0.0, 0.0, 0.0, 0.0, 0.0, 0.0, 0.0, 0.0, 0.0, 0.0, 0.0, 0.0, 0.0, 0.0, 0.0, 0.0, 0.0, 0.0, 0.0, 0.0, 0.0, 0.0, 0.0, 0.0, 0.0, 0.0, 0.0, 0.0, 0.0, 0.0, 0.0, 0.0, 0.0, 0.0, 0.0, 0.0, 0.0, 0.0, 0.0, 0.0, 0.0, 0.0]","val_loss":0.3271905141822123,"_runtime":29,"stage1/test_f1":0.9077675212268622,"best_val_loss":0.1343476463883341,"stage1_test_f1":0.9077675212268622,"epoch":40,"stage_1_separableconvcnn/confusion_matrix_table":{"_latest_artifact_path":"wandb-client-artifact://zma772ub4pma6gvjque6328lqaxyzyt940u8gcy3oc9d8i84wte10xfomwtg0fn06zj8jhldsqmu9di3tn0csqy4uz2wks73ntqabayyohhzxmdf96y1qjd7wdfja1vr:latest/stage_1_separableconvcnn/confusion_matrix_table.table.json","nrows":36,"sha256":"55ee6fad50e55c0c9b0b807c779fb47a3f12fad8f214708e473ea99e4325c11e","artifact_path":"wandb-client-artifact://wituhjhv2wd3k6moucmfz7i7siwmuco5ih30gzybg4oko9citkekqjnyvvop5b9bzdleunrl2nd98rj4vpwzwm2hm0g2g4beoaoiuwrmhpqdjmzt39jrj42sofy0zriy/stage_1_separableconvcnn/confusion_matrix_table.table.json","log_mode":"IMMUTABLE","ncols":3,"path":"media/table/stage_1_separableconvcnn/confusion_matrix_table_1_55ee6fad50e55c0c9b0b.table.json","size":1366,"_type":"table-file"},"lr":0.001,"mask_l1":0.4921875298023224,"val_acc":91.88311688311688,"stage3_test_acc":85.03562945368171}