{"stage_1_separableconvcnn/confusion_matrix_table":{"size":1366,"_latest_artifact_path":"wandb-client-artifact://vc59u6ygfz7yk63copvye0h3d3try8w4cj0lp62hcceyjyyoua3s1vcmf3plfd5c6xfykjgdu3yur4tux3rzl51xtilrhe88wmpvrg7ilcy48urftjpqyr2nojqeqvij:latest/stage_1_separableconvcnn/confusion_matrix_table.table.json","_type":"table-file","artifact_path":"wandb-client-artifact://aqyk4526red5o5bk6llf8zh0cldb7h4mt3sz4etm4wesdi33c698ya64gum7dukmv1ls4m5g2g6w8lklllapriicifx6sf9o7x38pop9191a5mmh4x11l9myw9bea46w/stage_1_separableconvcnn/confusion_matrix_table.table.json","path":"media/table/stage_1_separableconvcnn/confusion_matrix_table_1_7339811d8764bb2828a3.table.json","sha256":"7339811d8764bb2828a3fbe9cf3beb37209fefb5c65d94bc1df225d2b288d01a","nrows":36,"log_mode":"IMMUTABLE","ncols":3},"model_param_count_dense":36868,"stage2/final_mask_keep_ratio_block2":0.46875,"model_param_reduction_pct":70.23977433004231,"stage1/use_pretrain_model":false,"stage2/stage_number":2,"stage2/final_mask_keep_ratio_block3":0.3359375,"stage1_test_f1":0.9193935492291428,"stage2/raw_hard_mask_block2":"[1.0, 1.0, 1.0, 1.0, 0.0, 0.0, 0.0, 1.0, 1.0, 0.0, 0.0, 0.0, 0.0, 0.0, 1.0, 0.0, 1.0, 0.0, 1.0, 0.0, 0.0, 0.0, 1.0, 0.0, 1.0, 0.0, 0.0, 1.0, 0.0, 0.0, 1.0, 1.0, 0.0, 0.0, 1.0, 0.0, 1.0, 1.0, 0.0, 1.0, 0.0, 0.0, 1.0, 0.0, 1.0, 1.0, 0.0, 1.0, 1.0, 1.0, 1.0, 0.0, 0.0, 0.0, 1.0, 1.0, 1.0, 0.0, 0.0, 0.0, 1.0, 0.0, 1.0, 0.0]","val_acc":68.21192052980132,"train_acc":85.67375886524823,"_step":14,"stage1/test_acc":91.75432643366135,"stage1/test_loss":0.26111875705798304,"_timestamp":1.7758710665290403e+09,"stage2/raw_hard_mask_block4":"[0.0, 1.0, 1.0, 1.0, 1.0, 1.0, 0.0, 0.0, 0.0, 0.0, 0.0, 1.0, 0.0, 1.0, 0.0, 0.0, 1.0, 1.0, 1.0, 1.0, 0.0, 1.0, 0.0, 0.0, 0.0, 1.0, 0.0, 0.0, 0.0, 1.0, 1.0, 0.0, 1.0, 0.0, 1.0, 0.0, 1.0, 0.0, 0.0, 1.0, 1.0, 0.0, 1.0, 1.0, 0.0, 0.0, 1.0, 0.0, 0.0, 1.0, 0.0, 0.0, 1.0, 0.0, 1.0, 0.0, 0.0, 1.0, 1.0, 1.0, 0.0, 1.0, 1.0, 0.0, 0.0, 1.0, 1.0, 0.0, 1.0, 0.0, 1.0, 0.0, 1.0, 1.0, 0.0, 1.0, 0.0, 0.0, 1.0, 1.0, 0.0, 1.0, 0.0, 1.0, 1.0, 1.0, 0.0, 0.0, 0.0, 0.0, 0.0, 1.0, 1.0, 1.0, 1.0, 0.0, 0.0, 1.0, 0.0, 1.0, 0.0, 1.0, 1.0, 1.0, 1.0, 1.0, 1.0, 0.0, 0.0, 1.0, 0.0, 0.0, 0.0, 1.0, 1.0, 1.0, 0.0, 1.0, 1.0, 1.0, 1.0, 1.0, 1.0, 1.0, 0.0, 0.0, 1.0, 1.0]","stage2/train_acc":62.46808510638298,"stage2/lr_backbone":0.0001,"stage2/Total_Pruned_%":55.625,"stage2/raw_hard_mask_block3":"[0.0, 1.0, 1.0, 1.0, 0.0, 0.0, 1.0, 0.0, 0.0, 0.0, 0.0, 0.0, 0.0, 0.0, 0.0, 1.0, 1.0, 0.0, 0.0, 1.0, 0.0, 0.0, 0.0, 0.0, 1.0, 1.0, 1.0, 0.0, 1.0, 0.0, 1.0, 0.0, 0.0, 1.0, 0.0, 0.0, 0.0, 0.0, 0.0, 0.0, 1.0, 0.0, 0.0, 0.0, 0.0, 0.0, 0.0, 1.0, 1.0, 1.0, 0.0, 0.0, 0.0, 0.0, 1.0, 1.0, 1.0, 0.0, 0.0, 1.0, 0.0, 0.0, 1.0, 0.0, 0.0, 1.0, 1.0, 0.0, 0.0, 0.0, 0.0, 0.0, 0.0, 1.0, 0.0, 0.0, 0.0, 0.0, 1.0, 0.0, 1.0, 0.0, 0.0, 0.0, 0.0, 1.0, 0.0, 0.0, 0.0, 1.0, 1.0, 0.0, 0.0, 0.0, 0.0, 0.0, 0.0, 1.0, 0.0, 0.0, 1.0, 1.0, 0.0, 0.0, 0.0, 0.0, 0.0, 1.0, 1.0, 1.0, 0.0, 0.0, 0.0, 0.0, 1.0, 0.0, 0.0, 1.0, 1.0, 1.0, 0.0, 1.0, 0.0, 0.0, 0.0, 1.0, 0.0, 1.0]","best_val_loss":0.505121820365751,"stage2_test_loss":0.6578466378039866,"stage2_test_f1":0.5595770851129359,"stage1/test_f1":0.9193935492291428,"stage2/val_acc":66.88741721854305,"model_param_count":10972,"stage3_test_f1":0.8265948538752776,"stage2/test_loss":0.6578466378039866,"stage2/test_acc":62.538174414658975,"epoch":15,"block3_Pruned_%":66.40625,"val_loss":0.7336917120149199,"model_param_count_pruned":10972,"stage2/block2_Pruned_%":53.125,"stage2/test_f1":0.5595770851129359,"lr_loaded_weights":0.0001,"stage2/purpose":"train channel-pruning model with masking","stage2/best_val_loss":0.540725481856787,"block2_Pruned_%":53.125,"Total_Pruned_%":55.625,"stage2/lr_gumbel":0.001,"block4_Pruned_%":46.09375,"stage1_test_acc":91.75432643366135,"stage2/block4_Pruned_%":46.09375,"stage2/mask_l1":0.4579002261161804,"stage2/final_mask_keep_ratio_block4":0.5390625,"stage1_test_loss":0.26111875705798304,"stage2_test_acc":62.538174414658975,"stage_3_prunedseparableconvcnn/confusion_matrix_table":{"path":"media/table/stage_3_prunedseparableconvcnn/confusion_matrix_table_12_16439e433db518961fe8.table.json","_latest_artifact_path":"wandb-client-artifact://yb9dqw16n1638tt2s5lph5fu3s2pmj33p195a2l4she09z1hnxkui4txeukgg664jwaea3lcl21cavbfo9cola2k2z6tb77xcprgxgo296cpefql59rzpiua8evxc498:latest/stage_3_prunedseparableconvcnn/confusion_matrix_table.table.json","size":1368,"_type":"table-file","nrows":36,"ncols":3,"log_mode":"IMMUTABLE","sha256":"16439e433db518961fe8bd978b9e8a35e5d3fa9fa2ee7c23e91a8ac07e754f19","artifact_path":"wandb-client-artifact://6x27y9jos4f2gg109dboo22iu42ymcinqp12pvos6hk28z3y1ue0th28cduduxxo21uf8b7x2z8zmi09yyurubqba5ny6t4nol2ka64mv7t1d632tdnx1welr8fi8clm/stage_3_prunedseparableconvcnn/confusion_matrix_table.table.json"},"stage2/best_epoch":22,"stage2/epoch":30,"stage3_test_acc":82.5924669155073,"final_summary_log_path":"/home/qphan/master-thesis/models/uci_best_model_three_stage_channel_subject5_val_final_summary_val_5.txt","stage3_test_loss":0.47419365017488724,"train_loss":0.3157933616638184,"_wandb":{"runtime":24},"stage2/block3_Pruned_%":66.40625,"stage2/train_loss":0.837798737735613,"stage":3,"stage2/val_loss":0.5810157372338685,"_runtime":24}