{"stage2/best_val_loss":0.9180422592163086,"stage2/Total_Pruned_%":41.87499999999999,"stage1/use_pretrain_model":false,"stage1/test_f1":0.6090395496791213,"stage2/mask_l1":0.5070021152496338,"lr_backbone":0.0001,"train_acc":87.40572079123382,"stage2/lr_backbone":0.0001,"stage2/raw_hard_mask_block4":"[0.0, 1.0, 1.0, 1.0, 1.0, 1.0, 1.0, 0.0, 0.0, 0.0, 1.0, 1.0, 0.0, 1.0, 1.0, 0.0, 0.0, 1.0, 1.0, 0.0, 0.0, 0.0, 1.0, 0.0, 0.0, 1.0, 1.0, 0.0, 0.0, 1.0, 0.0, 0.0, 1.0, 0.0, 1.0, 0.0, 1.0, 0.0, 0.0, 0.0, 1.0, 1.0, 0.0, 1.0, 1.0, 0.0, 1.0, 0.0, 0.0, 0.0, 0.0, 1.0, 0.0, 0.0, 1.0, 0.0, 0.0, 0.0, 0.0, 1.0, 0.0, 0.0, 1.0, 0.0, 1.0, 1.0, 1.0, 0.0, 1.0, 1.0, 1.0, 0.0, 1.0, 0.0, 1.0, 0.0, 1.0, 1.0, 0.0, 1.0, 0.0, 0.0, 1.0, 1.0, 1.0, 1.0, 0.0, 0.0, 1.0, 0.0, 0.0, 0.0, 1.0, 1.0, 1.0, 1.0, 1.0, 1.0, 0.0, 0.0, 0.0, 0.0, 0.0, 0.0, 1.0, 0.0, 0.0, 0.0, 0.0, 1.0, 1.0, 0.0, 1.0, 1.0, 0.0, 1.0, 1.0, 1.0, 0.0, 1.0, 1.0, 1.0, 0.0, 0.0, 1.0, 1.0, 0.0, 0.0]","stage2/final_mask_keep_ratio_block2":0.765625,"stage2/block2_Pruned_%":23.4375,"val_loss":1.0181905012864334,"stage":5,"stage2/best_epoch":2,"stage2/final_mask_keep_ratio_block3":0.578125,"hard_bin_mask":[0,1,1,1,1,1,1,1,1,1,1,1,1,0,0,0,0,0,0,1,0,0,0,0,0,0,0,0,0,0,0,0,0,0,0,0,0,0,0,0,0,0,0,0,0,0,0,0,0,0,0,0,0,0,0,0,0,0,0,0,0,0,0,0,0],"stage1_test_acc":63.69189005768578,"final_channel_mask_block4":[0,1,1,1,1,1,1,0,0,0,1,1,0,1,1,0,0,1,1,0,0,0,1,0,0,1,1,0,0,1,0,0,1,0,1,0,1,0,0,0,1,1,0,1,1,0,1,0,0,0,0,1,0,0,1,0,0,0,0,1,0,0,1,0,1,1,1,0,1,1,1,0,1,0,1,0,1,1,0,1,0,0,1,1,1,1,0,0,1,0,0,0,1,1,1,1,1,1,0,0,0,0,0,0,1,0,0,0,0,1,1,0,1,1,0,1,1,1,0,1,1,1,0,0,1,1,0,0],"stage_5_prunedseparableconvcnn/confusion_matrix_table":{"_type":"table-file","ncols":3,"nrows":36,"path":"media/table/stage_5_prunedseparableconvcnn/confusion_matrix_table_19_ceaf6b0bc3b4395fb268.table.json","log_mode":"IMMUTABLE","sha256":"ceaf6b0bc3b4395fb268f943c8326caf01be2c5927a9d92e677d18e9dc8d85a7","_latest_artifact_path":"wandb-client-artifact://a0g1ygs2xabyelqybj72wx74jhz4reh0k3543lhij8vcq4c253ioph91w8slifyvy12ev38nwmjs5khiu34wlcgwex777mu8m8qrf4lsw9kjqtcfrg5hyvq3v6ud9fi9:latest/stage_5_prunedseparableconvcnn/confusion_matrix_table.table.json","artifact_path":"wandb-client-artifact://6c73qgg1ux1i9ytwqj4qxel72tclw9hn5ruw1sjorqyz1jzijuygfnaiu34a53z23uw2kax2158waaenapkdid1vl12a4ruvm7joh5a4tbqr518t6q2n0my9bfcigqda/stage_5_prunedseparableconvcnn/confusion_matrix_table.table.json","size":1368},"stage2/val_loss":1.3426330595750076,"_wandb":{"runtime":44},"stage_3_separableconvcnn/confusion_matrix_table":{"size":1367,"path":"media/table/stage_3_separableconvcnn/confusion_matrix_table_13_b6e0d3f67dca42e16402.table.json","_type":"table-file","artifact_path":"wandb-client-artifact://kuwcuietmyapp70eze1fl2sxvhvw8lmp9zy8tvmkr3jr3se8420qix7yvjbayvc67msq7umwt7bv9po51v4ge9a5xhfe2m4i2k408s7gh58qlgogr9m78e50qoux7xjg/stage_3_separableconvcnn/confusion_matrix_table.table.json","nrows":36,"sha256":"b6e0d3f67dca42e1640224bbd5166bfce1119edcc2ce604c4cb79dd7babdfdd6","_latest_artifact_path":"wandb-client-artifact://8pjb9rwixgulvkfou4x68d6f0wf6x7xzfu3fcvzqfcai3k50yphre01h4vhgp9dxugss9lbd1onpg49ytmb3sr4qbma1o78d2sv3p8p45k5wzmoddmykb37vpxow63r8:latest/stage_3_separableconvcnn/confusion_matrix_table.table.json","ncols":3,"log_mode":"IMMUTABLE"},"val_acc":68.61538461538461,"stage2/raw_hard_mask_block2":"[0.0, 1.0, 0.0, 1.0, 0.0, 1.0, 1.0, 1.0, 1.0, 1.0, 1.0, 1.0, 1.0, 1.0, 1.0, 0.0, 1.0, 1.0, 1.0, 0.0, 0.0, 1.0, 1.0, 0.0, 1.0, 0.0, 1.0, 1.0, 1.0, 0.0, 1.0, 1.0, 1.0, 1.0, 1.0, 1.0, 1.0, 1.0, 1.0, 0.0, 1.0, 1.0, 1.0, 1.0, 1.0, 1.0, 0.0, 1.0, 1.0, 1.0, 0.0, 0.0, 1.0, 1.0, 1.0, 1.0, 1.0, 0.0, 1.0, 0.0, 1.0, 1.0, 1.0, 1.0]","stage5_test_f1":0.8574524990970165,"final_channel_mask_block3":[1,1,0,1,1,1,1,0,0,0,1,0,1,1,0,1,1,0,0,0,0,1,0,1,1,1,1,0,1,1,1,1,0,1,1,0,1,0,0,1,1,0,1,0,1,1,1,1,1,1,1,0,0,1,0,0,1,1,1,1,1,0,1,0,1,0,0,0,1,1,1,1,0,1,1,1,0,0,0,1,1,1,0,1,1,0,0,0,1,1,1,1,0,0,0,1,0,0,1,0,0,1,1,0,1,1,0,1,1,1,1,0,0,1,0,0,0,1,0,1,0,1,0,0,1,0,1,1],"model_param_count_dense":36868,"lr_loaded_weights":0.0001,"stage2/lr_gumbel":0.001,"best_val_loss":0.8888872850858248,"stage2/purpose":"train channel-pruning model with masking","stage_1_separableconvcnn/confusion_matrix_table":{"sha256":"c07b082f7aff5bcfb3094f3a931b6c7b772ea2d8274632a5026977780c1334d7","path":"media/table/stage_1_separableconvcnn/confusion_matrix_table_1_c07b082f7aff5bcfb309.table.json","nrows":36,"_type":"table-file","_latest_artifact_path":"wandb-client-artifact://urde0xe65jmzwgct4iohys7hmis8jqxrk4p4or6q9opdljk16wjc1psj8qrhygoz3wsow6dbokujhu0yknwyqg0y84w5h2or674odsvxtssbxnd0vfl455xdybkdd1ih:latest/stage_1_separableconvcnn/confusion_matrix_table.table.json","artifact_path":"wandb-client-artifact://q3z5xy4nsj9l1qjnnu49fiq5ytxkv6xqjztywguupbx1qp03pz2xm4am4erghpheir5g7c70vvrqd78vh9z30vetx3cx0kfdaa7hhzydt7lqe30szbzyrbcuaxln4ucx/stage_1_separableconvcnn/confusion_matrix_table.table.json","ncols":3,"log_mode":"IMMUTABLE","size":1369},"stage5_test_acc":85.34102477095351,"stage2/test_loss":0.6662641318091787,"train_loss":0.28654976904400725,"stage2/epoch":10,"stage2/val_acc":53.23076923076923,"stage2/block3_Pruned_%":42.1875,"stage1_test_f1":0.6090395496791213,"stage1/test_acc":63.69189005768578,"final_channel_mask_block2":[0,1,0,1,0,1,1,1,1,1,1,1,1,1,1,0,1,1,1,0,0,1,1,0,1,0,1,1,1,0,1,1,1,1,1,1,1,1,1,0,1,1,1,1,1,1,0,1,1,1,0,0,1,1,1,1,1,0,1,0,1,1,1,1],"stage1_test_loss":0.7244036778994726,"lr_gumbel_bin":0.001,"model_param_count_pruned":15465,"stage2/stage_number":2,"model_param_reduction_pct":58.05305413909081,"stage2/test_f1":0.5543120644860203,"lr":0.001,"mask_l1":0.1846153885126114,"stage2/test_acc":61.72378690193417,"_step":20,"stage2/train_acc":60.73715668137185,"stage2/raw_hard_mask_block3":"[1.0, 1.0, 0.0, 1.0, 1.0, 1.0, 1.0, 0.0, 0.0, 0.0, 1.0, 0.0, 1.0, 1.0, 0.0, 1.0, 1.0, 0.0, 0.0, 0.0, 0.0, 1.0, 0.0, 1.0, 1.0, 1.0, 1.0, 0.0, 1.0, 1.0, 1.0, 1.0, 0.0, 1.0, 1.0, 0.0, 1.0, 0.0, 0.0, 1.0, 1.0, 0.0, 1.0, 0.0, 1.0, 1.0, 1.0, 1.0, 1.0, 1.0, 1.0, 0.0, 0.0, 1.0, 0.0, 0.0, 1.0, 1.0, 1.0, 1.0, 1.0, 0.0, 1.0, 0.0, 1.0, 0.0, 0.0, 0.0, 1.0, 1.0, 1.0, 1.0, 0.0, 1.0, 1.0, 1.0, 0.0, 0.0, 0.0, 1.0, 1.0, 1.0, 0.0, 1.0, 1.0, 0.0, 0.0, 0.0, 1.0, 1.0, 1.0, 1.0, 0.0, 0.0, 0.0, 1.0, 0.0, 0.0, 1.0, 0.0, 0.0, 1.0, 1.0, 0.0, 1.0, 1.0, 0.0, 1.0, 1.0, 1.0, 1.0, 0.0, 0.0, 1.0, 0.0, 0.0, 0.0, 1.0, 0.0, 1.0, 0.0, 1.0, 0.0, 0.0, 1.0, 0.0, 1.0, 1.0]","epoch":10,"stage5_test_loss":0.37579865287926173,"stage2/block4_Pruned_%":50.78125,"stage2/final_mask_keep_ratio_block4":0.4921875,"_timestamp":1.7767018987921007e+09,"stage2/train_loss":0.8125431401827639,"_runtime":44,"stage1/test_loss":0.7244036778994726}