{"_runtime":70,"stage1/lr":0.001,"stage1/test_loss":0.5835613732348546,"stage1_test_f1":0.7302742746559658,"test_acc":81.14374034003092,"stage1/best_val_loss":0.9718698917902172,"stage_1_separableconvcnn/confusion_matrix_table":{"log_mode":"IMMUTABLE","sha256":"fdaff6a9298e925afccf812936a42193dfb96716c29c352932a12b319c1ab1d9","_type":"table-file","size":2010,"_latest_artifact_path":"wandb-client-artifact://hntqpakae0njj9r6di6wj4tx2e3wjcu3bz6vo8g43vykgkaoi5mjza6zv4c5ydyo2j3gh0gf8kxhny3dljwgxoyie6dxh97cxp3hkngpfvgkzzpjs1fy0byn4m03d7l9:latest/stage_1_separableconvcnn/confusion_matrix_table.table.json","artifact_path":"wandb-client-artifact://f6vn1gim0micnh65jwtnbjiayu8kmnytbkhpjqmo7nb4oeaslw1horzz5m4lsil4mqqtbrt3klwt7ccm3vo2mkdyvu0ggh5q28hfxphbcdcai3lkkvpgahqin5yx1cv0/stage_1_separableconvcnn/confusion_matrix_table.table.json","path":"media/table/stage_1_separableconvcnn/confusion_matrix_table_6_fdaff6a9298e925afccf.table.json","nrows":64,"ncols":3},"best_val_loss":0.9718698917902172,"best_epoch":14,"stage1/val_acc":66.71416357936734,"_wandb":{"runtime":70},"stage1_test_loss":0.5835613732348546,"test_loss":0.5835613732348546,"stage1/train_loss":0.38779251788982705,"stage1/train_acc":76.30578347008205,"stage1/use_pretrain_model":false,"stage1/purpose":"train baseline model","stage1/test_acc":81.14374034003092,"_step":6,"stage1/test_f1":0.7302742746559658,"stage1/val_loss":1.0709395430033009,"stage1_test_acc":81.14374034003092,"_timestamp":1.7763664208677979e+09,"stage1/epoch":20,"stage1/stage_number":1,"test_f1_macro":0.7302742746559658}