{"stage1_test_f1":0.9190924499938599,"stage2_test_acc":80.08143875127249,"stage1/test_loss":0.25057173036076164,"train_loss":0.19114017285337456,"stage2_test_f1":0.8017695620071942,"stage1/test_f1":0.9190924499938599,"val_loss":0.3719628994763756,"stage":3,"val_acc":85.5907780979827,"_wandb":{"runtime":16},"_step":10,"lr_backbone":0.0001,"stage3_test_f1":0.8571498186997918,"stage3_test_acc":85.61248727519511,"stage2_hard_bin_mask_str":"[0.0, 0.0, 0.0, 1.0, 1.0, 0.0, 0.0, 0.0, 0.0, 0.0, 0.0, 0.0, 0.0, 1.0, 1.0, 1.0, 0.0, 1.0, 1.0, 0.0, 1.0, 1.0, 1.0, 0.0, 1.0, 1.0, 0.0, 0.0, 1.0, 1.0, 1.0, 0.0, 1.0, 0.0, 1.0, 1.0, 0.0, 0.0, 0.0, 0.0, 1.0, 0.0, 0.0, 1.0, 1.0, 1.0, 1.0, 1.0, 0.0, 0.0, 0.0, 0.0, 0.0, 0.0, 0.0, 1.0, 0.0, 0.0, 0.0, 0.0, 0.0, 0.0, 0.0, 0.0, 0.0, 0.0, 0.0, 0.0, 0.0, 0.0, 0.0, 0.0, 0.0, 0.0, 0.0, 0.0, 0.0, 0.0, 0.0, 0.0, 0.0, 0.0, 0.0, 0.0, 0.0, 0.0, 0.0, 0.0, 0.0, 0.0, 0.0, 0.0, 0.0, 0.0, 0.0, 0.0, 0.0, 0.0, 0.0, 0.0, 0.0, 0.0, 0.0, 0.0, 0.0, 0.0, 0.0, 0.0, 0.0, 0.0, 0.0, 0.0, 0.0, 0.0, 0.0, 0.0, 0.0, 0.0, 0.0, 0.0, 0.0, 0.0, 0.0, 0.0, 0.0, 0.0, 0.0, 0.0]","stage1_test_acc":91.72039362063116,"stage2_test_loss":0.602576457756446,"stage3_test_loss":0.530194740106604,"stage_1_separableconvcnn/confusion_matrix_table":{"nrows":36,"_type":"table-file","path":"media/table/stage_1_separableconvcnn/confusion_matrix_table_1_ba1709b9ded253dca6f1.table.json","_latest_artifact_path":"wandb-client-artifact://mh9mf2lzvoo14udkd0gz0f54g5x5icf9jfasmj8x4g1macwexz2mj5gnsrpca8ol0od0tp0htfegvvid75empc8fcd45wi5efzxtd06anb5wvjvpvxfgmsbf6m8ass3w:latest/stage_1_separableconvcnn/confusion_matrix_table.table.json","sha256":"ba1709b9ded253dca6f14b8d1a777336f0cb86899167c45d58f90d5e787020ac","size":1366,"log_mode":"IMMUTABLE","ncols":3,"artifact_path":"wandb-client-artifact://2jqcqe8yjfrgrd7dggbwboewe3dxmgc9xmhvmmy8u4d0w9z22uw11lb02q71l1zrsz448xwv3fub296fmumemce4t948obv3kldrm5drmdnu6zaj1tpjuczwfd1h28iy/stage_1_separableconvcnn/confusion_matrix_table.table.json"},"epoch":25,"train_acc":91.54889364739472,"stage1/test_acc":91.72039362063116,"stage1/use_pretrain_model":false,"mask_l1":0.0234375,"lr_gumbel_bin":0.001,"stage1_test_loss":0.25057173036076164,"stage_3_separableconvcnn/confusion_matrix_table":{"_latest_artifact_path":"wandb-client-artifact://mzvno8f1ko4aksr3n80a8wwqpybb2m63kzunhkayp5b67euqc4yixepqlm3cvbwn7y117aip7hlgnxpm5jcfwyqkjf6b2e4rfuggu59otv3sqwc3o7f86hcrc4d3uy3k:latest/stage_3_separableconvcnn/confusion_matrix_table.table.json","ncols":3,"nrows":36,"log_mode":"IMMUTABLE","path":"media/table/stage_3_separableconvcnn/confusion_matrix_table_9_4871fc1e57b12d0abb3b.table.json","sha256":"4871fc1e57b12d0abb3b9191854f39817a2f05ae55b46f294cfea9b4e18509ec","size":1369,"artifact_path":"wandb-client-artifact://5h8i4fp2lo83xdmmh232o1biht5tcu4wafxgw400iimydroyd5x6lyynhnr7xx7q4wdoj1t41r3rliff7ho7go3d5ulfp7l56dp1akpx61qri0fiix0j6vx9stahckcf/stage_3_separableconvcnn/confusion_matrix_table.table.json","_type":"table-file"},"best_val_loss":0.30206300169685774,"bin_keep_ratio":0.1953125,"lr":0.001,"_runtime":16,"_timestamp":1.7764189054129677e+09}