{"stage2_test_f1":0.8535894321915509,"stage1/test_f1":0.839581704272966,"epoch":25,"stage1_test_loss":0.3778846265738188,"lr":0.001,"_runtime":16,"mask_l1":0.2578125,"lr_backbone":0.0001,"stage1_test_f1":0.839581704272966,"_wandb":{"runtime":16},"stage2_test_loss":0.3701115445333666,"val_loss":0.34508644992654974,"stage1/use_pretrain_model":false,"bin_keep_ratio":0.4140625,"stage_3_separableconvcnn/confusion_matrix_table":{"_latest_artifact_path":"wandb-client-artifact://u63icj7u5jmg2xekdcbql18bvm6al34lijoc2kr4h9rhzw2442fqwefoyfza0vvat9visv6jzkipkq6xvv09ea45otyu4infnb9084952ghgqmimudlemqn323iag7mh:latest/stage_3_separableconvcnn/confusion_matrix_table.table.json","nrows":36,"path":"media/table/stage_3_separableconvcnn/confusion_matrix_table_9_6403b1416e838e10ea26.table.json","_type":"table-file","sha256":"6403b1416e838e10ea263a90b9a7b188945640258246c99a03362016201c0e0a","log_mode":"IMMUTABLE","ncols":3,"size":1367,"artifact_path":"wandb-client-artifact://abf4pdhnk6dcuocrzblaklooepkcm2d85q6ut7q45h4y5cmlzqkq3i9k9xws3diz08cvvik4agmsp3tsztrtq6woefrzfhat5skp6dno6dip4su0vwppbtbdpca6yzdh/stage_3_separableconvcnn/confusion_matrix_table.table.json"},"lr_gumbel_bin":0.001,"best_val_loss":0.27713634155980954,"train_loss":0.17295551520054614,"stage1_test_acc":83.6104513064133,"_timestamp":1.7757788380123687e+09,"stage1/test_loss":0.3778846265738188,"stage2_test_acc":85.06956226671191,"stage1/test_acc":83.6104513064133,"val_acc":90.9090909090909,"stage2_hard_bin_mask_str":"[0.0, 1.0, 1.0, 1.0, 1.0, 1.0, 1.0, 1.0, 1.0, 1.0, 1.0, 1.0, 1.0, 1.0, 1.0, 1.0, 1.0, 1.0, 1.0, 1.0, 1.0, 1.0, 0.0, 1.0, 0.0, 1.0, 0.0, 0.0, 1.0, 0.0, 1.0, 1.0, 1.0, 0.0, 0.0, 0.0, 0.0, 1.0, 0.0, 0.0, 0.0, 1.0, 0.0, 1.0, 0.0, 1.0, 0.0, 1.0, 1.0, 1.0, 1.0, 1.0, 0.0, 0.0, 0.0, 0.0, 1.0, 1.0, 0.0, 1.0, 0.0, 0.0, 0.0, 1.0, 0.0, 0.0, 1.0, 0.0, 0.0, 0.0, 0.0, 1.0, 0.0, 1.0, 1.0, 0.0, 0.0, 0.0, 0.0, 0.0, 0.0, 0.0, 0.0, 0.0, 1.0, 1.0, 0.0, 0.0, 1.0, 1.0, 0.0, 0.0, 0.0, 0.0, 1.0, 1.0, 0.0, 1.0, 0.0, 0.0, 0.0, 0.0, 1.0, 1.0, 0.0, 0.0, 0.0, 0.0, 0.0, 0.0, 0.0, 0.0, 0.0, 0.0, 0.0, 0.0, 0.0, 0.0, 0.0, 0.0, 0.0, 0.0, 0.0, 0.0, 0.0, 0.0, 0.0, 0.0]","stage3_test_loss":0.32168015833303304,"train_acc":92.97274275979557,"_step":10,"stage3_test_f1":0.8826461022683357,"stage":3,"stage_1_separableconvcnn/confusion_matrix_table":{"artifact_path":"wandb-client-artifact://0igeru2f2jcmw0gcpx2765rjohsyf689r3xynhif53501p3yvo026bt5gc8qr84cvsp3e3lrslheqnejz48enhvacdsdj53x1nl1vhkrrmdymkpa24ctc6qsdnb1ficf/stage_1_separableconvcnn/confusion_matrix_table.table.json","ncols":3,"_latest_artifact_path":"wandb-client-artifact://93do17ocgvml5djol1v359tx1jkgtwmax1431xtio5m9tkiku7qyqj2umo8ewjqa7it0vauvgeeme09byjat3cdva3ro1ztqm3x5wgjng1pe6mbrmutu53hsi6gy1hgo:latest/stage_1_separableconvcnn/confusion_matrix_table.table.json","path":"media/table/stage_1_separableconvcnn/confusion_matrix_table_1_c39bd7f8956d5c60a7a2.table.json","_type":"table-file","size":1367,"sha256":"c39bd7f8956d5c60a7a2f6d46b676c97ecc58074bf5036db2a15ec1172b225a1","log_mode":"IMMUTABLE","nrows":36},"stage3_test_acc":87.85205293518833}