{"stage1/test_f1":0.9084024900218363,"stage1_test_loss":0.26884880924891436,"stage2/best_epoch":57,"stage2/test_f1":0.8355733682251348,"block3_Pruned_%":68.75,"epoch":60,"stage2_test_f1":0.8355733682251348,"stage2/stage_number":2,"stage2/lr_gumbel":0.001,"train_acc":91.22530775837389,"stage_3_prunedseparableconvcnn/confusion_matrix_table":{"_type":"table-file","_latest_artifact_path":"wandb-client-artifact://h99q3aznxa7xqrxtd6pfwdehjncfx8843x2fb0htqsymb4enl95hln1c8rku0smlf8dw3a4gygrd3p8dg95rzr64tz9bkam2b5j8gulr721oyjyhizxqz2p5irdelpfg:latest/stage_3_prunedseparableconvcnn/confusion_matrix_table.table.json","path":"media/table/stage_3_prunedseparableconvcnn/confusion_matrix_table_27_00cce8f90905de35c511.table.json","log_mode":"IMMUTABLE","ncols":3,"sha256":"00cce8f90905de35c511657295b7289917470055e0f94732eb03956db0c395be","artifact_path":"wandb-client-artifact://2rab0yrm8rig31knq7yci16pp3w4mhuj2vkqbj8vgzzgt48ts1oeb1u4h1nn2b6t0qd9nxmbuf6pljzascovu8ptk25c9hwh00dw6k3cc60atoiz76zxai9lel0ztxy6/stage_3_prunedseparableconvcnn/confusion_matrix_table.table.json","size":1368,"nrows":36},"lr_loaded_weights":0.0001,"stage1/test_acc":90.73634204275534,"stage1_test_acc":90.73634204275534,"stage2/block4_Pruned_%":41.40625,"stage2/block2_Pruned_%":48.4375,"model_param_count_pruned":11527,"stage3_test_f1":0.8969145493361484,"block2_Pruned_%":48.4375,"stage2/mask_l1":0.4263620376586914,"val_loss":0.3321843341443321,"stage2/lr_backbone":0.0001,"block4_Pruned_%":41.40625,"stage2_test_acc":83.2711231761113,"Total_Pruned_%":53.75,"stage_1_separableconvcnn/confusion_matrix_table":{"artifact_path":"wandb-client-artifact://xqftdi0oz1w5fzslzhgiry1636rg4kgh9c61xhl56sqlydis7ckmathze26aidgx5nh11ezlbxfpppw02i4p521ouogc97zoiozdovnkfd62i9s3ukp1t0x38i3bss90/stage_1_separableconvcnn/confusion_matrix_table.table.json","ncols":3,"_latest_artifact_path":"wandb-client-artifact://hzx1mh3xhb8d7j5yx837rtmbpzp6wtqq5zt050kwfjag1sh2v7udw6s1wbdmpw9o6o28epjen8e5nk4nnt4x8hff2us9u3pzfezv9q07vo2vcsw0gx3ky3q6otlrcyi6:latest/stage_1_separableconvcnn/confusion_matrix_table.table.json","path":"media/table/stage_1_separableconvcnn/confusion_matrix_table_1_3a2724ddbaf80f19f678.table.json","log_mode":"IMMUTABLE","size":1367,"_type":"table-file","nrows":36,"sha256":"3a2724ddbaf80f19f6787a62d68af9739588620fdb28353f1eff1624d313c743"},"stage2/raw_hard_mask_block2":"[0.0, 1.0, 1.0, 1.0, 0.0, 1.0, 0.0, 0.0, 0.0, 1.0, 0.0, 1.0, 1.0, 1.0, 0.0, 1.0, 1.0, 0.0, 0.0, 1.0, 0.0, 0.0, 1.0, 1.0, 0.0, 0.0, 1.0, 0.0, 1.0, 1.0, 0.0, 1.0, 0.0, 1.0, 0.0, 0.0, 1.0, 0.0, 1.0, 0.0, 0.0, 1.0, 1.0, 0.0, 1.0, 1.0, 0.0, 0.0, 0.0, 0.0, 1.0, 1.0, 1.0, 1.0, 0.0, 0.0, 1.0, 1.0, 0.0, 0.0, 1.0, 0.0, 1.0, 1.0]","stage3_test_acc":89.48082796063794,"stage3_test_loss":0.31226179729721654,"model_param_reduction_pct":68.73440381903005,"stage2/raw_hard_mask_block4":"[1.0, 0.0, 1.0, 1.0, 0.0, 1.0, 1.0, 1.0, 1.0, 1.0, 1.0, 0.0, 0.0, 1.0, 0.0, 0.0, 0.0, 0.0, 1.0, 0.0, 1.0, 0.0, 0.0, 0.0, 1.0, 1.0, 1.0, 0.0, 0.0, 0.0, 1.0, 1.0, 0.0, 0.0, 0.0, 1.0, 1.0, 1.0, 0.0, 0.0, 1.0, 1.0, 0.0, 0.0, 1.0, 0.0, 1.0, 1.0, 0.0, 1.0, 1.0, 1.0, 1.0, 0.0, 1.0, 1.0, 1.0, 0.0, 1.0, 1.0, 0.0, 0.0, 1.0, 0.0, 1.0, 0.0, 1.0, 1.0, 0.0, 1.0, 0.0, 1.0, 1.0, 1.0, 1.0, 0.0, 1.0, 1.0, 0.0, 1.0, 0.0, 0.0, 0.0, 1.0, 1.0, 1.0, 1.0, 1.0, 1.0, 1.0, 1.0, 1.0, 1.0, 1.0, 0.0, 1.0, 1.0, 1.0, 1.0, 1.0, 0.0, 0.0, 0.0, 0.0, 1.0, 1.0, 1.0, 0.0, 1.0, 0.0, 0.0, 0.0, 1.0, 1.0, 0.0, 0.0, 0.0, 1.0, 1.0, 1.0, 0.0, 0.0, 0.0, 0.0, 1.0, 1.0, 1.0, 1.0]","stage2/Total_Pruned_%":53.75,"_wandb":{"runtime":54},"stage2/val_acc":71.5846994535519,"best_val_loss":0.3321843341443321,"stage2/val_loss":0.584357230181962,"stage2/final_mask_keep_ratio_block3":0.3125,"stage1/use_pretrain_model":false,"stage2_test_loss":0.46578168034709344,"stage2/best_val_loss":0.5804002626094591,"_step":29,"final_summary_log_path":"/home/qphan/master-thesis/models/uci_best_model_three_stage_channel_subject16_val_final_summary_val_16.txt","stage2/test_loss":0.46578168034709344,"stage2/purpose":"train channel-pruning model with masking","stage2/final_mask_keep_ratio_block4":0.5859375,"stage2/raw_hard_mask_block3":"[0.0, 0.0, 0.0, 0.0, 1.0, 1.0, 0.0, 0.0, 0.0, 0.0, 0.0, 0.0, 1.0, 1.0, 0.0, 0.0, 0.0, 0.0, 0.0, 1.0, 1.0, 1.0, 0.0, 1.0, 0.0, 0.0, 1.0, 0.0, 0.0, 1.0, 0.0, 1.0, 0.0, 0.0, 1.0, 0.0, 0.0, 1.0, 0.0, 1.0, 0.0, 0.0, 0.0, 0.0, 0.0, 0.0, 1.0, 1.0, 0.0, 0.0, 1.0, 0.0, 0.0, 0.0, 0.0, 0.0, 1.0, 0.0, 0.0, 0.0, 1.0, 0.0, 0.0, 0.0, 1.0, 0.0, 1.0, 0.0, 0.0, 0.0, 0.0, 0.0, 0.0, 0.0, 1.0, 1.0, 1.0, 1.0, 0.0, 1.0, 0.0, 0.0, 0.0, 0.0, 0.0, 0.0, 0.0, 1.0, 0.0, 0.0, 0.0, 1.0, 1.0, 0.0, 0.0, 1.0, 0.0, 1.0, 0.0, 1.0, 1.0, 0.0, 0.0, 1.0, 0.0, 0.0, 0.0, 0.0, 0.0, 0.0, 0.0, 0.0, 0.0, 1.0, 0.0, 1.0, 0.0, 1.0, 0.0, 1.0, 0.0, 0.0, 0.0, 0.0, 0.0, 1.0, 0.0, 1.0]","model_param_count_dense":36868,"train_loss":0.2029637002625849,"_timestamp":1.7758520203847702e+09,"stage":3,"model_param_count":11527,"stage1/test_loss":0.26884880924891436,"val_acc":87.43169398907104,"_runtime":54,"stage2/test_acc":83.2711231761113,"stage2/final_mask_keep_ratio_block2":0.515625,"stage2/epoch":60,"stage1_test_f1":0.9084024900218363,"stage2/train_loss":0.6100778471696626,"stage2/train_acc":76.82507872888634,"stage2/block3_Pruned_%":68.75}