{"_wandb":{"runtime":13},"stage1_test_loss":0.4559599839993571,"stage1_test_f1":0.8992012196111356,"stage_3_separableconvcnn/confusion_matrix_table":{"size":1366,"_latest_artifact_path":"wandb-client-artifact://4kz3urflfnjtbvbvvq8y9k49327uumb4eetd262g1gki7p3exk3sa3v158x611r4zu7q77xdg8aj3kkgmmliawa05avmeoel2ett3ueacnrnjlr2v72hvbo3gq6qco66:latest/stage_3_separableconvcnn/confusion_matrix_table.table.json","_type":"table-file","path":"media/table/stage_3_separableconvcnn/confusion_matrix_table_6_b9f5051633de6f5c6e9c.table.json","sha256":"b9f5051633de6f5c6e9ca864ca179cd9f5aea3c43731f40af8b2f760f7c82be6","nrows":36,"ncols":3,"artifact_path":"wandb-client-artifact://yd4kq9okubpwdm5hn6x3qspg82kx4iwazfy3e50j4m01j3ifbifrvbpjomiemm9pnkg5v8r92peb27361ma2qd9e4q8a961qzg4l3jh5lp4nd9exjotvopkzu63qzdgd/stage_3_separableconvcnn/confusion_matrix_table.table.json","log_mode":"IMMUTABLE"},"stage1_test_acc":89.85408890397014,"_step":7,"stage3_test_acc":88.12351543942992,"stage1/test_acc":89.85408890397014,"_runtime":13,"epoch":10,"stage2_test_loss":0.49239882573874577,"bin_keep_ratio":0.390625,"train_acc":95.13621452003994,"train_loss":0.11470196094996765,"stage1/test_loss":0.4559599839993571,"stage1/test_f1":0.8992012196111356,"stage3_test_f1":0.8816702046877455,"stage2_test_f1":0.8822406442935575,"mask_l1":0.25,"val_acc":84.1642228739003,"lr_gumbel_bin":0.001,"stage2_test_acc":88.02171700033932,"lr":0.001,"stage":3,"stage2_hard_bin_mask_str":"[0.0, 0.0, 0.0, 1.0, 0.0, 1.0, 1.0, 1.0, 1.0, 1.0, 1.0, 1.0, 1.0, 1.0, 1.0, 1.0, 1.0, 1.0, 0.0, 1.0, 1.0, 1.0, 1.0, 1.0, 1.0, 1.0, 1.0, 1.0, 1.0, 0.0, 1.0, 1.0, 1.0, 1.0, 1.0, 1.0, 1.0, 1.0, 0.0, 1.0, 1.0, 1.0, 1.0, 1.0, 1.0, 1.0, 0.0, 1.0, 0.0, 1.0, 1.0, 1.0, 1.0, 1.0, 1.0, 1.0, 0.0, 1.0, 0.0, 1.0, 1.0, 0.0, 0.0, 0.0, 0.0, 0.0, 0.0, 0.0, 0.0, 0.0, 0.0, 0.0, 0.0, 0.0, 0.0, 0.0, 0.0, 0.0, 0.0, 0.0, 0.0, 0.0, 0.0, 0.0, 0.0, 0.0, 0.0, 0.0, 0.0, 0.0, 0.0, 0.0, 0.0, 0.0, 0.0, 0.0, 0.0, 0.0, 0.0, 0.0, 0.0, 0.0, 0.0, 0.0, 0.0, 0.0, 0.0, 0.0, 0.0, 0.0, 0.0, 0.0, 0.0, 0.0, 0.0, 0.0, 0.0, 0.0, 0.0, 0.0, 0.0, 0.0, 0.0, 0.0, 0.0, 0.0, 0.0, 0.0]","lr_backbone":0.0001,"stage3_test_loss":0.48061933569688614,"best_val_loss":0.2965654486959631,"stage_1_separableconvcnn/confusion_matrix_table":{"ncols":3,"size":1368,"nrows":36,"log_mode":"IMMUTABLE","path":"media/table/stage_1_separableconvcnn/confusion_matrix_table_1_02c5a6fac2b98a2cce23.table.json","_latest_artifact_path":"wandb-client-artifact://moe1jtufpyawjqsgm60fp5mp8sus488bepo60bmkhmx2vfa2eal6gtyw6f22uh8h0jwoul4yr5ly7aavqxdbre61539a9vdvobd4lr2o4uxr4iv72ziy6vkrpt48ccby:latest/stage_1_separableconvcnn/confusion_matrix_table.table.json","_type":"table-file","sha256":"02c5a6fac2b98a2cce23216035c71184f8282e95afab8b7a4923ed0654b10cea","artifact_path":"wandb-client-artifact://pg1b9fpyyqglhkgmja3imv4iwlig0z4lup62xmkcgz4zca5rzgpv88moohpiepuw7nellpri5xxjn9w16d4v3rbwas9z7lb15up64d3rxj4pi5av7dw72tybqo721ebt/stage_1_separableconvcnn/confusion_matrix_table.table.json"},"_timestamp":1.7764306940191975e+09,"val_loss":0.5986773121659575,"stage1/use_pretrain_model":false}