{"stage2_test_loss":0.3720541839548843,"stage1/test_loss":0.2887824049044412,"stage1_test_acc":89.20936545639634,"stage2_test_acc":86.15541228367832,"best_val_loss":0.7372811728257399,"lr_backbone":0.0001,"stage_1_separableconvcnn/confusion_matrix_table":{"path":"media/table/stage_1_separableconvcnn/confusion_matrix_table_1_430ec0ba43b3aba6cfeb.table.json","ncols":3,"_type":"table-file","size":1368,"artifact_path":"wandb-client-artifact://ysmlrrod7v27wvbayc82b2cfghzw2qiofpnkuhc9vvos20rb6hm2govmdprg4wfvybki6wxpt6h46loc78qjpibq10ljpqao72xm90rwai9n700ocvguvwds5i6q5mp4/stage_1_separableconvcnn/confusion_matrix_table.table.json","nrows":36,"_latest_artifact_path":"wandb-client-artifact://3eeog3b97spic6wdrm02sanu8nyhb5eyzoaaqsl23bcvmzr856aqonfvn3wxkk69xb7r9c85bdcqx3zgydw5f7y53tz5gcspz6rke50clxy471cyjmnlydkn9cm3buq0:latest/stage_1_separableconvcnn/confusion_matrix_table.table.json","log_mode":"IMMUTABLE","sha256":"430ec0ba43b3aba6cfebeea9ed04041986a5ac1adc24cf6d886e9876fa0e8f7b"},"stage3_test_acc":90.87207329487615,"stage3_test_loss":0.2596688136119619,"val_acc":74.76923076923077,"stage1_test_f1":0.8915448237738737,"stage2_test_f1":0.8624072424678934,"_step":8,"stage1/use_pretrain_model":false,"lr":0.001,"stage1/test_f1":0.8915448237738737,"stage1_test_loss":0.2887824049044412,"stage1/test_acc":89.20936545639634,"_timestamp":1.7766069616688995e+09,"epoch":10,"_runtime":16,"train_loss":0.14492963665840009,"bin_keep_ratio":0.359375,"mask_l1":0.296875,"_wandb":{"runtime":16},"val_loss":1.3093060654860276,"stage":3,"stage2_hard_bin_mask_str":"[1.0, 1.0, 1.0, 1.0, 1.0, 1.0, 1.0, 1.0, 1.0, 1.0, 0.0, 1.0, 1.0, 1.0, 1.0, 1.0, 1.0, 1.0, 1.0, 1.0, 1.0, 1.0, 1.0, 1.0, 1.0, 1.0, 1.0, 0.0, 0.0, 1.0, 0.0, 1.0, 1.0, 1.0, 0.0, 0.0, 0.0, 1.0, 1.0, 1.0, 0.0, 0.0, 0.0, 1.0, 1.0, 1.0, 1.0, 0.0, 1.0, 1.0, 0.0, 0.0, 1.0, 1.0, 1.0, 1.0, 0.0, 0.0, 0.0, 0.0, 0.0, 0.0, 0.0, 0.0, 1.0, 1.0, 0.0, 0.0, 0.0, 0.0, 0.0, 0.0, 0.0, 0.0, 0.0, 0.0, 1.0, 0.0, 0.0, 0.0, 0.0, 0.0, 0.0, 0.0, 0.0, 0.0, 0.0, 0.0, 0.0, 0.0, 0.0, 0.0, 0.0, 0.0, 0.0, 0.0, 0.0, 0.0, 0.0, 0.0, 0.0, 0.0, 0.0, 0.0, 0.0, 0.0, 0.0, 0.0, 0.0, 0.0, 0.0, 0.0, 0.0, 0.0, 0.0, 0.0, 0.0, 0.0, 0.0, 0.0, 0.0, 0.0, 0.0, 0.0, 0.0, 0.0, 0.0, 0.0]","stage3_test_f1":0.9096619178687382,"lr_gumbel_bin":0.001,"stage_3_separableconvcnn/confusion_matrix_table":{"ncols":3,"size":1367,"artifact_path":"wandb-client-artifact://yu6rhmjq0zkns449dq2hwb1y85ec66tsmc3xshh5gjatwpanhuoaxgzmw65txcko9zb5mh5h3sqjao20oq5fkge0xyrv462gnssn7e1m3b453rc4b1jvij9tvtfyd6tx/stage_3_separableconvcnn/confusion_matrix_table.table.json","sha256":"ea083bb67e315f1565cfc6a05f5e8c987acb6aca0ab8d2506405ad293347fe32","nrows":36,"_latest_artifact_path":"wandb-client-artifact://np700efo6or8obvqb8r5a8zcjmhav0j7hfsy8qblwvlmk3lfabxwc24s4d7easg6s9thnminydm51rqsu7ikz1v1qzpdjopxad73icjm4ey76a0foe5dxdkumlnmx2q8:latest/stage_3_separableconvcnn/confusion_matrix_table.table.json","path":"media/table/stage_3_separableconvcnn/confusion_matrix_table_7_ea083bb67e315f1565cf.table.json","_type":"table-file","log_mode":"IMMUTABLE"},"train_acc":94.33613206204639}