{"stage2_test_acc":87.13946386155412,"train_loss":0.1237896640885065,"_timestamp":1.7764287618957286e+09,"val_loss":0.71148929375161,"best_val_loss":0.26074522694359775,"lr_gumbel_bin":0.001,"stage3_test_acc":86.59653885307092,"val_acc":86.80351906158357,"mask_l1":0.25,"lr":0.001,"bin_keep_ratio":0.3828125,"stage2_hard_bin_mask_str":"[0.0, 0.0, 0.0, 0.0, 0.0, 1.0, 1.0, 1.0, 1.0, 1.0, 1.0, 1.0, 1.0, 1.0, 1.0, 1.0, 1.0, 1.0, 1.0, 1.0, 0.0, 1.0, 1.0, 1.0, 1.0, 1.0, 1.0, 1.0, 1.0, 1.0, 1.0, 1.0, 1.0, 1.0, 1.0, 1.0, 1.0, 1.0, 1.0, 1.0, 0.0, 1.0, 1.0, 0.0, 1.0, 1.0, 1.0, 0.0, 0.0, 1.0, 1.0, 1.0, 1.0, 1.0, 1.0, 0.0, 1.0, 1.0, 1.0, 1.0, 0.0, 0.0, 0.0, 0.0, 0.0, 0.0, 0.0, 0.0, 0.0, 0.0, 0.0, 0.0, 0.0, 0.0, 0.0, 0.0, 0.0, 0.0, 0.0, 0.0, 0.0, 0.0, 0.0, 0.0, 0.0, 0.0, 0.0, 0.0, 0.0, 0.0, 0.0, 0.0, 0.0, 0.0, 0.0, 0.0, 0.0, 0.0, 0.0, 0.0, 0.0, 0.0, 0.0, 0.0, 0.0, 0.0, 0.0, 0.0, 0.0, 0.0, 0.0, 0.0, 0.0, 0.0, 0.0, 0.0, 0.0, 0.0, 0.0, 0.0, 0.0, 0.0, 0.0, 0.0, 0.0, 0.0, 0.0, 0.0]","stage_3_separableconvcnn/confusion_matrix_table":{"path":"media/table/stage_3_separableconvcnn/confusion_matrix_table_6_45fc45a5893b073f9a97.table.json","_latest_artifact_path":"wandb-client-artifact://rjozk4sqaznncdn5nw904tan4hx3ew2f3rbheo6aq69anko6p4lqam7qyt81c705afzwd409kawvnzs3599q7imj783oxeb6f2oz4qq56efqu7vnccalp5g5218ubrlh:latest/stage_3_separableconvcnn/confusion_matrix_table.table.json","log_mode":"IMMUTABLE","nrows":36,"_type":"table-file","sha256":"45fc45a5893b073f9a97469c7ea51d91dbb8989a76777d05ecb3ebd9fde8f3b3","size":1367,"artifact_path":"wandb-client-artifact://1uzozb2utfc4s8wtna0m080c3nm7iiaaw1yv9avsqkwljr75iweeuui3nhd9iyu00cooguwwse3utgemdcvtxsqlj999ri9bt5b3cjun76laa4a4c977kn16a4ei9s78/stage_3_separableconvcnn/confusion_matrix_table.table.json","ncols":3},"_wandb":{"runtime":13},"stage1/test_acc":89.85408890397014,"stage1/use_pretrain_model":false,"stage1/test_f1":0.8992012196111356,"stage1_test_loss":0.4559599839993571,"stage":3,"stage1/test_loss":0.4559599839993571,"stage1_test_acc":89.85408890397014,"stage2_test_f1":0.872313232439644,"_runtime":13,"lr_backbone":0.0001,"stage_1_separableconvcnn/confusion_matrix_table":{"size":1368,"artifact_path":"wandb-client-artifact://z4dktj56uhh2zjg0kzk3bxzumj1a4d4yposzl2r8lfj3amur6qdan70e89c7zdszvtsu41x63kb9tll56449ms55tl6ua73iwetkno1iriuuzvqetrzsc3645kg0m702/stage_1_separableconvcnn/confusion_matrix_table.table.json","path":"media/table/stage_1_separableconvcnn/confusion_matrix_table_1_02c5a6fac2b98a2cce23.table.json","_type":"table-file","ncols":3,"_latest_artifact_path":"wandb-client-artifact://lw77g8ymlkt0xjftxs1ju4u9u03opai2wciajnz43hbv2ke9tlk2fvdnj2ytr3ed3ihdewd1561sxu97v730u1ewr4mjenwb9e04l0rns0bezytd21q9i1j8nsf7x97e:latest/stage_1_separableconvcnn/confusion_matrix_table.table.json","log_mode":"IMMUTABLE","sha256":"02c5a6fac2b98a2cce23216035c71184f8282e95afab8b7a4923ed0654b10cea","nrows":36},"stage2_test_loss":0.5079931007293035,"epoch":10,"train_acc":94.72257880473542,"stage3_test_f1":0.8686619450048928,"_step":7,"stage1_test_f1":0.8992012196111356,"stage3_test_loss":0.5227797999171365}