{"epoch":15,"stage":3,"stage2_test_loss":0.4165963520655237,"stage1_test_f1":0.8915448237738737,"stage_3_separableconvcnn/confusion_matrix_table":{"artifact_path":"wandb-client-artifact://k00off3a7afp8ix7g5ru7l7xl212bu3e2v5ljzqwsj4et6nv24clae3diltx9h48m02yy34avmaa92h7twtj8oxj5ktqf3ykp959ugjntoslscs2tpmy485cv9ph3phy/stage_3_separableconvcnn/confusion_matrix_table.table.json","ncols":3,"nrows":36,"sha256":"addec2e4047ce66c7e3b897c8e17c9bf752dc1aab1cabbd83cb6b0ef15993145","_latest_artifact_path":"wandb-client-artifact://ae9abkl0kx39fxq1lupth9h0ztqq2asxurxdqzt8bfz2l61cl579dccalh2da7y06sh0tdvji2tswqs6e49s7nizhbrexs4b953yybdxdcpuytxtsaqgqsqip6ynnnj2:latest/stage_3_separableconvcnn/confusion_matrix_table.table.json","log_mode":"IMMUTABLE","_type":"table-file","path":"media/table/stage_3_separableconvcnn/confusion_matrix_table_10_addec2e4047ce66c7e3b.table.json","size":1367},"stage3_test_acc":90.09161859518154,"stage_1_separableconvcnn/confusion_matrix_table":{"path":"media/table/stage_1_separableconvcnn/confusion_matrix_table_1_430ec0ba43b3aba6cfeb.table.json","_latest_artifact_path":"wandb-client-artifact://be4lrjinx1c4hcxe54qbob17lx7i5e9hntkmev7luvi0p8dwx71w59fux6mdy98l1s126m7angv6j5xff520gg1qz4x7ghrljslz6p6i461gkt5qp9uomvi7bgyki713:latest/stage_1_separableconvcnn/confusion_matrix_table.table.json","ncols":3,"artifact_path":"wandb-client-artifact://idsf12m8gdgoyuy4o03soeb8j14w3e92dkqj3lph8n0i81ljtnblvkt0jva6vkx9d2yz3es30z3b2hsdcfx2kp5emo2sbhzq14v0clp4mrvifqoqu5acfb38lrcu0v6n/stage_1_separableconvcnn/confusion_matrix_table.table.json","log_mode":"IMMUTABLE","nrows":36,"_type":"table-file","sha256":"430ec0ba43b3aba6cfebeea9ed04041986a5ac1adc24cf6d886e9876fa0e8f7b","size":1368},"stage2_test_acc":84.1533763148965,"stage2_test_f1":0.8414140794456274,"_wandb":{"runtime":19},"stage3_test_loss":0.3205953370730769,"stage1/test_loss":0.2887824049044412,"_step":11,"train_acc":92.75651060196385,"stage1/test_f1":0.8915448237738737,"train_loss":0.16757122463592683,"stage1_test_acc":89.20936545639634,"_timestamp":1.7757788179146004e+09,"lr_gumbel_bin":0.001,"val_acc":71.6923076923077,"lr":0.001,"mask_l1":0.1796875,"bin_keep_ratio":0.203125,"stage3_test_f1":0.900946125280165,"best_val_loss":1.153091364640456,"stage2_hard_bin_mask_str":"[0.0, 1.0, 1.0, 1.0, 1.0, 1.0, 1.0, 1.0, 1.0, 1.0, 0.0, 1.0, 1.0, 1.0, 1.0, 1.0, 1.0, 1.0, 1.0, 1.0, 1.0, 1.0, 1.0, 1.0, 1.0, 1.0, 0.0, 0.0, 0.0, 0.0, 0.0, 0.0, 1.0, 0.0, 0.0, 0.0, 0.0, 1.0, 0.0, 0.0, 0.0, 0.0, 0.0, 0.0, 0.0, 0.0, 0.0, 0.0, 0.0, 0.0, 0.0, 0.0, 0.0, 0.0, 0.0, 0.0, 0.0, 0.0, 0.0, 0.0, 0.0, 0.0, 0.0, 0.0, 0.0, 0.0, 0.0, 0.0, 0.0, 0.0, 0.0, 0.0, 0.0, 0.0, 0.0, 0.0, 0.0, 0.0, 0.0, 0.0, 0.0, 0.0, 0.0, 0.0, 0.0, 0.0, 0.0, 0.0, 0.0, 0.0, 0.0, 0.0, 0.0, 0.0, 0.0, 0.0, 0.0, 0.0, 0.0, 0.0, 0.0, 0.0, 0.0, 0.0, 0.0, 0.0, 0.0, 0.0, 0.0, 0.0, 0.0, 0.0, 0.0, 0.0, 0.0, 0.0, 0.0, 0.0, 0.0, 0.0, 0.0, 0.0, 0.0, 0.0, 0.0, 0.0, 0.0, 0.0]","stage1_test_loss":0.2887824049044412,"_runtime":19,"stage1/use_pretrain_model":false,"stage1/test_acc":89.20936545639634,"lr_backbone":0.0001,"val_loss":1.3005307329618014}