{"_wandb":{"runtime":24},"block3_Pruned_%":75,"stage2/final_mask_keep_ratio_block2":0.28125,"stage2_test_loss":0.8549475772606546,"stage3_test_f1":0.9112356264315213,"train_loss":0.11905338384038237,"stage2/raw_hard_mask_block2":"[1.0, 0.0, 0.0, 0.0, 0.0, 0.0, 0.0, 1.0, 0.0, 0.0, 0.0, 1.0, 0.0, 0.0, 0.0, 0.0, 1.0, 0.0, 0.0, 0.0, 0.0, 1.0, 1.0, 0.0, 0.0, 1.0, 0.0, 0.0, 0.0, 0.0, 0.0, 0.0, 1.0, 0.0, 1.0, 0.0, 0.0, 1.0, 0.0, 0.0, 0.0, 0.0, 0.0, 1.0, 0.0, 0.0, 0.0, 1.0, 0.0, 0.0, 0.0, 0.0, 0.0, 0.0, 0.0, 0.0, 1.0, 1.0, 1.0, 1.0, 0.0, 1.0, 0.0, 1.0]","stage1_test_f1":0.9477916899751601,"_step":15,"_runtime":24,"stage2/raw_hard_mask_block3":"[0.0, 0.0, 0.0, 0.0, 0.0, 0.0, 0.0, 0.0, 0.0, 0.0, 0.0, 0.0, 1.0, 1.0, 0.0, 0.0, 1.0, 0.0, 0.0, 1.0, 0.0, 1.0, 0.0, 0.0, 0.0, 1.0, 0.0, 1.0, 0.0, 1.0, 1.0, 1.0, 0.0, 0.0, 0.0, 0.0, 0.0, 1.0, 1.0, 0.0, 1.0, 1.0, 0.0, 0.0, 0.0, 0.0, 0.0, 1.0, 0.0, 1.0, 1.0, 0.0, 0.0, 0.0, 1.0, 1.0, 0.0, 0.0, 0.0, 0.0, 0.0, 0.0, 0.0, 0.0, 0.0, 0.0, 0.0, 1.0, 0.0, 0.0, 0.0, 0.0, 0.0, 0.0, 0.0, 0.0, 0.0, 0.0, 0.0, 1.0, 0.0, 0.0, 0.0, 1.0, 0.0, 0.0, 1.0, 0.0, 1.0, 0.0, 0.0, 0.0, 0.0, 0.0, 1.0, 0.0, 0.0, 0.0, 1.0, 0.0, 0.0, 0.0, 0.0, 0.0, 1.0, 0.0, 0.0, 0.0, 0.0, 1.0, 0.0, 0.0, 0.0, 0.0, 0.0, 1.0, 1.0, 0.0, 0.0, 0.0, 0.0, 1.0, 0.0, 0.0, 0.0, 1.0, 0.0, 0.0]","_timestamp":1.776801505855811e+09,"best_val_loss":0.07350591944960447,"lr_loaded_weights":0.0001,"stage2/final_mask_keep_ratio_block3":0.25,"stage2/train_loss":1.5877570405324661,"epoch":30,"stage2/test_acc":61.04513064133017,"stage1/use_pretrain_model":false,"stage2/test_loss":0.8549475772606546,"stage2/block4_Pruned_%":85.9375,"stage2/stage_number":2,"stage":3,"stage3_test_acc":91.14353579911774,"stage2/lr_backbone":0.0001,"stage_3_prunedseparableconvcnn/confusion_matrix_table":{"nrows":36,"size":1363,"path":"media/table/stage_3_prunedseparableconvcnn/confusion_matrix_table_13_0232d7891f8d40897361.table.json","_latest_artifact_path":"wandb-client-artifact://rwjkjc7ojoktwx1j63fzjvgqed0rdc6kgl0aaquv44jkaab35dvenj1a96ptqu8l12cpwxfi3mfgkk59dvbnyg6nwan5hocruf913wutf7gknsdkndqh7vhf71hzp3v7:latest/stage_3_prunedseparableconvcnn/confusion_matrix_table.table.json","artifact_path":"wandb-client-artifact://ph8d0o2dyafj48qtf9ltmdpqzt7jiagynhun4161vk0jmcfzdadv2l5ztwklud6oybrt8xvpqkqm5bee6dal7jg7shpmy7jwcq463mvrsys1v4rn7059mr5sb4odd9lj/stage_3_prunedseparableconvcnn/confusion_matrix_table.table.json","ncols":3,"log_mode":"IMMUTABLE","sha256":"0232d7891f8d40897361523be327d425f3d046e4f2131b368eb123781017d452","_type":"table-file"},"stage2/epoch":20,"stage2/val_loss":1.4296138902810904,"stage1/test_loss":0.16357776250934886,"stage2/block2_Pruned_%":71.875,"stage1/test_f1":0.9477916899751601,"final_summary_log_path":"/home/qphan/master-thesis/models/uci_best_model_three_stage_channel_subject6_val_final_summary_val_6.txt","stage2/raw_hard_mask_block4":"[0.0, 0.0, 0.0, 0.0, 0.0, 0.0, 1.0, 0.0, 0.0, 0.0, 0.0, 0.0, 0.0, 0.0, 0.0, 0.0, 1.0, 0.0, 0.0, 0.0, 1.0, 0.0, 0.0, 0.0, 0.0, 0.0, 0.0, 1.0, 0.0, 1.0, 0.0, 0.0, 0.0, 0.0, 1.0, 1.0, 1.0, 0.0, 0.0, 0.0, 0.0, 0.0, 0.0, 0.0, 1.0, 0.0, 0.0, 0.0, 0.0, 0.0, 0.0, 0.0, 0.0, 0.0, 0.0, 0.0, 0.0, 0.0, 0.0, 0.0, 0.0, 0.0, 0.0, 0.0, 0.0, 0.0, 0.0, 0.0, 0.0, 0.0, 0.0, 0.0, 0.0, 0.0, 0.0, 0.0, 0.0, 0.0, 1.0, 0.0, 0.0, 0.0, 0.0, 0.0, 0.0, 0.0, 0.0, 0.0, 1.0, 0.0, 0.0, 1.0, 0.0, 0.0, 1.0, 0.0, 1.0, 0.0, 0.0, 0.0, 0.0, 0.0, 1.0, 0.0, 0.0, 0.0, 0.0, 0.0, 0.0, 0.0, 0.0, 0.0, 0.0, 0.0, 1.0, 0.0, 0.0, 1.0, 0.0, 0.0, 0.0, 0.0, 0.0, 0.0, 0.0, 0.0, 0.0, 1.0]","stage2/best_epoch":11,"stage2_test_f1":0.5152381278458272,"stage1/test_acc":94.60468272819817,"model_param_count":4002,"stage2/purpose":"train channel-pruning model with masking","stage2_test_acc":61.04513064133017,"stage2/block3_Pruned_%":75,"stage_1_separableconvcnn/confusion_matrix_table":{"path":"media/table/stage_1_separableconvcnn/confusion_matrix_table_1_77ef1ad975b50ad9c3a9.table.json","ncols":3,"size":1362,"artifact_path":"wandb-client-artifact://4tp2vi3y109ymfhpckry2fr7caf9p4zf7ykimotn7echwl58lwrdy8g2jxp3wkmievwwq56nwa7knzkpgktbri3nziwes3zmv407e41uca9k8rv311wqhkre8hf1gnii/stage_1_separableconvcnn/confusion_matrix_table.table.json","log_mode":"IMMUTABLE","sha256":"77ef1ad975b50ad9c3a9eb6ba7b2d7bca223a220112151f91a6b34e79aab8f64","_type":"table-file","_latest_artifact_path":"wandb-client-artifact://lfu8xhkvqx8cfmguu6ipdybbh0fbpwbytmw9myqb21eedgxt5eu026kb1aklfbq3jxwomz1ooa3w92lphwzuavydr1gxr41xilz74tjfa8qmrp66dsz1vrgro7s199bb:latest/stage_1_separableconvcnn/confusion_matrix_table.table.json","nrows":36},"stage3_test_loss":0.24875558069191334,"stage2/val_acc":48.61538461538461,"stage1_test_loss":0.16357776250934886,"stage2/lr_gumbel":0.001,"val_acc":96.61538461538461,"stage2/best_val_loss":0.7207565557039701,"stage2/mask_l1":0.45075130462646484,"Total_Pruned_%":78.75,"block2_Pruned_%":71.875,"model_param_reduction_pct":89.14505804491701,"train_acc":95.40344385939946,"model_param_count_dense":36868,"block4_Pruned_%":85.9375,"val_loss":0.07629576578163183,"stage2/train_acc":83.64878326455101,"stage2/test_f1":0.5152381278458272,"stage2/final_mask_keep_ratio_block4":0.140625,"stage1_test_acc":94.60468272819817,"model_param_count_pruned":4002,"stage2/Total_Pruned_%":78.75}