{"stage2_test_f1":0.5485544120111734,"_step":23,"lr_loaded_weights":0.0001,"stage2/final_mask_keep_ratio_block2":0.34375,"_runtime":37,"stage1/test_acc":91.78825924669155,"stage2/test_f1":0.5485544120111734,"model_param_count":7644,"train_loss":0.25239618313968726,"block3_Pruned_%":67.1875,"stage2/block3_Pruned_%":67.1875,"train_acc":89.79357798165138,"stage2/best_epoch":20,"model_param_reduction_pct":79.26657263751763,"block4_Pruned_%":64.84375,"stage2/mask_l1":0.4435163140296936,"block2_Pruned_%":65.625,"stage2/lr_backbone":0.0001,"final_summary_log_path":"/home/qphan/master-thesis/models/uci_best_model_three_stage_channel_subject27_val_final_summary_val_27.txt","stage2_test_acc":60.536138445877164,"stage3_test_acc":89.27723108245674,"stage2/raw_hard_mask_block2":"[0.0, 0.0, 0.0, 0.0, 1.0, 0.0, 1.0, 1.0, 0.0, 1.0, 1.0, 0.0, 0.0, 0.0, 1.0, 0.0, 0.0, 0.0, 1.0, 1.0, 0.0, 1.0, 1.0, 0.0, 0.0, 0.0, 0.0, 0.0, 1.0, 1.0, 0.0, 0.0, 0.0, 0.0, 1.0, 0.0, 1.0, 0.0, 1.0, 0.0, 1.0, 0.0, 1.0, 1.0, 0.0, 1.0, 0.0, 0.0, 1.0, 0.0, 0.0, 0.0, 0.0, 0.0, 0.0, 0.0, 0.0, 0.0, 0.0, 0.0, 0.0, 1.0, 0.0, 1.0]","stage2/block2_Pruned_%":65.625,"best_val_loss":0.22562388037430478,"stage2/final_mask_keep_ratio_block3":0.328125,"stage2/raw_hard_mask_block4":"[0.0, 0.0, 0.0, 0.0, 1.0, 0.0, 0.0, 0.0, 1.0, 0.0, 1.0, 1.0, 0.0, 1.0, 0.0, 0.0, 0.0, 0.0, 1.0, 0.0, 0.0, 0.0, 0.0, 1.0, 1.0, 0.0, 1.0, 0.0, 1.0, 1.0, 0.0, 0.0, 1.0, 1.0, 0.0, 0.0, 0.0, 0.0, 1.0, 0.0, 1.0, 0.0, 0.0, 1.0, 1.0, 0.0, 1.0, 0.0, 0.0, 0.0, 0.0, 0.0, 1.0, 0.0, 0.0, 0.0, 1.0, 0.0, 1.0, 1.0, 1.0, 0.0, 0.0, 1.0, 1.0, 0.0, 0.0, 0.0, 0.0, 1.0, 0.0, 0.0, 0.0, 0.0, 0.0, 0.0, 0.0, 0.0, 0.0, 0.0, 0.0, 0.0, 1.0, 0.0, 1.0, 0.0, 0.0, 1.0, 0.0, 1.0, 1.0, 1.0, 1.0, 1.0, 0.0, 0.0, 1.0, 0.0, 0.0, 1.0, 0.0, 1.0, 1.0, 0.0, 1.0, 0.0, 1.0, 0.0, 0.0, 1.0, 0.0, 0.0, 0.0, 1.0, 1.0, 0.0, 0.0, 0.0, 1.0, 0.0, 0.0, 0.0, 0.0, 1.0, 0.0, 0.0, 0.0, 0.0]","stage1/test_f1":0.9188217031957775,"stage3_test_f1":0.8943314452130733,"stage2/train_acc":59.21731651376147,"stage2/train_loss":1.0572832483764087,"stage2/raw_hard_mask_block3":"[1.0, 1.0, 0.0, 0.0, 0.0, 1.0, 0.0, 1.0, 1.0, 0.0, 1.0, 1.0, 1.0, 0.0, 1.0, 0.0, 0.0, 0.0, 0.0, 0.0, 0.0, 0.0, 0.0, 1.0, 0.0, 1.0, 0.0, 0.0, 0.0, 1.0, 1.0, 1.0, 1.0, 1.0, 1.0, 0.0, 0.0, 0.0, 0.0, 1.0, 0.0, 0.0, 0.0, 1.0, 1.0, 0.0, 0.0, 0.0, 0.0, 0.0, 0.0, 0.0, 0.0, 0.0, 1.0, 0.0, 1.0, 0.0, 0.0, 1.0, 1.0, 0.0, 1.0, 0.0, 0.0, 0.0, 0.0, 1.0, 1.0, 1.0, 0.0, 0.0, 0.0, 1.0, 1.0, 1.0, 0.0, 0.0, 1.0, 0.0, 0.0, 0.0, 0.0, 0.0, 0.0, 0.0, 0.0, 0.0, 0.0, 1.0, 0.0, 0.0, 1.0, 0.0, 0.0, 0.0, 0.0, 0.0, 0.0, 1.0, 0.0, 0.0, 0.0, 1.0, 1.0, 0.0, 1.0, 1.0, 0.0, 1.0, 1.0, 0.0, 0.0, 0.0, 0.0, 0.0, 0.0, 0.0, 0.0, 0.0, 0.0, 0.0, 0.0, 0.0, 1.0, 0.0, 0.0, 0.0]","model_param_count_pruned":7644,"stage2/final_mask_keep_ratio_block4":0.3515625,"stage2/purpose":"train channel-pruning model with masking","stage2/test_acc":60.536138445877164,"_timestamp":1.775865368260931e+09,"stage2/lr_gumbel":0.001,"stage2/stage_number":2,"stage2/val_loss":0.6568262946415455,"stage1/test_loss":0.2776626913950813,"stage2/Total_Pruned_%":65.9375,"_wandb":{"runtime":37},"stage3_test_loss":0.29406874816667056,"stage1/use_pretrain_model":false,"val_acc":92.81914893617021,"stage2/block4_Pruned_%":64.84375,"stage1_test_f1":0.9188217031957775,"stage_3_prunedseparableconvcnn/confusion_matrix_table":{"nrows":36,"_latest_artifact_path":"wandb-client-artifact://e8evojjz0oabgzwuj0hkscb9mufyc9pbpitn2ug243202x5vvny1nq60uhuwphmvveo0dai73r7nyltuxpyx0gn28pu3znnonyu8ocxm5vuqr55k5lxsgwbli5m8z32y:latest/stage_3_prunedseparableconvcnn/confusion_matrix_table.table.json","sha256":"c7f4ad4a6057a2ecc4295a6ea518ac47173c2d325847dac5c7d025473b63e8e3","_type":"table-file","log_mode":"IMMUTABLE","path":"media/table/stage_3_prunedseparableconvcnn/confusion_matrix_table_21_c7f4ad4a6057a2ecc429.table.json","artifact_path":"wandb-client-artifact://fldmykfjdzs42im0p99erq15ncejd7yks3zelfpf96vv5xobxmwaxsdztaopzmrxfpwuchxu6m873wofa1htgx7eoduluml6dyo07i3xkpsp8p8853yarr7w9bj2dt8t/stage_3_prunedseparableconvcnn/confusion_matrix_table.table.json","ncols":3,"size":1368},"stage1_test_loss":0.2776626913950813,"stage":3,"stage1_test_acc":91.78825924669155,"Total_Pruned_%":65.9375,"stage_1_separableconvcnn/confusion_matrix_table":{"log_mode":"IMMUTABLE","_latest_artifact_path":"wandb-client-artifact://iyvsis9bl3ames98slh5wjf1jkeffwxnfrazufar50ru3uf7d6d9tioan64gwwj7k46zmm2tzhc1fuscp1my1rl90ueh72k4rwcaijjdqvwe10yfa65ij6h749k0dl4m:latest/stage_1_separableconvcnn/confusion_matrix_table.table.json","size":1367,"nrows":36,"path":"media/table/stage_1_separableconvcnn/confusion_matrix_table_1_1c6549e5282058c0e123.table.json","_type":"table-file","sha256":"1c6549e5282058c0e123c1b6cb880670e6f306016a237439dd216d2b10068da2","ncols":3,"artifact_path":"wandb-client-artifact://5wao0e2as96k9ppiyrfpbropxknl13b3h94vsjm8or6el3ky5t0bqd69lpaimuwpob0yboxscwtz7hba8hpsd0cubo09n95108zo5k3aymvj5zenjrnxe0erj3g2c847/stage_1_separableconvcnn/confusion_matrix_table.table.json"},"stage2/val_acc":58.244680851063826,"model_param_count_dense":36868,"stage2/test_loss":0.6727898308250726,"stage2/best_val_loss":0.6534724298943865,"val_loss":0.22562388037430478,"stage2_test_loss":0.6727898308250726,"stage2/epoch":30,"epoch":60}