{"lr_backbone":0.0001,"train_loss":0.17762171711823713,"stage2_test_f1":0.854484168656895,"stage1/test_f1":0.9114597953604786,"stage1_test_acc":91.00780454699695,"stage1/test_loss":0.26241459981148063,"stage1_test_loss":0.26241459981148063,"lr_gumbel_bin":0.001,"stage2_hard_bin_mask_str":"[1.0, 1.0, 1.0, 1.0, 1.0, 1.0, 1.0, 1.0, 1.0, 0.0, 1.0, 1.0, 1.0, 0.0, 0.0, 0.0, 0.0, 0.0, 0.0, 0.0, 0.0, 0.0, 0.0, 0.0, 0.0, 0.0, 0.0, 0.0, 0.0, 0.0, 0.0, 0.0, 0.0, 0.0, 0.0, 0.0, 0.0, 0.0, 0.0, 0.0, 0.0, 0.0, 0.0, 0.0, 0.0, 0.0, 0.0, 0.0, 0.0, 0.0, 0.0, 0.0, 0.0, 0.0, 0.0, 0.0, 0.0, 0.0, 0.0, 0.0, 0.0, 0.0, 0.0, 0.0, 0.0]","stage3_test_f1":0.9020609478084024,"train_acc":92.66552511415524,"_wandb":{"runtime":17},"epoch":20,"stage3_test_acc":90.02375296912113,"mask_l1":0.13846154510974884,"stage2_test_acc":85.5106888361045,"stage1/use_pretrain_model":false,"stage2_test_loss":0.39474661964297414,"stage3_test_loss":0.26415897324073884,"val_acc":91.56976744186046,"_step":10,"best_val_loss":0.2706845178547028,"bin_keep_ratio":0.1846153885126114,"stage1_test_f1":0.9114597953604786,"_runtime":17,"stage1/test_acc":91.00780454699695,"lr":0.001,"stage_3_separableconvcnn/confusion_matrix_table":{"log_mode":"IMMUTABLE","artifact_path":"wandb-client-artifact://3qzfnjtgxto49adppnu12qj1bvvylqggox1b4mkus1ru8vju6y1kywos3wukb41cep9ckjxzw2aopmw75cclsvpja2p3by542ieyh613hfmqsj2o1cjas0har1whchcu/stage_3_separableconvcnn/confusion_matrix_table.table.json","nrows":36,"path":"media/table/stage_3_separableconvcnn/confusion_matrix_table_9_401fbeece7ca89c55285.table.json","_latest_artifact_path":"wandb-client-artifact://gvc77qyzlrz24iu2xjake1hxq8l1j0u75j34ymr0k10d4izmri9mt04nbv4py0sqqdwbf7tumoh54h5upt4g71vvz56s23ewhpsnwljs1imyfis1h5ob4de4v1s915j9:latest/stage_3_separableconvcnn/confusion_matrix_table.table.json","sha256":"401fbeece7ca89c552853a4d2036bb4b546ab2227d87635b4545f69433eb9166","ncols":3,"_type":"table-file","size":1366},"stage":3,"stage_1_separableconvcnn/confusion_matrix_table":{"_latest_artifact_path":"wandb-client-artifact://yy9fb43zdwx20nujwjiu3njbb0vzgu8gb8oixb46b561d760rmysmcbtcqeyqhpocy4frligh14a4knxrpfhtethhfs8dg2w3p2v497yopsc33sizdlmkrso5tfjy99p:latest/stage_1_separableconvcnn/confusion_matrix_table.table.json","sha256":"c00c763d302031feb9866229d0b7c28247ab821837d7399a92ca32ebb691d192","ncols":3,"log_mode":"IMMUTABLE","nrows":36,"size":1367,"_type":"table-file","path":"media/table/stage_1_separableconvcnn/confusion_matrix_table_1_c00c763d302031feb986.table.json","artifact_path":"wandb-client-artifact://6vyfgfsl0rfcpssdjia61d5ng1rvtfk531hdyee5k6671gm2bb3zexezd5164aix7rev6ne5ib013hn7xz75ltoekrw2yxo7sjvfrh569gh50l1ydfq5dfmwtrd4e9t1/stage_1_separableconvcnn/confusion_matrix_table.table.json"},"val_loss":0.2834428594873062,"_timestamp":1.775772905623662e+09}