{"stage1/test_loss":0.4559599839993571,"stage1/purpose":"train baseline model","stage1_test_f1":0.8992012196111356,"stage1/test_acc":89.85408890397014,"test_acc":89.85408890397014,"best_epoch":25,"stage1/test_f1":0.8992012196111356,"test_f1_macro":0.8992012196111356,"_timestamp":1.7757564082842674e+09,"stage1_test_loss":0.4559599839993571,"stage1_test_acc":89.85408890397014,"best_val_loss":0.1970797767780743,"stage1/epoch":35,"stage1/stage_number":1,"stage1/val_loss":0.9595651089649407,"stage1/train_acc":96.77649408073029,"stage_1_separableconvcnn/confusion_matrix_table":{"ncols":3,"_type":"table-file","size":1368,"_latest_artifact_path":"wandb-client-artifact://hstcwivzyfte9vlt6w75xjxm6f7nzwupb1hs4u1kej59bplz41i8p6orz99qq67xbvejn0smz901v73uhznfhgei9gy1gtwby52344u61ti8jtvsu521fwj5692ayp3z:latest/stage_1_separableconvcnn/confusion_matrix_table.table.json","path":"media/table/stage_1_separableconvcnn/confusion_matrix_table_9_02c5a6fac2b98a2cce23.table.json","sha256":"02c5a6fac2b98a2cce23216035c71184f8282e95afab8b7a4923ed0654b10cea","nrows":36,"log_mode":"IMMUTABLE","artifact_path":"wandb-client-artifact://eiz8o5dqbcm86dxz0hw9rpbynecefpxbifiiwaw5b48e5shypojqjtekdwd6rtg7lwvgrw33b9kzvehswuqo0oe71ltq4rkbefvf8dyqsvyhost9vuo8i8qppfuu2pox/stage_1_separableconvcnn/confusion_matrix_table.table.json"},"stage1/use_pretrain_model":false,"_step":9,"test_loss":0.4559599839993571,"stage1/val_acc":82.99120234604105,"stage1/train_loss":0.07449281344466807,"_wandb":{"runtime":14},"stage1/lr":0.001,"stage1/best_val_loss":0.1970797767780743,"_runtime":14}