{"lr_loaded_weights":0.0001,"stage2_test_f1":0.7452513103201536,"stage2/raw_hard_mask_block2":"[1.0, 0.0, 1.0, 1.0, 1.0, 1.0, 1.0, 0.0, 1.0, 0.0, 0.0, 0.0, 1.0, 1.0, 1.0, 0.0, 1.0, 1.0, 0.0, 0.0, 1.0, 0.0, 1.0, 0.0, 0.0, 0.0, 1.0, 0.0, 1.0, 0.0, 0.0, 0.0, 1.0, 1.0, 1.0, 1.0, 1.0, 1.0, 0.0, 0.0, 0.0, 1.0, 1.0, 1.0, 0.0, 0.0, 1.0, 0.0, 0.0, 1.0, 0.0, 0.0, 1.0, 1.0, 1.0, 1.0, 0.0, 1.0, 1.0, 0.0, 1.0, 1.0, 0.0, 1.0]","stage2/train_loss":0.636821806193618,"stage2/final_mask_keep_ratio_block2":0.5625,"stage1/use_pretrain_model":false,"stage1_test_acc":91.17746861214795,"stage":3,"stage1_test_f1":0.912668262878972,"stage2/lr_gumbel":0.001,"stage2/test_acc":77.16321683067527,"stage2/mask_l1":0.477286159992218,"block3_Pruned_%":61.71875,"_runtime":53,"epoch":60,"stage2/purpose":"train channel-pruning model with masking","stage2/raw_hard_mask_block3":"[1.0, 0.0, 0.0, 0.0, 0.0, 0.0, 0.0, 0.0, 0.0, 1.0, 1.0, 1.0, 1.0, 1.0, 1.0, 0.0, 0.0, 1.0, 0.0, 0.0, 1.0, 0.0, 0.0, 1.0, 0.0, 0.0, 0.0, 0.0, 1.0, 1.0, 0.0, 0.0, 1.0, 1.0, 1.0, 0.0, 1.0, 0.0, 1.0, 0.0, 1.0, 0.0, 0.0, 0.0, 0.0, 0.0, 1.0, 1.0, 0.0, 1.0, 1.0, 1.0, 0.0, 0.0, 1.0, 0.0, 0.0, 1.0, 0.0, 0.0, 0.0, 1.0, 0.0, 0.0, 1.0, 0.0, 0.0, 1.0, 0.0, 1.0, 0.0, 1.0, 0.0, 0.0, 0.0, 0.0, 0.0, 1.0, 1.0, 0.0, 1.0, 0.0, 0.0, 0.0, 0.0, 0.0, 0.0, 1.0, 1.0, 1.0, 1.0, 0.0, 1.0, 0.0, 1.0, 0.0, 1.0, 0.0, 1.0, 0.0, 0.0, 0.0, 0.0, 1.0, 0.0, 0.0, 0.0, 0.0, 0.0, 0.0, 0.0, 0.0, 1.0, 0.0, 0.0, 0.0, 1.0, 0.0, 0.0, 0.0, 1.0, 0.0, 0.0, 1.0, 1.0, 1.0, 1.0, 0.0]","stage2/train_acc":71.70267197271177,"_wandb":{"runtime":53},"_timestamp":1.7758595398072681e+09,"stage2/stage_number":2,"stage2/test_loss":0.5520703358329835,"train_acc":90.96077316657191,"val_loss":0.19459424951832882,"stage2_test_acc":77.16321683067527,"stage2/epoch":60,"stage2/best_epoch":59,"stage2/Total_Pruned_%":52.5,"stage_1_separableconvcnn/confusion_matrix_table":{"_latest_artifact_path":"wandb-client-artifact://1p54ultbwav3irej95mxj6q5rnbgqt1vqhife809u4mv9qxqlujky3ucc3cfdg236xt3kix3zxs1n10c8eqa2ahd0guflhx0y06f8oe60xwbkh2jiqwary7lg8yqd7cg:latest/stage_1_separableconvcnn/confusion_matrix_table.table.json","_type":"table-file","log_mode":"IMMUTABLE","nrows":36,"path":"media/table/stage_1_separableconvcnn/confusion_matrix_table_1_84f9356409fc54f6f28b.table.json","ncols":3,"size":1368,"sha256":"84f9356409fc54f6f28b7424a2c79a3cf9248f923c36ab37f05a50a02449fca0","artifact_path":"wandb-client-artifact://jih9nzmzs13zdqctnqhuu05nijplh8xs2h58hgbxfmv4exhd82lyzp6f88c0bjrrbk9q0xaanopi4a639xis4hunw7q4kpzxvpb3vckd5l327cz64x6s4nxswwmudxqa/stage_1_separableconvcnn/confusion_matrix_table.table.json"},"model_param_reduction_pct":67.77150916784203,"stage2/block3_Pruned_%":61.71875,"stage_3_prunedseparableconvcnn/confusion_matrix_table":{"_latest_artifact_path":"wandb-client-artifact://znrtyu2culygkp0bbzfjzteiduwlcl2rehjc3m6woxlkz3j5jrxc40uamkmr2w7ht2aygnkin0cgxg62kkq8ojiw5cscgrtu1v0domx8vm3fdwdv51b8ad4zath25yvn:latest/stage_3_prunedseparableconvcnn/confusion_matrix_table.table.json","artifact_path":"wandb-client-artifact://zy7nj3c1i0mn40israhelg4uypgo8bxgio52f3w1mdb7uk0ayhxa1f6jab5a2buqtasea8gs34swdmzvnsaojhkf6lwka3ru8un02kh7ta1bbds6fxl8te7uqtoh0jhy/stage_3_prunedseparableconvcnn/confusion_matrix_table.table.json","size":1368,"sha256":"48d243bbca7bdfb6d220a133d6c5f8dfa38b227b5c4dee13882d8b7539e87738","log_mode":"IMMUTABLE","_type":"table-file","nrows":36,"path":"media/table/stage_3_prunedseparableconvcnn/confusion_matrix_table_27_48d243bbca7bdfb6d220.table.json","ncols":3},"val_acc":91.13924050632912,"stage2/final_mask_keep_ratio_block3":0.3828125,"Total_Pruned_%":52.5,"train_loss":0.2114808440564233,"stage2/val_acc":77.21518987341773,"stage1_test_loss":0.24706797573488623,"stage1/test_acc":91.17746861214795,"stage1/test_f1":0.912668262878972,"stage2_test_loss":0.5520703358329835,"stage1/test_loss":0.24706797573488623,"stage2/lr_backbone":0.0001,"stage2/val_loss":0.46262867462267226,"block4_Pruned_%":47.65625,"stage2/test_f1":0.7452513103201536,"stage3_test_f1":0.908191448164072,"model_param_count":11882,"_step":29,"model_param_count_dense":36868,"stage3_test_acc":90.77027485578554,"block2_Pruned_%":43.75,"best_val_loss":0.16413680818285556,"stage2/block4_Pruned_%":47.65625,"stage3_test_loss":0.29780676655304544,"stage2/best_val_loss":0.46101903581190146,"stage2/raw_hard_mask_block4":"[0.0, 1.0, 0.0, 0.0, 1.0, 1.0, 0.0, 1.0, 0.0, 1.0, 0.0, 0.0, 0.0, 1.0, 1.0, 1.0, 0.0, 1.0, 0.0, 1.0, 0.0, 1.0, 1.0, 1.0, 0.0, 1.0, 0.0, 1.0, 1.0, 1.0, 0.0, 0.0, 0.0, 0.0, 1.0, 0.0, 0.0, 1.0, 1.0, 0.0, 0.0, 1.0, 1.0, 1.0, 1.0, 0.0, 0.0, 1.0, 0.0, 0.0, 0.0, 1.0, 0.0, 1.0, 1.0, 1.0, 1.0, 1.0, 1.0, 0.0, 1.0, 1.0, 1.0, 1.0, 0.0, 1.0, 1.0, 1.0, 1.0, 0.0, 1.0, 0.0, 1.0, 1.0, 0.0, 0.0, 1.0, 1.0, 1.0, 0.0, 0.0, 0.0, 0.0, 1.0, 0.0, 1.0, 0.0, 1.0, 0.0, 1.0, 0.0, 1.0, 0.0, 0.0, 0.0, 0.0, 1.0, 1.0, 0.0, 0.0, 1.0, 1.0, 1.0, 0.0, 0.0, 0.0, 0.0, 1.0, 0.0, 0.0, 0.0, 1.0, 0.0, 1.0, 1.0, 0.0, 0.0, 0.0, 1.0, 1.0, 0.0, 1.0, 0.0, 1.0, 1.0, 1.0, 0.0, 1.0]","final_summary_log_path":"/home/qphan/master-thesis/models/uci_best_model_three_stage_channel_subject11_val_final_summary_val_11.txt","stage2/final_mask_keep_ratio_block4":0.5234375,"stage2/block2_Pruned_%":43.75,"model_param_count_pruned":11882}