{"stage3_test_loss":0.43131687309189876,"stage1_test_f1":0.9190924499938599,"train_loss":0.14672291260119594,"stage1/use_pretrain_model":false,"stage3_test_f1":0.8838306882915784,"val_acc":90.77809798270893,"lr_gumbel_bin":0.001,"stage2_test_acc":87.75025449609772,"_runtime":16,"stage1_test_acc":91.72039362063116,"stage1/test_acc":91.72039362063116,"val_loss":0.2668921609406176,"stage1/test_loss":0.25057173036076164,"_step":10,"stage1_test_loss":0.25057173036076164,"_timestamp":1.776418527768962e+09,"epoch":25,"stage2_hard_bin_mask_str":"[0.0, 0.0, 1.0, 0.0, 0.0, 1.0, 1.0, 0.0, 0.0, 1.0, 0.0, 1.0, 0.0, 1.0, 1.0, 0.0, 1.0, 1.0, 1.0, 1.0, 1.0, 0.0, 0.0, 0.0, 1.0, 0.0, 1.0, 1.0, 1.0, 0.0, 0.0, 0.0, 0.0, 1.0, 1.0, 1.0, 0.0, 1.0, 1.0, 1.0, 0.0, 1.0, 1.0, 1.0, 0.0, 0.0, 0.0, 1.0, 0.0, 1.0, 1.0, 1.0, 0.0, 1.0, 0.0, 0.0, 0.0, 1.0, 0.0, 1.0, 1.0, 0.0, 0.0, 0.0, 0.0, 0.0, 0.0, 0.0, 0.0, 0.0, 0.0, 0.0, 0.0, 0.0, 0.0, 0.0, 0.0, 0.0, 0.0, 0.0, 0.0, 0.0, 0.0, 0.0, 0.0, 0.0, 0.0, 0.0, 0.0, 0.0, 0.0, 0.0, 0.0, 0.0, 0.0, 0.0, 0.0, 0.0, 0.0, 0.0, 0.0, 0.0, 0.0, 0.0, 0.0, 0.0, 0.0, 0.0, 0.0, 0.0, 0.0, 0.0, 0.0, 0.0, 0.0, 0.0, 0.0, 0.0, 0.0, 0.0, 0.0, 0.0, 0.0, 0.0, 0.0, 0.0, 0.0, 0.0]","best_val_loss":0.23077448404245468,"train_acc":93.37615988579586,"lr":0.001,"stage_1_separableconvcnn/confusion_matrix_table":{"ncols":3,"nrows":36,"size":1366,"_latest_artifact_path":"wandb-client-artifact://fho0eo0ate246022c8s1of9lvdt7injp8f6h1aryg0k5q4cwh4qtiwfaaxbor4f2590j59jhhfczbuh9v5f9v7ls3hccdxhjyezcplfa1q6vuxp7nom9tioyf3vmdapt:latest/stage_1_separableconvcnn/confusion_matrix_table.table.json","artifact_path":"wandb-client-artifact://3cebsylt0dyxq9cx1d15utlpwdkhg7dsir9qmfyrd1y34aghufw6f7bobuq22voea3djev3a5wzehy3fo90twoyirnoczd37rzelcalfxqlnepl4eu2cn2sgxrfnub5z/stage_1_separableconvcnn/confusion_matrix_table.table.json","sha256":"ba1709b9ded253dca6f14b8d1a777336f0cb86899167c45d58f90d5e787020ac","log_mode":"IMMUTABLE","_type":"table-file","path":"media/table/stage_1_separableconvcnn/confusion_matrix_table_1_ba1709b9ded253dca6f1.table.json"},"mask_l1":0.0078125,"stage2_test_f1":0.8780099835797893,"stage":3,"stage1/test_f1":0.9190924499938599,"bin_keep_ratio":0.2578125,"stage3_test_acc":88.29317950458093,"stage2_test_loss":0.39588209776088346,"_wandb":{"runtime":16},"stage_3_separableconvcnn/confusion_matrix_table":{"log_mode":"IMMUTABLE","_latest_artifact_path":"wandb-client-artifact://r6fyuytz8d08s8qrus49athmiyscz37e0p12aagnl7klmml5eidtkrdlf31ur5worcy3wwk3q1ikpgsv0gtwgn9fumswi4dkcmhd1palxds2e6f4vv1opdfi190tcc9v:latest/stage_3_separableconvcnn/confusion_matrix_table.table.json","nrows":36,"path":"media/table/stage_3_separableconvcnn/confusion_matrix_table_9_e9b107a661c6dc40a951.table.json","sha256":"e9b107a661c6dc40a95163853ad47019c391e88629c786e7b08ebbfc791502ff","size":1369,"ncols":3,"artifact_path":"wandb-client-artifact://33pmv3bmo286tacw2sjtjhfdx6ei68wmfv9pmp3ryrsx0mb9eufif9lm2rhexnakxz8nsjuc681ae69o9pwc66j5uusut2bd5m7fyjn52xkxa2t2pgqpp3su7nid2ent/stage_3_separableconvcnn/confusion_matrix_table.table.json","_type":"table-file"},"lr_backbone":0.0001}