{"stage1_test_f1":0.9123036317907011,"train_loss":0.06257920498929677,"_timestamp":1.775775175811166e+09,"val_acc":88.48039215686275,"lr_gumbel_bin":0.001,"stage2_hard_bin_mask_str":"[0.0, 1.0, 1.0, 1.0, 1.0, 1.0, 1.0, 1.0, 1.0, 1.0, 1.0, 1.0, 1.0, 1.0, 1.0, 1.0, 1.0, 1.0, 1.0, 1.0, 1.0, 1.0, 1.0, 1.0, 1.0, 1.0, 1.0, 1.0, 1.0, 1.0, 1.0, 1.0, 1.0, 1.0, 1.0, 1.0, 1.0, 1.0, 1.0, 1.0, 1.0, 1.0, 1.0, 1.0, 1.0, 1.0, 1.0, 1.0, 1.0, 1.0, 1.0, 1.0, 1.0, 1.0, 1.0, 1.0, 1.0, 1.0, 1.0, 1.0, 1.0, 0.0, 0.0, 1.0, 0.0, 0.0, 0.0, 0.0, 0.0, 0.0, 0.0, 1.0, 0.0, 0.0, 0.0, 0.0, 0.0, 0.0, 0.0, 0.0, 0.0, 0.0, 0.0, 0.0, 0.0, 0.0, 0.0, 1.0, 0.0, 0.0, 0.0, 0.0, 0.0, 1.0, 0.0, 0.0, 0.0, 1.0, 0.0, 0.0, 0.0, 0.0, 0.0, 0.0, 0.0, 0.0, 0.0, 0.0, 0.0, 0.0, 0.0, 0.0, 0.0, 1.0, 0.0, 0.0, 0.0, 0.0, 0.0, 0.0, 0.0, 0.0, 0.0, 0.0, 0.0, 0.0, 0.0, 0.0]","stage1/use_pretrain_model":false,"val_loss":0.34364824371692415,"stage3_test_loss":0.3544845380431958,"stage3_test_acc":89.85408890397014,"stage1/test_acc":91.10960298608755,"lr_backbone":0.0001,"stage1/test_loss":0.35197165370551137,"train_acc":97.40783410138249,"_step":10,"stage2_test_loss":0.4715213853529904,"mask_l1":0.4921875,"epoch":25,"_runtime":17,"lr":0.001,"stage3_test_f1":0.9004540195132643,"best_val_loss":0.20979856674139405,"stage2_test_acc":89.68442483881914,"_wandb":{"runtime":17},"stage":3,"stage1_test_acc":91.10960298608755,"stage1/test_f1":0.9123036317907011,"stage2_test_f1":0.8978344760614198,"stage_1_separableconvcnn/confusion_matrix_table":{"ncols":3,"_latest_artifact_path":"wandb-client-artifact://8740zkuyudmuwxg90w9jnv6ls2clpzkh295yvwvjtjmbewl7rohfdcn9cyor7m51efb9rlzwz3kivn2xz136uces3yj1o8xulqsshuv7kbj8lz3dnodyvuj1gpnestce:latest/stage_1_separableconvcnn/confusion_matrix_table.table.json","sha256":"5db9aeea21e301cae3a70bf2c7a92c882dce4de27ecd58ae47811fcc7bdec439","log_mode":"IMMUTABLE","nrows":36,"size":1366,"path":"media/table/stage_1_separableconvcnn/confusion_matrix_table_1_5db9aeea21e301cae3a7.table.json","artifact_path":"wandb-client-artifact://38e31n8zgbcnyea8k0lobmlvgajhqa95pywvc62fhxmiqonomcau037rb17vfc316xnb3px01k14yyl2s8nv52xbyh8x7pd5du85qlo6042ihu1xkj3r3ae0sf5pla5s/stage_1_separableconvcnn/confusion_matrix_table.table.json","_type":"table-file"},"stage1_test_loss":0.35197165370551137,"bin_keep_ratio":0.515625,"stage_3_separableconvcnn/confusion_matrix_table":{"ncols":3,"size":1365,"_type":"table-file","sha256":"8816ceecf69172e2e949f08f545622aa7e773df42697867de19ab182bbcfd1ae","artifact_path":"wandb-client-artifact://ca9fcosz18larx9nb49tr4421zvjc782074rm6ang489oysylf4m5fv3mh8slmydh4j84pq49pcmiq8graqebmevi6z0e7lntchnu693nxjv3h6icygkqv1xg7b6256e/stage_3_separableconvcnn/confusion_matrix_table.table.json","nrows":36,"log_mode":"IMMUTABLE","_latest_artifact_path":"wandb-client-artifact://cn8nrxief6gmevbgzyh16u4d64tsxxci3rdhnc8019dw1xglwhfri2wc9ehy3oiy6cg5sm3x2esj4oi7c8b43f4wkg03ci7yxkf8fs5w2bi8m6i19vio9f1yao19sgx5:latest/stage_3_separableconvcnn/confusion_matrix_table.table.json","path":"media/table/stage_3_separableconvcnn/confusion_matrix_table_9_8816ceecf69172e2e949.table.json"}}