{"best_val_loss":0.20923338248935897,"stage2/val_acc":64.24418604651163,"stage2_test_loss":0.6598377006662827,"_step":17,"stage_3_prunedseparableconvcnn/confusion_matrix_table":{"_type":"table-file","ncols":3,"nrows":36,"sha256":"d6debfaa4d0016b3d5784036e9752d8681b0871b50fe97849d091658f55ae68b","path":"media/table/stage_3_prunedseparableconvcnn/confusion_matrix_table_15_d6debfaa4d0016b3d578.table.json","size":1367,"log_mode":"IMMUTABLE","_latest_artifact_path":"wandb-client-artifact://tdz0rmdwmd3vxo33pcvclw716iycd445e0210rl627qnycotng2hllr2y77ak1cwpm882q2eoj1hrmscf39lv7f04i2mhid3kho8pwfsu1hpuimw2tkt33v1iyu45hkh:latest/stage_3_prunedseparableconvcnn/confusion_matrix_table.table.json","artifact_path":"wandb-client-artifact://duj6l3svqvecd9aggzwiofzhasm86fckg00xycjrns53mylhhjrjbhhe9n3vx3gpykwu8aigaav82fl9y18frylij91yz1nx8kuaupd8b37waem1zk63m8jm1ufloe41/stage_3_prunedseparableconvcnn/confusion_matrix_table.table.json"},"stage3_test_f1":0.9065716508270872,"stage2/block3_Pruned_%":56.25,"stage3_test_loss":0.27192233429484075,"stage2/lr_backbone":0.0001,"stage2/test_f1":0.5722655052121935,"stage2/block2_Pruned_%":40.625,"stage1/test_f1":0.9114597953604786,"epoch":45,"stage2/raw_hard_mask_block2":"[0.0, 1.0, 0.0, 0.0, 0.0, 0.0, 1.0, 1.0, 0.0, 1.0, 0.0, 1.0, 1.0, 1.0, 1.0, 1.0, 1.0, 0.0, 0.0, 0.0, 1.0, 0.0, 0.0, 1.0, 1.0, 0.0, 1.0, 1.0, 0.0, 0.0, 0.0, 0.0, 1.0, 1.0, 1.0, 0.0, 1.0, 1.0, 0.0, 0.0, 1.0, 0.0, 1.0, 0.0, 1.0, 1.0, 1.0, 1.0, 1.0, 1.0, 1.0, 1.0, 0.0, 1.0, 1.0, 1.0, 1.0, 1.0, 1.0, 1.0, 0.0, 0.0, 0.0, 1.0]","stage1/test_loss":0.26241459981148063,"stage2/raw_hard_mask_block4":"[0.0, 0.0, 0.0, 0.0, 1.0, 0.0, 0.0, 1.0, 0.0, 0.0, 1.0, 0.0, 0.0, 0.0, 0.0, 0.0, 1.0, 1.0, 1.0, 0.0, 0.0, 0.0, 1.0, 0.0, 1.0, 0.0, 1.0, 1.0, 0.0, 1.0, 0.0, 1.0, 1.0, 0.0, 1.0, 1.0, 1.0, 0.0, 0.0, 0.0, 1.0, 0.0, 1.0, 0.0, 0.0, 0.0, 1.0, 1.0, 0.0, 0.0, 1.0, 0.0, 0.0, 1.0, 0.0, 1.0, 1.0, 0.0, 0.0, 0.0, 1.0, 1.0, 0.0, 0.0, 0.0, 0.0, 0.0, 1.0, 0.0, 1.0, 1.0, 0.0, 1.0, 0.0, 1.0, 0.0, 0.0, 0.0, 1.0, 0.0, 1.0, 0.0, 0.0, 1.0, 0.0, 0.0, 1.0, 1.0, 1.0, 0.0, 1.0, 1.0, 0.0, 1.0, 0.0, 1.0, 1.0, 0.0, 1.0, 0.0, 0.0, 1.0, 1.0, 0.0, 1.0, 1.0, 1.0, 0.0, 0.0, 0.0, 0.0, 0.0, 0.0, 0.0, 0.0, 1.0, 1.0, 0.0, 0.0, 0.0, 0.0, 0.0, 1.0, 0.0, 0.0, 0.0, 1.0, 0.0]","stage1/test_acc":91.00780454699695,"stage2/epoch":15,"val_acc":90.98837209302326,"block3_Pruned_%":56.25,"stage2/train_acc":59.30365296803653,"stage2/best_epoch":7,"stage2/final_mask_keep_ratio_block4":0.40625,"lr_loaded_weights":0.0001,"stage1_test_f1":0.9114597953604786,"stage2_test_acc":62.639972853749576,"model_param_count_dense":36868,"model_param_reduction_pct":70.18010198546165,"stage2/test_loss":0.6598377006662827,"stage2/final_mask_keep_ratio_block3":0.4375,"val_loss":0.23577505800342405,"stage2/final_mask_keep_ratio_block2":0.59375,"_timestamp":1.7758557735078647e+09,"block2_Pruned_%":40.625,"stage2/stage_number":2,"model_param_count":10994,"stage2/mask_l1":0.4894235134124756,"model_param_count_pruned":10994,"stage2/raw_hard_mask_block3":"[1.0, 0.0, 1.0, 0.0, 0.0, 0.0, 1.0, 1.0, 1.0, 0.0, 1.0, 0.0, 1.0, 1.0, 1.0, 0.0, 0.0, 1.0, 0.0, 1.0, 0.0, 1.0, 1.0, 0.0, 1.0, 0.0, 1.0, 1.0, 1.0, 0.0, 1.0, 0.0, 1.0, 1.0, 0.0, 1.0, 0.0, 0.0, 0.0, 1.0, 0.0, 0.0, 1.0, 1.0, 1.0, 0.0, 0.0, 0.0, 0.0, 0.0, 0.0, 0.0, 1.0, 0.0, 0.0, 0.0, 0.0, 1.0, 0.0, 1.0, 0.0, 1.0, 0.0, 0.0, 1.0, 0.0, 1.0, 0.0, 1.0, 0.0, 1.0, 0.0, 1.0, 0.0, 1.0, 0.0, 0.0, 0.0, 0.0, 1.0, 1.0, 0.0, 0.0, 0.0, 0.0, 1.0, 1.0, 1.0, 1.0, 1.0, 1.0, 0.0, 0.0, 1.0, 0.0, 0.0, 0.0, 1.0, 0.0, 1.0, 0.0, 0.0, 0.0, 1.0, 1.0, 1.0, 0.0, 0.0, 0.0, 0.0, 0.0, 0.0, 0.0, 0.0, 1.0, 1.0, 0.0, 0.0, 0.0, 1.0, 0.0, 1.0, 0.0, 1.0, 1.0, 1.0, 0.0, 0.0]","stage1_test_loss":0.26241459981148063,"Total_Pruned_%":54.37499999999999,"stage2/test_acc":62.639972853749576,"train_loss":0.19902985301464116,"stage2/Total_Pruned_%":54.37499999999999,"stage2/best_val_loss":0.5979593498740605,"stage_1_separableconvcnn/confusion_matrix_table":{"size":1367,"log_mode":"IMMUTABLE","ncols":3,"_type":"table-file","nrows":36,"sha256":"c00c763d302031feb9866229d0b7c28247ab821837d7399a92ca32ebb691d192","path":"media/table/stage_1_separableconvcnn/confusion_matrix_table_1_c00c763d302031feb986.table.json","_latest_artifact_path":"wandb-client-artifact://fogliypdp4tx75qc2w4vjabml1h00mrv08sddy4udq05n325au598qyleeomhj1k9mwxh12kbkubu82dezkzd6ezj3glcss6jq6fma3z0j05gnavt5nksqbshj6tipqj:latest/stage_1_separableconvcnn/confusion_matrix_table.table.json","artifact_path":"wandb-client-artifact://2yj9dctj2ou115pqd6mj5w7dca1r2df1y1zzffb46w44a3l50wd9yz6z7s2s2e3yrkn624dy7je30snj0lpme37xrey3bsgvrwjw5d36osyypauh88azfen7zyh1kitm/stage_1_separableconvcnn/confusion_matrix_table.table.json"},"stage2/block4_Pruned_%":59.375,"stage":3,"_runtime":28,"stage2/val_loss":0.6062657753627295,"stage2/lr_gumbel":0.001,"stage1_test_acc":91.00780454699695,"stage3_test_acc":90.56667797760434,"stage2_test_f1":0.5722655052121935,"block4_Pruned_%":59.375,"stage2/train_loss":1.0639111173751692,"final_summary_log_path":"/home/qphan/master-thesis/models/uci_best_model_three_stage_channel_subject29_val_final_summary_val_29.txt","_wandb":{"runtime":28},"stage1/use_pretrain_model":false,"stage2/purpose":"train channel-pruning model with masking","train_acc":91.69520547945206}