{"stage1/use_pretrain_model":false,"stage2/final_mask_keep_ratio_block4":0.671875,"stage3_test_acc":78.35136527563112,"stage2/test_f1":0.6754871400778719,"block4_Pruned_%":32.8125,"stage2/train_acc":62.33432753273945,"train_loss":0.6301446856369155,"stage2/best_epoch":35,"block3_Pruned_%":55.46875,"stage2_test_f1":0.6754871400778719,"stage2_test_loss":0.653304131747651,"stage1_test_f1":0.6696339499403778,"stage":3,"stage2/lr_backbone":0.0001,"stage2/purpose":"train channel-pruning model with masking","stage2/raw_hard_mask_block4":"[1.0, 0.0, 0.0, 1.0, 0.0, 0.0, 1.0, 0.0, 0.0, 1.0, 1.0, 1.0, 1.0, 1.0, 0.0, 1.0, 0.0, 0.0, 0.0, 1.0, 1.0, 1.0, 1.0, 1.0, 1.0, 1.0, 1.0, 1.0, 1.0, 1.0, 1.0, 0.0, 1.0, 0.0, 1.0, 0.0, 1.0, 0.0, 1.0, 1.0, 1.0, 0.0, 1.0, 1.0, 1.0, 0.0, 1.0, 1.0, 0.0, 1.0, 1.0, 1.0, 1.0, 1.0, 1.0, 0.0, 1.0, 1.0, 0.0, 1.0, 1.0, 0.0, 1.0, 0.0, 1.0, 1.0, 1.0, 1.0, 1.0, 1.0, 0.0, 1.0, 1.0, 0.0, 1.0, 1.0, 1.0, 0.0, 1.0, 1.0, 1.0, 1.0, 1.0, 0.0, 0.0, 1.0, 1.0, 1.0, 1.0, 1.0, 0.0, 0.0, 1.0, 0.0, 0.0, 1.0, 1.0, 1.0, 1.0, 1.0, 0.0, 0.0, 1.0, 1.0, 0.0, 1.0, 1.0, 1.0, 1.0, 0.0, 0.0, 0.0, 1.0, 1.0, 1.0, 1.0, 1.0, 1.0, 0.0, 0.0, 1.0, 1.0, 0.0, 0.0, 0.0, 1.0, 0.0, 1.0]","stage2/Total_Pruned_%":43.43749999999999,"lr_loaded_weights":0.0001,"stage2/val_loss":0.99956840529599,"best_val_loss":0.9606218460064282,"stage2/stage_number":2,"model_param_count_pruned":15401,"stage1_test_acc":76.6306027820711,"stage2/lr_gumbel":0.001,"_runtime":231,"stage2/epoch":45,"stage3_test_f1":0.6800751848170217,"final_summary_log_path":"/home/qphan/master-thesis/models/wear_best_model_three_stage_channel_subject7_val_final_summary_val_7.txt","val_acc":58.41514726507714,"stage2/train_loss":0.8365444015641421,"stage3_test_loss":0.6340417077358944,"stage2/block3_Pruned_%":55.46875,"stage2_test_acc":78.4853168469861,"Total_Pruned_%":43.43749999999999,"stage1/test_loss":0.6456237282475389,"train_acc":68.02101645367097,"stage2/final_mask_keep_ratio_block3":0.4453125,"stage2/val_acc":56.73211781206171,"stage2/raw_hard_mask_block2":"[1.0, 0.0, 1.0, 1.0, 1.0, 0.0, 1.0, 0.0, 1.0, 1.0, 0.0, 1.0, 0.0, 1.0, 1.0, 1.0, 1.0, 1.0, 1.0, 1.0, 1.0, 0.0, 1.0, 0.0, 0.0, 1.0, 0.0, 1.0, 0.0, 1.0, 0.0, 1.0, 0.0, 1.0, 1.0, 0.0, 0.0, 1.0, 1.0, 0.0, 1.0, 1.0, 0.0, 1.0, 0.0, 0.0, 0.0, 0.0, 0.0, 1.0, 0.0, 1.0, 0.0, 1.0, 1.0, 1.0, 1.0, 0.0, 0.0, 1.0, 1.0, 0.0, 1.0, 1.0]","stage_3_prunedseparableconvcnn/confusion_matrix_table":{"ncols":3,"log_mode":"IMMUTABLE","_type":"table-file","artifact_path":"wandb-client-artifact://5fr4lb34yhtpte3s1yo1r7hu4zlpjmi38rbynibyi9wxsrkzdda6fm57ipqfl7z3pumz3c42ajpimeshxcyxbfhvzrlhc4fqry9vuurr6q75vxct1d9scjvwrdfihd5u/stage_3_prunedseparableconvcnn/confusion_matrix_table.table.json","path":"media/table/stage_3_prunedseparableconvcnn/confusion_matrix_table_16_ea56c9d07705be0243f7.table.json","sha256":"ea56c9d07705be0243f74ca811d28f5d5a0b4f734657274c976daa2dae2962b1","_latest_artifact_path":"wandb-client-artifact://iddbt6bqhshwb6iaygq9ksxhxo78jn5p6ipy4lfkr1neolgg60dj20m77pijoptsr1rte5lo4tyc1pg3jcmw1okzllnp3uhw4gjo99oo9k2lyotjczv59c0wra6p3hpl:latest/stage_3_prunedseparableconvcnn/confusion_matrix_table.table.json","nrows":64,"size":2017},"stage2/final_mask_keep_ratio_block2":0.59375,"stage2/test_loss":0.653304131747651,"model_param_reduction_pct":58.37342559057246,"stage2/best_val_loss":0.9174961547405155,"epoch":20,"stage_1_separableconvcnn/confusion_matrix_table":{"log_mode":"IMMUTABLE","path":"media/table/stage_1_separableconvcnn/confusion_matrix_table_1_7bf8cf152e66f93a5c05.table.json","_latest_artifact_path":"wandb-client-artifact://4d5cdzp0ij9dl8jdqyyt8paih7slhinqjs3z65q7laj8r4wytyay91hruwuptkbyj8j2qwy5y0en5ne3dsi5azlg0pi3loh8e5mz3roso2emo7nkpqmygabz15b5n4fx:latest/stage_1_separableconvcnn/confusion_matrix_table.table.json","sha256":"7bf8cf152e66f93a5c05591acef519df63f992e56f48a36caba1f7db6a365b5c","artifact_path":"wandb-client-artifact://0rfbx8vgnutl5rx8ld1mlyygjprxfqx2gy13l1ecu39a5pqp83wkwhcu3ywzalbrko7r0czmgrdhhwmc46a55xkr6juixmjfkc02iunll22dmjo9vus07l33rnkn3dv7/stage_1_separableconvcnn/confusion_matrix_table.table.json","size":2014,"_type":"table-file","nrows":64,"ncols":3},"_step":18,"model_param_count":15401,"_wandb":{"runtime":231},"stage1/test_acc":76.6306027820711,"block2_Pruned_%":40.625,"val_loss":1.0420093171894131,"stage2/raw_hard_mask_block3":"[0.0, 1.0, 1.0, 1.0, 1.0, 0.0, 0.0, 0.0, 0.0, 0.0, 0.0, 1.0, 1.0, 0.0, 0.0, 0.0, 1.0, 0.0, 0.0, 0.0, 0.0, 0.0, 0.0, 0.0, 0.0, 1.0, 0.0, 0.0, 1.0, 0.0, 0.0, 0.0, 1.0, 1.0, 1.0, 0.0, 0.0, 0.0, 1.0, 0.0, 0.0, 1.0, 1.0, 1.0, 1.0, 1.0, 0.0, 1.0, 0.0, 0.0, 1.0, 1.0, 0.0, 1.0, 1.0, 0.0, 1.0, 0.0, 1.0, 0.0, 1.0, 0.0, 0.0, 1.0, 0.0, 1.0, 1.0, 0.0, 0.0, 1.0, 1.0, 1.0, 1.0, 0.0, 0.0, 1.0, 0.0, 1.0, 1.0, 1.0, 0.0, 1.0, 1.0, 0.0, 1.0, 1.0, 0.0, 1.0, 1.0, 1.0, 0.0, 0.0, 1.0, 0.0, 1.0, 0.0, 0.0, 0.0, 1.0, 1.0, 0.0, 0.0, 1.0, 0.0, 0.0, 1.0, 0.0, 0.0, 1.0, 1.0, 0.0, 0.0, 1.0, 0.0, 0.0, 0.0, 1.0, 0.0, 0.0, 0.0, 0.0, 0.0, 0.0, 0.0, 0.0, 1.0, 1.0, 1.0]","stage1_test_loss":0.6456237282475389,"model_param_count_dense":36998,"stage2/block4_Pruned_%":32.8125,"_timestamp":1.7763805429225383e+09,"stage2/mask_l1":0.47482967376708984,"stage2/test_acc":78.4853168469861,"stage1/test_f1":0.6696339499403778,"stage2/block2_Pruned_%":40.625}