{"stage1/test_acc":89.61655921275874,"best_val_loss":0.2128806496756958,"stage2_test_acc":88.36104513064133,"_timestamp":1.7764315896419938e+09,"lr_backbone":0.0001,"stage3_test_loss":0.31424676430330595,"val_acc":79.43037974683544,"stage2_test_f1":0.8846351114784893,"stage1_test_acc":89.61655921275874,"stage1/test_loss":0.30762790839500526,"stage3_test_f1":0.9001644515766585,"train_acc":91.31608868675384,"train_loss":0.19726399717309245,"stage_1_separableconvcnn/confusion_matrix_table":{"_latest_artifact_path":"wandb-client-artifact://2jnv65caeqk24gc04ryz3a13afpub1rqzu1ww1bft0m675n3ds1d8id253yepf1gpr0x0gkofkh239mo382eq3y5gdtojxfxrg8i8wommaoax6f8fiaeqpyogxa8wk65:latest/stage_1_separableconvcnn/confusion_matrix_table.table.json","artifact_path":"wandb-client-artifact://6c85w5syyt04j6rimkc99j4otfvn10dldj49ug784qtocd6lias8ly5sdc1t36auksqjf31pyy6qnpgfwyfh0azx45luddsx5v2vls3kupokumgia92u0qu5w0zmcrdc/stage_1_separableconvcnn/confusion_matrix_table.table.json","sha256":"6e0f583a980f4a62f8a486c70ad35b762f0b913d7d32e7115e69715abc10ca24","ncols":3,"size":1367,"nrows":36,"_type":"table-file","log_mode":"IMMUTABLE","path":"media/table/stage_1_separableconvcnn/confusion_matrix_table_1_6e0f583a980f4a62f8a4.table.json"},"stage2_hard_bin_mask_str":"[0.0, 0.0, 0.0, 0.0, 0.0, 0.0, 0.0, 1.0, 1.0, 1.0, 0.0, 1.0, 1.0, 1.0, 0.0, 1.0, 1.0, 1.0, 0.0, 1.0, 1.0, 1.0, 1.0, 0.0, 1.0, 0.0, 1.0, 1.0, 1.0, 0.0, 1.0, 1.0, 1.0, 0.0, 1.0, 1.0, 1.0, 1.0, 1.0, 1.0, 1.0, 0.0, 1.0, 1.0, 1.0, 1.0, 1.0, 1.0, 1.0, 0.0, 1.0, 1.0, 1.0, 1.0, 1.0, 1.0, 1.0, 0.0, 1.0, 0.0, 1.0, 0.0, 0.0, 0.0, 0.0, 0.0, 0.0, 0.0, 0.0, 0.0, 0.0, 0.0, 0.0, 0.0, 0.0, 0.0, 0.0, 0.0, 0.0, 0.0, 0.0, 0.0, 0.0, 0.0, 0.0, 0.0, 0.0, 0.0, 0.0, 0.0, 0.0, 0.0, 0.0, 0.0, 0.0, 0.0, 0.0, 0.0, 0.0, 0.0, 0.0, 0.0, 0.0, 0.0, 0.0, 0.0, 0.0, 0.0, 0.0, 0.0, 0.0, 0.0, 0.0, 0.0, 0.0, 0.0, 0.0, 0.0, 0.0, 0.0, 0.0, 0.0, 0.0, 0.0, 0.0, 0.0, 0.0, 0.0]","_wandb":{"runtime":12},"stage1_test_f1":0.8961242757189599,"lr_gumbel_bin":0.001,"stage1/use_pretrain_model":false,"mask_l1":0.1796875149011612,"epoch":10,"lr":0.001,"stage1/test_f1":0.8961242757189599,"stage3_test_acc":89.75229046487954,"stage2_test_loss":0.38863063771511014,"stage1_test_loss":0.30762790839500526,"_step":7,"bin_keep_ratio":0.3359375,"stage_3_separableconvcnn/confusion_matrix_table":{"sha256":"d1e534b53ac20423c0f56035924a97040fc3c2f25ca275fb0737cdbf96f28ff4","log_mode":"IMMUTABLE","nrows":36,"_latest_artifact_path":"wandb-client-artifact://t249ptbnttfvgfw74drgrbrkuw6mie6yvsoxyrnynqrxstcpop0ktovhqmporv4qjfbqozktj60kco810jhze6wa8qkmwqtesgubgun18zkw5jw9plcgvv50ikmcfsmm:latest/stage_3_separableconvcnn/confusion_matrix_table.table.json","_type":"table-file","artifact_path":"wandb-client-artifact://jscm78tw29thb3rhd87dlqlhekv7lnm22dm00g7943scw0kim45gcbs4xt70opr5l89w8tebmkzo1gk5zbwj6jm88h1jho7sfyzn2oj5w2j5cbm91b9jw8tkx0ta3ray/stage_3_separableconvcnn/confusion_matrix_table.table.json","path":"media/table/stage_3_separableconvcnn/confusion_matrix_table_6_d1e534b53ac20423c0f5.table.json","size":1366,"ncols":3},"_runtime":12,"stage":3,"val_loss":0.5418350262053663}