{"lr":0.001,"_runtime":38,"stage1/test_acc":92.12758737699355,"lr_backbone":0.0001,"stage_3_separableconvcnn/confusion_matrix_table":{"ncols":3,"log_mode":"IMMUTABLE","nrows":36,"artifact_path":"wandb-client-artifact://jrtfdzb0x2sq9rprju8bm8n9uu13ro3o23gppqivgm1e5lk8asmbrpv6qsq7ggqu16kacsge610zzj4r57tqpqw3sixnsgm18ln37tk39x06uebi7j5ueupdiw2g6d9a/stage_3_separableconvcnn/confusion_matrix_table.table.json","_type":"table-file","sha256":"1c2241672800d4838ea1e595de1ff1aa1d3acf0336eef6909d0796ab069bacc2","path":"media/table/stage_3_separableconvcnn/confusion_matrix_table_21_1c2241672800d4838ea1.table.json","size":1366,"_latest_artifact_path":"wandb-client-artifact://qb1t61t3ln2lzrho22s14beezw26ogvu003exatppmor3vhe90eh37uccounh3tf9632r35x5fky3naz2ux6lna9fjidqcq1xjo8mxyjejmmf2nlmazjd7cvqacc1kzh:latest/stage_3_separableconvcnn/confusion_matrix_table.table.json"},"train_loss":0.12642697983541634,"best_val_loss":0.27739625884209823,"stage2_test_f1":0.8916964498356706,"stage1_test_f1":0.9219876995353277,"stage2_hard_bin_mask_str":"[1.0, 1.0, 1.0, 1.0, 1.0, 1.0, 1.0, 1.0, 1.0, 1.0, 1.0, 1.0, 1.0, 0.0, 1.0, 1.0, 1.0, 0.0, 1.0, 1.0, 0.0, 0.0, 1.0, 0.0, 0.0, 0.0, 0.0, 0.0, 0.0, 0.0, 0.0, 0.0, 0.0, 0.0, 0.0, 0.0, 0.0, 0.0, 0.0, 0.0, 0.0, 0.0, 0.0, 0.0, 0.0, 0.0, 0.0, 0.0, 0.0, 0.0, 0.0, 0.0, 0.0, 0.0, 0.0, 0.0, 0.0, 0.0, 0.0, 0.0, 0.0, 0.0, 0.0, 0.0, 0.0, 0.0, 0.0, 0.0, 0.0, 0.0, 0.0, 0.0, 0.0, 0.0, 0.0, 0.0, 0.0, 0.0, 0.0, 0.0, 0.0, 0.0, 0.0, 0.0, 0.0, 0.0, 0.0, 0.0, 0.0, 0.0, 0.0, 0.0, 0.0, 0.0, 0.0, 0.0, 0.0, 0.0, 0.0, 0.0, 0.0, 0.0, 0.0, 0.0, 0.0, 0.0, 0.0, 0.0, 0.0, 0.0, 0.0, 0.0, 0.0, 0.0, 0.0, 0.0, 0.0, 0.0, 0.0, 0.0, 0.0, 0.0, 0.0, 0.0, 0.0, 0.0, 0.0, 0.0]","val_loss":0.34644657319482886,"_wandb":{"runtime":38},"bin_keep_ratio":0.1484375,"epoch":60,"stage1_test_loss":0.22278288569213314,"_timestamp":1.775782240353531e+09,"val_acc":88.52459016393442,"lr_gumbel_bin":0.001,"stage2_test_acc":89.14149983033593,"stage1_test_acc":92.12758737699355,"stage1/test_loss":0.22278288569213314,"_step":22,"stage_1_separableconvcnn/confusion_matrix_table":{"log_mode":"IMMUTABLE","size":1367,"_latest_artifact_path":"wandb-client-artifact://1ttx6aqrte3q6rz6h7dm4nkmkkdc8c3663c9udm8vuf01vs6dozplirjc1maczr7ntsyt8bmz4st0gbggrtrwirhayzdc4gd0kttuupdifjg4bh6k8dlvub3emxmkz2f:latest/stage_1_separableconvcnn/confusion_matrix_table.table.json","path":"media/table/stage_1_separableconvcnn/confusion_matrix_table_1_bda03fcb1a2de4eb6110.table.json","nrows":36,"_type":"table-file","sha256":"bda03fcb1a2de4eb6110c5203aad8cb9724a0289aa8ccc10119632ddce082632","ncols":3,"artifact_path":"wandb-client-artifact://9ufcnjq1jf9jvovagv6kqm7699aut9ll8vqg7ajcnjom7s3l4m3ajmniqitv63f5v1bnxbbhgpinc0ww5hiwgoj047asccwugujyo1q3n0jkhidqgq1y6xt4rovtex32/stage_1_separableconvcnn/confusion_matrix_table.table.json"},"stage2_test_loss":0.2931694564162107,"stage1/test_f1":0.9219876995353277,"stage3_test_f1":0.8938623221111007,"stage1/use_pretrain_model":false,"stage":3,"mask_l1":0.125,"train_acc":94.47466361294016,"stage3_test_acc":89.24329826942653,"stage3_test_loss":0.353717567818108}