{"model_param_count_pruned":7971,"stage1/test_acc":91.75432643366135,"lr_loaded_weights":0.0001,"stage1/use_pretrain_model":false,"stage1/test_f1":0.9193935492291428,"stage2/raw_hard_mask_block2":"[1.0, 1.0, 1.0, 1.0, 0.0, 0.0, 0.0, 1.0, 1.0, 0.0, 0.0, 0.0, 0.0, 0.0, 1.0, 0.0, 1.0, 0.0, 0.0, 0.0, 0.0, 0.0, 0.0, 0.0, 1.0, 0.0, 0.0, 1.0, 0.0, 0.0, 1.0, 1.0, 0.0, 0.0, 1.0, 0.0, 0.0, 1.0, 0.0, 1.0, 0.0, 0.0, 1.0, 0.0, 0.0, 1.0, 0.0, 1.0, 1.0, 1.0, 1.0, 0.0, 0.0, 0.0, 0.0, 1.0, 1.0, 0.0, 0.0, 0.0, 1.0, 0.0, 1.0, 0.0]","stage3_test_acc":88.12351543942992,"stage":3,"stage2_test_acc":62.300644723447576,"stage2/test_loss":0.6339452215042162,"stage2/mask_l1":0.4372711181640625,"stage1/test_loss":0.26111875705798304,"stage2/raw_hard_mask_block4":"[0.0, 1.0, 0.0, 0.0, 0.0, 0.0, 0.0, 0.0, 0.0, 0.0, 0.0, 1.0, 0.0, 1.0, 0.0, 0.0, 1.0, 0.0, 1.0, 1.0, 0.0, 1.0, 0.0, 0.0, 0.0, 0.0, 0.0, 0.0, 0.0, 0.0, 1.0, 0.0, 1.0, 0.0, 0.0, 0.0, 1.0, 0.0, 0.0, 0.0, 1.0, 0.0, 1.0, 1.0, 0.0, 0.0, 0.0, 0.0, 0.0, 1.0, 0.0, 0.0, 1.0, 0.0, 1.0, 0.0, 0.0, 1.0, 1.0, 1.0, 0.0, 1.0, 0.0, 0.0, 0.0, 1.0, 0.0, 0.0, 1.0, 0.0, 1.0, 0.0, 0.0, 1.0, 0.0, 0.0, 0.0, 0.0, 1.0, 1.0, 0.0, 1.0, 0.0, 0.0, 1.0, 1.0, 0.0, 0.0, 0.0, 0.0, 0.0, 1.0, 1.0, 1.0, 0.0, 0.0, 0.0, 1.0, 0.0, 1.0, 0.0, 1.0, 1.0, 1.0, 1.0, 1.0, 0.0, 0.0, 0.0, 0.0, 0.0, 0.0, 0.0, 0.0, 1.0, 0.0, 0.0, 1.0, 1.0, 1.0, 1.0, 1.0, 1.0, 1.0, 0.0, 0.0, 0.0, 1.0]","_runtime":30,"_timestamp":1.7758728866327195e+09,"stage2/val_acc":64.56953642384106,"val_loss":0.48993563701380166,"final_summary_log_path":"/home/qphan/master-thesis/models/uci_best_model_three_stage_channel_subject5_val_final_summary_val_5.txt","val_acc":77.48344370860927,"stage2/Total_Pruned_%":65,"stage2/raw_hard_mask_block3":"[0.0, 1.0, 1.0, 1.0, 0.0, 0.0, 1.0, 0.0, 0.0, 0.0, 0.0, 0.0, 0.0, 0.0, 0.0, 1.0, 1.0, 0.0, 0.0, 1.0, 0.0, 0.0, 0.0, 0.0, 1.0, 1.0, 1.0, 0.0, 1.0, 0.0, 1.0, 0.0, 0.0, 0.0, 0.0, 0.0, 0.0, 0.0, 0.0, 0.0, 1.0, 0.0, 0.0, 0.0, 0.0, 0.0, 0.0, 0.0, 1.0, 1.0, 0.0, 0.0, 0.0, 0.0, 1.0, 1.0, 1.0, 0.0, 0.0, 0.0, 0.0, 0.0, 0.0, 0.0, 0.0, 1.0, 1.0, 0.0, 0.0, 0.0, 0.0, 0.0, 0.0, 1.0, 0.0, 0.0, 0.0, 0.0, 1.0, 0.0, 1.0, 0.0, 0.0, 0.0, 0.0, 1.0, 0.0, 0.0, 0.0, 1.0, 1.0, 0.0, 0.0, 0.0, 0.0, 0.0, 0.0, 1.0, 0.0, 0.0, 1.0, 1.0, 0.0, 0.0, 0.0, 0.0, 0.0, 1.0, 1.0, 1.0, 0.0, 0.0, 0.0, 0.0, 1.0, 0.0, 0.0, 1.0, 1.0, 1.0, 0.0, 1.0, 0.0, 0.0, 0.0, 1.0, 0.0, 1.0]","best_val_loss":0.453374212348698,"stage3_test_loss":0.31348907433819656,"epoch":30,"stage2/final_mask_keep_ratio_block2":0.390625,"stage1_test_loss":0.26111875705798304,"block3_Pruned_%":69.53125,"stage2/stage_number":2,"stage2/train_loss":0.9312059663373528,"_wandb":{"runtime":30},"stage2/epoch":30,"stage2/lr_backbone":0.0001,"stage2/block3_Pruned_%":69.53125,"Total_Pruned_%":65,"block4_Pruned_%":62.5,"stage2/block2_Pruned_%":60.9375,"stage_3_prunedseparableconvcnn/confusion_matrix_table":{"size":1367,"path":"media/table/stage_3_prunedseparableconvcnn/confusion_matrix_table_15_d3ebd57677328ad91d4d.table.json","ncols":3,"artifact_path":"wandb-client-artifact://gkpsanh7yd7wo5y660743neiwdoncvj783vnrcy6j3ruyee7r07a3u50a384stbl2zku50j8zyis19yjfunwlks7rbom1facfawfsxjxudc22o67wkcmz0x9xmj81ukq/stage_3_prunedseparableconvcnn/confusion_matrix_table.table.json","sha256":"d3ebd57677328ad91d4dfd3d05a0b2f35a7cb914704f4ebc46787bc169780390","_type":"table-file","_latest_artifact_path":"wandb-client-artifact://2qifxagqwuww3ctae8xoj278o2ee53yh24iwveptdgtuern135z2civt5ahxxsqg2096hqu03o1l8v41wrtz7vz8oyc6u8znccvqce5wm3v018q480vxzd8p59ed6h0x:latest/stage_3_prunedseparableconvcnn/confusion_matrix_table.table.json","nrows":36,"log_mode":"IMMUTABLE"},"model_param_reduction_pct":78.379624606705,"block2_Pruned_%":60.9375,"stage2/final_mask_keep_ratio_block4":0.375,"train_loss":0.2719179595235392,"model_param_count_dense":36868,"stage2/test_f1":0.5588071118954715,"stage2_test_loss":0.6339452215042162,"stage2/val_loss":0.6238116756797034,"_step":17,"train_acc":87.75886524822695,"stage1_test_acc":91.75432643366135,"stage2/lr_gumbel":0.001,"stage2/best_epoch":20,"stage2/train_acc":61.347517730496456,"stage1_test_f1":0.9193935492291428,"stage_1_separableconvcnn/confusion_matrix_table":{"sha256":"7339811d8764bb2828a3fbe9cf3beb37209fefb5c65d94bc1df225d2b288d01a","size":1366,"log_mode":"IMMUTABLE","ncols":3,"artifact_path":"wandb-client-artifact://z7ryf3km0kwnpnpa0efiyy3nzxdcdcejevx8a2y9t5fp68qsz8h0wqnglnkm7tb8knhmv5e84obv2qkxua1281z9murn833jyh5nn1kpzv2zzy9xiiflpmtdhgrpyess/stage_1_separableconvcnn/confusion_matrix_table.table.json","_type":"table-file","nrows":36,"_latest_artifact_path":"wandb-client-artifact://k9x2adpvrktai1c51s7lh4y3punkaw9mcb922gvt64nashq35wfnlzjjvg2qxd0sd7sbzxks6z9ym6xr27coqz3m5ilk69klcovgupmou3c4xqfoozka4xiw4p0d35rt:latest/stage_1_separableconvcnn/confusion_matrix_table.table.json","path":"media/table/stage_1_separableconvcnn/confusion_matrix_table_1_7339811d8764bb2828a3.table.json"},"stage2/final_mask_keep_ratio_block3":0.3046875,"stage2_test_f1":0.5588071118954715,"model_param_count":7971,"stage2/best_val_loss":0.5738148090201399,"stage2/test_acc":62.300644723447576,"stage2/purpose":"train channel-pruning model with masking","stage3_test_f1":0.8840469637516186,"stage2/block4_Pruned_%":62.5}