{"_timestamp":1.7764168773334796e+09,"stage":3,"stage1/test_acc":91.72039362063116,"stage1_test_loss":0.25057173036076164,"bin_keep_ratio":0.2421875,"mask_l1":0.0078125,"stage1/test_f1":0.9190924499938599,"stage_1_separableconvcnn/confusion_matrix_table":{"ncols":3,"_type":"table-file","log_mode":"IMMUTABLE","nrows":36,"path":"media/table/stage_1_separableconvcnn/confusion_matrix_table_1_ba1709b9ded253dca6f1.table.json","size":1366,"sha256":"ba1709b9ded253dca6f14b8d1a777336f0cb86899167c45d58f90d5e787020ac","artifact_path":"wandb-client-artifact://nozx2f57m4fxgggj1lpcfodh3va3i6ry8wvwr7aq9l418jj0gtoyr96r9x0297cj78uhcblo0hje4qm18jtcdzxpfridcndjgwlub18o1nsb91kuvrgkuc2pquvn0i01/stage_1_separableconvcnn/confusion_matrix_table.table.json","_latest_artifact_path":"wandb-client-artifact://vh7iy978pm0ye36y0pau6an65268331mfkb5hv6qb3ffskh1y26w3oej583n7or9ipmafxydkudojt3xhj8emgptehpkgk4ficwcssosp1cwlsf32cp1nbjn2snegewz:latest/stage_1_separableconvcnn/confusion_matrix_table.table.json"},"epoch":20,"stage_3_separableconvcnn/confusion_matrix_table":{"ncols":3,"sha256":"3608c7f7401d1c79decbb0e070dc4ac8e23988f7221936006860c6690534ca3f","artifact_path":"wandb-client-artifact://no3a1wx9e7t2wg2gfhi1zt8emd66eutfethun905byf082eap0h7o3ziiikt295kbx2tz7hfpfjokafnd4814wrw90r14i8zroueb7lexrpzmzkaell8kwdalar7df11/stage_3_separableconvcnn/confusion_matrix_table.table.json","nrows":36,"_type":"table-file","log_mode":"IMMUTABLE","path":"media/table/stage_3_separableconvcnn/confusion_matrix_table_8_3608c7f7401d1c79decb.table.json","_latest_artifact_path":"wandb-client-artifact://npwtioink7j94rgkrcrx1qvn08hkd8hmg2v0d3z5pf0utgtn9zbleeidmk2j6m543vad17iwlmbcmzojtzafmkdw5wuthfqpjhqr43yc5kfuqbzfsm1g2iio3qlg569n:latest/stage_3_separableconvcnn/confusion_matrix_table.table.json","size":1370},"stage1_test_acc":91.72039362063116,"val_loss":0.6002268242791983,"stage2_test_loss":0.453669456050249,"stage2_test_acc":85.23922633186291,"_wandb":{"runtime":15},"stage3_test_f1":0.829386346446114,"val_acc":76.36887608069165,"best_val_loss":0.2866461587699415,"stage3_test_acc":83.0675262979301,"train_loss":0.18500033219655354,"_step":9,"stage1_test_f1":0.9190924499938599,"train_acc":92.005710206995,"stage1/use_pretrain_model":false,"lr":0.001,"lr_gumbel_bin":0.001,"lr_backbone":0.0001,"stage1/test_loss":0.25057173036076164,"stage3_test_loss":0.5248006408083873,"_runtime":15,"stage2_hard_bin_mask_str":"[0.0, 1.0, 1.0, 1.0, 1.0, 0.0, 0.0, 0.0, 1.0, 0.0, 0.0, 0.0, 0.0, 0.0, 1.0, 0.0, 1.0, 1.0, 0.0, 1.0, 0.0, 1.0, 1.0, 0.0, 1.0, 1.0, 0.0, 1.0, 1.0, 1.0, 0.0, 0.0, 0.0, 0.0, 1.0, 0.0, 0.0, 0.0, 0.0, 0.0, 0.0, 1.0, 0.0, 1.0, 1.0, 1.0, 1.0, 1.0, 1.0, 1.0, 0.0, 0.0, 0.0, 0.0, 1.0, 1.0, 1.0, 0.0, 1.0, 1.0, 0.0, 1.0, 0.0, 0.0, 0.0, 0.0, 0.0, 0.0, 0.0, 0.0, 0.0, 0.0, 0.0, 0.0, 0.0, 0.0, 0.0, 0.0, 0.0, 0.0, 0.0, 0.0, 0.0, 0.0, 0.0, 0.0, 0.0, 0.0, 0.0, 0.0, 0.0, 0.0, 0.0, 0.0, 0.0, 0.0, 0.0, 0.0, 0.0, 0.0, 0.0, 0.0, 0.0, 0.0, 0.0, 0.0, 0.0, 0.0, 0.0, 0.0, 0.0, 0.0, 0.0, 0.0, 0.0, 0.0, 0.0, 0.0, 0.0, 0.0, 0.0, 0.0, 0.0, 0.0, 0.0, 0.0, 0.0, 0.0]","stage2_test_f1":0.8517114632587973}