{"stage1_test_acc":93.31523583305056,"_runtime":25,"stage1/test_loss":0.323623392208538,"stage2/block2_Pruned_%":59.375,"model_param_count":8012,"stage1/use_pretrain_model":false,"stage1/test_f1":0.9328057435477168,"stage2/stage_number":2,"stage":3,"stage2/epoch":20,"stage2/final_mask_keep_ratio_block2":0.40625,"stage2/raw_hard_mask_block3":"[0.0, 1.0, 0.0, 1.0, 0.0, 1.0, 0.0, 0.0, 0.0, 0.0, 0.0, 0.0, 1.0, 1.0, 0.0, 0.0, 1.0, 1.0, 0.0, 1.0, 0.0, 1.0, 1.0, 0.0, 0.0, 0.0, 1.0, 1.0, 1.0, 0.0, 0.0, 1.0, 0.0, 0.0, 1.0, 1.0, 1.0, 0.0, 0.0, 0.0, 0.0, 1.0, 0.0, 1.0, 0.0, 1.0, 0.0, 0.0, 1.0, 0.0, 0.0, 0.0, 0.0, 0.0, 0.0, 0.0, 1.0, 1.0, 0.0, 0.0, 0.0, 0.0, 0.0, 1.0, 1.0, 0.0, 0.0, 0.0, 0.0, 1.0, 1.0, 0.0, 1.0, 0.0, 0.0, 0.0, 1.0, 0.0, 0.0, 1.0, 0.0, 1.0, 1.0, 0.0, 1.0, 1.0, 0.0, 0.0, 1.0, 1.0, 1.0, 0.0, 0.0, 0.0, 0.0, 0.0, 1.0, 1.0, 0.0, 0.0, 1.0, 1.0, 1.0, 0.0, 0.0, 0.0, 1.0, 1.0, 0.0, 1.0, 0.0, 1.0, 0.0, 1.0, 1.0, 0.0, 0.0, 0.0, 0.0, 0.0, 1.0, 1.0, 0.0, 0.0, 0.0, 1.0, 1.0, 0.0]","stage2/best_epoch":10,"_timestamp":1.7767958591977346e+09,"stage2/test_f1":0.8510948188100144,"stage2_test_loss":0.4347310052874293,"block3_Pruned_%":59.375,"model_param_reduction_pct":78.26841705544103,"stage2/test_acc":85.17136070580251,"stage2/lr_backbone":0.0001,"stage3_test_f1":0.9289523912547463,"model_param_count_pruned":8012,"stage1_test_loss":0.323623392208538,"stage2/final_mask_keep_ratio_block3":0.40625,"stage3_test_loss":0.2385777111008147,"best_val_loss":0.10151532818575937,"stage2/val_acc":88.8586956521739,"stage2/mask_l1":0.4661296308040619,"stage2/train_loss":1.3269982830901872,"stage1/test_acc":93.31523583305056,"_wandb":{"runtime":25},"stage2/block3_Pruned_%":59.375,"lr_loaded_weights":0.0001,"stage2/final_mask_keep_ratio_block4":0.3046875,"final_summary_log_path":"/home/qphan/master-thesis/models/uci_best_model_three_stage_channel_subject17_val_final_summary_val_17.txt","epoch":30,"stage_1_separableconvcnn/confusion_matrix_table":{"size":1362,"sha256":"584d6812cec90805ffa3b964a659510c4e80ab4951b3b837721f8a5805c825f8","artifact_path":"wandb-client-artifact://jq7agb4mvvme79a85fwt66gu64pt4gxg5vboawj9lzof05dtcxpgq6t9f0gv2vkqs71i63itp9f9pqor0p4brzjw3e7c0zr925ue50jtowzl05rs84kvtp1cr2lau2pi/stage_1_separableconvcnn/confusion_matrix_table.table.json","_latest_artifact_path":"wandb-client-artifact://m5jt5mmno3yzr4wdddvpobfemebpbfspbhwhrv9y4c6nlzkpyq9yg8t4imo251unk1dllk9rdh98f6yag9kfzzy8o8csm800pvtwar9j4zm838jf7qcj3lavyr2gwm5d:latest/stage_1_separableconvcnn/confusion_matrix_table.table.json","ncols":3,"nrows":36,"path":"media/table/stage_1_separableconvcnn/confusion_matrix_table_1_584d6812cec90805ffa3.table.json","_type":"table-file","log_mode":"IMMUTABLE"},"train_loss":0.08012003449025433,"stage3_test_acc":92.77231082456736,"stage2/test_loss":0.4347310052874293,"_step":15,"stage2/raw_hard_mask_block2":"[1.0, 1.0, 0.0, 0.0, 0.0, 1.0, 0.0, 1.0, 1.0, 0.0, 0.0, 0.0, 0.0, 0.0, 1.0, 1.0, 0.0, 0.0, 0.0, 1.0, 1.0, 1.0, 0.0, 0.0, 0.0, 1.0, 0.0, 0.0, 0.0, 1.0, 1.0, 0.0, 1.0, 0.0, 0.0, 1.0, 1.0, 1.0, 1.0, 0.0, 0.0, 0.0, 1.0, 0.0, 0.0, 0.0, 0.0, 1.0, 0.0, 1.0, 0.0, 1.0, 0.0, 0.0, 1.0, 1.0, 0.0, 0.0, 1.0, 0.0, 1.0, 0.0, 0.0, 0.0]","stage2_test_f1":0.8510948188100144,"stage2/best_val_loss":0.3371051977510038,"model_param_count_dense":36868,"val_loss":0.11445712488120593,"stage2/raw_hard_mask_block4":"[0.0, 1.0, 0.0, 1.0, 1.0, 0.0, 1.0, 0.0, 1.0, 0.0, 1.0, 0.0, 1.0, 0.0, 0.0, 0.0, 0.0, 0.0, 0.0, 1.0, 0.0, 0.0, 0.0, 0.0, 1.0, 1.0, 0.0, 0.0, 0.0, 0.0, 1.0, 0.0, 0.0, 0.0, 1.0, 0.0, 0.0, 0.0, 0.0, 1.0, 0.0, 0.0, 1.0, 0.0, 1.0, 0.0, 0.0, 0.0, 0.0, 0.0, 0.0, 0.0, 0.0, 1.0, 0.0, 0.0, 0.0, 0.0, 0.0, 1.0, 0.0, 0.0, 0.0, 0.0, 1.0, 0.0, 0.0, 0.0, 1.0, 0.0, 0.0, 0.0, 0.0, 0.0, 0.0, 0.0, 0.0, 0.0, 0.0, 0.0, 1.0, 1.0, 0.0, 0.0, 1.0, 0.0, 0.0, 0.0, 0.0, 0.0, 1.0, 1.0, 1.0, 0.0, 1.0, 0.0, 0.0, 0.0, 1.0, 1.0, 1.0, 0.0, 0.0, 1.0, 0.0, 1.0, 1.0, 0.0, 1.0, 0.0, 1.0, 1.0, 1.0, 0.0, 0.0, 0.0, 0.0, 0.0, 0.0, 0.0, 0.0, 1.0, 0.0, 0.0, 1.0, 1.0, 0.0, 0.0]","train_acc":96.06242840778923,"stage1_test_f1":0.9328057435477168,"stage2/lr_gumbel":0.001,"Total_Pruned_%":63.4375,"stage2/Total_Pruned_%":63.4375,"stage2/purpose":"train channel-pruning model with masking","stage2/val_loss":0.3663455212245817,"block2_Pruned_%":59.375,"stage2_test_acc":85.17136070580251,"block4_Pruned_%":69.53125,"stage2/train_acc":86.06815578465063,"stage_3_prunedseparableconvcnn/confusion_matrix_table":{"artifact_path":"wandb-client-artifact://68qfkq51xix3ob7noakx4iidszgxyj65h7xhwr3g1plo80e2nmvwpikrozqd7k5ds7og92u6tujhrknh9g3e5w7orjul434wqgah0jwyfl4a533bsy8tzo7n6yymfvpw/stage_3_prunedseparableconvcnn/confusion_matrix_table.table.json","sha256":"66031cc190cf8bb9d92febc401e1d4e9f4aa5639ed6063150fc091bde34c61fe","ncols":3,"nrows":36,"_type":"table-file","_latest_artifact_path":"wandb-client-artifact://e5nc54fg3wlsh91vaut9efijcvxfudrgovm8hhqdno14ql8s27utwnh422pyktq5a7xc1ja61hw4xdy1kew6yr5bvxpsyav78nf2xnbjenyjnclc2c14t2mho8gpucag:latest/stage_3_prunedseparableconvcnn/confusion_matrix_table.table.json","log_mode":"IMMUTABLE","path":"media/table/stage_3_prunedseparableconvcnn/confusion_matrix_table_13_66031cc190cf8bb9d92f.table.json","size":1362},"stage2/block4_Pruned_%":69.53125,"val_acc":96.19565217391305}