{"stage_3_separableconvcnn/confusion_matrix_table":{"nrows":36,"sha256":"b9b2b74fd6fb11d8f438dfb627a2f706b869b48ccc85f9adf531b41fd2ee63a6","artifact_path":"wandb-client-artifact://eo20odtxv9acg5eobm5waxcc3hnip56w6xwtskwdzubxgzu04eb94wuz8xfix7kwd24gw4gk6vayt551q4daelxsghf1c4ud4i7hi07osze7ck4ba20udic4qld7384m/stage_3_separableconvcnn/confusion_matrix_table.table.json","_type":"table-file","ncols":3,"_latest_artifact_path":"wandb-client-artifact://e7g3alxqgezonzr1pzreuhugvn4pxj8e13y7xm9d5eie0293128mouru2rsvjde0idlp0nvntx6jo5kwr9rxv13dlku0x4onjg3dkczn33fyw5hd6mx84ro2ziysyctw:latest/stage_3_separableconvcnn/confusion_matrix_table.table.json","path":"media/table/stage_3_separableconvcnn/confusion_matrix_table_11_b9b2b74fd6fb11d8f438.table.json","log_mode":"IMMUTABLE","size":1368},"_runtime":20,"epoch":25,"best_val_loss":0.44615284968977387,"stage3_test_loss":0.2624948688697109,"stage1/test_loss":0.26363734013998574,"stage2_test_loss":0.3243706858453657,"stage2_test_f1":0.8790620190042514,"stage":3,"stage3_test_f1":0.9061675943050628,"bin_keep_ratio":0.203125,"stage2_test_acc":87.88598574821853,"stage1_test_f1":0.9049852446789776,"_step":12,"lr_gumbel_bin":0.001,"_timestamp":1.775779477620362e+09,"val_acc":77.44565217391305,"lr":0.001,"stage1_test_loss":0.26363734013998574,"stage1/test_acc":90.36308109942314,"stage_1_separableconvcnn/confusion_matrix_table":{"nrows":36,"log_mode":"IMMUTABLE","ncols":3,"_type":"table-file","_latest_artifact_path":"wandb-client-artifact://3uut7asmcu9a5f6oiua0m737inmiyyje9p2dsicqc87qbm6bkn5ax2qazutpvswn8dwhq97z476lbmyjw7r4lgygtnx4b23uaj8dneaib5rl8rwu3gc38xh371sjvfav:latest/stage_1_separableconvcnn/confusion_matrix_table.table.json","artifact_path":"wandb-client-artifact://83wtojbfa2u65hfzl73e3rufiggugo5pf0jzzqihzca3sua1r00xws24w9ib4dsx956om5xbntptv22wwe69r8ec8d107rk86i7ugz7o5l7j37vw8e8vz5krz971ysei/stage_1_separableconvcnn/confusion_matrix_table.table.json","path":"media/table/stage_1_separableconvcnn/confusion_matrix_table_1_1cfb327b238383c919e8.table.json","size":1366,"sha256":"1cfb327b238383c919e857ec20aed15d39f5946127c94287bb0dcf58922a49c4"},"stage1/use_pretrain_model":false,"_wandb":{"runtime":20},"stage3_test_acc":90.60061079063455,"stage2_hard_bin_mask_str":"[1.0, 1.0, 1.0, 1.0, 1.0, 1.0, 1.0, 1.0, 1.0, 1.0, 1.0, 1.0, 1.0, 1.0, 1.0, 1.0, 1.0, 1.0, 1.0, 1.0, 1.0, 0.0, 1.0, 1.0, 1.0, 0.0, 0.0, 0.0, 1.0, 0.0, 0.0, 0.0, 0.0, 0.0, 0.0, 0.0, 0.0, 0.0, 1.0, 0.0, 0.0, 0.0, 0.0, 0.0, 0.0, 0.0, 0.0, 0.0, 0.0, 0.0, 0.0, 0.0, 0.0, 0.0, 0.0, 0.0, 0.0, 0.0, 0.0, 0.0, 0.0, 0.0, 0.0, 0.0, 0.0, 0.0, 0.0, 0.0, 0.0, 0.0, 0.0, 0.0, 0.0, 0.0, 0.0, 0.0, 0.0, 0.0, 0.0, 0.0, 0.0, 0.0, 0.0, 0.0, 0.0, 0.0, 0.0, 0.0, 0.0, 0.0, 0.0, 0.0, 0.0, 0.0, 0.0, 0.0, 0.0, 0.0, 0.0, 0.0, 0.0, 0.0, 0.0, 0.0, 0.0, 0.0, 0.0, 0.0, 0.0, 0.0, 0.0, 0.0, 0.0, 0.0, 0.0, 0.0, 0.0, 0.0, 0.0, 0.0, 0.0, 0.0, 0.0, 0.0, 0.0, 0.0, 0.0, 0.0]","lr_backbone":0.0001,"stage1_test_acc":90.36308109942314,"mask_l1":0.1875,"val_loss":0.5976722447768502,"train_loss":0.1223442772273209,"train_acc":95.07445589919817,"stage1/test_f1":0.9049852446789776}