{"stage3_test_loss":0.38771589389309963,"train_loss":0.19394062514403998,"stage2_hard_bin_mask_str":"[1.0, 1.0, 1.0, 1.0, 1.0, 1.0, 1.0, 1.0, 0.0, 1.0, 1.0, 1.0, 0.0, 1.0, 1.0, 0.0, 0.0, 0.0, 0.0, 0.0, 0.0, 0.0, 0.0, 0.0, 0.0, 0.0, 0.0, 0.0, 0.0, 0.0, 0.0, 0.0, 0.0, 0.0, 0.0, 0.0, 0.0, 0.0, 0.0, 0.0, 0.0, 0.0, 0.0, 0.0, 0.0, 0.0, 0.0, 0.0, 0.0, 0.0, 0.0, 0.0, 0.0, 0.0, 0.0, 0.0, 0.0, 0.0, 0.0, 0.0, 0.0, 0.0, 0.0, 0.0, 0.0]","lr_gumbel_bin":0.001,"stage1_test_loss":0.2619451821396462,"_wandb":{"runtime":16},"stage1/test_f1":0.903082410668676,"lr":0.001,"stage1/test_loss":0.2619451821396462,"val_loss":0.5522183039609123,"train_acc":91.77707373271889,"stage2_test_loss":0.470444680350576,"stage3_test_acc":87.24126230064472,"stage1/test_acc":90.09161859518154,"stage1_test_f1":0.903082410668676,"epoch":25,"stage_3_separableconvcnn/confusion_matrix_table":{"artifact_path":"wandb-client-artifact://b50wjdgltc9gceba4olmepd6j087vdc3zo7h21sono18y27nfo4e7be1iu1hfgucdkabb5hptm8pdplxzn9dqeouw4ikeah751fth6t00ky5935yt6mr7c5jd96hwbtx/stage_3_separableconvcnn/confusion_matrix_table.table.json","_type":"table-file","nrows":36,"_latest_artifact_path":"wandb-client-artifact://rbmvas6ujvui1kqxztyx5xp8vwtg2yrrtjlb5u4btg9wp42s1ule9e1muzbk7pw8lkkivw5rz138y1p57tbja9kuohf4hiv4raz7mxwgbe9ynf3nue7x2xd6cn6jnc78:latest/stage_3_separableconvcnn/confusion_matrix_table.table.json","ncols":3,"path":"media/table/stage_3_separableconvcnn/confusion_matrix_table_9_0f2f8aefb0d0a579f8ae.table.json","size":1368,"log_mode":"IMMUTABLE","sha256":"0f2f8aefb0d0a579f8ae309c7001af125b5387fc2e01c6d6653d655c441f8af3"},"stage2_test_f1":0.8517210601513986,"lr_backbone":0.0001,"stage2_test_acc":85.13742789277231,"bin_keep_ratio":0.20000000298023224,"best_val_loss":0.3286568399737863,"mask_l1":0.13846154510974884,"stage1_test_acc":90.09161859518154,"stage1/use_pretrain_model":false,"stage":3,"stage_1_separableconvcnn/confusion_matrix_table":{"path":"media/table/stage_1_separableconvcnn/confusion_matrix_table_1_7564a7f0cb013ffdab37.table.json","ncols":3,"log_mode":"IMMUTABLE","_latest_artifact_path":"wandb-client-artifact://p2qy47a193iauqu4lrw7sanmdv2qjj6f2z6v32i9ja7lbit7y11a1o1o3l40de6ak3968jjs8kssptiohau8ulih5rq6xe09o433mtbwee5dzcyj2hv2wj02kgvu0yhd:latest/stage_1_separableconvcnn/confusion_matrix_table.table.json","_type":"table-file","nrows":36,"artifact_path":"wandb-client-artifact://tbt9xyxh0putzprpv8b08lpyc3vzkvelq3uinq9tai9f5uilvj5v7prlo3maykg5s2zecr6f73l36vga46xzt0yyvv9lelg7u2xtrymbntgc6ri9wp782i4k6zs0rnmt/stage_1_separableconvcnn/confusion_matrix_table.table.json","size":1368,"sha256":"7564a7f0cb013ffdab37b14a0d596fcd5b0e85878f66aeb5e1b86ab4c6ab1b99"},"val_acc":79.16666666666667,"_timestamp":1.7766062781062267e+09,"_step":10,"stage3_test_f1":0.8746249643780727,"_runtime":16}