{"lr_gumbel_bin":0.001,"stage1/test_loss":0.25057173036076164,"train_loss":0.16386815015862108,"stage2_test_f1":0.8573356054485232,"_timestamp":1.7764167049294071e+09,"stage_3_separableconvcnn/confusion_matrix_table":{"ncols":3,"artifact_path":"wandb-client-artifact://il4r2sgdp8drbhexq5qntgf1uu3iyp85aw6ghzvy7cdmyextyaiq1mybk8xixabmfkeyoiv37a0rd27vhxswce6blh14c3c0xdo7owzfwfw8j7hcm2q3k4e8gjgxkyo9/stage_3_separableconvcnn/confusion_matrix_table.table.json","sha256":"3fdb7aa08ffd05ed8962fc5e7aab541abe89013ee77537e96433b0e4adb21771","_type":"table-file","path":"media/table/stage_3_separableconvcnn/confusion_matrix_table_8_3fdb7aa08ffd05ed8962.table.json","_latest_artifact_path":"wandb-client-artifact://btyhs7h2cl2ytg91zj90i29qm8pah9rbr2ar2c98lt3y0gj5oig1a2va7iofpwavp54314l3dxd1hpojh9aklm7dysrpja915h6whoa6mdzn99wwp4gn83t6rf0lqpkq:latest/stage_3_separableconvcnn/confusion_matrix_table.table.json","size":1369,"log_mode":"IMMUTABLE","nrows":36},"epoch":20,"stage2_hard_bin_mask_str":"[0.0, 0.0, 0.0, 1.0, 1.0, 1.0, 1.0, 0.0, 0.0, 0.0, 0.0, 0.0, 1.0, 1.0, 1.0, 1.0, 0.0, 0.0, 1.0, 1.0, 1.0, 0.0, 1.0, 1.0, 1.0, 0.0, 0.0, 0.0, 1.0, 0.0, 0.0, 0.0, 0.0, 1.0, 1.0, 1.0, 1.0, 0.0, 1.0, 1.0, 0.0, 0.0, 0.0, 0.0, 1.0, 1.0, 0.0, 0.0, 0.0, 0.0, 1.0, 1.0, 1.0, 1.0, 1.0, 1.0, 1.0, 1.0, 0.0, 0.0, 1.0, 0.0, 0.0, 1.0, 0.0, 0.0, 0.0, 0.0, 0.0, 0.0, 0.0, 0.0, 0.0, 0.0, 0.0, 0.0, 0.0, 0.0, 0.0, 0.0, 0.0, 0.0, 0.0, 0.0, 0.0, 0.0, 0.0, 0.0, 0.0, 0.0, 0.0, 0.0, 0.0, 0.0, 0.0, 0.0, 0.0, 0.0, 0.0, 0.0, 0.0, 0.0, 0.0, 0.0, 0.0, 0.0, 0.0, 0.0, 0.0, 0.0, 0.0, 0.0, 0.0, 0.0, 0.0, 0.0, 0.0, 0.0, 0.0, 0.0, 0.0, 0.0, 0.0, 0.0, 0.0, 0.0, 0.0, 0.0]","stage1_test_acc":91.72039362063116,"stage3_test_f1":0.8831598504943489,"stage1/use_pretrain_model":false,"stage1/test_f1":0.9190924499938599,"_runtime":15,"stage3_test_acc":88.12351543942992,"stage1_test_loss":0.25057173036076164,"bin_keep_ratio":0.2578125,"stage2_test_loss":0.48363269341094806,"lr":0.001,"stage":3,"val_acc":79.82708933717579,"mask_l1":0.03125,"stage3_test_loss":0.3987752703623008,"_wandb":{"runtime":15},"stage1_test_f1":0.9190924499938599,"best_val_loss":0.2715694954570501,"stage2_test_acc":85.61248727519511,"_step":9,"lr_backbone":0.0001,"train_acc":92.89079229122056,"val_loss":0.632060961996444,"stage1/test_acc":91.72039362063116,"stage_1_separableconvcnn/confusion_matrix_table":{"_latest_artifact_path":"wandb-client-artifact://k8j55p8087zx1m0dtz3bn0n2bq892lcwo1cozv04vpdtchep3ys49gkil9dmwe1iyqzc551zrwze8zyfna8xoimko0yh7kqy1igyjecj01bp92tsrsmw85jq38wemid2:latest/stage_1_separableconvcnn/confusion_matrix_table.table.json","ncols":3,"sha256":"ba1709b9ded253dca6f14b8d1a777336f0cb86899167c45d58f90d5e787020ac","size":1366,"nrows":36,"artifact_path":"wandb-client-artifact://mrysud3xt90xksg2je74vvmhuh00cjg746zsqm26wj7l2vd6f1d9an3gjuyzp8y20b2u8jwq7n63ffyvqf0uoh5a3l11y62qnrrujqw5x272cuahhjw13ncs0r30lzz4/stage_1_separableconvcnn/confusion_matrix_table.table.json","log_mode":"IMMUTABLE","_type":"table-file","path":"media/table/stage_1_separableconvcnn/confusion_matrix_table_1_ba1709b9ded253dca6f1.table.json"}}