{"stage1_test_loss":0.4559599839993571,"stage2_test_loss":0.5036140647247525,"train_acc":95.59264013692768,"stage1/test_acc":89.85408890397014,"stage_1_separableconvcnn/confusion_matrix_table":{"artifact_path":"wandb-client-artifact://fnfqkafvyacizqaqjm6fdadpxffc7qg04f4cdbqi5svx7yqbwenv7d8wn5rzr0a0qss1zgvb6jsmdm8jcgkzzgmn3ljsfdzwnv1phmgccvrs11bayqgwvn5opdnz35wm/stage_1_separableconvcnn/confusion_matrix_table.table.json","size":1368,"_latest_artifact_path":"wandb-client-artifact://6utv65v63bczg2gix4tlk1m2e6s2vt2nr534o83mler2abg6bis5xjsxam2vzloydivcrianug0944se7uaq91g69j8lfjbeeldut4gcjiuhv6rd8kkbgmoikfmlnmmv:latest/stage_1_separableconvcnn/confusion_matrix_table.table.json","nrows":36,"sha256":"02c5a6fac2b98a2cce23216035c71184f8282e95afab8b7a4923ed0654b10cea","_type":"table-file","path":"media/table/stage_1_separableconvcnn/confusion_matrix_table_1_02c5a6fac2b98a2cce23.table.json","log_mode":"IMMUTABLE","ncols":3},"bin_keep_ratio":0.375,"stage1/test_f1":0.8992012196111356,"stage2_test_f1":0.8782407819917165,"val_acc":88.85630498533725,"stage1/use_pretrain_model":false,"stage2_test_acc":87.64845605700712,"train_loss":0.10754939939573273,"stage3_test_acc":90.43094672548354,"best_val_loss":0.24423026071746679,"stage3_test_f1":0.905193564995391,"val_loss":0.3153710783926273,"epoch":15,"mask_l1":0.1875,"stage":3,"_runtime":14,"stage_3_separableconvcnn/confusion_matrix_table":{"artifact_path":"wandb-client-artifact://3z19efiku7t7b3rye2gl9qims22ttmsudmytwfysps6uvd1yjbghl1ij5d8i4nvdr5nqn75pqc5s80v1xbudn2yf2pg2xo6p4ngigxxf2on6hcm9ttit18p51k4w94kj/stage_3_separableconvcnn/confusion_matrix_table.table.json","path":"media/table/stage_3_separableconvcnn/confusion_matrix_table_8_f5f84d46a1eb667f663d.table.json","size":1368,"sha256":"f5f84d46a1eb667f663df31f66e1d22f7af3858b0454b595135148a8a3cef5d3","nrows":36,"ncols":3,"_latest_artifact_path":"wandb-client-artifact://d5gxo4wp0h2nr1g31plnnpj9ubpdd0n513xbhf3hp82q0pizyxp8xbt7jthdr4np620xzyuj8nqaaaocqahnewakflnbk2hdimr0vmv56cpj4uzgg10bjaskng84mhad:latest/stage_3_separableconvcnn/confusion_matrix_table.table.json","log_mode":"IMMUTABLE","_type":"table-file"},"_timestamp":1.7764253519795098e+09,"_wandb":{"runtime":14},"stage1_test_f1":0.8992012196111356,"lr_backbone":0.0001,"stage1_test_acc":89.85408890397014,"lr":0.001,"_step":9,"lr_gumbel_bin":0.001,"stage1/test_loss":0.4559599839993571,"stage2_hard_bin_mask_str":"[0.0, 0.0, 1.0, 0.0, 0.0, 0.0, 1.0, 1.0, 1.0, 1.0, 1.0, 1.0, 1.0, 1.0, 0.0, 1.0, 1.0, 1.0, 0.0, 1.0, 1.0, 1.0, 1.0, 1.0, 1.0, 1.0, 0.0, 1.0, 1.0, 1.0, 1.0, 1.0, 0.0, 1.0, 0.0, 1.0, 1.0, 1.0, 1.0, 1.0, 1.0, 1.0, 1.0, 1.0, 1.0, 1.0, 0.0, 1.0, 1.0, 1.0, 1.0, 1.0, 1.0, 1.0, 1.0, 1.0, 1.0, 1.0, 0.0, 1.0, 0.0, 0.0, 0.0, 0.0, 0.0, 0.0, 0.0, 0.0, 0.0, 0.0, 0.0, 0.0, 0.0, 0.0, 0.0, 0.0, 0.0, 0.0, 0.0, 0.0, 0.0, 0.0, 0.0, 0.0, 0.0, 0.0, 0.0, 0.0, 0.0, 0.0, 0.0, 0.0, 0.0, 0.0, 0.0, 0.0, 0.0, 0.0, 0.0, 0.0, 0.0, 0.0, 0.0, 0.0, 0.0, 0.0, 0.0, 0.0, 0.0, 0.0, 0.0, 0.0, 0.0, 0.0, 0.0, 0.0, 0.0, 0.0, 0.0, 0.0, 0.0, 0.0, 0.0, 0.0, 0.0, 0.0, 0.0, 0.0]","stage3_test_loss":0.37836953121344746}