{"channels_block3":13,"_wandb":{"runtime":117},"_timestamp":1.7754405329633543e+09,"train_loss":0.7934491813134045,"stage":3,"channels_block2":6,"best_val_loss":0.8588085716783863,"stage3_test_f1":0.6202286363900583,"stage3_channel_metadata_json":"{\"block2\": {\"kept_indices\": [10, 20, 24, 32, 44, 46], \"pruned_indices\": [0, 1, 2, 3, 4, 5, 6, 7, 8, 9, 11, 12, 13, 14, 15, 16, 17, 18, 19, 21, 22, 23, 25, 26, 27, 28, 29, 30, 31, 33, 34, 35, 36, 37, 38, 39, 40, 41, 42, 43, 45, 47, 48, 49, 50, 51, 52, 53, 54, 55, 56, 57, 58, 59, 60, 61, 62, 63], \"kept_count\": 6, \"pruned_count\": 58, \"total_channels\": 64}, \"block3\": {\"kept_indices\": [1, 11, 15, 19, 31, 37, 40, 41, 63, 87, 116, 118, 121], \"pruned_indices\": [0, 2, 3, 4, 5, 6, 7, 8, 9, 10, 12, 13, 14, 16, 17, 18, 20, 21, 22, 23, 24, 25, 26, 27, 28, 29, 30, 32, 33, 34, 35, 36, 38, 39, 42, 43, 44, 45, 46, 47, 48, 49, 50, 51, 52, 53, 54, 55, 56, 57, 58, 59, 60, 61, 62, 64, 65, 66, 67, 68, 69, 70, 71, 72, 73, 74, 75, 76, 77, 78, 79, 80, 81, 82, 83, 84, 85, 86, 88, 89, 90, 91, 92, 93, 94, 95, 96, 97, 98, 99, 100, 101, 102, 103, 104, 105, 106, 107, 108, 109, 110, 111, 112, 113, 114, 115, 117, 119, 120, 122, 123, 124, 125, 126, 127], \"kept_count\": 13, \"pruned_count\": 115, \"total_channels\": 128}, \"block4\": {\"kept_indices\": [15, 23, 60, 69, 79, 81, 97, 104, 105, 106, 109, 111, 124], \"pruned_indices\": [0, 1, 2, 3, 4, 5, 6, 7, 8, 9, 10, 11, 12, 13, 14, 16, 17, 18, 19, 20, 21, 22, 24, 25, 26, 27, 28, 29, 30, 31, 32, 33, 34, 35, 36, 37, 38, 39, 40, 41, 42, 43, 44, 45, 46, 47, 48, 49, 50, 51, 52, 53, 54, 55, 56, 57, 58, 59, 61, 62, 63, 64, 65, 66, 67, 68, 70, 71, 72, 73, 74, 75, 76, 77, 78, 80, 82, 83, 84, 85, 86, 87, 88, 89, 90, 91, 92, 93, 94, 95, 96, 98, 99, 100, 101, 102, 103, 107, 108, 110, 112, 113, 114, 115, 116, 117, 118, 119, 120, 121, 122, 123, 125, 126, 127], \"kept_count\": 13, \"pruned_count\": 115, \"total_channels\": 128}}","_step":10,"stage3_final_mask_json":"{\"block2\": [0.0, 0.0, 0.0, 0.0, 0.0, 0.0, 0.0, 0.0, 0.0, 0.0, 1.0, 0.0, 0.0, 0.0, 0.0, 0.0, 0.0, 0.0, 0.0, 0.0, 1.0, 0.0, 0.0, 0.0, 1.0, 0.0, 0.0, 0.0, 0.0, 0.0, 0.0, 0.0, 1.0, 0.0, 0.0, 0.0, 0.0, 0.0, 0.0, 0.0, 0.0, 0.0, 0.0, 0.0, 1.0, 0.0, 1.0, 0.0, 0.0, 0.0, 0.0, 0.0, 0.0, 0.0, 0.0, 0.0, 0.0, 0.0, 0.0, 0.0, 0.0, 0.0, 0.0, 0.0], \"block3\": [0.0, 1.0, 0.0, 0.0, 0.0, 0.0, 0.0, 0.0, 0.0, 0.0, 0.0, 1.0, 0.0, 0.0, 0.0, 1.0, 0.0, 0.0, 0.0, 1.0, 0.0, 0.0, 0.0, 0.0, 0.0, 0.0, 0.0, 0.0, 0.0, 0.0, 0.0, 1.0, 0.0, 0.0, 0.0, 0.0, 0.0, 1.0, 0.0, 0.0, 1.0, 1.0, 0.0, 0.0, 0.0, 0.0, 0.0, 0.0, 0.0, 0.0, 0.0, 0.0, 0.0, 0.0, 0.0, 0.0, 0.0, 0.0, 0.0, 0.0, 0.0, 0.0, 0.0, 1.0, 0.0, 0.0, 0.0, 0.0, 0.0, 0.0, 0.0, 0.0, 0.0, 0.0, 0.0, 0.0, 0.0, 0.0, 0.0, 0.0, 0.0, 0.0, 0.0, 0.0, 0.0, 0.0, 0.0, 1.0, 0.0, 0.0, 0.0, 0.0, 0.0, 0.0, 0.0, 0.0, 0.0, 0.0, 0.0, 0.0, 0.0, 0.0, 0.0, 0.0, 0.0, 0.0, 0.0, 0.0, 0.0, 0.0, 0.0, 0.0, 0.0, 0.0, 0.0, 0.0, 1.0, 0.0, 1.0, 0.0, 0.0, 1.0, 0.0, 0.0, 0.0, 0.0, 0.0, 0.0], \"block4\": [0.0, 0.0, 0.0, 0.0, 0.0, 0.0, 0.0, 0.0, 0.0, 0.0, 0.0, 0.0, 0.0, 0.0, 0.0, 1.0, 0.0, 0.0, 0.0, 0.0, 0.0, 0.0, 0.0, 1.0, 0.0, 0.0, 0.0, 0.0, 0.0, 0.0, 0.0, 0.0, 0.0, 0.0, 0.0, 0.0, 0.0, 0.0, 0.0, 0.0, 0.0, 0.0, 0.0, 0.0, 0.0, 0.0, 0.0, 0.0, 0.0, 0.0, 0.0, 0.0, 0.0, 0.0, 0.0, 0.0, 0.0, 0.0, 0.0, 0.0, 1.0, 0.0, 0.0, 0.0, 0.0, 0.0, 0.0, 0.0, 0.0, 1.0, 0.0, 0.0, 0.0, 0.0, 0.0, 0.0, 0.0, 0.0, 0.0, 1.0, 0.0, 1.0, 0.0, 0.0, 0.0, 0.0, 0.0, 0.0, 0.0, 0.0, 0.0, 0.0, 0.0, 0.0, 0.0, 0.0, 0.0, 1.0, 0.0, 0.0, 0.0, 0.0, 0.0, 0.0, 1.0, 1.0, 1.0, 0.0, 0.0, 1.0, 0.0, 1.0, 0.0, 0.0, 0.0, 0.0, 0.0, 0.0, 0.0, 0.0, 0.0, 0.0, 0.0, 0.0, 1.0, 0.0, 0.0, 0.0]}","stage_3_prunedseparableconvcnn/confusion_matrix_table":{"_type":"table-file","sha256":"6933c073b38f00c0ff36578c621c320905e2a0391788c090d215af5e79528084","path":"media/table/stage_3_prunedseparableconvcnn/confusion_matrix_table_9_6933c073b38f00c0ff36.table.json","artifact_path":"wandb-client-artifact://4qxn3njxmw1hvpu3ctwbq9v3czi36ixcc7fjxus9vkmsh6b4s1rgvkonkg0hlmntnspzg3riponilio64iaz08snjy87r33qe6nmxflrp6rnzonzds72fth8lnsarjk7/stage_3_prunedseparableconvcnn/confusion_matrix_table.table.json","_latest_artifact_path":"wandb-client-artifact://w0w0purccfni0fdb3wrol7guw6icleuvxeb0ys1roypnentryeypqt8vos3cf3fbr74fq4xsn29wgl7abt98qt3k1jww0wmbxasmjrm94e4qyhnr7v6sdu440ncoahk3:latest/stage_3_prunedseparableconvcnn/confusion_matrix_table.table.json","ncols":3,"nrows":64,"log_mode":"IMMUTABLE","size":2012},"epoch":32,"val_acc":64.38799076212472,"train_acc":71.03129750165647,"params_before_pruning":36998,"channels_block4":13,"stage_1_separableconvcnn/confusion_matrix_table":{"size":2012,"sha256":"41e0e97869cda5d4f39f5eb29c50ede05b4b9fc64abbbda1ce57ff54181bc3bb","ncols":3,"log_mode":"IMMUTABLE","_latest_artifact_path":"wandb-client-artifact://29gafyyvzrmiwj00bv9ege42xpfbb5ziqlszw54tkzdzxxyltzl09uietlabszcv13almgbr53y9l9guyudl2a0pbvpv3uq8n784domqg3367r3eq6wl70j87kf03b2m:latest/stage_1_separableconvcnn/confusion_matrix_table.table.json","_type":"table-file","path":"media/table/stage_1_separableconvcnn/confusion_matrix_table_0_41e0e97869cda5d4f39f.table.json","nrows":64,"artifact_path":"wandb-client-artifact://m9kflgo4v8xelvvglaadk8nvlko2j3eypulnh81ccfgrm0zelpdsnd2jikbsmofeyeu8wrg8asue9zt2kzjdg2462158lznq4t16zpy4sli4l1bt7uflr266x4m9uihk/stage_1_separableconvcnn/confusion_matrix_table.table.json"},"params_after_pruning":2358,"stage1_test_f1":0.6910884547576478,"val_loss":0.9071008797330614,"stage3_test_acc":69.82998454404945,"_runtime":117,"stage1_test_acc":79.31993817619784,"lr":0.001}