{"lr":0.001,"_step":12,"stage_3_separableconvcnn/confusion_matrix_table":{"_latest_artifact_path":"wandb-client-artifact://9wgssje3hoif3sikchr7cgx9iojxos8fdpil0rtzb70oe3kr89qcxc8vrl5gd35xm18rmlq8xy1smi4unosgq2ndwiihuvqd1nupb5zu14bhcurkoaxplmydln5nlt0p:latest/stage_3_separableconvcnn/confusion_matrix_table.table.json","artifact_path":"wandb-client-artifact://gbxp81n27s9h9l81p1lrowk0yierq32qdfrao6mvwxd36jk704hb4hr3cx6amwn0bv9ttwcx07ubty700v59njmrjrpasat80p0r9gbg3uonuiidbim0uby4basudui8/stage_3_separableconvcnn/confusion_matrix_table.table.json","sha256":"5ebdf84a2eb2a72c08853b8822e500a7118e12b4ef1aee32c6aceb575e552bf8","_type":"table-file","path":"media/table/stage_3_separableconvcnn/confusion_matrix_table_11_5ebdf84a2eb2a72c0885.table.json","nrows":36,"size":1367,"ncols":3,"log_mode":"IMMUTABLE"},"stage2_test_f1":0.9082473707338045,"stage1/test_f1":0.8955848355193489,"_timestamp":1.7757780297281237e+09,"stage_1_separableconvcnn/confusion_matrix_table":{"log_mode":"IMMUTABLE","_latest_artifact_path":"wandb-client-artifact://oh2umua5cr8vf35zfq05oizuej5g9br9jy4jc7cirkgbidej2pe39fkedln1yhaxrnyuylea4q68l1e3uealb22lzs81yrjgum8gu9by3pvqdf64wfpwypywpiu79ixu:latest/stage_1_separableconvcnn/confusion_matrix_table.table.json","sha256":"b6794eea1be784f80fb161e79cfb5fafc447fd2d79d397f01e9a3acefb80fca6","nrows":36,"_type":"table-file","path":"media/table/stage_1_separableconvcnn/confusion_matrix_table_1_b6794eea1be784f80fb1.table.json","ncols":3,"size":1367,"artifact_path":"wandb-client-artifact://jslhr2j9urxvy3xvt48zrw63eibtax2gwlsmu1tvoc25b0ojgizowj9fftui71nzdihv248xtl0d6vv7nqjjrp8xy0de412yywlp2hb5dlvbgstsfiu32yrhw6c4bizp/stage_1_separableconvcnn/confusion_matrix_table.table.json"},"_wandb":{"runtime":19},"stage3_test_f1":0.905050967367809,"stage":3,"epoch":25,"stage1_test_f1":0.8955848355193489,"lr_backbone":0.0001,"val_loss":0.2361862468583289,"lr_gumbel_bin":0.001,"stage3_test_loss":0.2822238822528139,"stage1/use_pretrain_model":false,"stage2_test_loss":0.2526269215552568,"mask_l1":0.5078125,"stage1/test_loss":0.2953477400942689,"stage1_test_loss":0.2953477400942689,"stage2_test_acc":90.66847641669494,"bin_keep_ratio":0.5546875,"train_acc":95.9025787965616,"stage3_test_acc":90.36308109942314,"val_acc":90.3225806451613,"train_loss":0.10415492781936951,"_runtime":19,"stage1/test_acc":89.44689514760773,"stage2_hard_bin_mask_str":"[1.0, 1.0, 1.0, 1.0, 1.0, 1.0, 1.0, 1.0, 1.0, 1.0, 1.0, 1.0, 1.0, 1.0, 1.0, 1.0, 1.0, 1.0, 1.0, 1.0, 1.0, 1.0, 1.0, 1.0, 1.0, 1.0, 1.0, 0.0, 0.0, 1.0, 1.0, 0.0, 1.0, 0.0, 0.0, 0.0, 0.0, 1.0, 1.0, 1.0, 1.0, 1.0, 0.0, 1.0, 1.0, 1.0, 0.0, 1.0, 1.0, 1.0, 1.0, 1.0, 0.0, 0.0, 1.0, 1.0, 1.0, 1.0, 1.0, 1.0, 1.0, 1.0, 1.0, 0.0, 1.0, 1.0, 1.0, 1.0, 0.0, 1.0, 1.0, 0.0, 0.0, 0.0, 1.0, 1.0, 1.0, 0.0, 1.0, 0.0, 1.0, 0.0, 0.0, 0.0, 1.0, 0.0, 1.0, 0.0, 1.0, 0.0, 1.0, 1.0, 0.0, 0.0, 1.0, 0.0, 0.0, 0.0, 0.0, 0.0, 1.0, 0.0, 1.0, 0.0, 0.0, 0.0, 0.0, 0.0, 0.0, 0.0, 0.0, 0.0, 0.0, 0.0, 0.0, 0.0, 0.0, 0.0, 0.0, 0.0, 0.0, 0.0, 0.0, 0.0, 0.0, 0.0, 0.0, 0.0]","best_val_loss":0.17948491631015653,"stage1_test_acc":89.44689514760773}