{"stage2_test_loss":0.5400904085187537,"stage1/test_loss":0.4559599839993571,"stage2_test_acc":87.17339667458432,"stage1/test_acc":89.85408890397014,"bin_keep_ratio":0.421875,"_timestamp":1.7764297276776075e+09,"lr_gumbel_bin":0.001,"_step":9,"stage1_test_loss":0.4559599839993571,"stage3_test_loss":0.37912008503269756,"epoch":20,"stage1/test_f1":0.8992012196111356,"stage_1_separableconvcnn/confusion_matrix_table":{"artifact_path":"wandb-client-artifact://m2qg0eqqfq6eqatwb92myktfbhfwbfgmyszf71isaqbwfj3ae53mv259kjk207kx7the5loko63zax5r6g1gq4ycdxrv3rj2fwlfiyuz3wx22lskucnrvczot1f427cd/stage_1_separableconvcnn/confusion_matrix_table.table.json","ncols":3,"path":"media/table/stage_1_separableconvcnn/confusion_matrix_table_1_02c5a6fac2b98a2cce23.table.json","_latest_artifact_path":"wandb-client-artifact://fqsklwau0dw5evkj6wk6qbrcr5im4oxfggagq8u39d2s5yf565uxgj60hzch9uhxzdiauhgzz4j9zpugod1rsg25owo24tu5c549aspbmm9y79qwbvnyajznudmd4p9j:latest/stage_1_separableconvcnn/confusion_matrix_table.table.json","nrows":36,"sha256":"02c5a6fac2b98a2cce23216035c71184f8282e95afab8b7a4923ed0654b10cea","size":1368,"_type":"table-file","log_mode":"IMMUTABLE"},"stage1_test_f1":0.8992012196111356,"_runtime":15,"stage1/use_pretrain_model":false,"val_acc":87.97653958944281,"stage2_test_f1":0.8732283623658526,"stage1_test_acc":89.85408890397014,"lr_backbone":0.0001,"train_acc":95.87790614748253,"best_val_loss":0.21687619525753507,"lr":0.001,"mask_l1":0.2734375,"stage2_hard_bin_mask_str":"[0.0, 1.0, 1.0, 1.0, 0.0, 0.0, 1.0, 1.0, 1.0, 1.0, 1.0, 1.0, 1.0, 1.0, 1.0, 1.0, 1.0, 0.0, 1.0, 1.0, 1.0, 1.0, 1.0, 1.0, 1.0, 1.0, 1.0, 1.0, 1.0, 1.0, 1.0, 1.0, 1.0, 0.0, 1.0, 1.0, 1.0, 1.0, 1.0, 1.0, 1.0, 1.0, 1.0, 1.0, 0.0, 1.0, 1.0, 1.0, 1.0, 1.0, 1.0, 1.0, 1.0, 1.0, 1.0, 1.0, 0.0, 1.0, 1.0, 1.0, 1.0, 0.0, 0.0, 0.0, 0.0, 0.0, 0.0, 0.0, 0.0, 0.0, 0.0, 0.0, 0.0, 0.0, 0.0, 0.0, 0.0, 0.0, 0.0, 0.0, 0.0, 0.0, 0.0, 0.0, 0.0, 0.0, 0.0, 0.0, 0.0, 0.0, 0.0, 0.0, 0.0, 0.0, 0.0, 0.0, 0.0, 0.0, 0.0, 0.0, 0.0, 0.0, 0.0, 0.0, 0.0, 0.0, 0.0, 0.0, 0.0, 0.0, 0.0, 0.0, 0.0, 0.0, 0.0, 0.0, 0.0, 0.0, 0.0, 0.0, 0.0, 0.0, 0.0, 0.0, 0.0, 0.0, 0.0, 0.0]","stage3_test_f1":0.9171592515433634,"stage_3_separableconvcnn/confusion_matrix_table":{"sha256":"28d67571aa8e88667f15110963b5fde00f4d34062cda4487af10407f438e0c7c","artifact_path":"wandb-client-artifact://xrz3mtj674vxcsa3g8o7ivpjs3o8cyl50hj7v537j35ukpsd07ghpciu6ru2z9s4wduf5oyvvsu1pifhtxtrrwcg3pf2r90xu2qmfv8u7itg1yqaj3zmv63bgkvy5pa1/stage_3_separableconvcnn/confusion_matrix_table.table.json","nrows":36,"log_mode":"IMMUTABLE","size":1366,"ncols":3,"_type":"table-file","_latest_artifact_path":"wandb-client-artifact://tnokb9ads4405ladyra6tfgqjj5bxqml5trgdqtdbg9sddbm099pocbro9pkdfreij93ulco3orm2uloiy99ti3cods53a3bcye50mf9ffmx9lwmorzqhjvvxu1zl2uv:latest/stage_3_separableconvcnn/confusion_matrix_table.table.json","path":"media/table/stage_3_separableconvcnn/confusion_matrix_table_8_28d67571aa8e88667f15.table.json"},"stage":3,"val_loss":0.4429504703566476,"_wandb":{"runtime":15},"train_loss":0.0981283452988283,"stage3_test_acc":91.61859518154056}