{"stage3_test_acc":88.63250763488293,"stage2/best_epoch":43,"stage2/test_loss":0.6014488996706542,"stage2_test_loss":0.6014488996706542,"Total_Pruned_%":62.18749999999999,"stage_3_prunedseparableconvcnn/confusion_matrix_table":{"_type":"table-file","_latest_artifact_path":"wandb-client-artifact://ztgnp71zmeah898idraqy8qfnadn3nczltk6v3i01m5wsg4bjo4vwlyvcpc7ltpzmao8om9b1gwz2hte1vueaegt1c6y887dofd0bsb236gxj61pjmrybu4dm50t2213:latest/stage_3_prunedseparableconvcnn/confusion_matrix_table.table.json","sha256":"dd83fb1cd130052f13fb50d21fa08e8dd09ccfd03b2039924d10a36edd4ee419","nrows":36,"artifact_path":"wandb-client-artifact://oksbwztnn0wug6zb6vuxdoh9p0v6d9clhtr45pzg8p6kswq3ntu9b0y1fga860ogsjmbkp8yg9rk56x9v03kx4vajiy7f1gfe1imux8ar94912hsvin194nrdl80hexs/stage_3_prunedseparableconvcnn/confusion_matrix_table.table.json","ncols":3,"path":"media/table/stage_3_prunedseparableconvcnn/confusion_matrix_table_21_dd83fb1cd130052f13fb.table.json","log_mode":"IMMUTABLE","size":1368},"stage1/use_pretrain_model":false,"train_loss":0.2517431291625517,"stage":3,"stage2/Total_Pruned_%":62.18749999999999,"stage2/stage_number":2,"stage2/raw_hard_mask_block3":"[1.0, 0.0, 1.0, 0.0, 1.0, 0.0, 0.0, 1.0, 1.0, 0.0, 1.0, 1.0, 0.0, 0.0, 0.0, 1.0, 0.0, 0.0, 0.0, 0.0, 0.0, 0.0, 0.0, 1.0, 1.0, 0.0, 0.0, 0.0, 0.0, 1.0, 0.0, 1.0, 1.0, 1.0, 0.0, 0.0, 1.0, 0.0, 0.0, 0.0, 1.0, 1.0, 1.0, 0.0, 0.0, 0.0, 0.0, 0.0, 0.0, 0.0, 1.0, 1.0, 0.0, 1.0, 0.0, 0.0, 1.0, 1.0, 1.0, 0.0, 1.0, 0.0, 0.0, 0.0, 0.0, 1.0, 0.0, 0.0, 0.0, 0.0, 0.0, 1.0, 1.0, 1.0, 0.0, 0.0, 0.0, 1.0, 0.0, 0.0, 1.0, 0.0, 0.0, 0.0, 1.0, 1.0, 0.0, 1.0, 0.0, 0.0, 0.0, 0.0, 1.0, 0.0, 0.0, 1.0, 0.0, 1.0, 0.0, 0.0, 0.0, 1.0, 0.0, 0.0, 1.0, 0.0, 0.0, 1.0, 0.0, 0.0, 0.0, 0.0, 1.0, 0.0, 0.0, 0.0, 1.0, 0.0, 0.0, 0.0, 0.0, 0.0, 0.0, 0.0, 0.0, 0.0, 1.0, 1.0]","lr_loaded_weights":0.0001,"stage2/test_f1":0.612628523851961,"epoch":40,"stage2/best_val_loss":0.5810105779920406,"stage2/raw_hard_mask_block4":"[1.0, 0.0, 0.0, 0.0, 1.0, 0.0, 0.0, 0.0, 0.0, 1.0, 0.0, 0.0, 0.0, 0.0, 1.0, 1.0, 1.0, 0.0, 0.0, 0.0, 0.0, 0.0, 1.0, 0.0, 0.0, 1.0, 0.0, 0.0, 0.0, 0.0, 0.0, 0.0, 0.0, 0.0, 0.0, 0.0, 1.0, 0.0, 0.0, 0.0, 0.0, 1.0, 1.0, 1.0, 1.0, 0.0, 1.0, 1.0, 1.0, 0.0, 0.0, 0.0, 1.0, 0.0, 0.0, 1.0, 1.0, 0.0, 1.0, 0.0, 1.0, 0.0, 1.0, 0.0, 1.0, 1.0, 0.0, 0.0, 1.0, 0.0, 1.0, 1.0, 0.0, 0.0, 1.0, 0.0, 1.0, 0.0, 0.0, 1.0, 1.0, 1.0, 0.0, 1.0, 0.0, 1.0, 1.0, 1.0, 1.0, 0.0, 0.0, 1.0, 1.0, 0.0, 1.0, 1.0, 1.0, 1.0, 1.0, 0.0, 0.0, 1.0, 0.0, 0.0, 0.0, 0.0, 0.0, 0.0, 0.0, 1.0, 1.0, 0.0, 0.0, 1.0, 1.0, 1.0, 1.0, 0.0, 0.0, 0.0, 0.0, 0.0, 1.0, 0.0, 0.0, 1.0, 1.0, 0.0]","stage1/test_acc":92.46691550729555,"stage2/train_loss":0.7707395445776195,"stage1_test_loss":0.22985296332345792,"stage2/train_acc":64.37561872436713,"stage2/final_mask_keep_ratio_block2":0.359375,"stage2/lr_backbone":0.0001,"best_val_loss":0.272325625967937,"stage2/purpose":"train channel-pruning model with masking","model_param_count_dense":36868,"val_loss":0.3132843858300579,"stage2_test_acc":65.49032914828639,"model_param_reduction_pct":75.97103178908539,"model_param_count_pruned":8859,"_timestamp":1.7758613276005719e+09,"stage_1_separableconvcnn/confusion_matrix_table":{"_latest_artifact_path":"wandb-client-artifact://6bgg1kp3kypytzw4vu0wza7x7qeup7gslomgkh9pygnc899a93ug40gaciktqzjc9h6kmqx54r8car59ndn0cvshzoqo5q02mazqaw09flisess4yankyeuo058ux19o:latest/stage_1_separableconvcnn/confusion_matrix_table.table.json","size":1366,"artifact_path":"wandb-client-artifact://mha1bjc1zwrh3um3p62if53bxrdq75qtq6wulaw5iq1ox2j5p0ulsjl5udffvw0v2kzco3yfchcfiu7uyknybn81p6aq1fu8ltfwlslq2f8ifzlwttcg53fqbzebp5xc/stage_1_separableconvcnn/confusion_matrix_table.table.json","path":"media/table/stage_1_separableconvcnn/confusion_matrix_table_1_0d020f5d83c84288d7ef.table.json","nrows":36,"_type":"table-file","log_mode":"IMMUTABLE","sha256":"0d020f5d83c84288d7ef82e44b2c5507ef0a1db1a97322c6a1ebbfba66b35265","ncols":3},"stage2_test_f1":0.612628523851961,"stage2/final_mask_keep_ratio_block3":0.34375,"stage2/test_acc":65.49032914828639,"stage2/final_mask_keep_ratio_block4":0.421875,"stage1/test_loss":0.22985296332345792,"train_acc":89.59128836091077,"stage2/val_loss":0.6166496680472775,"stage2/epoch":50,"final_summary_log_path":"/home/qphan/master-thesis/models/uci_best_model_three_stage_channel_subject8_val_final_summary_val_8.txt","stage3_test_f1":0.888148722069794,"val_acc":88.61209964412811,"_runtime":44,"block3_Pruned_%":65.625,"stage2/mask_l1":0.4104204773902893,"stage2/raw_hard_mask_block2":"[0.0, 1.0, 1.0, 1.0, 0.0, 0.0, 0.0, 0.0, 0.0, 0.0, 0.0, 1.0, 1.0, 0.0, 1.0, 1.0, 0.0, 0.0, 1.0, 0.0, 0.0, 0.0, 1.0, 1.0, 0.0, 0.0, 0.0, 1.0, 0.0, 1.0, 1.0, 1.0, 0.0, 0.0, 1.0, 0.0, 0.0, 0.0, 1.0, 0.0, 0.0, 0.0, 0.0, 0.0, 0.0, 1.0, 1.0, 0.0, 1.0, 1.0, 0.0, 1.0, 0.0, 0.0, 0.0, 0.0, 0.0, 0.0, 1.0, 0.0, 1.0, 0.0, 0.0, 0.0]","_step":23,"stage3_test_loss":0.3134191384169744,"block2_Pruned_%":64.0625,"stage1_test_acc":92.46691550729555,"stage2/lr_gumbel":0.001,"model_param_count":8859,"block4_Pruned_%":57.8125,"stage2/block4_Pruned_%":57.8125,"_wandb":{"runtime":44},"stage1_test_f1":0.9256903327450012,"stage2/val_acc":65.48042704626334,"stage2/block2_Pruned_%":64.0625,"stage2/block3_Pruned_%":65.625,"stage1/test_f1":0.9256903327450012}