{"stage3_test_loss":0.49158180420425845,"stage1/test_loss":0.4559599839993571,"lr_backbone":0.0001,"stage2_hard_bin_mask_str":"[0.0, 0.0, 0.0, 0.0, 0.0, 1.0, 1.0, 1.0, 1.0, 1.0, 1.0, 1.0, 1.0, 1.0, 1.0, 1.0, 1.0, 1.0, 1.0, 1.0, 1.0, 1.0, 1.0, 1.0, 1.0, 0.0, 0.0, 1.0, 1.0, 1.0, 1.0, 1.0, 1.0, 1.0, 1.0, 1.0, 1.0, 1.0, 1.0, 1.0, 1.0, 1.0, 1.0, 1.0, 1.0, 1.0, 1.0, 1.0, 0.0, 1.0, 1.0, 1.0, 1.0, 1.0, 1.0, 0.0, 0.0, 0.0, 0.0, 1.0, 1.0, 0.0, 0.0, 1.0, 0.0, 0.0, 0.0, 0.0, 0.0, 0.0, 0.0, 0.0, 0.0, 0.0, 0.0, 0.0, 0.0, 0.0, 0.0, 0.0, 0.0, 0.0, 0.0, 0.0, 0.0, 0.0, 0.0, 0.0, 0.0, 0.0, 0.0, 0.0, 0.0, 0.0, 0.0, 0.0, 0.0, 0.0, 0.0, 0.0, 0.0, 0.0, 0.0, 0.0, 0.0, 0.0, 0.0, 0.0, 0.0, 0.0, 0.0, 0.0, 0.0, 0.0, 0.0, 0.0, 0.0, 0.0, 0.0, 0.0, 0.0, 0.0, 0.0, 0.0, 0.0, 0.0, 0.0, 0.0]","val_acc":76.24633431085044,"stage":3,"stage1_test_f1":0.8992012196111356,"stage3_test_acc":89.27723108245674,"stage1/use_pretrain_model":false,"epoch":15,"mask_l1":0.1484375,"_timestamp":1.7764270659653897e+09,"stage3_test_f1":0.8949859747386547,"val_loss":1.8049884536508416,"stage1/test_acc":89.85408890397014,"train_loss":0.12076333496305677,"lr_gumbel_bin":0.001,"train_acc":94.57994579945799,"stage_3_separableconvcnn/confusion_matrix_table":{"size":1368,"nrows":36,"ncols":3,"sha256":"851a882d06b462b6fd3c1de8fac333483c20b2b03b3c8a1edff951433ae84ee3","_type":"table-file","log_mode":"IMMUTABLE","_latest_artifact_path":"wandb-client-artifact://j4g9ydo74ptv8kyasjhzgyq723rdjmoizufdrfo0p8n7cf4qagjxvc9ddvl6l3g5wx6f9pc9sqcix7yvsl3djhlwda3dc1mr2kevroemlfw79i0rt6vsfwhrxxk5hbcz:latest/stage_3_separableconvcnn/confusion_matrix_table.table.json","path":"media/table/stage_3_separableconvcnn/confusion_matrix_table_8_851a882d06b462b6fd3c.table.json","artifact_path":"wandb-client-artifact://i69bwfzjnp8e0fyzepefdpwj3co8u5ksy5nsxw763iykn4slivglej0d79ldk9fsy5l7a4j3a7byqg0k2q34qsjps8yreiro9souarvgl6gn5wd5bp3pj3e8uflxz5dj/stage_3_separableconvcnn/confusion_matrix_table.table.json"},"stage2_test_acc":87.27519511367493,"best_val_loss":0.25552500107276455,"lr":0.001,"bin_keep_ratio":0.390625,"stage2_test_f1":0.8747553932998988,"stage1_test_loss":0.4559599839993571,"stage1/test_f1":0.8992012196111356,"_wandb":{"runtime":16},"_step":9,"stage1_test_acc":89.85408890397014,"stage_1_separableconvcnn/confusion_matrix_table":{"log_mode":"IMMUTABLE","nrows":36,"_type":"table-file","path":"media/table/stage_1_separableconvcnn/confusion_matrix_table_1_02c5a6fac2b98a2cce23.table.json","size":1368,"ncols":3,"sha256":"02c5a6fac2b98a2cce23216035c71184f8282e95afab8b7a4923ed0654b10cea","artifact_path":"wandb-client-artifact://uu7eczq3mheuaw6l5drgjzyj7yt56q56riy605j3nyn88ya4w1fpvk8lh4pf1ty1djc63rz8ye5bb8rudwp0tpsu8swtnz9d0o4k394lb9pe9g136x2w9ika3dfiqh95/stage_1_separableconvcnn/confusion_matrix_table.table.json","_latest_artifact_path":"wandb-client-artifact://qnh38dadjnqqf9157plwv1xl1cy82nafodp3s67n9zerhqkh585i3ovxifnjdhm1q19kuklsdwp91pv6yeyg85rv89798bhqtdg64egpzha8ptk8x2kt5prg6786f0xe:latest/stage_1_separableconvcnn/confusion_matrix_table.table.json"},"stage2_test_loss":0.48462949592454535,"_runtime":16}