{"model_param_reduction_pct":83.10989783231526,"model_param_count_pruned":6249,"Total_Pruned_%":73.4375,"block2_Pruned_%":76.5625,"stage_3_prunedseparableconvcnn/confusion_matrix_table":{"_type":"table-file","sha256":"6b86d588a0486bf613d5cb60f46543cad22d3a247c452c4a89aa486da026e5bd","artifact_path":"wandb-client-artifact://womyoeh7y0i27v60npc8vywaxam5aswwoxa3n3oig0ail1v3u11n68pkei9dn2l3p9hwyl1hscxqp5tamon00kqt3sps9n8zlnh7qbv23olfxcxkq75mqul5v81hwsrw/stage_3_prunedseparableconvcnn/confusion_matrix_table.table.json","path":"media/table/stage_3_prunedseparableconvcnn/confusion_matrix_table_19_6b86d588a0486bf613d5.table.json","nrows":64,"log_mode":"IMMUTABLE","size":2017,"_latest_artifact_path":"wandb-client-artifact://thid0q3wcrrxa0fza7uk2evrv56jw0uz5oehj081smbbqxa1q030n926yta0865fmt8p720j7tkxxgwt5uiqjyinpyijeaherk585bymkkoo9cjx2ut9e6l0h9r1e70m:latest/stage_3_prunedseparableconvcnn/confusion_matrix_table.table.json","ncols":3},"stage2/mask_l1":0.2277601659297943,"stage2/final_mask_keep_ratio_block3":0.140625,"stage2/test_loss":0.6940368249989367,"_timestamp":1.7753784563604264e+09,"_step":21,"stage2/block4_Pruned_%":59.375,"_wandb":{"runtime":285},"stage1/use_pretrain_model":false,"stage2/val_acc":54.137447405329596,"stage2/train_loss":1.006856568738832,"stage2/val_loss":1.0805440481130404,"stage2/test_acc":78.37197320968573,"stage2/stage_number":2,"best_val_loss":0.9827323975603176,"stage2/final_mask_keep_ratio_block4":0.40625,"stage2/raw_hard_mask_block2":"[0.0, 0.0, 1.0, 1.0, 0.0, 0.0, 0.0, 1.0, 0.0, 1.0, 1.0, 0.0, 0.0, 0.0, 1.0, 0.0, 1.0, 0.0, 0.0, 0.0, 1.0, 0.0, 0.0, 0.0, 0.0, 0.0, 0.0, 0.0, 1.0, 0.0, 0.0, 0.0, 0.0, 0.0, 0.0, 0.0, 0.0, 0.0, 0.0, 1.0, 0.0, 0.0, 1.0, 0.0, 0.0, 0.0, 0.0, 0.0, 0.0, 0.0, 1.0, 0.0, 0.0, 0.0, 0.0, 1.0, 0.0, 0.0, 0.0, 1.0, 0.0, 0.0, 1.0, 0.0]","stage2/raw_hard_mask_block3":"[0.0, 0.0, 0.0, 0.0, 0.0, 0.0, 0.0, 0.0, 0.0, 1.0, 0.0, 0.0, 0.0, 0.0, 0.0, 0.0, 1.0, 0.0, 0.0, 0.0, 0.0, 0.0, 0.0, 1.0, 0.0, 0.0, 0.0, 0.0, 0.0, 0.0, 0.0, 0.0, 0.0, 0.0, 0.0, 0.0, 0.0, 0.0, 0.0, 0.0, 0.0, 0.0, 0.0, 0.0, 0.0, 0.0, 0.0, 0.0, 0.0, 0.0, 0.0, 1.0, 1.0, 0.0, 0.0, 1.0, 0.0, 0.0, 0.0, 0.0, 0.0, 0.0, 0.0, 0.0, 0.0, 0.0, 0.0, 0.0, 0.0, 0.0, 0.0, 0.0, 0.0, 0.0, 1.0, 1.0, 1.0, 1.0, 0.0, 0.0, 0.0, 1.0, 1.0, 0.0, 0.0, 0.0, 0.0, 0.0, 0.0, 0.0, 0.0, 0.0, 0.0, 0.0, 0.0, 0.0, 0.0, 0.0, 0.0, 0.0, 1.0, 0.0, 0.0, 0.0, 0.0, 0.0, 0.0, 1.0, 0.0, 0.0, 0.0, 1.0, 0.0, 0.0, 0.0, 0.0, 0.0, 0.0, 0.0, 0.0, 0.0, 1.0, 1.0, 1.0, 0.0, 0.0, 0.0, 0.0]","stage2/raw_hard_mask_block4":"[1.0, 1.0, 0.0, 1.0, 0.0, 1.0, 0.0, 1.0, 1.0, 0.0, 0.0, 1.0, 0.0, 0.0, 1.0, 0.0, 1.0, 0.0, 1.0, 1.0, 1.0, 0.0, 0.0, 1.0, 0.0, 0.0, 1.0, 1.0, 0.0, 0.0, 1.0, 0.0, 0.0, 0.0, 1.0, 0.0, 0.0, 0.0, 0.0, 0.0, 0.0, 1.0, 1.0, 1.0, 0.0, 1.0, 0.0, 1.0, 0.0, 0.0, 0.0, 1.0, 0.0, 0.0, 0.0, 0.0, 1.0, 0.0, 0.0, 0.0, 1.0, 0.0, 0.0, 0.0, 0.0, 0.0, 1.0, 0.0, 0.0, 1.0, 0.0, 1.0, 1.0, 1.0, 0.0, 1.0, 1.0, 0.0, 1.0, 0.0, 1.0, 0.0, 0.0, 1.0, 0.0, 0.0, 1.0, 0.0, 0.0, 1.0, 0.0, 1.0, 0.0, 0.0, 1.0, 1.0, 1.0, 1.0, 0.0, 0.0, 1.0, 1.0, 0.0, 1.0, 0.0, 0.0, 1.0, 1.0, 0.0, 0.0, 1.0, 0.0, 0.0, 0.0, 0.0, 0.0, 0.0, 1.0, 0.0, 1.0, 0.0, 0.0, 1.0, 0.0, 1.0, 0.0, 0.0, 0.0]","stage2/epoch":60,"stage":3,"stage1_test_acc":72.7253992787223,"stage_1_separableconvcnn/confusion_matrix_table":{"artifact_path":"wandb-client-artifact://kilsuul1npmz8pjr8nxb4hi9tg024s70zshummmyygb4gmho5tlt6f8sqwy8w528jdn1ms38dsvo2yhod0qq025t4n175sdadfuyuwhp9qe8wc3qg1w4tpf0bi3x0xxo/stage_1_separableconvcnn/confusion_matrix_table.table.json","size":2015,"_latest_artifact_path":"wandb-client-artifact://amx2tt041sgb26b3hp2mu1hcvr6do0qsafh893doq1gvrl4c93647zgbd86c3pt4egmusvnj70jh8f6o090gkdm31c4sa0398fio1z31v6enof6qovt1ppndsx6s0d6k:latest/stage_1_separableconvcnn/confusion_matrix_table.table.json","nrows":64,"path":"media/table/stage_1_separableconvcnn/confusion_matrix_table_1_13a6fd04346ff8692523.table.json","ncols":3,"_type":"table-file","log_mode":"IMMUTABLE","sha256":"13a6fd04346ff8692523df6a8391b86b0466d0dd42cf76f6a300cdb2b1cf9bfa"},"stage2/lr_backbone":0.0001,"val_acc":56.38148667601683,"final_summary_log_path":"/home/qphan/master-thesis/models/wear_best_model_three_stage_channel_subject7_val_final_summary_val_7.txt","model_param_count_dense":36998,"block4_Pruned_%":59.375,"model_param_count":6249,"stage1_test_loss":0.6905957118221806,"stage2/block3_Pruned_%":85.9375,"stage3_test_acc":76.8366821226172,"stage2/block2_Pruned_%":76.5625,"epoch":20,"stage2/final_mask_keep_ratio_block2":0.234375,"stage2/lr_gumbel":0.001,"stage1_test_f1":0.6647315251494192,"train_loss":0.7788025657680482,"stage2_test_loss":0.6940368249989367,"stage2/Total_Pruned_%":73.4375,"stage1/test_f1":0.6647315251494192,"stage1/test_acc":72.7253992787223,"stage2_test_acc":78.37197320968573,"stage3_test_loss":0.7306297257534933,"lr_loaded_weights":0.0001,"_runtime":285,"stage1/test_loss":0.6905957118221806,"stage2_test_f1":0.6641990947536157,"stage2/best_val_loss":1.0308400949288217,"train_acc":57.79129713394039,"stage3_test_f1":0.6580337959416261,"stage2/best_epoch":50,"stage2/train_acc":55.468425938728345,"stage2/purpose":"train channel-pruning model with masking","block3_Pruned_%":85.9375,"stage2/test_f1":0.6641990947536157,"val_loss":1.0071207546167922}