{"train_acc":89.85919499359977,"stage_1_separableconvcnn/confusion_matrix_table":{"ncols":3,"_type":"table-file","sha256":"dbaa27acdd290deac1c66e96bacda50b5885355b3f82be287fb4b98c928a4c5f","_latest_artifact_path":"wandb-client-artifact://71xucanandxrn4a46s75mxsc4nm77jr64hzd5p6vwvwvnkxfiucd0c1apksnpdlou3t7g0440r6bapwvm5mfv9w3vijj2l29qiyb093yfp12hvc83k625kmtx5w34hyf:latest/stage_1_separableconvcnn/confusion_matrix_table.table.json","log_mode":"IMMUTABLE","nrows":36,"size":1368,"path":"media/table/stage_1_separableconvcnn/confusion_matrix_table_1_dbaa27acdd290deac1c6.table.json","artifact_path":"wandb-client-artifact://w9pxfa4n9jah557cw2gbd6iy18qmdfx5gtopitd3jjqh7zu51kdsdncvdgutzy5f8439tma6e0qbc3pve4z3yo45yn8iam7gn9ukdw3adv2top69vf1suw5u2jc5nlha/stage_1_separableconvcnn/confusion_matrix_table.table.json"},"stage1_test_f1":0.9162070276481109,"block2_Pruned_%":59.375,"stage2/block4_Pruned_%":53.90625,"stage2/epoch":45,"stage2/train_acc":63.06357559379889,"block3_Pruned_%":65.625,"stage2/val_loss":0.6702632818133875,"stage1/test_acc":91.58466236851035,"lr_loaded_weights":0.0001,"stage1_test_loss":0.23018159522674345,"model_param_count_pruned":9652,"_wandb":{"runtime":46},"model_param_count":9652,"Total_Pruned_%":59.68750000000001,"stage1/test_loss":0.23018159522674345,"stage2_test_acc":63.895486935866984,"_step":26,"stage3_test_loss":0.3017126119553077,"block4_Pruned_%":53.90625,"best_val_loss":0.2165595656981644,"stage2/final_mask_keep_ratio_block4":0.4609375,"val_acc":90.96573208722741,"stage2/raw_hard_mask_block4":"[1.0, 0.0, 0.0, 1.0, 1.0, 0.0, 0.0, 0.0, 0.0, 0.0, 0.0, 0.0, 1.0, 1.0, 0.0, 0.0, 1.0, 0.0, 1.0, 0.0, 1.0, 0.0, 1.0, 1.0, 0.0, 1.0, 0.0, 0.0, 1.0, 0.0, 0.0, 0.0, 0.0, 0.0, 0.0, 1.0, 0.0, 0.0, 1.0, 0.0, 0.0, 0.0, 0.0, 0.0, 0.0, 0.0, 1.0, 1.0, 0.0, 0.0, 1.0, 1.0, 0.0, 0.0, 1.0, 0.0, 1.0, 1.0, 1.0, 0.0, 0.0, 1.0, 0.0, 0.0, 0.0, 0.0, 1.0, 1.0, 1.0, 1.0, 0.0, 0.0, 0.0, 1.0, 0.0, 0.0, 0.0, 1.0, 1.0, 1.0, 0.0, 1.0, 1.0, 0.0, 0.0, 1.0, 1.0, 0.0, 1.0, 1.0, 1.0, 1.0, 0.0, 1.0, 1.0, 0.0, 1.0, 1.0, 0.0, 0.0, 0.0, 1.0, 1.0, 0.0, 0.0, 1.0, 0.0, 0.0, 1.0, 1.0, 0.0, 1.0, 1.0, 0.0, 1.0, 0.0, 1.0, 0.0, 1.0, 1.0, 1.0, 0.0, 0.0, 1.0, 0.0, 1.0, 1.0, 1.0]","stage2/val_acc":64.48598130841121,"stage2/raw_hard_mask_block3":"[1.0, 0.0, 1.0, 1.0, 1.0, 0.0, 0.0, 0.0, 0.0, 1.0, 0.0, 0.0, 0.0, 0.0, 0.0, 1.0, 1.0, 1.0, 0.0, 0.0, 0.0, 1.0, 0.0, 0.0, 1.0, 0.0, 0.0, 0.0, 1.0, 1.0, 0.0, 0.0, 1.0, 1.0, 0.0, 0.0, 1.0, 1.0, 1.0, 1.0, 0.0, 0.0, 0.0, 1.0, 1.0, 0.0, 0.0, 1.0, 0.0, 1.0, 0.0, 0.0, 0.0, 0.0, 0.0, 0.0, 0.0, 0.0, 1.0, 0.0, 0.0, 0.0, 1.0, 0.0, 0.0, 0.0, 0.0, 0.0, 1.0, 0.0, 0.0, 0.0, 1.0, 0.0, 0.0, 0.0, 0.0, 0.0, 1.0, 0.0, 0.0, 1.0, 0.0, 0.0, 0.0, 1.0, 0.0, 1.0, 0.0, 1.0, 0.0, 1.0, 0.0, 0.0, 1.0, 1.0, 0.0, 0.0, 0.0, 0.0, 0.0, 1.0, 0.0, 1.0, 0.0, 0.0, 0.0, 1.0, 1.0, 0.0, 1.0, 0.0, 0.0, 0.0, 1.0, 0.0, 1.0, 0.0, 0.0, 1.0, 0.0, 0.0, 1.0, 1.0, 0.0, 0.0, 0.0, 0.0]","stage2/Total_Pruned_%":59.68750000000001,"stage2/lr_gumbel":0.001,"stage2/purpose":"train channel-pruning model with masking","stage_3_prunedseparableconvcnn/confusion_matrix_table":{"nrows":36,"path":"media/table/stage_3_prunedseparableconvcnn/confusion_matrix_table_24_1cb0a06c4eab889ab1fc.table.json","artifact_path":"wandb-client-artifact://vqkhyrsldi21qgomp7qk73wxcd371839nckdhdly4rze9mjmvtyyrpgmz1aik40hbd8sdjxgqdzhj72db8kfklrwjreeyz7pnotfzu4wtg33bgpoj9kaki5hy4a29ouy/stage_3_prunedseparableconvcnn/confusion_matrix_table.table.json","log_mode":"IMMUTABLE","ncols":3,"_latest_artifact_path":"wandb-client-artifact://ml85amktde0jkexnli71ybw88ailv3c81l8gwc4prm5uf41c2sq4ms7vj6n4pz7sev9kycm1geqkccrvzyp52qckc8nl8nvdniedr9bj3x022se21epj7y2d67l7vql3:latest/stage_3_prunedseparableconvcnn/confusion_matrix_table.table.json","size":1368,"sha256":"1cb0a06c4eab889ab1fc1b215e2b84265deb70892bc02dad9691b1ab8e943aa3","_type":"table-file"},"train_loss":0.2429951110955679,"_runtime":46,"stage2/final_mask_keep_ratio_block3":0.34375,"stage2/train_loss":0.8297954045714024,"stage2_test_loss":0.6212900907390925,"stage2/lr_backbone":0.0001,"stage2/stage_number":2,"stage2/test_f1":0.5893273647442092,"stage2_test_f1":0.5893273647442092,"stage2/test_acc":63.895486935866984,"model_param_reduction_pct":73.82011500488228,"stage2/block3_Pruned_%":65.625,"final_summary_log_path":"/home/qphan/master-thesis/models/uci_best_model_three_stage_channel_subject22_val_final_summary_val_22.txt","stage":3,"stage2/block2_Pruned_%":59.375,"stage1_test_acc":91.58466236851035,"stage2/final_mask_keep_ratio_block2":0.40625,"stage2/best_val_loss":0.6661886382856003,"stage1/test_f1":0.9162070276481109,"stage2/raw_hard_mask_block2":"[1.0, 0.0, 0.0, 1.0, 1.0, 1.0, 0.0, 0.0, 0.0, 1.0, 0.0, 0.0, 0.0, 1.0, 0.0, 1.0, 1.0, 1.0, 0.0, 0.0, 0.0, 1.0, 1.0, 1.0, 0.0, 0.0, 1.0, 0.0, 0.0, 0.0, 1.0, 0.0, 1.0, 0.0, 0.0, 0.0, 1.0, 1.0, 0.0, 0.0, 0.0, 1.0, 1.0, 0.0, 0.0, 0.0, 1.0, 1.0, 1.0, 0.0, 1.0, 0.0, 0.0, 1.0, 0.0, 1.0, 0.0, 0.0, 0.0, 0.0, 0.0, 1.0, 0.0, 0.0]","stage1/use_pretrain_model":false,"_timestamp":1.7758625841896436e+09,"stage3_test_acc":88.70037326094334,"stage2/best_epoch":35,"model_param_count_dense":36868,"stage2/test_loss":0.6212900907390925,"stage3_test_f1":0.8888772531327386,"epoch":60,"val_loss":0.22464532012858218,"stage2/mask_l1":0.39798492193222046}