{"stage3_test_f1":0.894868968523213,"_timestamp":1.7757675645985105e+09,"train_loss":0.1598783213011984,"stage_1_separableconvcnn/confusion_matrix_table":{"nrows":36,"ncols":3,"_type":"table-file","_latest_artifact_path":"wandb-client-artifact://c5e5ozgh6516a8whbxhfsjqjzqn9dfeno39rag5ojv7y3xqp42p39ho7k8csthtrd6fo6cm83vs1osx3rwd965vgs9moeghqo2ihhlm9kv79fu3z81qrybui4cdigw94:latest/stage_1_separableconvcnn/confusion_matrix_table.table.json","size":1367,"artifact_path":"wandb-client-artifact://632ntz0b8dvxrlmdao9c51agte7wf8eoqcyi40x2a5t47o849eygxifw85tczkc9q7wljtfzn6u776kiq949raop5lx0e7mnxthv9gqn95tl6vtth73oy172zm0lzq3n/stage_1_separableconvcnn/confusion_matrix_table.table.json","log_mode":"IMMUTABLE","sha256":"91915bc82da9eb761bf9d6b3e2381e5cb6bc3b4de6ff68bd06e9a7fd74d668ff","path":"media/table/stage_1_separableconvcnn/confusion_matrix_table_1_91915bc82da9eb761bf9.table.json"},"stage":3,"_runtime":12,"train_acc":93.00739056281978,"best_val_loss":0.2221093537592435,"stage1_test_acc":88.97183576518493,"stage3_test_loss":0.28506172278339753,"stage2_test_f1":0.8793124609184351,"bin_keep_ratio":0.4615384638309479,"mask_l1":0.3999999761581421,"stage2_test_acc":87.75025449609772,"stage3_test_acc":89.27723108245674,"stage1/use_pretrain_model":false,"stage_3_separableconvcnn/confusion_matrix_table":{"_latest_artifact_path":"wandb-client-artifact://3rg4aiu59w6xzzex6kyuwq9r22ns1zc7wxqilbveuvgy1r9l3qm0e97520y27wvavp9vrb6kp40qkzcxclcvtihui9y0b1sh2a7ualxzoli947gwfncpi5decu082btw:latest/stage_3_separableconvcnn/confusion_matrix_table.table.json","_type":"table-file","log_mode":"IMMUTABLE","path":"media/table/stage_3_separableconvcnn/confusion_matrix_table_7_e0c07ab49a1ec88a3915.table.json","artifact_path":"wandb-client-artifact://2c0583xhirlvmoams498n19ah4nw6kvqwo7n6qf68wke93vpndivdyzv4h5xgl55fj1w1klnmryrvj6tzn7jx1dfuv43dru4jdgpuwo64wrrnwwzlidjq3r4r33qp0zc/stage_3_separableconvcnn/confusion_matrix_table.table.json","size":1368,"ncols":3,"sha256":"e0c07ab49a1ec88a3915a97da4c6d54b91b7608748d65e2a8d406112f09ed6ef","nrows":36},"epoch":10,"_step":8,"stage1/test_acc":88.97183576518493,"val_loss":0.289651227407629,"stage1_test_f1":0.8915890448886087,"lr_backbone":0.0001,"stage2_hard_bin_mask_str":"[1.0, 1.0, 1.0, 1.0, 1.0, 1.0, 1.0, 1.0, 1.0, 1.0, 1.0, 1.0, 1.0, 1.0, 1.0, 1.0, 0.0, 0.0, 1.0, 1.0, 1.0, 0.0, 1.0, 1.0, 1.0, 1.0, 0.0, 0.0, 0.0, 0.0, 1.0, 0.0, 1.0, 0.0, 0.0, 1.0, 0.0, 0.0, 0.0, 0.0, 0.0, 0.0, 1.0, 0.0, 0.0, 1.0, 0.0, 0.0, 0.0, 1.0, 1.0, 0.0, 0.0, 0.0, 0.0, 0.0, 0.0, 0.0, 0.0, 0.0, 0.0, 0.0, 0.0, 0.0, 0.0]","stage1/test_f1":0.8915890448886087,"val_acc":91.77215189873418,"_wandb":{"runtime":12},"lr":0.001,"stage1_test_loss":0.2996358551570448,"stage1/test_loss":0.2996358551570448,"stage2_test_loss":0.31853542460467127,"lr_gumbel_bin":0.001}