{"mask_l1":0.015625,"stage3_test_loss":0.42963507802882317,"stage1/use_pretrain_model":false,"lr_backbone":0.0001,"_step":9,"stage3_test_acc":87.44485917882592,"val_acc":77.80979827089337,"_runtime":14,"stage2_test_f1":0.8807038732244831,"bin_keep_ratio":0.21875,"stage1/test_f1":0.9190924499938599,"stage1/test_loss":0.25057173036076164,"epoch":20,"train_loss":0.1994867110299179,"stage1_test_acc":91.72039362063116,"stage_1_separableconvcnn/confusion_matrix_table":{"ncols":3,"nrows":36,"path":"media/table/stage_1_separableconvcnn/confusion_matrix_table_1_ba1709b9ded253dca6f1.table.json","log_mode":"IMMUTABLE","_type":"table-file","_latest_artifact_path":"wandb-client-artifact://xrepsnvf1h08uhbnbgfcpdpwkekjnayc882wi87hxm1eofskikpv2oocc7xzohv762frwmnullr5a6bjns2h7lkzt0vvsqiwi2u8b0ls5rmat6hbllt9ycmbx52i9a0m:latest/stage_1_separableconvcnn/confusion_matrix_table.table.json","sha256":"ba1709b9ded253dca6f14b8d1a777336f0cb86899167c45d58f90d5e787020ac","artifact_path":"wandb-client-artifact://kejm4c0k745atsjoe36vkj9lffhnb2wkz2rr97qdf4meef5kufz3soem251j5mznaci7ob4x9wnvbwulc4sj3vmrptfvy247tsy0ohdic7ibliukraackj7ft1iaxzwq/stage_1_separableconvcnn/confusion_matrix_table.table.json","size":1366},"lr":0.001,"stage2_test_loss":0.34816128137361224,"lr_gumbel_bin":0.001,"best_val_loss":0.33511177252076285,"stage1/test_acc":91.72039362063116,"stage1_test_loss":0.25057173036076164,"stage2_hard_bin_mask_str":"[0.0, 1.0, 0.0, 0.0, 0.0, 0.0, 1.0, 0.0, 0.0, 1.0, 1.0, 1.0, 0.0, 1.0, 1.0, 0.0, 0.0, 0.0, 1.0, 1.0, 1.0, 0.0, 0.0, 0.0, 1.0, 1.0, 1.0, 0.0, 0.0, 1.0, 0.0, 0.0, 0.0, 0.0, 1.0, 0.0, 0.0, 1.0, 1.0, 1.0, 1.0, 1.0, 0.0, 1.0, 0.0, 1.0, 0.0, 1.0, 1.0, 0.0, 0.0, 0.0, 1.0, 0.0, 1.0, 0.0, 1.0, 0.0, 0.0, 1.0, 0.0, 0.0, 0.0, 0.0, 0.0, 0.0, 0.0, 0.0, 0.0, 0.0, 0.0, 0.0, 0.0, 0.0, 0.0, 0.0, 0.0, 0.0, 0.0, 0.0, 0.0, 0.0, 0.0, 0.0, 0.0, 0.0, 0.0, 0.0, 0.0, 0.0, 0.0, 0.0, 0.0, 0.0, 0.0, 0.0, 0.0, 0.0, 0.0, 0.0, 0.0, 0.0, 0.0, 0.0, 0.0, 0.0, 0.0, 0.0, 0.0, 0.0, 0.0, 0.0, 0.0, 0.0, 0.0, 0.0, 0.0, 0.0, 0.0, 0.0, 0.0, 0.0, 0.0, 0.0, 0.0, 0.0, 0.0, 0.0]","_timestamp":1.7764170222423718e+09,"_wandb":{"runtime":14},"stage":3,"stage2_test_acc":87.88598574821853,"val_loss":0.6236535995032488,"stage_3_separableconvcnn/confusion_matrix_table":{"nrows":36,"_latest_artifact_path":"wandb-client-artifact://8f1tpgmhal4d6lqy3d9uiho09t6y9lruc8217s5li8czjjq79ectuopkcn6iaidl4a1xjbqg41otkjjgq8q5dq82ofq048shmmbkvmqliim6xu2n2epklkwk9vb0emoy:latest/stage_3_separableconvcnn/confusion_matrix_table.table.json","artifact_path":"wandb-client-artifact://ot16zwbnc9o3qz7jph5h9a87hbrjiizq2ahhejcrg5rsz3alobj0ejvjrxjgtrvrvq52ilzmspte01w74bi15xfne4qdgp5529tygbbrr615oo5u8swfof7l8x2x2gwp/stage_3_separableconvcnn/confusion_matrix_table.table.json","size":1367,"sha256":"062fd8ff32b495b080f3327555307faf3d07497e1b960b7a679e8b86ffb21e54","log_mode":"IMMUTABLE","ncols":3,"_type":"table-file","path":"media/table/stage_3_separableconvcnn/confusion_matrix_table_8_062fd8ff32b495b080f3.table.json"},"train_acc":91.14917915774447,"stage3_test_f1":0.8756518025378061,"stage1_test_f1":0.9190924499938599}