{"stage2/best_epoch":42,"stage2/block3_Pruned_%":71.09375,"stage2/stage_number":2,"stage":3,"stage2/best_val_loss":0.5407603573851657,"stage2/purpose":"train channel-pruning model with masking","model_param_count":7680,"block4_Pruned_%":60.15625,"stage1_test_f1":0.9239060078892737,"stage2/final_mask_keep_ratio_block2":0.296875,"block3_Pruned_%":71.09375,"_runtime":49,"stage2/block2_Pruned_%":70.3125,"_wandb":{"runtime":49},"stage2/block4_Pruned_%":60.15625,"stage2/epoch":50,"train_acc":89.84072320275506,"stage2_test_acc":65.25279945707499,"stage3_test_loss":0.3331612269993755,"lr_loaded_weights":0.0001,"stage2/train_loss":0.8295259318336008,"stage1_test_loss":0.22055789638881276,"best_val_loss":0.1927804752999513,"block2_Pruned_%":70.3125,"val_loss":0.19340560794990344,"stage_3_prunedseparableconvcnn/confusion_matrix_table":{"sha256":"39d8aeb7aba3960d5bc0198eea23f320a04a4386cac90ef8098fdf873e14f49e","nrows":36,"_latest_artifact_path":"wandb-client-artifact://1e7s6bygm0ctljxbngnabzrv83o27a4woxxm143tubv3xprubyhxtrm2wzq2yov3raqpkbq6iz6nh50ar6qhkx6guoey2q8apdfpg0wzwkxrvajbhbep4u2jdvccvy9n:latest/stage_3_prunedseparableconvcnn/confusion_matrix_table.table.json","artifact_path":"wandb-client-artifact://ztx5e1ev6nx4yuxhzy27d60itkjr7fispccnk2ioqa01prnl7exk2jtt1gbe1b89defb4uvcir17dbp8f2spxzyxw2fok0q14m0erbbsjsssjr2jucqbzo496s21asko/stage_3_prunedseparableconvcnn/confusion_matrix_table.table.json","path":"media/table/stage_3_prunedseparableconvcnn/confusion_matrix_table_25_39d8aeb7aba3960d5bc0.table.json","log_mode":"IMMUTABLE","ncols":3,"size":1367,"_type":"table-file"},"model_param_count_pruned":7680,"stage2/test_loss":0.6480724125156261,"stage1_test_acc":92.33118425517475,"stage2/mask_l1":0.3736993074417114,"stage2/final_mask_keep_ratio_block3":0.2890625,"stage1/test_acc":92.33118425517475,"stage2/lr_backbone":0.0001,"final_summary_log_path":"/home/qphan/master-thesis/models/uci_best_model_three_stage_channel_subject30_val_final_summary_val_30.txt","stage2/test_acc":65.25279945707499,"model_param_reduction_pct":79.16892698274927,"_timestamp":1.7758629005547166e+09,"stage2/raw_hard_mask_block3":"[0.0, 0.0, 1.0, 1.0, 1.0, 0.0, 1.0, 0.0, 1.0, 1.0, 0.0, 1.0, 0.0, 1.0, 1.0, 0.0, 0.0, 0.0, 0.0, 1.0, 0.0, 0.0, 0.0, 0.0, 1.0, 0.0, 1.0, 0.0, 1.0, 1.0, 1.0, 0.0, 1.0, 1.0, 0.0, 1.0, 1.0, 0.0, 0.0, 1.0, 0.0, 0.0, 0.0, 0.0, 0.0, 0.0, 0.0, 0.0, 0.0, 1.0, 0.0, 0.0, 0.0, 0.0, 0.0, 1.0, 0.0, 0.0, 0.0, 1.0, 0.0, 0.0, 0.0, 0.0, 1.0, 0.0, 0.0, 0.0, 1.0, 0.0, 0.0, 0.0, 0.0, 1.0, 0.0, 0.0, 1.0, 0.0, 0.0, 1.0, 0.0, 0.0, 0.0, 0.0, 0.0, 0.0, 1.0, 0.0, 1.0, 0.0, 1.0, 0.0, 0.0, 1.0, 1.0, 0.0, 1.0, 0.0, 0.0, 1.0, 0.0, 0.0, 0.0, 0.0, 0.0, 1.0, 0.0, 0.0, 0.0, 0.0, 0.0, 0.0, 1.0, 0.0, 0.0, 0.0, 0.0, 0.0, 0.0, 0.0, 0.0, 0.0, 0.0, 0.0, 0.0, 0.0, 0.0, 0.0]","Total_Pruned_%":66.5625,"stage2/val_acc":67.36292428198433,"stage2/raw_hard_mask_block2":"[1.0, 0.0, 1.0, 0.0, 0.0, 0.0, 1.0, 0.0, 0.0, 0.0, 0.0, 0.0, 0.0, 0.0, 0.0, 0.0, 1.0, 0.0, 1.0, 0.0, 0.0, 0.0, 0.0, 1.0, 0.0, 0.0, 1.0, 0.0, 0.0, 0.0, 1.0, 0.0, 0.0, 1.0, 0.0, 0.0, 0.0, 0.0, 0.0, 0.0, 0.0, 1.0, 1.0, 1.0, 1.0, 0.0, 1.0, 1.0, 0.0, 0.0, 0.0, 1.0, 0.0, 0.0, 0.0, 1.0, 1.0, 0.0, 0.0, 0.0, 0.0, 1.0, 0.0, 0.0]","stage2/final_mask_keep_ratio_block4":0.3984375,"stage2/test_f1":0.6288481763899193,"stage2_test_f1":0.6288481763899193,"epoch":60,"stage3_test_acc":88.70037326094334,"_step":27,"stage2/raw_hard_mask_block4":"[1.0, 1.0, 1.0, 1.0, 0.0, 0.0, 0.0, 1.0, 1.0, 0.0, 1.0, 0.0, 0.0, 0.0, 1.0, 1.0, 1.0, 0.0, 0.0, 0.0, 0.0, 0.0, 1.0, 1.0, 1.0, 0.0, 0.0, 1.0, 0.0, 1.0, 0.0, 1.0, 1.0, 1.0, 0.0, 0.0, 0.0, 0.0, 0.0, 0.0, 1.0, 0.0, 0.0, 0.0, 0.0, 0.0, 1.0, 0.0, 0.0, 0.0, 0.0, 0.0, 0.0, 0.0, 0.0, 0.0, 1.0, 1.0, 0.0, 0.0, 1.0, 1.0, 1.0, 0.0, 1.0, 0.0, 0.0, 1.0, 0.0, 0.0, 0.0, 1.0, 0.0, 0.0, 1.0, 0.0, 0.0, 0.0, 0.0, 1.0, 1.0, 0.0, 0.0, 0.0, 0.0, 1.0, 0.0, 1.0, 0.0, 0.0, 1.0, 0.0, 0.0, 0.0, 1.0, 1.0, 1.0, 0.0, 0.0, 0.0, 1.0, 1.0, 1.0, 1.0, 1.0, 1.0, 0.0, 0.0, 1.0, 0.0, 0.0, 1.0, 0.0, 1.0, 1.0, 0.0, 0.0, 0.0, 1.0, 0.0, 1.0, 1.0, 0.0, 0.0, 0.0, 1.0, 0.0, 0.0]","stage1/test_f1":0.9239060078892737,"stage2/train_acc":62.69192136604965,"stage1/test_loss":0.22055789638881276,"stage3_test_f1":0.8886036796742675,"stage_1_separableconvcnn/confusion_matrix_table":{"artifact_path":"wandb-client-artifact://utynm2l407zblagjl815jw4tyq7r4j8z8ppvm0rnt087b8ileuhdoalem064ahh566idlwhyqhkaca48ko77jibeycpixmp3k6rm9wzpo8yhsqm6jintv73hufll6ttn/stage_1_separableconvcnn/confusion_matrix_table.table.json","path":"media/table/stage_1_separableconvcnn/confusion_matrix_table_1_cc7b9f814993e0a95cb9.table.json","nrows":36,"log_mode":"IMMUTABLE","_type":"table-file","_latest_artifact_path":"wandb-client-artifact://e9vt845j2bcpypznw0a8gn36f5ys0oja7se2pbmiwemg608gsm05dtbvwfb6x1zis822v96v983thj40ba6hugxpx9wzkk6surybemh9wb99ayhek3v6gfwz50bnzrh8:latest/stage_1_separableconvcnn/confusion_matrix_table.table.json","size":1368,"sha256":"cc7b9f814993e0a95cb917ba11f19db645c604b66bb7ffecd44ad2ccf6147a1e","ncols":3},"stage2_test_loss":0.6480724125156261,"stage1/use_pretrain_model":false,"val_acc":92.95039164490862,"stage2/Total_Pruned_%":66.5625,"stage2/lr_gumbel":0.001,"model_param_count_dense":36868,"train_loss":0.2529538397421059,"stage2/val_loss":0.5446019832132379}