{"stage1/val_loss":0.49935086627158043,"stage1/use_pretrain_model":false,"stage1/test_loss":0.5630992910145777,"stage1_test_loss":0.5630992910145777,"_runtime":157,"test_acc":82.14322514167955,"stage1/train_acc":76.00486493909018,"_wandb":{"runtime":157},"stage1/stage_number":1,"best_epoch":17,"stage_1_separableconvcnn/confusion_matrix_table":{"_latest_artifact_path":"wandb-client-artifact://prhk496gex5p3aj5sfzf71339yrtdgm7pek66hns05obwl0o5f5ws0721ecc6rs6z5tax2y3bwhll4hyuz2dexockm6v68xjqtxkal3ko8rqe8t4yzlf1cgm84ery3c2:latest/stage_1_separableconvcnn/confusion_matrix_table.table.json","log_mode":"IMMUTABLE","ncols":3,"path":"media/table/stage_1_separableconvcnn/confusion_matrix_table_29_264d8a2cc7fa0fc6416d.table.json","sha256":"264d8a2cc7fa0fc6416d7f55a46ad8eede88e54f04892ddf784db4a8006ff627","artifact_path":"wandb-client-artifact://mo822m9llr6ntp9to02cxsjswmf1342el7c3lz84xzys82ha5urer9ngesgtygen1abkez9ss297c1580ixu1219b32063slya6uih41pqylhs3dgm2ztkqpdsxw1fu3/stage_1_separableconvcnn/confusion_matrix_table.table.json","_type":"table-file","size":2009,"nrows":64},"stage1_test_acc":82.14322514167955,"stage1/test_acc":82.14322514167955,"test_f1_macro":0.7151412945778614,"stage1/epoch":27,"stage1_test_f1":0.7151412945778614,"_step":29,"stage1/best_val_loss":0.3905246879318826,"stage1/train_loss":0.37482318881190485,"test_loss":0.5630992910145777,"best_val_loss":0.3905246879318826,"stage1/test_f1":0.7151412945778614,"stage1/lr":0.001,"stage1/purpose":"train baseline model","_timestamp":1.7753047823106177e+09,"stage1/val_acc":76.85851318944844}