{"stage2/block2_Pruned_%":62.5,"stage2_test_loss":0.5713492366572204,"model_param_count_dense":36868,"_runtime":53,"stage2/test_loss":0.5713492366572204,"stage3_test_f1":0.8930802246393289,"stage2/lr_gumbel":0.001,"stage":3,"stage2/train_loss":0.6973259028780089,"block2_Pruned_%":62.5,"stage1_test_f1":0.9162070276481109,"val_loss":0.23869292164145547,"stage1/test_f1":0.9162070276481109,"stage2/final_mask_keep_ratio_block3":0.359375,"stage2/raw_hard_mask_block4":"[1.0, 0.0, 0.0, 0.0, 1.0, 0.0, 0.0, 0.0, 0.0, 0.0, 0.0, 0.0, 1.0, 1.0, 0.0, 0.0, 1.0, 0.0, 1.0, 0.0, 1.0, 0.0, 1.0, 1.0, 0.0, 1.0, 0.0, 0.0, 0.0, 0.0, 0.0, 0.0, 0.0, 0.0, 0.0, 1.0, 0.0, 0.0, 0.0, 0.0, 0.0, 0.0, 0.0, 0.0, 0.0, 0.0, 1.0, 1.0, 0.0, 0.0, 1.0, 1.0, 0.0, 0.0, 1.0, 0.0, 0.0, 1.0, 1.0, 0.0, 0.0, 1.0, 0.0, 0.0, 0.0, 0.0, 1.0, 1.0, 1.0, 1.0, 0.0, 0.0, 0.0, 1.0, 0.0, 0.0, 0.0, 1.0, 1.0, 1.0, 0.0, 1.0, 1.0, 0.0, 1.0, 1.0, 1.0, 0.0, 1.0, 1.0, 1.0, 1.0, 0.0, 1.0, 1.0, 0.0, 1.0, 1.0, 0.0, 0.0, 0.0, 1.0, 1.0, 0.0, 0.0, 1.0, 0.0, 0.0, 1.0, 1.0, 0.0, 1.0, 1.0, 0.0, 1.0, 0.0, 1.0, 0.0, 1.0, 1.0, 1.0, 1.0, 0.0, 1.0, 0.0, 1.0, 1.0, 1.0]","stage2/val_loss":0.6037691593889783,"val_acc":91.90031152647975,"train_loss":0.24737175036915302,"stage1_test_loss":0.23018159522674345,"stage_1_separableconvcnn/confusion_matrix_table":{"size":1368,"path":"media/table/stage_1_separableconvcnn/confusion_matrix_table_1_dbaa27acdd290deac1c6.table.json","nrows":36,"_latest_artifact_path":"wandb-client-artifact://hr67menpxjy315gjvyzpvrf2q73rrmau5ys9zay2io1rckv8wyn1j3l7ut41h3kkmdogicnmsl847w6ftcl61oflb5pg6x8r366vnc1yt0vye9uq3bq9wgtqwj6rqcek:latest/stage_1_separableconvcnn/confusion_matrix_table.table.json","sha256":"dbaa27acdd290deac1c66e96bacda50b5885355b3f82be287fb4b98c928a4c5f","artifact_path":"wandb-client-artifact://ygadji20mhbgg7palry4sb05x5n77i55kup48pgihztcj5hz5mphdugk1rizup76cpoqan0jo6puf0xp5iz7j7bei4axxfblbwkqie2n6c98al0xfvogu6xoswqarvx5/stage_1_separableconvcnn/confusion_matrix_table.table.json","ncols":3,"log_mode":"IMMUTABLE","_type":"table-file"},"stage1/use_pretrain_model":false,"stage3_test_loss":0.30310465471770376,"best_val_loss":0.2253338165372282,"model_param_count":9442,"stage2/raw_hard_mask_block3":"[1.0, 0.0, 1.0, 1.0, 0.0, 0.0, 0.0, 0.0, 1.0, 1.0, 0.0, 0.0, 0.0, 0.0, 0.0, 1.0, 1.0, 1.0, 0.0, 0.0, 0.0, 1.0, 0.0, 0.0, 1.0, 0.0, 0.0, 0.0, 1.0, 1.0, 0.0, 0.0, 1.0, 1.0, 0.0, 0.0, 1.0, 1.0, 1.0, 1.0, 0.0, 0.0, 0.0, 1.0, 1.0, 1.0, 0.0, 1.0, 0.0, 1.0, 0.0, 0.0, 0.0, 0.0, 0.0, 0.0, 0.0, 0.0, 1.0, 0.0, 0.0, 0.0, 1.0, 0.0, 0.0, 0.0, 0.0, 0.0, 1.0, 0.0, 0.0, 0.0, 1.0, 0.0, 0.0, 1.0, 0.0, 0.0, 1.0, 0.0, 0.0, 1.0, 0.0, 0.0, 0.0, 1.0, 0.0, 1.0, 0.0, 1.0, 0.0, 1.0, 0.0, 0.0, 1.0, 1.0, 0.0, 0.0, 1.0, 0.0, 0.0, 0.0, 0.0, 1.0, 0.0, 0.0, 0.0, 1.0, 1.0, 0.0, 1.0, 0.0, 0.0, 0.0, 1.0, 0.0, 1.0, 0.0, 0.0, 1.0, 0.0, 0.0, 1.0, 1.0, 0.0, 0.0, 0.0, 0.0]","stage2/test_f1":0.7598992718754357,"model_param_reduction_pct":74.38971465769772,"stage2/val_acc":68.84735202492212,"stage2/mask_l1":0.39655041694641113,"stage2/best_epoch":58,"stage2_test_f1":0.7598992718754357,"_wandb":{"runtime":53},"block3_Pruned_%":64.0625,"epoch":60,"stage2/raw_hard_mask_block2":"[0.0, 0.0, 0.0, 1.0, 1.0, 1.0, 0.0, 0.0, 0.0, 1.0, 0.0, 0.0, 0.0, 1.0, 0.0, 1.0, 1.0, 1.0, 0.0, 0.0, 0.0, 0.0, 1.0, 1.0, 0.0, 0.0, 1.0, 0.0, 0.0, 0.0, 1.0, 0.0, 1.0, 0.0, 0.0, 0.0, 0.0, 1.0, 0.0, 0.0, 1.0, 1.0, 1.0, 0.0, 0.0, 0.0, 1.0, 1.0, 1.0, 0.0, 1.0, 0.0, 0.0, 1.0, 0.0, 1.0, 0.0, 0.0, 0.0, 0.0, 0.0, 1.0, 0.0, 0.0]","train_acc":89.75963589816527,"block4_Pruned_%":55.46875,"stage2/stage_number":2,"stage2/purpose":"train channel-pruning model with masking","stage2/epoch":60,"stage2/block4_Pruned_%":55.46875,"stage2/block3_Pruned_%":64.0625,"stage2/train_acc":66.93215758782534,"stage2_test_acc":75.39871055310485,"stage1_test_acc":91.58466236851035,"lr_loaded_weights":0.0001,"stage2/Total_Pruned_%":60.3125,"stage1/test_loss":0.23018159522674345,"stage_3_prunedseparableconvcnn/confusion_matrix_table":{"sha256":"f1b1aaccd3dd8a8396d709603b9ffe1cac31866a6825724d301df84c7fb147ca","artifact_path":"wandb-client-artifact://oci703cql4v524auf26jddrm2vai2dmoaoqzu8qipw47fptn8qmunt1tqwteflggpgitvgj4fqd42z9929oyrj9ed7h9q9wei81ndsbh9moazi0qbosh6530be5s8hnk/stage_3_prunedseparableconvcnn/confusion_matrix_table.table.json","size":1366,"_type":"table-file","nrows":36,"ncols":3,"log_mode":"IMMUTABLE","_latest_artifact_path":"wandb-client-artifact://fzr0qx89abnbyfrtdpnvj7gtscukpfo22v33ym0p23kv7dzfdi60tnzqphcxkfj0ybmdpgvxwi00hkz8b1lwozqojuizbnnvur4tz52s0j05l9dmld893n8ahguw8ld5:latest/stage_3_prunedseparableconvcnn/confusion_matrix_table.table.json","path":"media/table/stage_3_prunedseparableconvcnn/confusion_matrix_table_27_f1b1aaccd3dd8a8396d7.table.json"},"stage2/lr_backbone":0.0001,"stage2/best_val_loss":0.6033661762799666,"final_summary_log_path":"/home/qphan/master-thesis/models/uci_best_model_three_stage_channel_subject22_val_final_summary_val_22.txt","stage2/final_mask_keep_ratio_block2":0.375,"model_param_count_pruned":9442,"_timestamp":1.7758607825109062e+09,"stage2/final_mask_keep_ratio_block4":0.4453125,"stage2/test_acc":75.39871055310485,"stage1/test_acc":91.58466236851035,"Total_Pruned_%":60.3125,"_step":29,"stage3_test_acc":89.17543264336614}