{"stage":3,"stage_3_separableconvcnn/confusion_matrix_table":{"_latest_artifact_path":"wandb-client-artifact://etnbl2q28bpsqj3e1uyo63i4ij60026x2g5jbnwuhv23mh9cihpw4dj27e835vs8exfq6d85xbqpojoglo5xrw07cs02rl3cs9td5sjdqu1ow6vws6gpzaia49xwi6sa:latest/stage_3_separableconvcnn/confusion_matrix_table.table.json","artifact_path":"wandb-client-artifact://x2anj21f5cenhicy5vzn6lxjxp20md2jtcva3khpkzzcjbyyhux6t0jcduygawtnr8qtt9g4eq1p7wlictt4cej7kd13483hof38zgnyozu2j9zgodpirwmbkg3srgk8/stage_3_separableconvcnn/confusion_matrix_table.table.json","nrows":36,"log_mode":"IMMUTABLE","size":1367,"sha256":"24e78ea9fdbf046f12a4da99378d7124404ac7f49bd50fabe8994cf1f0b417e7","_type":"table-file","path":"media/table/stage_3_separableconvcnn/confusion_matrix_table_13_24e78ea9fdbf046f12a4.table.json","ncols":3},"lr_backbone":0.0001,"best_val_loss":0.18413014018275653,"stage1_test_loss":0.36175281142630955,"_step":14,"epoch":10,"stage2_test_f1":0.9185639049536434,"train_acc":94.76603612572892,"stage1_test_f1":0.8382917571746885,"stage1_test_acc":84.0176450627757,"stage2_test_acc":91.65252799457075,"stage3_test_loss":0.38330012209083225,"stage1/test_loss":0.36175281142630955,"train_loss":0.13345439696681566,"bin_keep_ratio":0.875,"stage1/test_f1":0.8382917571746885,"stage3_test_f1":0.8494065359899433,"stage2_hard_bin_mask_str":"[1.0, 1.0, 1.0, 1.0, 1.0, 1.0, 1.0, 1.0, 1.0, 1.0, 1.0, 1.0, 1.0, 1.0, 1.0, 1.0, 1.0, 1.0, 1.0, 1.0, 1.0, 1.0, 1.0, 1.0, 1.0, 1.0, 1.0, 1.0, 1.0, 1.0, 1.0, 1.0, 1.0, 1.0, 1.0, 1.0, 1.0, 1.0, 1.0, 1.0, 1.0, 1.0, 1.0, 1.0, 1.0, 1.0, 1.0, 1.0, 1.0, 1.0, 1.0, 1.0, 1.0, 1.0, 1.0, 1.0, 1.0, 1.0, 1.0, 1.0, 1.0, 1.0, 1.0, 1.0, 0.0, 0.0, 0.0, 0.0, 1.0, 1.0, 1.0, 0.0, 1.0, 1.0, 1.0, 1.0, 1.0, 1.0, 1.0, 1.0, 1.0, 1.0, 1.0, 0.0, 1.0, 1.0, 1.0, 1.0, 1.0, 0.0, 1.0, 1.0, 1.0, 1.0, 1.0, 1.0, 1.0, 1.0, 1.0, 1.0, 1.0, 1.0, 1.0, 0.0, 1.0, 1.0, 1.0, 1.0, 1.0, 1.0, 1.0, 1.0, 1.0, 1.0, 1.0, 0.0, 1.0, 1.0, 1.0, 1.0, 1.0, 0.0, 0.0, 0.0, 0.0, 0.0, 0.0, 0.0]","stage1/use_pretrain_model":false,"stage_1_separableconvcnn/confusion_matrix_table":{"artifact_path":"wandb-client-artifact://tyfl6w0ggoss42ckcove7mc2y8xhxrq927i5w5x4196lbdgvjrxhg0dpyam1hojdwzbugoj43xddq2s25p2x06b27swwya8xtrynpuc9esg9zwi7gz0et0vxy4jl3ir8/stage_1_separableconvcnn/confusion_matrix_table.table.json","size":1367,"sha256":"68f5254b6d00cbcd3f59fd1ef9e2389c9b20ef626d1e7033eccc4fe4bdc696c6","nrows":36,"_latest_artifact_path":"wandb-client-artifact://194kef5v5pf0njk6r2xmkn6u10l5kprkwy8namnbtd7sk3i292yvgvhhcr7g1gjk4k2r7lsof9e5j283inderl8kxo11cs1q8ozv81pe5uv4hi9wkecxr23n3jtyrk6h:latest/stage_1_separableconvcnn/confusion_matrix_table.table.json","ncols":3,"_type":"table-file","log_mode":"IMMUTABLE","path":"media/table/stage_1_separableconvcnn/confusion_matrix_table_1_68f5254b6d00cbcd3f59.table.json"},"lr_gumbel_bin":0.001,"mask_l1":0.8515625,"stage3_test_acc":84.1194435018663,"val_acc":72.27414330218069,"_timestamp":1.7757732817155063e+09,"stage2_test_loss":0.24656312217817739,"_wandb":{"runtime":26},"lr":0.001,"val_loss":1.115755455516209,"stage1/test_acc":84.0176450627757,"_runtime":26}