{"stage2/best_val_loss":0.666422271663374,"stage2_test_loss":0.7520633129146166,"stage2/val_loss":0.7021508513252592,"stage3_test_loss":0.76655205509297,"stage2/stage_number":2,"stage1/use_pretrain_model":false,"stage2/test_loss":0.7520633129146166,"model_param_reduction_pct":66.78691548226104,"stage1/test_f1":0.6590848048703898,"stage2/lr_backbone":0.0001,"stage_3_prunedseparableconvcnn/confusion_matrix_table":{"path":"media/table/stage_3_prunedseparableconvcnn/confusion_matrix_table_10_288bc9f418e80c1be948.table.json","size":1368,"artifact_path":"wandb-client-artifact://vycy95u74eo46g2w3q6jey8klec5xp8ts01mxqbxgvxosuoexdn87r9gz3ufrvqfrs0lluqt24m8w2qachziwxpurutiz17woyhiv3f0bbs2xvwy97sct6jtixjgauc9/stage_3_prunedseparableconvcnn/confusion_matrix_table.table.json","_type":"table-file","sha256":"288bc9f418e80c1be9487820a2aad27c8bd001bdb83b9a9f238f3ed4ac1a4192","nrows":36,"log_mode":"IMMUTABLE","_latest_artifact_path":"wandb-client-artifact://vt570hhps18bnzd7zxns5oq1uvziw7uwrskewx6t6ryhck5t77m8puhcxxmjdo6h7d8ds24s4vk0tjfv0wphbbqy5eu2y7sy6rz3a8gekpfxn4a1o2mc4ascexk65io0:latest/stage_3_prunedseparableconvcnn/confusion_matrix_table.table.json","ncols":3},"train_acc":77.69825365015745,"stage2/raw_hard_mask_block4":"[1.0, 1.0, 1.0, 1.0, 1.0, 1.0, 1.0, 1.0, 1.0, 1.0, 1.0, 1.0, 0.0, 1.0, 0.0, 1.0, 1.0, 1.0, 0.0, 1.0, 1.0, 1.0, 0.0, 1.0, 1.0, 0.0, 1.0, 1.0, 1.0, 1.0, 0.0, 0.0, 1.0, 1.0, 1.0, 1.0, 1.0, 1.0, 1.0, 1.0, 1.0, 0.0, 1.0, 1.0, 1.0, 1.0, 0.0, 0.0, 1.0, 1.0, 1.0, 0.0, 1.0, 1.0, 1.0, 1.0, 1.0, 1.0, 1.0, 0.0, 1.0, 0.0, 0.0, 1.0, 1.0, 1.0, 0.0, 1.0, 1.0, 1.0, 1.0, 1.0, 1.0, 1.0, 1.0, 0.0, 0.0, 0.0, 1.0, 1.0, 1.0, 1.0, 0.0, 0.0, 1.0, 0.0, 0.0, 1.0, 0.0, 1.0, 1.0, 1.0, 1.0, 1.0, 1.0, 1.0, 1.0, 0.0, 0.0, 1.0, 0.0, 1.0, 1.0, 1.0, 1.0, 1.0, 1.0, 1.0, 1.0, 1.0, 1.0, 1.0, 1.0, 1.0, 1.0, 1.0, 1.0, 1.0, 1.0, 1.0, 1.0, 1.0, 1.0, 0.0, 0.0, 1.0, 1.0, 1.0]","epoch":10,"block2_Pruned_%":67.1875,"_timestamp":1.7758721972746537e+09,"stage1/test_acc":68.00135731252121,"stage1_test_loss":0.618815944941849,"stage2/final_mask_keep_ratio_block3":0.25,"stage2/lr_gumbel":0.001,"block4_Pruned_%":21.875,"_wandb":{"runtime":21},"stage2/Total_Pruned_%":52.1875,"stage2/train_acc":64.1425708559977,"model_param_count":12245,"model_param_count_pruned":12245,"stage2/block2_Pruned_%":67.1875,"stage2/mask_l1":0.45712703466415405,"val_loss":1.0003033374828068,"train_loss":0.42521305644611146,"stage2/final_mask_keep_ratio_block4":0.78125,"stage2/epoch":25,"stage_1_separableconvcnn/confusion_matrix_table":{"nrows":36,"artifact_path":"wandb-client-artifact://wwahzkmdd12e3k4nz7v5t0nohv99wjexnrxp53px9twhvhhs8qchouph2hjsjw3mkujky9n9nctl1kabbjbvjjlrdyrjfz8v7fp6d08kme4ql8oqlj9kp8gptjry05cr/stage_1_separableconvcnn/confusion_matrix_table.table.json","path":"media/table/stage_1_separableconvcnn/confusion_matrix_table_1_b67f3fa1745bd39b788a.table.json","sha256":"b67f3fa1745bd39b788a90d2420bc5303bab6fc67e8638c290e0a2d2210940a7","_latest_artifact_path":"wandb-client-artifact://u58l2mk7uvdd7txxat3ql6ely4nq4a7ym4wn7m9t024ilai3ap0wtdw4kcflkltkkhn4tnamo5vxtsbkwqrwu1sh0n7p6jhb1ij20kd15imn60mcrrtulxzxwqko7g0f:latest/stage_1_separableconvcnn/confusion_matrix_table.table.json","log_mode":"IMMUTABLE","_type":"table-file","ncols":3,"size":1367},"stage2/block3_Pruned_%":75,"stage3_test_f1":0.6364104158533533,"stage2/train_loss":0.8857826117693849,"stage2/best_epoch":18,"stage1/test_loss":0.618815944941849,"stage2/val_acc":57.10382513661202,"stage2/raw_hard_mask_block2":"[1.0, 1.0, 1.0, 0.0, 0.0, 0.0, 0.0, 0.0, 1.0, 1.0, 1.0, 1.0, 0.0, 0.0, 1.0, 0.0, 0.0, 0.0, 0.0, 0.0, 0.0, 0.0, 1.0, 1.0, 0.0, 0.0, 0.0, 1.0, 1.0, 0.0, 0.0, 1.0, 0.0, 0.0, 1.0, 0.0, 0.0, 1.0, 0.0, 0.0, 0.0, 0.0, 0.0, 1.0, 0.0, 0.0, 0.0, 0.0, 0.0, 0.0, 0.0, 0.0, 1.0, 0.0, 0.0, 1.0, 0.0, 1.0, 0.0, 1.0, 0.0, 0.0, 1.0, 0.0]","_runtime":21,"stage3_test_acc":66.3386494740414,"stage2/test_acc":63.62402443162538,"stage2/test_f1":0.6159753088990841,"best_val_loss":0.7255177823572211,"stage2_test_f1":0.6159753088990841,"_step":12,"Total_Pruned_%":52.1875,"stage2/final_mask_keep_ratio_block2":0.328125,"model_param_count_dense":36868,"lr_loaded_weights":0.0001,"stage1_test_acc":68.00135731252121,"stage2/raw_hard_mask_block3":"[0.0, 1.0, 0.0, 0.0, 1.0, 0.0, 0.0, 1.0, 0.0, 0.0, 0.0, 0.0, 0.0, 0.0, 0.0, 0.0, 1.0, 0.0, 0.0, 0.0, 0.0, 0.0, 0.0, 0.0, 0.0, 0.0, 0.0, 0.0, 0.0, 0.0, 0.0, 0.0, 0.0, 1.0, 0.0, 0.0, 0.0, 0.0, 1.0, 1.0, 0.0, 1.0, 1.0, 0.0, 0.0, 0.0, 0.0, 0.0, 1.0, 0.0, 0.0, 0.0, 0.0, 1.0, 0.0, 1.0, 0.0, 0.0, 0.0, 1.0, 0.0, 0.0, 0.0, 0.0, 1.0, 0.0, 0.0, 0.0, 1.0, 0.0, 0.0, 1.0, 0.0, 0.0, 0.0, 0.0, 0.0, 1.0, 1.0, 1.0, 0.0, 0.0, 0.0, 1.0, 0.0, 0.0, 1.0, 0.0, 0.0, 0.0, 0.0, 0.0, 1.0, 0.0, 0.0, 0.0, 0.0, 0.0, 0.0, 0.0, 0.0, 0.0, 1.0, 0.0, 0.0, 0.0, 0.0, 1.0, 1.0, 1.0, 0.0, 0.0, 0.0, 0.0, 1.0, 1.0, 0.0, 0.0, 0.0, 1.0, 1.0, 0.0, 1.0, 0.0, 1.0, 0.0, 0.0, 0.0]","val_acc":52.73224043715847,"final_summary_log_path":"/home/qphan/master-thesis/models/uci_best_model_three_stage_channel_subject16_val_final_summary_val_16.txt","stage2/block4_Pruned_%":21.875,"stage1_test_f1":0.6590848048703898,"stage2_test_acc":63.62402443162538,"stage":3,"block3_Pruned_%":75,"stage2/purpose":"train channel-pruning model with masking"}