{"stage3_test_acc":81.02009273570324,"stage1_test_f1":0.7390276717721429,"_wandb":{"runtime":197},"lr_backbone":0.0001,"stage1_test_acc":83.04997424008243,"stage2_test_f1":0.7268733867633583,"_timestamp":1.7764618438145688e+09,"val_loss":0.919770256832128,"_step":10,"stage2_test_acc":82.64811952601751,"epoch":15,"bin_keep_ratio":0.46000000834465027,"stage_1_separableconvcnn/confusion_matrix_table":{"nrows":64,"artifact_path":"wandb-client-artifact://l8eyg9akui0e16cqnx60n0gwbxt8rji1ai9eiy347h0cez7ferrrp60nl8saggzkdjtuz0p8k0braykzb3rtawy0bpov7nc00k8zhh7h52fa04pykw4exc951b55355c/stage_1_separableconvcnn/confusion_matrix_table.table.json","ncols":3,"size":2011,"path":"media/table/stage_1_separableconvcnn/confusion_matrix_table_0_99de3e976081bc787863.table.json","sha256":"99de3e976081bc787863344b04ea904379682cdd031d63c040adb9c4a3ab9dac","_latest_artifact_path":"wandb-client-artifact://mrlv465unnhr84x0uezj05levssgnnovzju1nreawrk9jzm7qodp594juyr11iiq44ychbvtrah3i9a5ae112am6j9v6qbawbnrzsa6ke1z2b4btwmekjpl048p1ai4w:latest/stage_1_separableconvcnn/confusion_matrix_table.table.json","log_mode":"IMMUTABLE","_type":"table-file"},"stage1_test_loss":0.5744274278161524,"stage2_test_loss":0.5841710964448094,"train_acc":71.96925357992899,"lr":0.001,"lr_gumbel_bin":0.001,"stage3_test_f1":0.7204811891812888,"stage":3,"stage3_test_loss":0.6157634078872873,"_runtime":197,"stage_3_separableconvcnn/confusion_matrix_table":{"sha256":"665df50288bd51731465f35e1156e9ff13d87cd4dc6e73b62707b8c54596b630","nrows":64,"size":2011,"log_mode":"IMMUTABLE","path":"media/table/stage_3_separableconvcnn/confusion_matrix_table_9_665df50288bd51731465.table.json","_latest_artifact_path":"wandb-client-artifact://iykorgdbmnbyo5092oj8x76tljxmcp5kiv2qvdp5lv8xxg80hwes3bc498sfri6lbe4bltcqiq1crf5mrqq12xksroygatlhkjjokhm9r6ocz7g32eatnc47lrwfmxd4:latest/stage_3_separableconvcnn/confusion_matrix_table.table.json","artifact_path":"wandb-client-artifact://7rgz3mc19rppoywbzu4zbrxm6z7u869l4s3weq4ph0ei9a4inivfpomway8swxiydlhuap04pjcmxazlqwucuxje6onnsyz9u0zdprlbhw45m3o9z633qwfnd6t0lu41/stage_3_separableconvcnn/confusion_matrix_table.table.json","ncols":3,"_type":"table-file"},"mask_l1":0.4000000059604645,"val_acc":68.93291310220621,"best_val_loss":0.7820355866954757,"stage2_hard_bin_mask_str":"[0.0, 1.0, 1.0, 1.0, 1.0, 1.0, 1.0, 1.0, 1.0, 1.0, 1.0, 1.0, 1.0, 1.0, 1.0, 1.0, 1.0, 1.0, 1.0, 1.0, 1.0, 1.0, 1.0, 1.0, 1.0, 1.0, 1.0, 1.0, 1.0, 1.0, 1.0, 1.0, 1.0, 1.0, 1.0, 1.0, 1.0, 1.0, 1.0, 1.0, 1.0, 1.0, 1.0, 1.0, 0.0, 1.0, 0.0, 1.0, 0.0, 1.0, 0.0, 0.0, 0.0, 0.0, 0.0, 0.0, 0.0, 0.0, 0.0, 0.0, 0.0, 0.0, 0.0, 0.0, 0.0, 0.0, 0.0, 0.0, 0.0, 0.0, 0.0, 0.0, 0.0, 0.0, 0.0, 0.0, 0.0, 0.0, 0.0, 0.0, 0.0, 0.0, 0.0, 0.0, 0.0, 0.0, 0.0, 0.0, 0.0, 0.0, 0.0, 0.0, 0.0, 0.0, 0.0, 0.0, 0.0, 0.0, 0.0, 0.0]","train_loss":0.43646883515800183}