{"stage1/use_pretrain_model":false,"stage1_test_f1":0.9112220300697073,"stage2/test_acc":58.16084153376315,"stage2/train_acc":61.01719197707737,"stage2/test_f1":0.5794916095540544,"stage2/stage_number":2,"Total_Pruned_%":78.125,"stage2/lr_gumbel":0.001,"val_loss":0.292748554294268,"stage1/test_loss":0.3138910028403248,"stage2/raw_hard_mask_block3":"[0.0, 0.0, 0.0, 0.0, 1.0, 0.0, 0.0, 0.0, 0.0, 0.0, 1.0, 1.0, 0.0, 0.0, 0.0, 0.0, 0.0, 0.0, 0.0, 1.0, 0.0, 1.0, 1.0, 0.0, 0.0, 1.0, 0.0, 0.0, 0.0, 0.0, 0.0, 0.0, 0.0, 0.0, 1.0, 0.0, 1.0, 0.0, 0.0, 1.0, 0.0, 0.0, 0.0, 0.0, 1.0, 0.0, 0.0, 0.0, 0.0, 0.0, 1.0, 0.0, 0.0, 0.0, 1.0, 0.0, 0.0, 1.0, 0.0, 0.0, 0.0, 0.0, 0.0, 1.0, 0.0, 0.0, 0.0, 1.0, 1.0, 0.0, 0.0, 0.0, 1.0, 0.0, 0.0, 0.0, 0.0, 0.0, 0.0, 0.0, 0.0, 1.0, 0.0, 0.0, 0.0, 0.0, 0.0, 0.0, 0.0, 0.0, 0.0, 0.0, 1.0, 0.0, 0.0, 0.0, 0.0, 1.0, 0.0, 0.0, 0.0, 0.0, 0.0, 1.0, 0.0, 0.0, 0.0, 1.0, 0.0, 0.0, 0.0, 1.0, 0.0, 0.0, 0.0, 0.0, 0.0, 0.0, 0.0, 0.0, 0.0, 0.0, 0.0, 0.0, 1.0, 1.0, 0.0, 1.0]","stage2/val_acc":58.333333333333336,"train_acc":78.0945558739255,"stage2/final_mask_keep_ratio_block4":0.21875,"stage2/lr_backbone":0.0001,"stage2_test_acc":58.16084153376315,"stage2/block3_Pruned_%":78.90625,"stage2/best_epoch":31,"train_loss":0.4182007804641068,"stage2/Total_Pruned_%":78.125,"stage2/epoch":40,"model_param_count_pruned":4535,"block3_Pruned_%":78.90625,"stage2/purpose":"train channel-pruning model with masking","model_param_reduction_pct":87.69935987848541,"stage2_test_loss":0.6506242230180607,"stage2/block4_Pruned_%":78.125,"final_summary_log_path":"/home/qphan/master-thesis/models/uci_best_model_three_stage_channel_subject23_val_final_summary_val_23.txt","_step":25,"stage1/test_acc":91.00780454699695,"stage2/raw_hard_mask_block2":"[0.0, 1.0, 0.0, 0.0, 0.0, 1.0, 0.0, 1.0, 0.0, 0.0, 1.0, 0.0, 0.0, 0.0, 1.0, 0.0, 0.0, 0.0, 0.0, 1.0, 0.0, 0.0, 1.0, 0.0, 1.0, 0.0, 1.0, 0.0, 0.0, 0.0, 1.0, 0.0, 1.0, 0.0, 0.0, 0.0, 0.0, 0.0, 0.0, 0.0, 1.0, 1.0, 0.0, 0.0, 0.0, 1.0, 0.0, 0.0, 0.0, 0.0, 0.0, 0.0, 0.0, 0.0, 1.0, 0.0, 0.0, 0.0, 0.0, 0.0, 0.0, 0.0, 0.0, 0.0]","best_val_loss":0.292748554294268,"stage2/final_mask_keep_ratio_block3":0.2109375,"block4_Pruned_%":78.125,"block2_Pruned_%":76.5625,"stage2/final_mask_keep_ratio_block2":0.234375,"stage":3,"stage3_test_f1":0.8305735859320049,"stage2/train_loss":1.0112360366777569,"stage1_test_acc":91.00780454699695,"_runtime":45,"stage_3_prunedseparableconvcnn/confusion_matrix_table":{"size":1369,"path":"media/table/stage_3_prunedseparableconvcnn/confusion_matrix_table_23_943068e3cdf8792daf57.table.json","log_mode":"IMMUTABLE","nrows":36,"artifact_path":"wandb-client-artifact://g00jrlrleleqvhmtt9vklc0hhb02vj6c8wfow735xx8gjbof3dwc7rds0qfm08q2ssmjg32zg25un03m4eb02gu4vhrf116hcnfg8ho3dxclftb5vpvaxh8feegqxn28/stage_3_prunedseparableconvcnn/confusion_matrix_table.table.json","_latest_artifact_path":"wandb-client-artifact://no4jz9iuvzuel4eie93yk7huu4nsb5a0j6z28wcb0eqkavenbmh6bwxrng2p5bitv0q2aetax3idf4iuiz3qyli4canq7vafara19t1spapk3l4i94qx6tmcsnl79otn:latest/stage_3_prunedseparableconvcnn/confusion_matrix_table.table.json","ncols":3,"_type":"table-file","sha256":"943068e3cdf8792daf574ab0ec1b03c47a5d707bf2e2dad989ca0037a7796abd"},"stage2/best_val_loss":0.6261209120187828,"stage2/mask_l1":0.36998099088668823,"stage2/raw_hard_mask_block4":"[0.0, 0.0, 0.0, 0.0, 0.0, 0.0, 0.0, 0.0, 0.0, 1.0, 1.0, 0.0, 0.0, 0.0, 0.0, 0.0, 0.0, 0.0, 0.0, 1.0, 0.0, 0.0, 0.0, 0.0, 0.0, 1.0, 0.0, 0.0, 1.0, 0.0, 1.0, 0.0, 0.0, 0.0, 1.0, 0.0, 1.0, 0.0, 0.0, 0.0, 0.0, 0.0, 0.0, 0.0, 0.0, 0.0, 0.0, 0.0, 0.0, 0.0, 1.0, 0.0, 0.0, 0.0, 0.0, 0.0, 0.0, 1.0, 0.0, 0.0, 0.0, 0.0, 1.0, 1.0, 0.0, 1.0, 0.0, 0.0, 0.0, 0.0, 0.0, 0.0, 1.0, 0.0, 0.0, 0.0, 1.0, 1.0, 0.0, 0.0, 0.0, 0.0, 0.0, 0.0, 0.0, 0.0, 0.0, 1.0, 0.0, 1.0, 0.0, 0.0, 0.0, 0.0, 0.0, 0.0, 0.0, 0.0, 1.0, 0.0, 0.0, 0.0, 1.0, 0.0, 0.0, 0.0, 0.0, 1.0, 1.0, 0.0, 0.0, 0.0, 0.0, 0.0, 1.0, 0.0, 1.0, 0.0, 1.0, 1.0, 0.0, 0.0, 0.0, 0.0, 1.0, 0.0, 1.0, 0.0]","val_acc":91.12903225806451,"lr_loaded_weights":0.0001,"stage_1_separableconvcnn/confusion_matrix_table":{"_latest_artifact_path":"wandb-client-artifact://mquj0yyd1g16wqjxupl17jrnieqhvrigrsw1d25tbhegur83xxb21fvko1tx0myuhqhspklyinkx3mbei3t8ko1sph4tg6k9jq77vaihzx1s9iegwjk39xglgsrluseo:latest/stage_1_separableconvcnn/confusion_matrix_table.table.json","size":1366,"ncols":3,"artifact_path":"wandb-client-artifact://mif6oivf5g4pmr8tz46l99jv79o9bo7pu1wf0onaxvbuasujl7z7b9u81yxwwedzgpqwxqe4x9j7x688gw8eqnjqbe9qs9c5j1dsafnspmjq9vqngq68did23kdxa2zt/stage_1_separableconvcnn/confusion_matrix_table.table.json","_type":"table-file","log_mode":"IMMUTABLE","sha256":"612eaba306bb362fe266aab7a99e3b1cbce6c2c772a585b6cc22a7fa85cdba0f","nrows":36,"path":"media/table/stage_1_separableconvcnn/confusion_matrix_table_1_612eaba306bb362fe266.table.json"},"stage3_test_loss":0.4231398272047647,"_wandb":{"runtime":45},"model_param_count":4535,"model_param_count_dense":36868,"epoch":60,"stage2_test_f1":0.5794916095540544,"stage2/block2_Pruned_%":76.5625,"stage1_test_loss":0.3138910028403248,"stage1/test_f1":0.9112220300697073,"stage2/test_loss":0.6506242230180607,"_timestamp":1.7758754031373312e+09,"stage2/val_loss":0.6683130656163739,"stage3_test_acc":82.4906684764167}