{"val_acc":84.75073313782991,"train_loss":0.09392929655256531,"val_loss":0.5052090436657153,"stage3_test_loss":0.45183389988954775,"lr_backbone":0.0001,"train_acc":96.23448866067608,"stage1/test_loss":0.4559599839993571,"stage_1_separableconvcnn/confusion_matrix_table":{"nrows":36,"log_mode":"IMMUTABLE","_latest_artifact_path":"wandb-client-artifact://wm58b1adcasj7zd9hqexoe2la4svm0bie3lc3emos27pdwubgsxyyn3uh05v6zu940r42jkjeo3s7oysfpbdb38a9ang0xovwygbc0wtw0pb2skuz7orrutvtkcgikkc:latest/stage_1_separableconvcnn/confusion_matrix_table.table.json","_type":"table-file","size":1368,"sha256":"02c5a6fac2b98a2cce23216035c71184f8282e95afab8b7a4923ed0654b10cea","ncols":3,"artifact_path":"wandb-client-artifact://qzuctw16zye4myqynvfrbqzosjzvooanqlwhtj77c0psyi3v5q7a7j106a4gyx1ioikfo30h52f4o6uwo1mn4zv2d98wm8ursky87fe6f5b50su9dua0358loxa4megy/stage_1_separableconvcnn/confusion_matrix_table.table.json","path":"media/table/stage_1_separableconvcnn/confusion_matrix_table_1_02c5a6fac2b98a2cce23.table.json"},"stage1_test_f1":0.8992012196111356,"bin_keep_ratio":0.3984375,"stage1/test_f1":0.8992012196111356,"stage_3_separableconvcnn/confusion_matrix_table":{"artifact_path":"wandb-client-artifact://znaps0a4agwasajii3eccj39uu9pt7ajzji9oj14tw8gvgcc6ycxe95rgl7zobxxdo1t9473aykeqanh6mhoq9xshhbahyy073zyxhmur2gkvvnkokzoaro7ww36cq2n/stage_3_separableconvcnn/confusion_matrix_table.table.json","_type":"table-file","nrows":36,"_latest_artifact_path":"wandb-client-artifact://qd8s75v8qxfoezl8zkpjo26a8p7ze7muecrokhkygx27n8mvnew4gqb8e2chxp4oikw94d9r5pm2wq8y20xvn29cc4lham1mo0y4wd3jv1gwyuydem8e1kmshgzfzi93:latest/stage_3_separableconvcnn/confusion_matrix_table.table.json","size":1369,"log_mode":"IMMUTABLE","sha256":"2b219fa97a4529a13e08c7b28000f940659a0417fb2142786b53e7d01b8f3279","path":"media/table/stage_3_separableconvcnn/confusion_matrix_table_8_2b219fa97a4529a13e08.table.json","ncols":3},"stage1_test_loss":0.4559599839993571,"stage3_test_acc":88.39497794367153,"stage2_test_loss":0.5288220433480725,"lr":0.001,"stage1_test_acc":89.85408890397014,"stage2_test_f1":0.863532116394076,"stage":3,"epoch":20,"_step":9,"best_val_loss":0.29052695966273806,"_timestamp":1.7764300791331918e+09,"stage3_test_f1":0.8864132520148124,"stage1/test_acc":89.85408890397014,"lr_gumbel_bin":0.001,"stage1/use_pretrain_model":false,"mask_l1":0.21875,"_wandb":{"runtime":16},"stage2_hard_bin_mask_str":"[0.0, 0.0, 1.0, 1.0, 0.0, 0.0, 0.0, 1.0, 1.0, 1.0, 1.0, 1.0, 0.0, 1.0, 1.0, 1.0, 1.0, 1.0, 1.0, 1.0, 1.0, 1.0, 1.0, 1.0, 1.0, 1.0, 1.0, 1.0, 1.0, 1.0, 1.0, 1.0, 1.0, 0.0, 0.0, 1.0, 1.0, 1.0, 1.0, 1.0, 1.0, 1.0, 1.0, 1.0, 1.0, 1.0, 1.0, 1.0, 1.0, 1.0, 1.0, 1.0, 1.0, 1.0, 1.0, 0.0, 1.0, 1.0, 1.0, 1.0, 0.0, 0.0, 0.0, 0.0, 0.0, 0.0, 0.0, 0.0, 0.0, 0.0, 0.0, 0.0, 0.0, 0.0, 0.0, 0.0, 0.0, 0.0, 0.0, 0.0, 0.0, 0.0, 0.0, 0.0, 0.0, 0.0, 0.0, 0.0, 0.0, 0.0, 0.0, 0.0, 0.0, 0.0, 0.0, 0.0, 0.0, 0.0, 0.0, 0.0, 0.0, 0.0, 0.0, 0.0, 0.0, 0.0, 0.0, 0.0, 0.0, 0.0, 0.0, 0.0, 0.0, 0.0, 0.0, 0.0, 0.0, 0.0, 0.0, 0.0, 0.0, 0.0, 0.0, 0.0, 0.0, 0.0, 0.0, 0.0]","stage2_test_acc":86.15541228367832,"_runtime":16}