{"stage2_test_acc":86.05361384458772,"stage1/test_loss":0.333903368065058,"stage3_test_acc":88.80217170003394,"lr_gumbel_bin":0.001,"stage2_test_f1":0.8593784027507613,"stage":3,"_runtime":14,"_timestamp":1.7757661078727884e+09,"epoch":20,"stage1_test_loss":0.333903368065058,"train_acc":96.55960028551036,"val_acc":91.64265129682997,"val_loss":0.27497926449956056,"train_loss":0.08308614250019905,"stage1_test_f1":0.8970913604633416,"stage3_test_loss":0.3752799760795673,"stage1_test_acc":89.71835765184935,"stage2_test_loss":0.44899209776816146,"stage2_hard_bin_mask_str":"[1.0, 1.0, 1.0, 1.0, 1.0, 1.0, 1.0, 1.0, 1.0, 1.0, 1.0, 1.0, 1.0, 1.0, 1.0, 1.0, 1.0, 1.0, 0.0, 1.0, 0.0, 1.0, 1.0, 1.0, 1.0, 0.0, 0.0, 0.0, 1.0, 0.0, 1.0, 1.0, 0.0, 1.0, 0.0, 1.0, 1.0, 1.0, 0.0, 0.0, 1.0, 1.0, 1.0, 0.0, 1.0, 1.0, 1.0, 1.0, 1.0, 1.0, 1.0, 0.0, 0.0, 1.0, 0.0, 1.0, 0.0, 0.0, 0.0, 1.0, 1.0, 1.0, 1.0, 1.0, 0.0]","stage3_test_f1":0.8884680543810942,"lr":0.001,"stage1/test_f1":0.8970913604633416,"lr_backbone":0.0001,"bin_keep_ratio":0.7230769395828247,"stage1/test_acc":89.71835765184935,"stage_3_separableconvcnn/confusion_matrix_table":{"_type":"table-file","ncols":3,"nrows":36,"sha256":"9d71841c4c045cdf6cd34095e5a893b5ed3cde1724f9df3cabd6627317aa46a8","size":1367,"_latest_artifact_path":"wandb-client-artifact://xtlfkezlas8cyvs4xlx1qt5hosy0xkfnoq9l2u5c7nb910todv69rrse95goq14ls8kubq6wmgr9fjqqw9j46k80m6jo6u3vwlbxfbinkbevwgeokmyk81m81cdns161:latest/stage_3_separableconvcnn/confusion_matrix_table.table.json","artifact_path":"wandb-client-artifact://kzfe4gd77dl35c23bwem6ic5lsv77btzwqea3nmtzhvlux8gcf6kqcft6wjsmmc6vysu2sxmya1zmu8hy56mxx0nuu208nmj9jjb100hsl399k3f50y6posx6014y9lx/stage_3_separableconvcnn/confusion_matrix_table.table.json","path":"media/table/stage_3_separableconvcnn/confusion_matrix_table_8_9d71841c4c045cdf6cd3.table.json","log_mode":"IMMUTABLE"},"mask_l1":0.7076922655105591,"best_val_loss":0.18495644598673244,"stage1/use_pretrain_model":false,"_step":9,"stage_1_separableconvcnn/confusion_matrix_table":{"ncols":3,"artifact_path":"wandb-client-artifact://pili75d8xbn52bo9gxk89t7ztky4qldwamvt84ajd0k1r4yi03koni0nqnwezl39ppc96u1y6gdz3rz8c3zetbilejcoow2q2fgv8xdq84pry4axowneutlhkav8g3kk/stage_1_separableconvcnn/confusion_matrix_table.table.json","size":1366,"path":"media/table/stage_1_separableconvcnn/confusion_matrix_table_1_afe147d38f01e1852de8.table.json","_latest_artifact_path":"wandb-client-artifact://ky2eosx1uiusqgb5grhozvlu437wahjx1wr0x87f151r8kiepajaruyzve4if05f64vf5bhc9ypkqib4n77bujg8l11kz6s8dla0jhe3u6or8tetmx9ksy3afjxel0oi:latest/stage_1_separableconvcnn/confusion_matrix_table.table.json","_type":"table-file","sha256":"afe147d38f01e1852de86fb6603c33be46cdb43576857b41a32c382468e7b269","nrows":36,"log_mode":"IMMUTABLE"},"_wandb":{"runtime":14}}