{"val_loss":0.5958624124176024,"lr_gumbel_bin":0.001,"stage1/use_pretrain_model":false,"stage1_test_acc":89.85408890397014,"_timestamp":1.7764271753117678e+09,"epoch":15,"bin_keep_ratio":0.4375,"stage_1_separableconvcnn/confusion_matrix_table":{"path":"media/table/stage_1_separableconvcnn/confusion_matrix_table_1_02c5a6fac2b98a2cce23.table.json","sha256":"02c5a6fac2b98a2cce23216035c71184f8282e95afab8b7a4923ed0654b10cea","log_mode":"IMMUTABLE","_latest_artifact_path":"wandb-client-artifact://0damitom94rrtrroisjme1qe2sesq9vo58a6m97p983ajh4s9lwy9u4rm9fhsnmb522ambsx2qc2qczx1tomftfgm8v480b2vzlqebks2q0skptsb8q2rf2iqhmkvsx2:latest/stage_1_separableconvcnn/confusion_matrix_table.table.json","artifact_path":"wandb-client-artifact://o6a1gr8griugpa6brb6ha2j069aejdk20nmhjbu0zvwbts5k42e9r6n9a97yfm3ty2m5z41hfex9e3c8n2pf27m5sjgmfki6ace9qcx1thkgnb9qhfiljgtfsqujyj21/stage_1_separableconvcnn/confusion_matrix_table.table.json","nrows":36,"ncols":3,"size":1368,"_type":"table-file"},"stage":3,"stage3_test_loss":0.5050142595911769,"mask_l1":0.234375,"_step":8,"train_acc":95.54985023534446,"stage1/test_f1":0.8992012196111356,"stage1/test_loss":0.4559599839993571,"lr":0.001,"_runtime":15,"best_val_loss":0.2172591293454607,"stage2_test_f1":0.890785125215432,"_wandb":{"runtime":15},"stage_3_separableconvcnn/confusion_matrix_table":{"_type":"table-file","size":1369,"path":"media/table/stage_3_separableconvcnn/confusion_matrix_table_7_fcc718b72a300844d503.table.json","nrows":36,"ncols":3,"_latest_artifact_path":"wandb-client-artifact://2y1l6megjz03noi39crpuq96d85usqmob0hy1hl9eaworb78pc8hgmli2qak52kjwwalm16tgv45kxprdyr8imr4keanhzihr0p6y6pinonsge9vgajc5m497l65c99h:latest/stage_3_separableconvcnn/confusion_matrix_table.table.json","artifact_path":"wandb-client-artifact://jyxwavhp19intgrplz75711wcwd4et5hd9a818f580r8kr04r10avcvz2g2t7ysmopaot8u8e82tlaqx1azusmrk791yqs7xm3q6xs0l64m94pkk3e32v9q8c0x9cwuy/stage_3_separableconvcnn/confusion_matrix_table.table.json","log_mode":"IMMUTABLE","sha256":"fcc718b72a300844d503a557d8fbcbba5d153dbf2bf053c4c14ee1b775329ea2"},"stage3_test_f1":0.8958932567346792,"train_loss":0.10259427199935356,"stage2_test_loss":0.4722197116445845,"stage2_hard_bin_mask_str":"[0.0, 0.0, 0.0, 0.0, 1.0, 1.0, 1.0, 1.0, 1.0, 1.0, 1.0, 1.0, 1.0, 1.0, 1.0, 1.0, 1.0, 1.0, 1.0, 1.0, 1.0, 1.0, 1.0, 1.0, 0.0, 1.0, 1.0, 1.0, 1.0, 1.0, 1.0, 1.0, 1.0, 1.0, 1.0, 1.0, 1.0, 1.0, 1.0, 1.0, 1.0, 1.0, 1.0, 1.0, 1.0, 1.0, 1.0, 1.0, 1.0, 1.0, 1.0, 1.0, 1.0, 1.0, 1.0, 1.0, 1.0, 1.0, 0.0, 1.0, 1.0, 0.0, 0.0, 1.0, 0.0, 0.0, 0.0, 0.0, 0.0, 0.0, 0.0, 0.0, 0.0, 0.0, 0.0, 0.0, 0.0, 0.0, 0.0, 0.0, 0.0, 0.0, 0.0, 0.0, 0.0, 0.0, 0.0, 0.0, 0.0, 0.0, 0.0, 0.0, 0.0, 0.0, 0.0, 0.0, 0.0, 0.0, 0.0, 0.0, 0.0, 0.0, 0.0, 0.0, 0.0, 0.0, 0.0, 0.0, 0.0, 0.0, 0.0, 0.0, 0.0, 0.0, 0.0, 0.0, 0.0, 0.0, 0.0, 0.0, 0.0, 0.0, 0.0, 0.0, 0.0, 0.0, 0.0, 0.0]","stage1/test_acc":89.85408890397014,"lr_backbone":0.0001,"val_acc":85.63049853372434,"stage1_test_f1":0.8992012196111356,"stage1_test_loss":0.4559599839993571,"stage2_test_acc":88.97183576518493,"stage3_test_acc":89.41296233457754}