{"stage3_test_loss":0.2563166150316886,"stage1/test_loss":0.2596978127236172,"stage3_test_f1":0.9058581475054567,"stage2_test_acc":88.53070919579233,"val_acc":70.1086956521739,"_runtime":28,"bin_keep_ratio":0.1538461595773697,"stage1/test_f1":0.8995361926906478,"stage":3,"_timestamp":1.7757721207104545e+09,"lr_backbone":0.0001,"val_loss":0.7358344402974066,"stage_3_separableconvcnn/confusion_matrix_table":{"size":1366,"_type":"table-file","log_mode":"IMMUTABLE","nrows":36,"path":"media/table/stage_3_separableconvcnn/confusion_matrix_table_15_90b14d9222138ebd84f8.table.json","sha256":"90b14d9222138ebd84f8b9677196af0dcc77f1846fa4f54fc00b37023019f13a","ncols":3,"_latest_artifact_path":"wandb-client-artifact://6bluae1ygjk8veb1jc963uykm94peec964xujs2js5hrzgx8miqzwlbize5qxqdxvtzd7rfaextyg09sa47jgzyk2evrh5v5ptl5nhgsecbdt4fir3u6rpag32ttc88p:latest/stage_3_separableconvcnn/confusion_matrix_table.table.json","artifact_path":"wandb-client-artifact://ptr42cr3cxkn3w2689ulrey8pm6ra4hv7iv9yjguhwtn9oj534idyjjfbxuv8m8f0670w9wrhinmujw7f2gvqs4izygd3p3lzfy2d0dmneojrrm375wmf18ugcdfa6zw/stage_3_separableconvcnn/confusion_matrix_table.table.json"},"stage2_test_loss":0.31041537087586396,"stage2_hard_bin_mask_str":"[1.0, 1.0, 1.0, 1.0, 1.0, 1.0, 1.0, 1.0, 1.0, 0.0, 0.0, 1.0, 0.0, 0.0, 0.0, 0.0, 0.0, 0.0, 0.0, 0.0, 0.0, 0.0, 0.0, 0.0, 0.0, 0.0, 0.0, 0.0, 0.0, 0.0, 0.0, 0.0, 0.0, 0.0, 0.0, 0.0, 0.0, 0.0, 0.0, 0.0, 0.0, 0.0, 0.0, 0.0, 0.0, 0.0, 0.0, 0.0, 0.0, 0.0, 0.0, 0.0, 0.0, 0.0, 0.0, 0.0, 0.0, 0.0, 0.0, 0.0, 0.0, 0.0, 0.0, 0.0, 0.0]","stage1/test_acc":89.82015609093993,"stage2_test_f1":0.8848069578319294,"best_val_loss":0.5315050389010297,"train_loss":0.23697098744830453,"stage1/use_pretrain_model":false,"stage1_test_f1":0.8995361926906478,"epoch":20,"_step":16,"stage1_test_acc":89.82015609093993,"stage_1_separableconvcnn/confusion_matrix_table":{"path":"media/table/stage_1_separableconvcnn/confusion_matrix_table_1_ffc61f2a9a5c6083869d.table.json","_latest_artifact_path":"wandb-client-artifact://q563ncsbj8ixzbvx399w3ek0ex775vxqkrqxby09dt6882soh78ac8n86uvv5bpp691sozgl5zud1a1bixqy200t8v2e03zztft005g135p22b2ky1dyk19gp86n1tkh:latest/stage_1_separableconvcnn/confusion_matrix_table.table.json","_type":"table-file","ncols":3,"sha256":"ffc61f2a9a5c6083869d95063a11e8d57c336a91bbbee1f83da10e2cd86b1d25","size":1367,"log_mode":"IMMUTABLE","nrows":36,"artifact_path":"wandb-client-artifact://yli27h4hc1zkxfq2w62qdefkqnj135icami4japo9nppnhlovllhtr7uawrtbmwco089a995s16h1kfrf1nc1pz2sgggkhtj2g1b5wdpowypx2jq9nhsz43pqzk98xmc/stage_1_separableconvcnn/confusion_matrix_table.table.json"},"stage1_test_loss":0.2596978127236172,"mask_l1":0.12307693064212799,"lr":0.001,"lr_gumbel_bin":0.001,"_wandb":{"runtime":28},"train_acc":89.67640320733105,"stage3_test_acc":90.39701391245335}