{"_runtime":13,"_timestamp":1.7766122744889736e+09,"stage2_test_f1":0.8397502828620543,"stage1/test_f1":0.88700545532366,"stage_1_separableconvcnn/confusion_matrix_table":{"artifact_path":"wandb-client-artifact://lcyc2n6udplyvlbj5m1k3eq1ghok9kd22d1it5n92nmv2nuojpzsllgw5v2t5wr7hsel7uo3zgrktyrx6mrpleolp2lh0c7cgcrjul2m8x2ko5nsapyaki6tn7sbvwfo/stage_1_separableconvcnn/confusion_matrix_table.table.json","path":"media/table/stage_1_separableconvcnn/confusion_matrix_table_1_3e9a7dfa6ae532a6f998.table.json","log_mode":"IMMUTABLE","nrows":36,"_type":"table-file","ncols":3,"size":1366,"sha256":"3e9a7dfa6ae532a6f998e7bfcfd24fdc54498a7eeb455661699d246113d1eec8","_latest_artifact_path":"wandb-client-artifact://elk96qjwx4xijx8owazrowxct6b0abkyfeum6ssdgzwhdi16zc1q0kc5zelz41gs6k80rc7zlm5y1frq27f8hoqan6t5vntaljec3mxe63mdkje8lolg1lsqspyyjcdj:latest/stage_1_separableconvcnn/confusion_matrix_table.table.json"},"lr_gumbel_bin":0.001,"stage1/test_loss":0.27359851776276795,"epoch":15,"stage1_test_loss":0.27359851776276795,"stage1/test_acc":88.29317950458093,"stage1/use_pretrain_model":false,"mask_l1":0.0390625,"train_acc":92.16970387243735,"best_val_loss":0.37234400830617764,"lr_backbone":0.0001,"bin_keep_ratio":0.2734375,"train_loss":0.18172606785096448,"stage3_test_f1":0.8885546498097779,"stage_3_separableconvcnn/confusion_matrix_table":{"_type":"table-file","artifact_path":"wandb-client-artifact://eacpzoduq3vzs8j4wh78ywe5icvbv4231tuutvg8lfit6lv3sr9qzb6z71mtsy0q59uk2ny2sklgxopecfyemxcmgyzgkljhx8eri8r7dma71hndd306vrhqhq385zxn/stage_3_separableconvcnn/confusion_matrix_table.table.json","_latest_artifact_path":"wandb-client-artifact://7rb2g5zo953k8b7cakumamuqy2xgnszwi6t3xf4dfu7cxtoj5wbke76kf2zl6xn0ml1l6jvvuk1yhillw09jos869yaogca0i9r0d1skwvllci2qbakvwqihjk8qxwui:latest/stage_3_separableconvcnn/confusion_matrix_table.table.json","ncols":3,"log_mode":"IMMUTABLE","sha256":"ad14e565d7e1d04e259f08db0c595df017ec5b0d50848318b74676bf65504ccc","path":"media/table/stage_3_separableconvcnn/confusion_matrix_table_7_ad14e565d7e1d04e259f.table.json","size":1367,"nrows":36},"stage1_test_acc":88.29317950458093,"val_acc":79.26829268292683,"stage":3,"stage2_test_acc":83.5086528673227,"stage2_test_loss":0.4144157530374264,"stage3_test_loss":0.33040067364916853,"_wandb":{"runtime":13},"lr":0.001,"stage3_test_acc":88.59857482185274,"_step":8,"val_loss":0.5148512481189356,"stage1_test_f1":0.88700545532366,"stage2_hard_bin_mask_str":"[0.0, 0.0, 0.0, 0.0, 1.0, 0.0, 1.0, 0.0, 0.0, 1.0, 0.0, 1.0, 1.0, 1.0, 0.0, 0.0, 0.0, 0.0, 1.0, 1.0, 1.0, 1.0, 0.0, 0.0, 1.0, 0.0, 1.0, 0.0, 1.0, 0.0, 1.0, 0.0, 0.0, 1.0, 1.0, 1.0, 1.0, 1.0, 1.0, 1.0, 0.0, 1.0, 1.0, 0.0, 0.0, 1.0, 0.0, 1.0, 1.0, 1.0, 0.0, 1.0, 1.0, 1.0, 0.0, 1.0, 0.0, 1.0, 1.0, 1.0, 0.0, 0.0, 0.0, 1.0, 0.0, 0.0, 0.0, 0.0, 0.0, 0.0, 0.0, 0.0, 0.0, 0.0, 0.0, 0.0, 0.0, 0.0, 0.0, 0.0, 0.0, 0.0, 0.0, 0.0, 0.0, 0.0, 0.0, 0.0, 0.0, 0.0, 0.0, 0.0, 0.0, 0.0, 0.0, 0.0, 0.0, 0.0, 0.0, 0.0, 0.0, 0.0, 0.0, 0.0, 0.0, 0.0, 0.0, 0.0, 0.0, 0.0, 0.0, 0.0, 0.0, 0.0, 0.0, 0.0, 0.0, 0.0, 0.0, 0.0, 0.0, 0.0, 0.0, 0.0, 0.0, 0.0, 0.0, 0.0]"}