{"stage3_test_f1":0.8609105934599627,"_wandb":{"runtime":13},"stage3_test_loss":0.3573809264818446,"stage1/test_acc":87.78418730912793,"mask_l1":0.19999998807907104,"stage1_test_f1":0.876917347795431,"stage1/use_pretrain_model":false,"stage1_test_loss":0.35822860038495447,"bin_keep_ratio":0.2153846174478531,"stage1/test_f1":0.876917347795431,"stage_1_separableconvcnn/confusion_matrix_table":{"artifact_path":"wandb-client-artifact://5ijqpf0puxa9dr7lfmxssbc576lpfskp3erv1w3l16jd873y97tzit02ctdi3z5smf1qs8g82eyfmcui14omeyolslt5bg8m67hcduip8jzn67etwdgberamc4iqk00i/stage_1_separableconvcnn/confusion_matrix_table.table.json","ncols":3,"sha256":"5112b3895e0c7e8dead39abba1f7322eec0085818df092622544a232c1cdda3d","nrows":36,"_latest_artifact_path":"wandb-client-artifact://dds9py5k9ks6lev1at2vpemyw5lotu53xq4jg30vhwfg51k23r3qo208tj8ugxzwt68zl2iixtmd6xcmqauya5ofb28sjqrm9if0kcaf7vv311ailemtryrcm21wewxn:latest/stage_1_separableconvcnn/confusion_matrix_table.table.json","size":1367,"_type":"table-file","log_mode":"IMMUTABLE","path":"media/table/stage_1_separableconvcnn/confusion_matrix_table_1_5112b3895e0c7e8dead3.table.json"},"train_loss":0.22320489784081776,"lr":0.001,"lr_gumbel_bin":0.001,"stage1/test_loss":0.35822860038495447,"stage":3,"stage2_hard_bin_mask_str":"[1.0, 1.0, 1.0, 1.0, 1.0, 1.0, 1.0, 1.0, 1.0, 1.0, 1.0, 1.0, 1.0, 0.0, 0.0, 1.0, 0.0, 0.0, 0.0, 0.0, 0.0, 0.0, 0.0, 0.0, 0.0, 0.0, 0.0, 0.0, 0.0, 0.0, 0.0, 0.0, 0.0, 0.0, 0.0, 0.0, 0.0, 0.0, 0.0, 0.0, 0.0, 0.0, 0.0, 0.0, 0.0, 0.0, 0.0, 0.0, 0.0, 0.0, 0.0, 0.0, 0.0, 0.0, 0.0, 0.0, 0.0, 0.0, 0.0, 0.0, 0.0, 0.0, 0.0, 0.0, 0.0]","train_acc":90.43971631205673,"stage2_test_loss":0.3452512510741856,"epoch":10,"_runtime":13,"val_acc":82.11920529801324,"stage2_test_f1":0.8694960601367189,"lr_backbone":0.0001,"stage1_test_acc":87.78418730912793,"val_loss":0.5405872910227997,"_timestamp":1.7757696487538087e+09,"stage_3_separableconvcnn/confusion_matrix_table":{"log_mode":"IMMUTABLE","_latest_artifact_path":"wandb-client-artifact://kk1u4bvl0niwg10k8h14w64oszwgu458o7sfyxkpc2vnwji9a35u2qpo302hsqlmvwlc0trox6g72pf509yx6jj5wbe9fijgejbzgbevdg4zsf9rq0bnrflmtipbnxku:latest/stage_3_separableconvcnn/confusion_matrix_table.table.json","nrows":36,"sha256":"168885c21f143af0f50f739de1be9d6257451dc9201abd6e5056265aebd0c83f","size":1369,"_type":"table-file","ncols":3,"artifact_path":"wandb-client-artifact://fa57kq8o3eeqh10tga58xyz29qvzv9yrhli71q08pjh30eqrons8eximaizjpzktvl89j5htf1f7r147063ibj6q1fs26c9yftai1ctd7i0uy4cs3yo2kjh6ctxcg2k9/stage_3_separableconvcnn/confusion_matrix_table.table.json","path":"media/table/stage_3_separableconvcnn/confusion_matrix_table_7_168885c21f143af0f50f.table.json"},"stage2_test_acc":86.93586698337292,"_step":8,"stage3_test_acc":85.78215134034612,"best_val_loss":0.47492713288755606}