{"val_loss":0.3981424589671221,"stage_3_separableconvcnn/confusion_matrix_table":{"artifact_path":"wandb-client-artifact://unmves0g53xot5a3mpf8okr6kbl587dazayqwmu77ldgcddcee8huekpq1vejn491qf4nwvp40q9rk6qpiqt0ip6o3sndb9i4ly46uon0t0y07zutayb2ajiq3ct2w93/stage_3_separableconvcnn/confusion_matrix_table.table.json","nrows":36,"size":1368,"sha256":"8b057bc1ec52e18c6d8bdf539cb37a28d2c83f0add35bc76db223d22736fe5bd","ncols":3,"log_mode":"IMMUTABLE","_latest_artifact_path":"wandb-client-artifact://cxjn2z8u30yspmwzx7f7gpfcfshqp4qzuyuiujfr6ppg2kegouka8ra3s51b5n19tzswxixnoibnrg2bo2e5g7ebi3b8bc07ojce7dpsgexyx0p12dejtacdzhpt3qj5:latest/stage_3_separableconvcnn/confusion_matrix_table.table.json","path":"media/table/stage_3_separableconvcnn/confusion_matrix_table_8_8b057bc1ec52e18c6d8b.table.json","_type":"table-file"},"mask_l1":0.1171875,"stage1/test_acc":91.24533423820834,"_step":9,"stage2_hard_bin_mask_str":"[0.0, 0.0, 0.0, 1.0, 0.0, 1.0, 1.0, 0.0, 1.0, 0.0, 0.0, 0.0, 1.0, 0.0, 0.0, 1.0, 1.0, 1.0, 0.0, 1.0, 0.0, 1.0, 1.0, 1.0, 0.0, 1.0, 0.0, 0.0, 0.0, 0.0, 1.0, 0.0, 0.0, 1.0, 1.0, 1.0, 1.0, 1.0, 1.0, 1.0, 0.0, 1.0, 1.0, 1.0, 0.0, 1.0, 1.0, 1.0, 0.0, 0.0, 1.0, 1.0, 1.0, 1.0, 1.0, 1.0, 0.0, 0.0, 1.0, 1.0, 0.0, 0.0, 0.0, 1.0, 0.0, 0.0, 0.0, 0.0, 0.0, 0.0, 0.0, 0.0, 0.0, 0.0, 0.0, 0.0, 0.0, 0.0, 0.0, 0.0, 0.0, 0.0, 0.0, 0.0, 0.0, 0.0, 0.0, 0.0, 0.0, 0.0, 0.0, 0.0, 0.0, 0.0, 0.0, 0.0, 0.0, 0.0, 0.0, 0.0, 0.0, 0.0, 0.0, 0.0, 0.0, 0.0, 0.0, 0.0, 0.0, 0.0, 0.0, 0.0, 0.0, 0.0, 0.0, 0.0, 0.0, 0.0, 0.0, 0.0, 0.0, 0.0, 0.0, 0.0, 0.0, 0.0, 0.0, 0.0]","epoch":15,"stage3_test_acc":84.79809976247031,"stage1_test_acc":91.24533423820834,"stage1_test_loss":0.3393576698681941,"train_loss":0.1406119311568997,"stage3_test_loss":0.47115695558330833,"val_acc":84.34163701067615,"stage1/test_f1":0.9144772340727608,"stage2_test_acc":90.56667797760434,"_wandb":{"runtime":16},"stage1/use_pretrain_model":false,"stage3_test_f1":0.8515929565569346,"_timestamp":1.7764307887654297e+09,"lr":0.001,"_runtime":16,"train_acc":93.97539244802715,"stage_1_separableconvcnn/confusion_matrix_table":{"path":"media/table/stage_1_separableconvcnn/confusion_matrix_table_1_664cf793b2fa78623677.table.json","sha256":"664cf793b2fa786236774bb749846c1cb5ed9bdb1154b6b86916ab2731fb7a5c","_latest_artifact_path":"wandb-client-artifact://jx55zncg9tcotuf44x3sta4828azrebzw0pqwhbw9ecmw265c2oq6525nob4nl91dk8j8y6as04zmv7hup7e9pwi8vxjf41lyw8f5o6k039pif1li99zu2fhsx727rba:latest/stage_1_separableconvcnn/confusion_matrix_table.table.json","nrows":36,"_type":"table-file","log_mode":"IMMUTABLE","size":1365,"ncols":3,"artifact_path":"wandb-client-artifact://6wksfu83q7m50p97m00yyjw11awi3sfjex9rxoorhl3l7mb2e8bnu4qqfoggoxdhxxzk7s2ttkhxpci4nldhntxnv2a79uqixd8f7kvjqyo7jwyr4d9jvgp1nvlcx986/stage_1_separableconvcnn/confusion_matrix_table.table.json"},"best_val_loss":0.16060810776133658,"bin_keep_ratio":0.28125,"stage2_test_f1":0.9073289523002606,"stage":3,"stage1_test_f1":0.9144772340727608,"lr_gumbel_bin":0.001,"lr_backbone":0.0001,"stage1/test_loss":0.3393576698681941,"stage2_test_loss":0.33185839659327715}