{"_timestamp":1.7759045234878697e+09,"epoch":20,"train_loss":0.8193368234024895,"val_loss":0.7959840221227787,"lr_backbone":0.0001,"stage_3_separableconvcnn/confusion_matrix_table":{"log_mode":"IMMUTABLE","artifact_path":"wandb-client-artifact://yff7glghatqvry0mwq3rjyeytchy6eownijewp2iqvjq01ice4n51en6z2vj6e481ot95qk6kg3d5nzix4j75hx8p4w8u9mlutlaay0s4qr1b3klk34wkpyf2qtsl16x/stage_3_separableconvcnn/confusion_matrix_table.table.json","ncols":3,"size":2023,"sha256":"68b4255746e3c686cf328b10ba7f7014a23ddb920a8a52b129c188732268a1cd","_type":"table-file","_latest_artifact_path":"wandb-client-artifact://0e81eitoj767j3quv88hudhozdowlnds5r9andn7107ehomjp9kwk4z0a08m1v1996ahvm4lbnn3uobw1iosoxwxeldg6un41ue3nlo0tt3ccwg4l0s05656c7m3bjuw:latest/stage_3_separableconvcnn/confusion_matrix_table.table.json","nrows":64,"path":"media/table/stage_3_separableconvcnn/confusion_matrix_table_7_68b4255746e3c686cf32.table.json"},"stage1_test_f1":0.6938116427504186,"_runtime":156,"stage":3,"stage3_test_f1":0.6251547892469741,"stage2_test_loss":0.9816141842444615,"mask_l1":0.03921568766236305,"stage1_test_acc":80.16486347243689,"train_acc":57.43178296094317,"stage2_hard_bin_mask_str":"[0.0, 1.0, 1.0, 1.0, 1.0, 0.0, 0.0, 0.0, 0.0, 0.0, 0.0, 0.0, 0.0, 0.0, 0.0, 0.0, 0.0, 0.0, 0.0, 0.0, 0.0, 0.0, 0.0, 0.0, 0.0, 0.0, 0.0, 0.0, 0.0, 0.0, 0.0, 0.0, 0.0, 0.0, 0.0, 0.0, 0.0, 0.0, 0.0, 0.0, 0.0, 0.0, 0.0, 0.0, 0.0, 0.0, 0.0, 0.0, 0.0, 0.0, 0.0]","bin_keep_ratio":0.0784313753247261,"_wandb":{"runtime":156},"lr_gumbel_bin":0.001,"stage3_test_loss":0.7946570888737439,"lr":0.001,"stage1_test_loss":0.5890314269793642,"stage2_test_acc":67.13034518289541,"stage2_test_f1":0.5694039503666191,"_step":8,"best_val_loss":0.6663285874300818,"stage3_test_acc":73.68366821226172,"stage_1_separableconvcnn/confusion_matrix_table":{"nrows":64,"ncols":3,"path":"media/table/stage_1_separableconvcnn/confusion_matrix_table_0_19e3a9ae2c375b73338c.table.json","size":2013,"_latest_artifact_path":"wandb-client-artifact://m1gdo3ypnbzkbgingl0igedtnwj5f4dm9pvce1ksw0u3vfjquw77a9k42r71tfaegt40yhd2mljn4plf5wo7sj9h4sfgajd445qeqvon0o3y0rb6vgo6bpnml8iz6b68:latest/stage_1_separableconvcnn/confusion_matrix_table.table.json","log_mode":"IMMUTABLE","artifact_path":"wandb-client-artifact://2bm6i62kxi09ttaa3wsu4f2c8in1ekhzc5zfp8rhmuyi6q2kqc4dphfmdnt1hlzjd83chzi2hyavtsli71adjis2v3bgjndsajyc8y7kmnngf6bazsz8f07j8vmkn8qx/stage_1_separableconvcnn/confusion_matrix_table.table.json","_type":"table-file","sha256":"19e3a9ae2c375b73338ce37fca927ff682c7861d693bce46d7737f855959d0e1"},"val_acc":63.30935251798561}