{"stage_1_separableconvcnn/confusion_matrix_table":{"_type":"table-file","nrows":36,"artifact_path":"wandb-client-artifact://nmg37upi2thy6xk39lba4fz1qvc1b7z7ti2mipqoc20mml2vgujvpmza8i6c1rmqi6ytgy758qy8ju1m0idaw4gkltfd709ap4piaitzh6rqdx0yyn0plbcq1x3e34rw/stage_1_separableconvcnn/confusion_matrix_table.table.json","sha256":"3e3d42bff713e031374cdc68ec4be2b385aa8d5138a0b4cfa77b4597d07c46d0","log_mode":"IMMUTABLE","ncols":3,"path":"media/table/stage_1_separableconvcnn/confusion_matrix_table_8_3e3d42bff713e031374c.table.json","size":1365,"_latest_artifact_path":"wandb-client-artifact://vuos8olnk9u0dx8wp9eyjk6owdsc4jt0neok540gdt7k1qcclrzouvwytjceimgpmngrtlfu1xhzaxxrlk7crmhlwgtnvzj7ywnu2z7vic49dd6rsk12az14spmyp6p2:latest/stage_1_separableconvcnn/confusion_matrix_table.table.json"},"stage1/stage_number":1,"stage1/train_loss":0.10105386002154719,"test_f1_macro":0.9107699674134211,"test_loss":0.2537910104408076,"stage1/use_pretrain_model":false,"stage1/train_acc":96.05637813211845,"test_acc":90.93993892093654,"stage1/epoch":30,"stage1/val_loss":0.3078037295944807,"stage1/purpose":"train baseline model","stage1_test_acc":90.93993892093654,"stage1_test_loss":0.2537910104408076,"stage1/lr":0.001,"stage1/test_f1":0.9107699674134211,"best_epoch":24,"_wandb":{"runtime":13},"stage1_test_f1":0.9107699674134211,"_timestamp":1.7757579336415803e+09,"stage1/best_val_loss":0.1889874311916462,"best_val_loss":0.1889874311916462,"stage1/val_acc":89.9390243902439,"stage1/test_loss":0.2537910104408076,"_step":8,"_runtime":13,"stage1/test_acc":90.93993892093654}