{"_wandb":{"runtime":14},"lr_backbone":0.0001,"mask_l1":0.28125,"stage2_test_acc":87.13946386155412,"stage1/use_pretrain_model":false,"stage_3_separableconvcnn/confusion_matrix_table":{"size":1368,"sha256":"95ec2c2448e6b53a80947453bd932d8a4bd5da9a98e21220cefb38444a75fee2","ncols":3,"log_mode":"IMMUTABLE","path":"media/table/stage_3_separableconvcnn/confusion_matrix_table_6_95ec2c2448e6b53a8094.table.json","nrows":36,"artifact_path":"wandb-client-artifact://frjp58z0z321tfd02c9rkxfgbjkwzr0d8z4a3qfcq5st0yb8uexino28h4xgbywwb7g6chmwsrqse54h1v7e58ajgnxgrebp7ihp64md4hnsl5au2quc9h5b2lz56yiu/stage_3_separableconvcnn/confusion_matrix_table.table.json","_latest_artifact_path":"wandb-client-artifact://b2oer7sf8ckfnsh0cizl2zhtwjz3ydcpyedye7e0exu7s9l7r79mr55jed4uwbe0oxdxnqnaip38s2nek641spl9tl1las6vgtnysui68epyinjb3h84t6z5rx7wou8x:latest/stage_3_separableconvcnn/confusion_matrix_table.table.json","_type":"table-file"},"val_acc":85.04398826979472,"best_val_loss":0.28745228358028224,"_runtime":14,"epoch":10,"stage2_test_loss":0.5350942905127979,"stage1/test_f1":0.8992012196111356,"train_loss":0.13503650248671306,"stage3_test_loss":0.5071789432072938,"bin_keep_ratio":0.375,"_timestamp":1.7764263581114514e+09,"lr_gumbel_bin":0.001,"_step":7,"stage1_test_acc":89.85408890397014,"stage_1_separableconvcnn/confusion_matrix_table":{"nrows":36,"_type":"table-file","path":"media/table/stage_1_separableconvcnn/confusion_matrix_table_1_02c5a6fac2b98a2cce23.table.json","log_mode":"IMMUTABLE","ncols":3,"size":1368,"sha256":"02c5a6fac2b98a2cce23216035c71184f8282e95afab8b7a4923ed0654b10cea","_latest_artifact_path":"wandb-client-artifact://heolb5gewas1sutzviypr32bn3ugpnbikyiwauhjcj6ez1xh9u536agadvm78oag9849cl36g27p41kbp0n1c1y8hrbfzi7b6a9xx7v4914x492gn2s8re65nnmc8thm:latest/stage_1_separableconvcnn/confusion_matrix_table.table.json","artifact_path":"wandb-client-artifact://mgapwtutacoftd2nhtueuemvqf6fpc749tsflyvzub5ptuq0zoch1k8kz6r7h3hy4ev3i9elgoocddrv77q9dfspw7opl6j57n52aym3l0hvb6evqdogtntcbofhy9t2/stage_1_separableconvcnn/confusion_matrix_table.table.json"},"stage1_test_f1":0.8992012196111356,"stage1/test_acc":89.85408890397014,"stage1_test_loss":0.4559599839993571,"stage2_hard_bin_mask_str":"[0.0, 0.0, 0.0, 0.0, 0.0, 0.0, 0.0, 1.0, 1.0, 1.0, 1.0, 0.0, 1.0, 1.0, 1.0, 1.0, 0.0, 1.0, 1.0, 1.0, 1.0, 1.0, 1.0, 1.0, 1.0, 1.0, 1.0, 0.0, 0.0, 1.0, 1.0, 1.0, 1.0, 1.0, 1.0, 1.0, 1.0, 1.0, 1.0, 1.0, 1.0, 1.0, 1.0, 1.0, 1.0, 1.0, 0.0, 1.0, 1.0, 1.0, 1.0, 1.0, 1.0, 1.0, 1.0, 1.0, 1.0, 1.0, 1.0, 1.0, 0.0, 0.0, 0.0, 0.0, 0.0, 0.0, 0.0, 0.0, 0.0, 0.0, 0.0, 0.0, 0.0, 0.0, 0.0, 0.0, 0.0, 0.0, 0.0, 0.0, 0.0, 0.0, 0.0, 0.0, 0.0, 0.0, 0.0, 0.0, 0.0, 0.0, 0.0, 0.0, 0.0, 0.0, 0.0, 0.0, 0.0, 0.0, 0.0, 0.0, 0.0, 0.0, 0.0, 0.0, 0.0, 0.0, 0.0, 0.0, 0.0, 0.0, 0.0, 0.0, 0.0, 0.0, 0.0, 0.0, 0.0, 0.0, 0.0, 0.0, 0.0, 0.0, 0.0, 0.0, 0.0, 0.0, 0.0, 0.0]","stage2_test_f1":0.8728421012889451,"stage3_test_f1":0.8623100750061766,"train_acc":94.0094137783483,"stage3_test_acc":86.01968103155751,"val_loss":0.4101441465864433,"stage1/test_loss":0.4559599839993571,"lr":0.001,"stage":3}