{"stage1_test_f1":0.691741279478191,"_timestamp":1.776367127010897e+09,"_wandb":{"runtime":63},"stage1/stage_number":1,"stage1/train_loss":0.499365182381434,"stage1/use_pretrain_model":false,"test_acc":79.40236991241628,"_runtime":63,"stage1/epoch":20,"stage1/test_acc":79.40236991241628,"best_val_loss":0.6495945776680963,"stage1/test_loss":0.5992227871813521,"stage1_test_loss":0.5992227871813521,"test_loss":0.5992227871813521,"best_epoch":10,"stage_1_separableconvcnn/confusion_matrix_table":{"nrows":64,"log_mode":"IMMUTABLE","_type":"table-file","sha256":"b64b0623310914842b4ca31861cb68c0019382c93a642a9b1c4f9bdf0dac65dd","size":2014,"path":"media/table/stage_1_separableconvcnn/confusion_matrix_table_6_b64b0623310914842b4c.table.json","ncols":3,"_latest_artifact_path":"wandb-client-artifact://gsatidz8myxeefwysa1d7swrf462svs9nh0111vpqfx21w6cxg8we71rh7sm250vpfsacgdyhnd9ceq22gsgl91t82zbinaz1g82d8s9u3j1brgdiljng3eq2aht6nr5:latest/stage_1_separableconvcnn/confusion_matrix_table.table.json","artifact_path":"wandb-client-artifact://gds7pcomdw0k4m3o9pdz9krtoho0rw19a8jy2g0o8zudzlznu702oncnk5rrl187gbxjh1px9hn6w8jancg9kogzz3pvhvuo7xj3n9swa5rkg9lnkhbu7b6skd750kop/stage_1_separableconvcnn/confusion_matrix_table.table.json"},"stage1/train_acc":72.19168914396965,"stage1/val_acc":60.64748201438849,"stage1/purpose":"train baseline model","test_f1_macro":0.691741279478191,"stage1_test_acc":79.40236991241628,"stage1/lr":0.001,"_step":6,"stage1/best_val_loss":0.6495945776680963,"stage1/val_loss":0.8156073648866704,"stage1/test_f1":0.691741279478191}