{"best_val_loss":0.22601267490953122,"val_loss":0.40008282060621353,"stage1/test_f1":0.9107699674134211,"stage_3_separableconvcnn/confusion_matrix_table":{"ncols":3,"size":1368,"nrows":36,"path":"media/table/stage_3_separableconvcnn/confusion_matrix_table_7_d8d092342c2dbe437791.table.json","artifact_path":"wandb-client-artifact://llz42uk393r5ujx9t0akea91ssn3tm8p469mdip8s6jcxi14pwxxkpc8juas66zpy6xqsc7rgyic1k5dreisa49opjm10rqz9yqja2bxi94j897ezuug8wgpoizwimoh/stage_3_separableconvcnn/confusion_matrix_table.table.json","sha256":"d8d092342c2dbe4377917700beab74c155d505219525f709eb4d3b636f84c5f7","_latest_artifact_path":"wandb-client-artifact://g56twkudx4t39693j8w0o7rae17tekt1lb1q19j0fm09vavzaakxt6c5u2xyi5hecfo069wr5l6rrk4hj180sd25ofihds9a2qvzu9taw0v8g7qx6ncvylg1qxia1ndo:latest/stage_3_separableconvcnn/confusion_matrix_table.table.json","_type":"table-file","log_mode":"IMMUTABLE"},"stage3_test_loss":0.2798662717284431,"lr_gumbel_bin":0.001,"stage1_test_loss":0.2537910104408076,"_step":8,"stage1/test_loss":0.2537910104408076,"stage3_test_f1":0.9082665806544341,"val_acc":86.28048780487805,"stage2_hard_bin_mask_str":"[1.0, 1.0, 1.0, 1.0, 1.0, 1.0, 1.0, 1.0, 1.0, 1.0, 1.0, 1.0, 1.0, 1.0, 1.0, 1.0, 1.0, 1.0, 1.0, 1.0, 1.0, 1.0, 1.0, 1.0, 1.0, 1.0, 1.0, 0.0, 0.0, 0.0, 0.0, 0.0, 0.0, 1.0, 0.0, 0.0, 1.0, 0.0, 0.0, 0.0, 0.0, 0.0, 0.0, 0.0, 0.0, 0.0, 0.0, 0.0, 0.0, 0.0, 0.0, 0.0, 1.0, 0.0, 1.0, 0.0, 1.0, 0.0, 0.0, 0.0, 0.0, 0.0, 0.0, 0.0, 1.0, 0.0, 0.0, 0.0, 0.0, 0.0, 0.0, 0.0, 0.0, 0.0, 0.0, 0.0, 0.0, 0.0, 0.0, 0.0, 0.0, 0.0, 0.0, 0.0, 0.0, 0.0, 0.0, 0.0, 0.0, 0.0, 0.0, 0.0, 0.0, 0.0, 0.0, 0.0, 0.0, 0.0, 0.0, 0.0, 0.0, 0.0, 0.0, 0.0, 0.0, 0.0, 0.0, 0.0, 0.0, 0.0, 0.0, 0.0, 0.0, 0.0, 0.0, 0.0, 0.0, 0.0, 0.0, 0.0, 0.0, 0.0, 0.0, 0.0, 0.0, 0.0, 0.0, 0.0]","train_loss":0.1259748464395082,"stage1_test_f1":0.9107699674134211,"stage2_test_acc":88.83610451306413,"lr":0.001,"stage":3,"stage2_test_loss":0.3438594167028594,"epoch":10,"stage2_test_f1":0.8877464602053377,"stage_1_separableconvcnn/confusion_matrix_table":{"ncols":3,"size":1365,"_latest_artifact_path":"wandb-client-artifact://f2sa494f89k38wlra0ardydfe86aww2kexto8jwnmlemjzptrj5ver96vghbqp5vpsj84vb1m4drwt9757mzjvozwtx378tamy6r2y8whld6fyenw2pmugte26slyjw9:latest/stage_1_separableconvcnn/confusion_matrix_table.table.json","log_mode":"IMMUTABLE","path":"media/table/stage_1_separableconvcnn/confusion_matrix_table_1_3e3d42bff713e031374c.table.json","nrows":36,"artifact_path":"wandb-client-artifact://46bxrppps17leyk4dx21t80oiyry06aq8cpb3r864qgekb8av0flg8aiijknpm161e95tse3s0ibk2c9ux4wninpmqlw166xlbue7q65sanq6e60bn5ffssh4r04izk5/stage_1_separableconvcnn/confusion_matrix_table.table.json","_type":"table-file","sha256":"3e3d42bff713e031374cdc68ec4be2b385aa8d5138a0b4cfa77b4597d07c46d0"},"_wandb":{"runtime":13},"train_acc":94.9743735763098,"lr_backbone":0.0001,"stage1/test_acc":90.93993892093654,"stage1/use_pretrain_model":false,"stage1_test_acc":90.93993892093654,"stage3_test_acc":90.80420766881575,"_runtime":13,"_timestamp":1.7757804589321253e+09,"mask_l1":0.2109375,"bin_keep_ratio":0.2578125}