{"stage2/train_loss":0.515053129196167,"hard_bin_mask":[1,1,1,1,1,1,1,1,1,1,1,1,1,1,1,1,1,1,1,1,1,1,1,1,1,1,1,0,0,1,1,1,0,0,0,0,1,1,0,0,1,1,0,1,1,1,0,0,1,0,0,0,0,0,0,0,0,0,0,1,0,0,0,0,0,0,0,0,0,0,0,0,0,0,0,0,0,0,0,0,0,0,0,0,0,0,0,0,0,0,0,0,0,0,0,0,0,0,0,0,1,0,0,0,0,0,0,0,0,0,0,0,0,0,0,0,0,0,0,0,0,0,0,0,0,0,0,0],"stage2/purpose":"train channel-pruning model with masking","stage5_test_loss":0.25640575447636127,"stage2/lr_backbone":0.0001,"stage5_test_acc":90.49881235154395,"stage1_test_acc":91.21140142517815,"stage1/use_pretrain_model":false,"val_acc":96.42857142857143,"stage2/raw_hard_mask_block3":"[1.0, 1.0, 0.0, 1.0, 0.0, 0.0, 1.0, 1.0, 0.0, 0.0, 1.0, 1.0, 1.0, 0.0, 1.0, 1.0, 1.0, 0.0, 1.0, 1.0, 0.0, 1.0, 0.0, 1.0, 0.0, 0.0, 1.0, 0.0, 0.0, 0.0, 0.0, 1.0, 0.0, 0.0, 1.0, 0.0, 1.0, 1.0, 0.0, 1.0, 0.0, 1.0, 0.0, 1.0, 0.0, 1.0, 1.0, 0.0, 0.0, 1.0, 0.0, 0.0, 0.0, 1.0, 1.0, 1.0, 0.0, 1.0, 0.0, 0.0, 0.0, 0.0, 0.0, 1.0, 0.0, 0.0, 0.0, 1.0, 0.0, 1.0, 1.0, 0.0, 1.0, 0.0, 1.0, 0.0, 0.0, 0.0, 1.0, 1.0, 1.0, 1.0, 1.0, 1.0, 0.0, 1.0, 1.0, 0.0, 0.0, 0.0, 0.0, 1.0, 1.0, 0.0, 0.0, 0.0, 1.0, 0.0, 1.0, 0.0, 0.0, 0.0, 1.0, 1.0, 0.0, 1.0, 1.0, 0.0, 0.0, 1.0, 0.0, 1.0, 1.0, 1.0, 1.0, 0.0, 1.0, 1.0, 1.0, 1.0, 0.0, 0.0, 0.0, 0.0, 1.0, 0.0, 0.0, 0.0]","stage2/test_acc":88.12351543942992,"stage2/Total_Pruned_%":42.1875,"stage5_test_f1":0.9068449198748049,"stage_3_separableconvcnn/confusion_matrix_table":{"_type":"table-file","ncols":3,"_latest_artifact_path":"wandb-client-artifact://3015q1u49zcae15yqa0k9gfi8qx7nqpcoj4urybee71v5i5cdbfg41qljorfmd1vm6di03r1ilwqhl0gmpoakzrgcqn543uuoepkv81or5a5ku44trc2ophh6nkz95gg:latest/stage_3_separableconvcnn/confusion_matrix_table.table.json","sha256":"b74dbcf1a356c5f392438bde3e378e3cba0520e48b1d6ff27ce2731627bdf12f","artifact_path":"wandb-client-artifact://higzxac7mrg4pmvvlotc4tqu2i4ul9bkdi7y50738ozq22jp8kzu9sfatsxsbkbz0jpmwm6bjhzuf05174dl3fnh9x803y9q2ptohlvr6tdmt4mganvqbxwix35vuvx7/stage_3_separableconvcnn/confusion_matrix_table.table.json","log_mode":"IMMUTABLE","path":"media/table/stage_3_separableconvcnn/confusion_matrix_table_11_b74dbcf1a356c5f39243.table.json","nrows":36,"size":1366},"model_param_count_dense":36868,"final_channel_mask_block2":[1,1,0,1,1,1,1,0,1,1,0,1,1,1,0,1,1,1,0,1,0,0,0,0,1,0,1,1,1,1,1,1,1,0,1,0,0,1,1,1,1,0,1,0,0,1,1,0,0,1,1,1,1,1,0,1,1,0,0,0,1,1,0,1],"stage2/block4_Pruned_%":35.9375,"stage2/test_f1":0.8848688857888561,"epoch":40,"stage2/block2_Pruned_%":35.9375,"stage2/best_val_loss":0.328826200198002,"lr_backbone":0.0001,"best_val_loss":0.11402436137114466,"stage2/train_acc":81.58045977011494,"model_param_count_pruned":15701,"stage1/test_f1":0.9132177104627258,"stage2/best_epoch":58,"stage2/raw_hard_mask_block4":"[0.0, 1.0, 1.0, 1.0, 0.0, 0.0, 1.0, 0.0, 1.0, 1.0, 1.0, 0.0, 1.0, 0.0, 0.0, 1.0, 1.0, 1.0, 1.0, 0.0, 1.0, 1.0, 1.0, 1.0, 1.0, 0.0, 1.0, 1.0, 0.0, 1.0, 0.0, 1.0, 0.0, 1.0, 0.0, 1.0, 1.0, 1.0, 1.0, 0.0, 1.0, 1.0, 0.0, 1.0, 1.0, 1.0, 1.0, 1.0, 1.0, 1.0, 1.0, 0.0, 1.0, 1.0, 1.0, 0.0, 1.0, 0.0, 1.0, 1.0, 1.0, 0.0, 0.0, 1.0, 0.0, 1.0, 0.0, 1.0, 1.0, 0.0, 1.0, 0.0, 1.0, 1.0, 0.0, 0.0, 1.0, 1.0, 0.0, 1.0, 0.0, 0.0, 1.0, 0.0, 1.0, 0.0, 0.0, 1.0, 1.0, 1.0, 1.0, 1.0, 1.0, 1.0, 1.0, 0.0, 0.0, 1.0, 0.0, 0.0, 1.0, 0.0, 1.0, 1.0, 0.0, 1.0, 0.0, 0.0, 1.0, 1.0, 0.0, 0.0, 0.0, 1.0, 0.0, 1.0, 1.0, 1.0, 0.0, 1.0, 1.0, 1.0, 1.0, 1.0, 1.0, 1.0, 0.0, 1.0]","stage1/test_loss":0.27699259563869166,"stage2/final_mask_keep_ratio_block2":0.640625,"stage2/stage_number":2,"_wandb":{"runtime":83},"stage2/lr_gumbel":0.001,"lr_loaded_weights":0.0001,"val_loss":0.12051862247266845,"stage_5_prunedseparableconvcnn/confusion_matrix_table":{"_latest_artifact_path":"wandb-client-artifact://lbbw3w5krd7497pirvk8kyh65e7uisgyon9cfrvrquuzxa84tgppgcbp5ukd318k0mzuqi1k3ajaw6tssgk8yv9mkalllubak9lvvlkzrdz3tnmrlsl29a44bd0jnp6s:latest/stage_5_prunedseparableconvcnn/confusion_matrix_table.table.json","ncols":3,"artifact_path":"wandb-client-artifact://mcz8yrrvzkghpmj7hhlzmuqh5yorq5abg5965iimx7jpccedlo7nuly755pvqbrusxekijnw81y6480inb8336os5cmj7qcd6k1yg9tegfwb7bchhuzf8rvtzsixmsjq/stage_5_prunedseparableconvcnn/confusion_matrix_table.table.json","path":"media/table/stage_5_prunedseparableconvcnn/confusion_matrix_table_33_4c5b734f806056639e2c.table.json","_type":"table-file","size":1366,"log_mode":"IMMUTABLE","nrows":36,"sha256":"4c5b734f806056639e2c42ab5a74c0031d5057a5ba232fe593493f3a0d3abc94"},"mask_l1":0.2890625,"stage2/val_acc":89.28571428571429,"stage1_test_loss":0.27699259563869166,"stage2/val_loss":0.3287747554785135,"stage2/epoch":60,"stage_1_separableconvcnn/confusion_matrix_table":{"sha256":"eaabbd91c2fcbfc0dc4f5924d1d9d3fe20f202ed1f809cbeaab06d2907c3f585","_latest_artifact_path":"wandb-client-artifact://h7mus9puswtqizzxacgpybzdgegj20ofli87d9druc1e8ou6qvotyaj8rvwjmxgs4dxj90vpvc05lg2qvl2mvr9gxl0m8ujc814skggi8zsgg1dxl2175nlq8dg61te4:latest/stage_1_separableconvcnn/confusion_matrix_table.table.json","path":"media/table/stage_1_separableconvcnn/confusion_matrix_table_1_eaabbd91c2fcbfc0dc4f.table.json","artifact_path":"wandb-client-artifact://v7ha4w26khk12pl6k72rhyn7mhfocu45ecdn2ll5kount17blgwoktu9qk1tn18ielnpkj2hm9w6o6r37c31ppah6eowjrfzlgaeq14edmm78z040o3tk2kblf1ylm83/stage_1_separableconvcnn/confusion_matrix_table.table.json","nrows":36,"ncols":3,"log_mode":"IMMUTABLE","_type":"table-file","size":1365},"stage2/raw_hard_mask_block2":"[1.0, 1.0, 0.0, 1.0, 1.0, 1.0, 1.0, 0.0, 1.0, 1.0, 0.0, 1.0, 1.0, 1.0, 0.0, 1.0, 1.0, 1.0, 0.0, 1.0, 0.0, 0.0, 0.0, 0.0, 1.0, 0.0, 1.0, 1.0, 1.0, 1.0, 1.0, 1.0, 1.0, 0.0, 1.0, 0.0, 0.0, 1.0, 1.0, 1.0, 1.0, 0.0, 1.0, 0.0, 0.0, 1.0, 1.0, 0.0, 0.0, 1.0, 1.0, 1.0, 1.0, 1.0, 0.0, 1.0, 1.0, 0.0, 0.0, 0.0, 1.0, 1.0, 0.0, 1.0]","_step":34,"stage1/test_acc":91.21140142517815,"stage1_test_f1":0.9132177104627258,"final_channel_mask_block4":[0,1,1,1,0,0,1,0,1,1,1,0,1,0,0,1,1,1,1,0,1,1,1,1,1,0,1,1,0,1,0,1,0,1,0,1,1,1,1,0,1,1,0,1,1,1,1,1,1,1,1,0,1,1,1,0,1,0,1,1,1,0,0,1,0,1,0,1,1,0,1,0,1,1,0,0,1,1,0,1,0,0,1,0,1,0,0,1,1,1,1,1,1,1,1,0,0,1,0,0,1,0,1,1,0,1,0,0,1,1,0,0,0,1,0,1,1,1,0,1,1,1,1,1,1,1,0,1],"_runtime":83,"train_loss":0.20287528312069247,"model_param_reduction_pct":57.412932624498204,"lr_gumbel_bin":0.001,"final_channel_mask_block3":[1,1,0,1,0,0,1,1,0,0,1,1,1,0,1,1,1,0,1,1,0,1,0,1,0,0,1,0,0,0,0,1,0,0,1,0,1,1,0,1,0,1,0,1,0,1,1,0,0,1,0,0,0,1,1,1,0,1,0,0,0,0,0,1,0,0,0,1,0,1,1,0,1,0,1,0,0,0,1,1,1,1,1,1,0,1,1,0,0,0,0,1,1,0,0,0,1,0,1,0,0,0,1,1,0,1,1,0,0,1,0,1,1,1,1,0,1,1,1,1,0,0,0,0,1,0,0,0],"train_acc":91.55172413793103,"stage2/mask_l1":0.5456358790397644,"stage2/test_loss":0.33432900082273914,"stage2/block3_Pruned_%":51.5625,"stage2/final_mask_keep_ratio_block3":0.484375,"stage":5,"lr":0.001,"_timestamp":1.776705913027163e+09,"stage2/final_mask_keep_ratio_block4":0.640625}