{"_wandb":{"runtime":20},"stage2_test_acc":87.07159823549372,"stage3_test_acc":90.70240922972515,"stage3_test_f1":0.9073157251963907,"stage2_test_loss":0.5052961422241706,"mask_l1":0.28125,"epoch":30,"train_loss":0.0852869526338193,"val_loss":0.3871688973103975,"_runtime":20,"stage1/use_pretrain_model":false,"stage3_test_loss":0.4439064790744399,"stage2_test_f1":0.8726650023251136,"val_acc":87.97653958944281,"best_val_loss":0.20909715452862362,"stage2_hard_bin_mask_str":"[0.0, 0.0, 1.0, 0.0, 0.0, 0.0, 1.0, 1.0, 1.0, 1.0, 0.0, 1.0, 0.0, 0.0, 1.0, 1.0, 1.0, 1.0, 1.0, 1.0, 1.0, 1.0, 1.0, 1.0, 1.0, 1.0, 1.0, 1.0, 1.0, 1.0, 1.0, 1.0, 1.0, 1.0, 0.0, 1.0, 1.0, 1.0, 1.0, 0.0, 1.0, 1.0, 1.0, 1.0, 1.0, 1.0, 1.0, 1.0, 1.0, 1.0, 1.0, 1.0, 1.0, 1.0, 1.0, 1.0, 1.0, 1.0, 0.0, 1.0, 0.0, 0.0, 0.0, 1.0, 0.0, 0.0, 0.0, 0.0, 0.0, 0.0, 0.0, 0.0, 0.0, 0.0, 0.0, 0.0, 0.0, 0.0, 0.0, 0.0, 0.0, 0.0, 0.0, 0.0, 0.0, 0.0, 0.0, 0.0, 0.0, 0.0, 0.0, 0.0, 0.0, 0.0, 0.0, 0.0, 0.0, 0.0, 0.0, 0.0, 0.0, 0.0, 0.0, 0.0, 0.0, 0.0, 0.0, 0.0, 0.0, 0.0, 0.0, 0.0, 0.0, 0.0, 0.0, 0.0, 0.0, 0.0, 0.0, 0.0, 0.0, 0.0, 0.0, 0.0, 0.0, 0.0, 0.0, 0.0]","lr":0.001,"stage1_test_loss":0.4559599839993571,"stage1_test_f1":0.8992012196111356,"bin_keep_ratio":0.390625,"lr_gumbel_bin":0.001,"stage":3,"stage1/test_loss":0.4559599839993571,"stage_3_separableconvcnn/confusion_matrix_table":{"size":1367,"sha256":"e0c44243ddd0186b9fa96caef2de50bbf06945cf09fdc169fd46a04e096f6ef1","_latest_artifact_path":"wandb-client-artifact://htlz1kve2sy2i2ut6obzj5jgq1v2chqjxqm2vos8uwf49n9te15v6g35xv6sjw05vg1ebnlgkjctrzm2o2bz82so3i4rpg1cwrmijksjr0tuimruzgs1u243hii5l1bd:latest/stage_3_separableconvcnn/confusion_matrix_table.table.json","ncols":3,"path":"media/table/stage_3_separableconvcnn/confusion_matrix_table_10_e0c44243ddd0186b9fa9.table.json","nrows":36,"_type":"table-file","artifact_path":"wandb-client-artifact://n6xfxh20e3tyazsbtbt3b40tf1zea6l68x51h1sdoio253comowqe1buby8ymhaxyzf4vcrzzz7awm07sbkhhc4fwiwhlcea70ibl1mdjxk24fxyuikoo19ywd1sp5v9/stage_3_separableconvcnn/confusion_matrix_table.table.json","log_mode":"IMMUTABLE"},"stage1/test_f1":0.8992012196111356,"train_acc":96.46270146911995,"stage1/test_acc":89.85408890397014,"stage_1_separableconvcnn/confusion_matrix_table":{"log_mode":"IMMUTABLE","sha256":"02c5a6fac2b98a2cce23216035c71184f8282e95afab8b7a4923ed0654b10cea","nrows":36,"_latest_artifact_path":"wandb-client-artifact://7fxx67629tfn1fw0nva56znjxtul1fmlnlbzczntoyj49jn482g6qx66505ngwcwitmumj38elz0qr36y4sw57m3x78fh7ttmsyxinf7vev2deyin9y9m2faadyryhso:latest/stage_1_separableconvcnn/confusion_matrix_table.table.json","size":1368,"path":"media/table/stage_1_separableconvcnn/confusion_matrix_table_1_02c5a6fac2b98a2cce23.table.json","artifact_path":"wandb-client-artifact://a7808ly0u27h9jvlhqquqzyz2jkodjszjevbfzgl1vrf6pmt67jcbm2cdr7utp81cpvc38op1c2236khrq7fwlg26tzukn1ao8jmxspnh4am0642ssgp5uxizvia5kfs/stage_1_separableconvcnn/confusion_matrix_table.table.json","_type":"table-file","ncols":3},"stage1_test_acc":89.85408890397014,"_timestamp":1.7764247284174042e+09,"_step":11,"lr_backbone":0.0001}