{"stage2_test_acc":82.11740753308449,"stage1_test_acc":89.71835765184935,"lr":0.001,"_wandb":{"runtime":17},"bin_keep_ratio":0.2461538463830948,"stage_1_separableconvcnn/confusion_matrix_table":{"_type":"table-file","nrows":36,"ncols":3,"artifact_path":"wandb-client-artifact://b4fcy78hf00ukebz87uzdyytmuhdkrucony2tm0rf0p0bei6ut9xvss9tq7ojxciu7waawp90sw5z8szy737pmqr5el8qa4wzi02nh39fdtanx0lie6c6ji190g3ao9p/stage_1_separableconvcnn/confusion_matrix_table.table.json","sha256":"afe147d38f01e1852de86fb6603c33be46cdb43576857b41a32c382468e7b269","size":1366,"path":"media/table/stage_1_separableconvcnn/confusion_matrix_table_1_afe147d38f01e1852de8.table.json","_latest_artifact_path":"wandb-client-artifact://1gl53rfo554iroff5w6517rgrm524qazt2p9no9xpg86org4a8ec64wkeab9gjz7z19o2x8bdkfjvf1hkj6oxq1xksvnfevr1fwx6kxxyq3m7o3fv4nlrzfedaoepkq9:latest/stage_1_separableconvcnn/confusion_matrix_table.table.json","log_mode":"IMMUTABLE"},"stage_3_separableconvcnn/confusion_matrix_table":{"path":"media/table/stage_3_separableconvcnn/confusion_matrix_table_9_bdf2d20e195a6eb9c50a.table.json","ncols":3,"nrows":36,"log_mode":"IMMUTABLE","sha256":"bdf2d20e195a6eb9c50a58c511ec8cccb6ea5e725a4fb724152cec40e1b0f8f9","_type":"table-file","size":1368,"artifact_path":"wandb-client-artifact://2stfp2d3kh3bk1fce0n1os3gxjub1awmdhgyfd3wx6gcvqx06xz4s6z0qcz6s9v1yk5lsap6vzacia33kfzl6d5p35pfv4oiluiicf0vvuibfhgi2ekuo99ldc6nanx2/stage_3_separableconvcnn/confusion_matrix_table.table.json","_latest_artifact_path":"wandb-client-artifact://bd63pm2x7qjwv7ty9h1bmb9h0yy0oxka1q9kzsnvimzavbm8tlai68ek08xzkp8rfzrqclmj787cajwes70ebavslezvz55agzgucqr03ljn9kmjqc3rw8sw4vbvnz7t:latest/stage_3_separableconvcnn/confusion_matrix_table.table.json"},"epoch":25,"lr_gumbel_bin":0.001,"train_loss":0.14764850424665116,"stage3_test_acc":88.02171700033932,"_runtime":17,"val_acc":89.04899135446686,"stage":3,"_timestamp":1.7757724272063272e+09,"stage1/test_loss":0.333903368065058,"stage1_test_loss":0.333903368065058,"stage2_test_f1":0.8177672186716127,"stage3_test_loss":0.40088769373800515,"mask_l1":0.16923075914382935,"stage2_hard_bin_mask_str":"[1.0, 1.0, 1.0, 1.0, 1.0, 0.0, 1.0, 1.0, 1.0, 1.0, 1.0, 1.0, 1.0, 0.0, 1.0, 1.0, 0.0, 1.0, 0.0, 1.0, 0.0, 0.0, 0.0, 0.0, 0.0, 0.0, 0.0, 0.0, 0.0, 0.0, 0.0, 0.0, 0.0, 0.0, 0.0, 0.0, 0.0, 0.0, 0.0, 0.0, 0.0, 0.0, 0.0, 0.0, 0.0, 0.0, 0.0, 0.0, 0.0, 0.0, 0.0, 0.0, 0.0, 0.0, 0.0, 0.0, 0.0, 0.0, 0.0, 0.0, 0.0, 0.0, 0.0, 0.0, 0.0]","stage2_test_loss":0.6729711906411536,"stage1_test_f1":0.8970913604633416,"stage1/test_f1":0.8970913604633416,"stage3_test_f1":0.8793516575238897,"best_val_loss":0.30897789832837985,"stage1/test_acc":89.71835765184935,"stage1/use_pretrain_model":false,"_step":10,"val_loss":0.34101937560938966,"train_acc":93.86152748037117,"lr_backbone":0.0001}