{"stage2/purpose":"train channel-pruning model with masking","model_param_count":18338,"stage2/final_mask_keep_ratio_block4":0.4921875,"stage2/block3_Pruned_%":27.34375,"stage1_test_acc":90.97387173396675,"stage1/test_acc":90.97387173396675,"stage2/Total_Pruned_%":34.375,"stage2_test_loss":0.7997440324583027,"stage2/train_loss":0.7718320372628003,"_step":10,"stage2/lr_backbone":0.0001,"stage1/test_loss":0.2390684281721116,"stage3_test_acc":88.93790295215473,"train_loss":0.17378636336398012,"block3_Pruned_%":27.34375,"stage2/final_mask_keep_ratio_block2":0.84375,"model_param_count_dense":36868,"stage2/val_acc":59.82404692082111,"stage2/train_acc":59.57780630437883,"stage2/raw_hard_mask_block3":"[1.0, 1.0, 1.0, 1.0, 1.0, 1.0, 1.0, 1.0, 1.0, 1.0, 1.0, 1.0, 1.0, 1.0, 1.0, 1.0, 0.0, 0.0, 1.0, 1.0, 1.0, 0.0, 1.0, 1.0, 1.0, 1.0, 0.0, 1.0, 1.0, 1.0, 0.0, 1.0, 1.0, 1.0, 0.0, 0.0, 1.0, 1.0, 1.0, 1.0, 1.0, 1.0, 1.0, 1.0, 1.0, 0.0, 0.0, 1.0, 0.0, 0.0, 1.0, 0.0, 0.0, 1.0, 1.0, 0.0, 1.0, 0.0, 0.0, 1.0, 1.0, 1.0, 0.0, 0.0, 0.0, 0.0, 1.0, 0.0, 0.0, 0.0, 1.0, 1.0, 1.0, 1.0, 1.0, 1.0, 0.0, 1.0, 0.0, 1.0, 1.0, 1.0, 1.0, 0.0, 1.0, 1.0, 1.0, 0.0, 1.0, 1.0, 1.0, 1.0, 1.0, 1.0, 0.0, 1.0, 1.0, 0.0, 1.0, 1.0, 1.0, 1.0, 0.0, 1.0, 1.0, 1.0, 1.0, 1.0, 1.0, 1.0, 1.0, 0.0, 1.0, 1.0, 0.0, 1.0, 0.0, 1.0, 0.0, 1.0, 1.0, 1.0, 1.0, 1.0, 1.0, 1.0, 1.0, 0.0]","stage2/raw_hard_mask_block2":"[1.0, 0.0, 1.0, 1.0, 1.0, 1.0, 1.0, 1.0, 1.0, 0.0, 1.0, 1.0, 1.0, 1.0, 0.0, 1.0, 1.0, 1.0, 1.0, 1.0, 0.0, 0.0, 1.0, 1.0, 1.0, 1.0, 1.0, 1.0, 0.0, 1.0, 1.0, 1.0, 1.0, 1.0, 1.0, 1.0, 1.0, 0.0, 1.0, 1.0, 1.0, 1.0, 1.0, 1.0, 1.0, 1.0, 1.0, 1.0, 1.0, 1.0, 0.0, 1.0, 1.0, 0.0, 1.0, 1.0, 1.0, 1.0, 1.0, 1.0, 0.0, 1.0, 1.0, 1.0]","best_val_loss":0.5306365594835925,"lr_loaded_weights":0.0001,"stage1/test_f1":0.9108162276968897,"stage3_test_loss":0.2969048428762398,"stage1_test_loss":0.2390684281721116,"_timestamp":1.7758500663897674e+09,"val_acc":79.76539589442815,"stage2/test_f1":0.5257386023799956,"stage2/mask_l1":0.5098105072975159,"block4_Pruned_%":50.78125,"stage2/best_epoch":3,"stage2/stage_number":2,"stage2/epoch":10,"model_param_reduction_pct":50.26038841271563,"stage_3_prunedseparableconvcnn/confusion_matrix_table":{"_latest_artifact_path":"wandb-client-artifact://hxfsgp0z8efz5xsfr6esdcdkrsz334pk3ihl5vxxw931322dqurldk46j5knfixxvv4vo9fdt9d9dmfxwy62pejigdv1h76mca5ttddrb9vxhskfqglfk5s08k5pqhar:latest/stage_3_prunedseparableconvcnn/confusion_matrix_table.table.json","ncols":3,"log_mode":"IMMUTABLE","nrows":36,"artifact_path":"wandb-client-artifact://9450zy2ppqiiytrm9az1zzsq26om5a42p5x0a5ta2dp2vsmvnzj4050rfe487pw3ez1l4ak9jzb223kcdiclms2vvt4nxk6kqxbyduhxttclryxtuow9ynh14adxf6d6/stage_3_prunedseparableconvcnn/confusion_matrix_table.table.json","size":1367,"path":"media/table/stage_3_prunedseparableconvcnn/confusion_matrix_table_8_cb51f1b6309f1f0847bd.table.json","sha256":"cb51f1b6309f1f0847bdede684f591d776988a5bd03dddb07f24192076def13e","_type":"table-file"},"stage2_test_acc":58.70376654224635,"_wandb":{"runtime":15},"epoch":15,"stage2/best_val_loss":0.8966956628033143,"stage2/block2_Pruned_%":15.625,"val_loss":0.5604111928044876,"stage2/test_loss":0.7997440324583027,"_runtime":15,"stage2/val_loss":0.9327780948706037,"stage2_test_f1":0.5257386023799956,"stage2/lr_gumbel":0.001,"stage1_test_f1":0.9108162276968897,"final_summary_log_path":"/home/qphan/master-thesis/models/uci_best_model_three_stage_channel_subject3_val_final_summary_val_3.txt","stage_1_separableconvcnn/confusion_matrix_table":{"sha256":"229f633e2f2ecf27ed30b24fb7f00befb11ff430a609ab630cf60411c308e839","_type":"table-file","ncols":3,"path":"media/table/stage_1_separableconvcnn/confusion_matrix_table_1_229f633e2f2ecf27ed30.table.json","size":1368,"log_mode":"IMMUTABLE","_latest_artifact_path":"wandb-client-artifact://pam7r693u4v51easb5sbuio3c6clfgsn1x62ykiy1awpi2v0cu6ydnleic2zgit4jp423otoyltx4xn0ouas93ltbdh7gtv6et6cev6gqmyuwx3qd7kj7kfl0wyqe8u0:latest/stage_1_separableconvcnn/confusion_matrix_table.table.json","artifact_path":"wandb-client-artifact://0qj879axh3q760jebuvaqirrjd25chdkahca8bq8ngvjpvrli8vr55fjcpricw5loepb8n6j3v86xjae26j30ayouudu7x4v6zrvhv1lu43s6sdvjhujlhhnuqh1nhzt/stage_1_separableconvcnn/confusion_matrix_table.table.json","nrows":36},"stage2/test_acc":58.70376654224635,"model_param_count_pruned":18338,"stage2/final_mask_keep_ratio_block3":0.7265625,"stage3_test_f1":0.8885027458428166,"train_acc":93.02524604193411,"stage2/block4_Pruned_%":50.78125,"stage2/raw_hard_mask_block4":"[1.0, 0.0, 0.0, 1.0, 0.0, 1.0, 0.0, 1.0, 0.0, 1.0, 1.0, 1.0, 1.0, 0.0, 1.0, 0.0, 1.0, 0.0, 0.0, 1.0, 0.0, 0.0, 0.0, 0.0, 1.0, 0.0, 1.0, 1.0, 0.0, 1.0, 0.0, 1.0, 1.0, 1.0, 1.0, 0.0, 1.0, 1.0, 1.0, 1.0, 0.0, 0.0, 1.0, 0.0, 0.0, 1.0, 1.0, 0.0, 0.0, 1.0, 1.0, 1.0, 0.0, 0.0, 0.0, 1.0, 1.0, 1.0, 1.0, 1.0, 0.0, 0.0, 1.0, 0.0, 1.0, 1.0, 1.0, 1.0, 0.0, 1.0, 0.0, 1.0, 1.0, 1.0, 1.0, 0.0, 1.0, 0.0, 1.0, 0.0, 1.0, 1.0, 0.0, 0.0, 0.0, 0.0, 1.0, 1.0, 0.0, 0.0, 1.0, 1.0, 0.0, 0.0, 1.0, 0.0, 1.0, 0.0, 0.0, 0.0, 0.0, 0.0, 1.0, 0.0, 1.0, 0.0, 1.0, 0.0, 0.0, 0.0, 0.0, 1.0, 0.0, 1.0, 1.0, 0.0, 1.0, 0.0, 0.0, 0.0, 0.0, 0.0, 0.0, 1.0, 0.0, 0.0, 0.0, 1.0]","block2_Pruned_%":15.625,"Total_Pruned_%":34.375,"stage":3,"stage1/use_pretrain_model":false}