{"stage1/use_pretrain_model":false,"stage1/stage_number":1,"stage1/test_loss":0.6139449513105159,"best_val_loss":0.7864196468982846,"stage1/val_acc":61.28125,"stage1/best_val_loss":0.7864196468982846,"_timestamp":1.7753034966472185e+09,"stage1/train_loss":0.45969061998773386,"test_f1_macro":0.699067153956104,"best_epoch":16,"test_loss":0.6139449513105159,"stage1/val_loss":1.0046084882318973,"_wandb":{"runtime":104},"stage1_test_loss":0.6139449513105159,"stage1_test_acc":79.28902627511592,"stage1_test_f1":0.699067153956104,"stage1/lr":0.001,"stage1/purpose":"train baseline model","stage1/test_f1":0.699067153956104,"_step":28,"stage_1_separableconvcnn/confusion_matrix_table":{"_type":"table-file","artifact_path":"wandb-client-artifact://ewcn6u6dtijf3pnkvj8aswd2xwacnxtl8ppixuru4jkn5fvxme88gsngllxmycxrj0hi3b74pmm2o9nkuc8je4piycvumvavs1vhgswl4hdpu3jsuod3592zyw8z8620/stage_1_separableconvcnn/confusion_matrix_table.table.json","nrows":64,"log_mode":"IMMUTABLE","path":"media/table/stage_1_separableconvcnn/confusion_matrix_table_28_13c1778b30180d194f28.table.json","size":2014,"_latest_artifact_path":"wandb-client-artifact://jtceo2g2vn5v04s6nd4yrom7f0i8ogd52vpf7g50a6rv5tlye44pr5mou2jq7256wobuzt5rkgkm40yutqp73wf2wsm8o4boe8gafiisy2wzw907ploubmlmbd5kwex3:latest/stage_1_separableconvcnn/confusion_matrix_table.table.json","ncols":3,"sha256":"13c1778b30180d194f285a3d88a237127d810af7e8dcb928bbba4a3494f7165b"},"stage1/train_acc":73.46605938861154,"_runtime":104,"stage1/test_acc":79.28902627511592,"test_acc":79.28902627511592,"stage1/epoch":26}