{"block4_Pruned_%":46.875,"model_param_count":10703,"stage1_test_acc":89.82015609093993,"stage2/lr_gumbel":0.001,"final_summary_log_path":"/home/qphan/master-thesis/models/uci_best_model_three_stage_channel_subject17_val_final_summary_val_17.txt","stage2/final_mask_keep_ratio_block4":0.53125,"Total_Pruned_%":56.56250000000001,"stage2_test_loss":0.664318403554622,"val_acc":70.65217391304348,"stage2/lr_backbone":0.0001,"stage2/best_epoch":13,"stage1/test_loss":0.2596978127236172,"train_acc":86.56930126002291,"val_loss":0.6153543131506961,"stage1_test_f1":0.8995361926906478,"train_loss":0.3167420879672073,"stage2/final_mask_keep_ratio_block2":0.4375,"stage_1_separableconvcnn/confusion_matrix_table":{"size":1367,"sha256":"ffc61f2a9a5c6083869d95063a11e8d57c336a91bbbee1f83da10e2cd86b1d25","_latest_artifact_path":"wandb-client-artifact://qrj6kiubd9emriqfz52erw9f1ca51bw99c48rix9wlkxmgegg3gwt6h3s7b5wizk6j0delm0eoe1utt0h4284b1jg7se711wxhhc6r6ojk9m9oi7qiddkztqcu5i3ofk:latest/stage_1_separableconvcnn/confusion_matrix_table.table.json","artifact_path":"wandb-client-artifact://4f6l3rkgbfl68cd3aaw8b884zzuujs2mg65p45spbv7uqsgrvdn6isci8ll3qkxcm330duu7u8sbup5ihynp1pen435kvd0nodxj1m6urkjengseqx56pjo71u7q4r4e/stage_1_separableconvcnn/confusion_matrix_table.table.json","ncols":3,"path":"media/table/stage_1_separableconvcnn/confusion_matrix_table_1_ffc61f2a9a5c6083869d.table.json","log_mode":"IMMUTABLE","nrows":36,"_type":"table-file"},"stage2/block4_Pruned_%":46.875,"model_param_count_pruned":10703,"stage2/purpose":"train channel-pruning model with masking","stage2/epoch":20,"stage2/train_acc":60.595647193585336,"stage2_test_f1":0.5697907779765331,"stage1_test_loss":0.2596978127236172,"_runtime":23,"lr_loaded_weights":0.0001,"best_val_loss":0.58391665375751,"block2_Pruned_%":56.25,"stage2/val_loss":0.6837535105321718,"model_param_reduction_pct":70.96940436150592,"stage1/test_f1":0.8995361926906478,"stage":3,"model_param_count_dense":36868,"stage2/raw_hard_mask_block3":"[0.0, 0.0, 0.0, 0.0, 0.0, 0.0, 1.0, 1.0, 0.0, 0.0, 0.0, 0.0, 0.0, 0.0, 1.0, 1.0, 0.0, 0.0, 0.0, 1.0, 1.0, 0.0, 1.0, 0.0, 1.0, 0.0, 0.0, 1.0, 1.0, 0.0, 0.0, 1.0, 0.0, 0.0, 0.0, 0.0, 0.0, 0.0, 0.0, 0.0, 1.0, 0.0, 1.0, 1.0, 0.0, 0.0, 1.0, 1.0, 0.0, 1.0, 0.0, 0.0, 1.0, 0.0, 1.0, 0.0, 0.0, 0.0, 1.0, 1.0, 0.0, 0.0, 1.0, 0.0, 0.0, 1.0, 0.0, 1.0, 0.0, 0.0, 1.0, 1.0, 1.0, 1.0, 0.0, 0.0, 1.0, 0.0, 1.0, 1.0, 0.0, 0.0, 0.0, 1.0, 1.0, 1.0, 0.0, 0.0, 0.0, 0.0, 0.0, 0.0, 0.0, 0.0, 0.0, 1.0, 0.0, 1.0, 1.0, 0.0, 0.0, 0.0, 0.0, 1.0, 0.0, 1.0, 0.0, 0.0, 1.0, 0.0, 0.0, 1.0, 0.0, 0.0, 0.0, 0.0, 0.0, 0.0, 0.0, 0.0, 1.0, 0.0, 1.0, 0.0, 0.0, 0.0, 0.0, 0.0]","stage1/test_acc":89.82015609093993,"stage2/best_val_loss":0.6546644247744394,"stage2/block2_Pruned_%":56.25,"stage2/stage_number":2,"stage_3_prunedseparableconvcnn/confusion_matrix_table":{"sha256":"8c1e09b0dff81da7275a85997197d1b45d335708b45a9a4d71d7a9ed9452d91f","artifact_path":"wandb-client-artifact://4yfxog4ojat0br31qt112sup691lygsr6gclko1wepdj45byo9c4mkusjsjkc3sojslf8uq73p5ubkitki6px3lxidizlrmoxix6xhygpf7s4ta438im5wnwa78zx6ps/stage_3_prunedseparableconvcnn/confusion_matrix_table.table.json","size":1367,"ncols":3,"nrows":36,"log_mode":"IMMUTABLE","_latest_artifact_path":"wandb-client-artifact://pog1dlhobbrphxjvyazwyji2csp4lgr74svid5vdoo96jv4es5xo3tr4is625n00o75agyxmqtmvt85n639skdcff12bmoc54d5utvpvirmpt0f07anyfyxv5a1xqmd4:latest/stage_3_prunedseparableconvcnn/confusion_matrix_table.table.json","path":"media/table/stage_3_prunedseparableconvcnn/confusion_matrix_table_12_8c1e09b0dff81da7275a.table.json","_type":"table-file"},"_timestamp":1.7758553871134036e+09,"stage2/val_acc":61.95652173913044,"_step":14,"stage2/raw_hard_mask_block4":"[0.0, 1.0, 1.0, 1.0, 0.0, 0.0, 0.0, 1.0, 1.0, 1.0, 1.0, 1.0, 1.0, 0.0, 0.0, 1.0, 0.0, 1.0, 0.0, 1.0, 1.0, 0.0, 1.0, 0.0, 0.0, 1.0, 0.0, 1.0, 1.0, 0.0, 1.0, 1.0, 1.0, 0.0, 1.0, 0.0, 1.0, 0.0, 0.0, 0.0, 1.0, 0.0, 1.0, 1.0, 1.0, 1.0, 1.0, 0.0, 0.0, 1.0, 0.0, 1.0, 0.0, 1.0, 1.0, 1.0, 1.0, 0.0, 0.0, 1.0, 1.0, 1.0, 0.0, 1.0, 0.0, 1.0, 0.0, 0.0, 0.0, 0.0, 0.0, 0.0, 1.0, 0.0, 1.0, 0.0, 0.0, 0.0, 1.0, 1.0, 1.0, 0.0, 1.0, 0.0, 0.0, 0.0, 1.0, 0.0, 0.0, 1.0, 1.0, 0.0, 0.0, 1.0, 0.0, 1.0, 0.0, 0.0, 1.0, 1.0, 1.0, 1.0, 1.0, 0.0, 0.0, 0.0, 0.0, 0.0, 0.0, 1.0, 1.0, 0.0, 1.0, 0.0, 1.0, 1.0, 1.0, 1.0, 0.0, 0.0, 0.0, 1.0, 1.0, 1.0, 1.0, 0.0, 1.0, 1.0]","epoch":25,"stage3_test_acc":86.66440447913132,"stage2/test_loss":0.664318403554622,"stage2/train_loss":1.014903418523476,"stage3_test_loss":0.35782950978901856,"block3_Pruned_%":66.40625,"stage2/test_f1":0.5697907779765331,"stage2/raw_hard_mask_block2":"[0.0, 1.0, 0.0, 1.0, 0.0, 0.0, 1.0, 0.0, 0.0, 0.0, 0.0, 0.0, 1.0, 0.0, 0.0, 1.0, 0.0, 1.0, 0.0, 1.0, 0.0, 0.0, 1.0, 1.0, 1.0, 1.0, 1.0, 0.0, 0.0, 0.0, 1.0, 1.0, 1.0, 0.0, 0.0, 0.0, 1.0, 0.0, 1.0, 1.0, 0.0, 1.0, 0.0, 1.0, 0.0, 1.0, 0.0, 1.0, 0.0, 1.0, 0.0, 0.0, 1.0, 0.0, 1.0, 1.0, 0.0, 1.0, 0.0, 0.0, 0.0, 1.0, 0.0, 0.0]","stage2/block3_Pruned_%":66.40625,"stage2/test_acc":62.74177129284018,"stage2/Total_Pruned_%":56.56250000000001,"stage1/use_pretrain_model":false,"stage3_test_f1":0.8682847727666383,"stage2_test_acc":62.74177129284018,"_wandb":{"runtime":23},"stage2/mask_l1":0.4747297465801239,"stage2/final_mask_keep_ratio_block3":0.3359375}