{"train_loss":0.0930655730550575,"stage3_test_f1":0.9031900821938278,"_wandb":{"runtime":22},"stage1_test_f1":0.8992012196111356,"bin_keep_ratio":0.4765625,"val_acc":80.93841642228739,"best_val_loss":0.19152924148884773,"epoch":15,"stage2_test_f1":0.9018918619092656,"lr_gumbel_bin":0.001,"val_loss":1.101703782587741,"_timestamp":1.7757754007860577e+09,"mask_l1":0.453125,"stage_1_separableconvcnn/confusion_matrix_table":{"sha256":"02c5a6fac2b98a2cce23216035c71184f8282e95afab8b7a4923ed0654b10cea","ncols":3,"artifact_path":"wandb-client-artifact://c8h7crrt5kefbeov667gcfwtbo1t21ipajt2xpf3nuaxg319x7ewrbopyblldd417b39v75ymgpmkkqlxzkr5aee6bf02jn636o97uokotf1avx68y0ueoanqt8tgrkg/stage_1_separableconvcnn/confusion_matrix_table.table.json","_type":"table-file","nrows":36,"size":1368,"_latest_artifact_path":"wandb-client-artifact://6mm36f5rov0qzp76835o9n5mxwybobb002afds2cjl4yn701kysnt75ie3hy6waskra61klcsx0et67tx1n92n9311n13silpfh5icdxizz94c62fnzyzgue1pfhukzd:latest/stage_1_separableconvcnn/confusion_matrix_table.table.json","log_mode":"IMMUTABLE","path":"media/table/stage_1_separableconvcnn/confusion_matrix_table_1_02c5a6fac2b98a2cce23.table.json"},"stage1_test_acc":89.85408890397014,"stage1/test_f1":0.8992012196111356,"lr_backbone":0.0001,"stage3_test_loss":0.473290787063763,"lr":0.001,"stage2_test_loss":0.44213430300515105,"stage_3_separableconvcnn/confusion_matrix_table":{"ncols":3,"path":"media/table/stage_3_separableconvcnn/confusion_matrix_table_11_8658458c1e1fe1f5316f.table.json","_type":"table-file","artifact_path":"wandb-client-artifact://60fx71kc4j8hnnjy5ognhjliomu7ldd9s6s95iztxeue85qmaywkm62x449y63ms3hanrp412fjf7iuwkeetj9zzajwai8xewxg8ignai9m1o6vl952zjr40lzrmm90n/stage_3_separableconvcnn/confusion_matrix_table.table.json","nrows":36,"_latest_artifact_path":"wandb-client-artifact://xw6jl9m76cmq5ftinaekmwatjjfe1z8n57suy9au7ra17w3xroa1dp2bunzqbds0pekvki0rpnt4ey6i2ymy010ogvuk4d20klcvmka97jisa38ip07b518ez5gn8n4v:latest/stage_3_separableconvcnn/confusion_matrix_table.table.json","sha256":"8658458c1e1fe1f5316f4d36a0c492595319a9ec5c2e4bc6a8f957b8f2476b3a","size":1367,"log_mode":"IMMUTABLE"},"stage1_test_loss":0.4559599839993571,"stage3_test_acc":90.26128266033254,"stage2_hard_bin_mask_str":"[0.0, 0.0, 1.0, 1.0, 1.0, 1.0, 1.0, 1.0, 1.0, 1.0, 1.0, 1.0, 1.0, 1.0, 1.0, 1.0, 1.0, 1.0, 1.0, 1.0, 1.0, 1.0, 1.0, 1.0, 1.0, 1.0, 1.0, 1.0, 1.0, 1.0, 1.0, 1.0, 1.0, 1.0, 1.0, 1.0, 1.0, 1.0, 1.0, 1.0, 1.0, 1.0, 1.0, 1.0, 1.0, 1.0, 1.0, 1.0, 1.0, 1.0, 1.0, 1.0, 1.0, 1.0, 1.0, 1.0, 1.0, 1.0, 1.0, 1.0, 1.0, 1.0, 0.0, 1.0, 0.0, 0.0, 0.0, 0.0, 0.0, 0.0, 0.0, 0.0, 0.0, 0.0, 0.0, 0.0, 0.0, 0.0, 0.0, 0.0, 0.0, 0.0, 0.0, 0.0, 0.0, 0.0, 0.0, 0.0, 0.0, 0.0, 0.0, 0.0, 0.0, 0.0, 0.0, 0.0, 0.0, 0.0, 0.0, 0.0, 0.0, 0.0, 0.0, 0.0, 0.0, 0.0, 0.0, 0.0, 0.0, 0.0, 0.0, 0.0, 0.0, 0.0, 0.0, 0.0, 0.0, 0.0, 0.0, 0.0, 0.0, 0.0, 0.0, 0.0, 0.0, 0.0, 0.0, 0.0]","stage2_test_acc":89.98982015609094,"train_acc":96.12038225645415,"stage":3,"stage1/test_loss":0.4559599839993571,"stage1/use_pretrain_model":false,"stage1/test_acc":89.85408890397014,"_runtime":22,"_step":12}