{"val_acc":57.889200561009815,"Total_Pruned_%":63.74999999999999,"stage2/Total_Pruned_%":63.74999999999999,"stage2/final_mask_keep_ratio_block2":0.375,"lr_loaded_weights":0.0001,"stage1_test_acc":72.7253992787223,"stage1_test_f1":0.6647315251494192,"stage1_test_loss":0.6905957118221806,"model_param_count_pruned":8652,"train_acc":65.90751970292531,"stage2/purpose":"train channel-pruning model with masking","stage2/epoch":15,"stage2/block4_Pruned_%":53.90625,"stage2/raw_hard_mask_block2":"[0.0, 0.0, 1.0, 0.0, 0.0, 0.0, 0.0, 1.0, 0.0, 1.0, 1.0, 1.0, 0.0, 0.0, 1.0, 0.0, 1.0, 0.0, 0.0, 0.0, 1.0, 0.0, 0.0, 1.0, 0.0, 0.0, 0.0, 1.0, 1.0, 0.0, 0.0, 0.0, 0.0, 0.0, 0.0, 0.0, 1.0, 0.0, 1.0, 1.0, 0.0, 1.0, 1.0, 1.0, 1.0, 0.0, 1.0, 0.0, 0.0, 0.0, 1.0, 0.0, 0.0, 0.0, 0.0, 1.0, 1.0, 0.0, 0.0, 1.0, 0.0, 0.0, 1.0, 0.0]","stage2/test_f1":0.6245906730418285,"stage2/val_acc":51.157082748948106,"model_param_reduction_pct":76.61495215957619,"stage2/block3_Pruned_%":74.21875,"stage2/raw_hard_mask_block3":"[0.0, 1.0, 0.0, 0.0, 0.0, 0.0, 0.0, 0.0, 0.0, 1.0, 0.0, 0.0, 0.0, 0.0, 0.0, 0.0, 1.0, 0.0, 0.0, 0.0, 0.0, 0.0, 1.0, 1.0, 0.0, 0.0, 0.0, 0.0, 0.0, 0.0, 0.0, 1.0, 0.0, 0.0, 0.0, 0.0, 0.0, 0.0, 0.0, 0.0, 0.0, 0.0, 0.0, 0.0, 0.0, 0.0, 0.0, 0.0, 0.0, 0.0, 0.0, 1.0, 1.0, 0.0, 0.0, 1.0, 0.0, 0.0, 0.0, 1.0, 0.0, 0.0, 0.0, 0.0, 0.0, 0.0, 0.0, 0.0, 1.0, 0.0, 0.0, 1.0, 1.0, 0.0, 1.0, 1.0, 1.0, 1.0, 0.0, 1.0, 0.0, 1.0, 1.0, 0.0, 0.0, 0.0, 0.0, 0.0, 0.0, 1.0, 1.0, 0.0, 0.0, 0.0, 0.0, 0.0, 0.0, 0.0, 1.0, 0.0, 1.0, 0.0, 1.0, 0.0, 0.0, 1.0, 0.0, 1.0, 1.0, 0.0, 1.0, 1.0, 0.0, 0.0, 1.0, 0.0, 0.0, 0.0, 0.0, 0.0, 0.0, 1.0, 0.0, 1.0, 0.0, 0.0, 0.0, 0.0]","train_loss":0.6663878909627032,"model_param_count":8652,"stage3_test_acc":78.26893353941267,"stage2/stage_number":2,"stage2/best_val_loss":1.1236172201213797,"block3_Pruned_%":74.21875,"block2_Pruned_%":62.5,"stage1/test_acc":72.7253992787223,"final_summary_log_path":"/home/qphan/master-thesis/models/wear_best_model_three_stage_channel_subject7_val_final_summary_val_7.txt","stage2/best_epoch":9,"val_loss":0.9684109423638728,"stage_1_separableconvcnn/confusion_matrix_table":{"path":"media/table/stage_1_separableconvcnn/confusion_matrix_table_1_13a6fd04346ff8692523.table.json","nrows":64,"artifact_path":"wandb-client-artifact://dgpdh9qywa5dji7x676hdw9trs31yssa4ozodnd22xczppuilewestw92mo7gjyx3iwrqq70js9gi0wnu477yladm38ok27rtr4los13ccn8bqs0unbs8j627sd09mna/stage_1_separableconvcnn/confusion_matrix_table.table.json","size":2015,"_latest_artifact_path":"wandb-client-artifact://vewa1gwvhted8gqu2caxhclb0goq6lzv28t6l01bbkh7jz0xzrpsbdkodly3ya2ygocz3x018k3jwpjnjmdaub9a0xik38yy5p0aunnrqzudglqwxjri5bw68hhvcigq:latest/stage_1_separableconvcnn/confusion_matrix_table.table.json","log_mode":"IMMUTABLE","ncols":3,"sha256":"13a6fd04346ff8692523df6a8391b86b0466d0dd42cf76f6a300cdb2b1cf9bfa","_type":"table-file"},"epoch":35,"stage1/test_f1":0.6647315251494192,"stage2/test_acc":76.46573930963422,"stage2/block2_Pruned_%":62.5,"stage2/lr_gumbel":0.001,"stage_3_prunedseparableconvcnn/confusion_matrix_table":{"sha256":"5dbcd88f172d69e697a9ec72ba3c5c950c773dd6d77f163dfc3a491924682f31","artifact_path":"wandb-client-artifact://bo9uvy57j3asnbesm7aw6prp4kdlrbul7hagppnf99ejrq3kmo5360jp1f2fs2gdyjamqvqrma4kx0556w5enydm0i20jo3foenwji32cddqkut23kcgbup8d3ph4d8r/stage_3_prunedseparableconvcnn/confusion_matrix_table.table.json","log_mode":"IMMUTABLE","_type":"table-file","size":2015,"ncols":3,"path":"media/table/stage_3_prunedseparableconvcnn/confusion_matrix_table_13_5dbcd88f172d69e697a9.table.json","nrows":64,"_latest_artifact_path":"wandb-client-artifact://v9d2n6vuz09ajn7ipa0ytniwfaq4gp7ckx14qvy32nc9cwrlzqplcm5qdu3p7sxtqv90bpyqc4lrsmjaywkg3ysh9wa0021eqe2c9mq876ozwzxk7xu76ia6pyw6fyia:latest/stage_3_prunedseparableconvcnn/confusion_matrix_table.table.json"},"best_val_loss":0.9108435153793988,"stage2_test_acc":76.46573930963422,"_runtime":176,"stage2/test_loss":0.7484441031138079,"_wandb":{"runtime":176},"stage2/lr_backbone":0.0001,"stage3_test_loss":0.6545924525832713,"stage1/test_loss":0.6905957118221806,"_timestamp":1.7753825205262055e+09,"stage2_test_loss":0.7484441031138079,"stage2/mask_l1":0.40586304664611816,"stage2/final_mask_keep_ratio_block4":0.4609375,"_step":15,"stage2/val_loss":1.134876779198312,"stage":3,"stage2/final_mask_keep_ratio_block3":0.2578125,"stage2/train_loss":1.3085887749317966,"stage2/raw_hard_mask_block4":"[1.0, 1.0, 0.0, 1.0, 0.0, 0.0, 0.0, 1.0, 1.0, 1.0, 1.0, 1.0, 0.0, 0.0, 1.0, 1.0, 1.0, 0.0, 1.0, 1.0, 1.0, 0.0, 0.0, 1.0, 0.0, 0.0, 1.0, 1.0, 0.0, 0.0, 1.0, 0.0, 1.0, 0.0, 1.0, 0.0, 0.0, 0.0, 0.0, 0.0, 0.0, 1.0, 1.0, 0.0, 0.0, 1.0, 0.0, 1.0, 0.0, 0.0, 0.0, 1.0, 0.0, 0.0, 0.0, 1.0, 1.0, 0.0, 0.0, 0.0, 1.0, 0.0, 1.0, 0.0, 0.0, 0.0, 1.0, 0.0, 0.0, 1.0, 0.0, 0.0, 1.0, 1.0, 0.0, 1.0, 1.0, 0.0, 0.0, 1.0, 1.0, 0.0, 0.0, 1.0, 0.0, 0.0, 1.0, 0.0, 0.0, 1.0, 0.0, 1.0, 0.0, 1.0, 1.0, 1.0, 1.0, 1.0, 1.0, 0.0, 1.0, 1.0, 0.0, 1.0, 0.0, 0.0, 0.0, 1.0, 0.0, 1.0, 1.0, 0.0, 0.0, 0.0, 1.0, 0.0, 0.0, 1.0, 0.0, 1.0, 0.0, 0.0, 1.0, 0.0, 1.0, 0.0, 1.0, 0.0]","stage1/use_pretrain_model":false,"stage2/train_acc":50.23604005767673,"stage2_test_f1":0.6245906730418285,"block4_Pruned_%":53.90625,"stage3_test_f1":0.6769669575351289,"model_param_count_dense":36998}