{"val_loss":1.7962881861825477,"stage1/test_f1":0.8308489119377521,"_timestamp":1.7757764824500506e+09,"mask_l1":0.0234375,"train_acc":86.76909944515579,"stage3_test_loss":0.4931014575460832,"lr":0.001,"stage1_test_f1":0.8308489119377521,"stage2_test_loss":0.6656350416713118,"stage1_test_acc":83.4068544282321,"stage3_test_acc":80.76009501187649,"_wandb":{"runtime":12},"val_acc":69.3498452012384,"stage":3,"bin_keep_ratio":0.1796875,"stage1/test_acc":83.4068544282321,"stage_3_separableconvcnn/confusion_matrix_table":{"_latest_artifact_path":"wandb-client-artifact://18awi4igqrph6idc82arwaiytp6vqr7x09q4w9plgyl4a81tqksi5ubptkvipumaoekyf09ya3loh62sufqlkf1fyz3rb5e6evgc4mqbgncm8n378e2g9xrp8l48ucaj:latest/stage_3_separableconvcnn/confusion_matrix_table.table.json","ncols":3,"size":1370,"nrows":36,"_type":"table-file","sha256":"4ca97124d25caf12d9a4b474ba2d07f8ebecbaac44bab7aa92d01d43b452adbf","artifact_path":"wandb-client-artifact://ibetdm2kpz2eptfgbbg094svsknbwnilitnu4tg1zvu8vv7ev4va9r9h8rfuhx7miy23t7llxfpdd1p1dytgsp6ijszd9me6ktggddia31agdrb31tw7ejulmccwikvz/stage_3_separableconvcnn/confusion_matrix_table.table.json","log_mode":"IMMUTABLE","path":"media/table/stage_3_separableconvcnn/confusion_matrix_table_7_4ca97124d25caf12d9a4.table.json"},"best_val_loss":1.1794854734704192,"stage2_test_f1":0.7080032442758474,"stage2_hard_bin_mask_str":"[0.0, 0.0, 0.0, 0.0, 0.0, 0.0, 0.0, 0.0, 1.0, 0.0, 0.0, 0.0, 1.0, 1.0, 0.0, 0.0, 1.0, 1.0, 1.0, 0.0, 0.0, 0.0, 0.0, 0.0, 0.0, 0.0, 0.0, 0.0, 1.0, 1.0, 1.0, 1.0, 1.0, 0.0, 0.0, 0.0, 0.0, 0.0, 0.0, 0.0, 1.0, 1.0, 0.0, 0.0, 1.0, 1.0, 0.0, 0.0, 1.0, 1.0, 0.0, 1.0, 1.0, 0.0, 0.0, 1.0, 0.0, 1.0, 1.0, 1.0, 0.0, 0.0, 0.0, 0.0, 0.0, 0.0, 0.0, 0.0, 0.0, 0.0, 0.0, 0.0, 0.0, 0.0, 0.0, 0.0, 0.0, 0.0, 0.0, 0.0, 0.0, 0.0, 0.0, 0.0, 0.0, 0.0, 0.0, 0.0, 0.0, 0.0, 0.0, 0.0, 0.0, 0.0, 0.0, 0.0, 0.0, 0.0, 0.0, 0.0, 0.0, 0.0, 0.0, 0.0, 0.0, 0.0, 0.0, 0.0, 0.0, 0.0, 0.0, 0.0, 0.0, 0.0, 0.0, 0.0, 0.0, 0.0, 0.0, 0.0, 0.0, 0.0, 0.0, 0.0, 0.0, 0.0, 0.0, 0.0]","stage1_test_loss":0.4129540924705828,"stage1/use_pretrain_model":false,"stage3_test_f1":0.8093100463920079,"train_loss":0.2833785928530346,"stage1/test_loss":0.4129540924705828,"stage_1_separableconvcnn/confusion_matrix_table":{"_type":"table-file","size":1365,"sha256":"f3aab2e547084ad044047dca3b6d12867565d0f6e1e08201762dfdc92f954e70","log_mode":"IMMUTABLE","ncols":3,"nrows":36,"_latest_artifact_path":"wandb-client-artifact://wlzl4jlixhdbmbocusamrv05wpfyvdam2o572tcy2nlzaa0kyk2rmjz2dwicl713zf5ulu6l7901rxikh1sag7x7m1kkb9ofe0nco1mcpx1vxu3cwuxjas0chpyioe3u:latest/stage_1_separableconvcnn/confusion_matrix_table.table.json","artifact_path":"wandb-client-artifact://i8ar4vwswws296mtesujomp3hzvu3p3qi3ax4tdh10estjwnmtiopkmbppl94xuz0xydmrcb6q8tlx2sa9lkfjfwpd2rfxgxp7fridmcw4kj9wu2gsosmeuox9v9wwc3/stage_1_separableconvcnn/confusion_matrix_table.table.json","path":"media/table/stage_1_separableconvcnn/confusion_matrix_table_1_f3aab2e547084ad04404.table.json"},"_runtime":12,"_step":8,"lr_backbone":0.0001,"stage2_test_acc":71.63216830675263,"epoch":15,"lr_gumbel_bin":0.001}