{"_wandb":{"runtime":18},"lr_gumbel_bin":0.001,"stage":3,"stage3_test_f1":0.9309587603604657,"val_loss":0.16244877062669444,"_timestamp":1.775774411808628e+09,"best_val_loss":0.1301470593855258,"_runtime":18,"stage3_test_acc":92.94197488971835,"stage1/test_loss":0.25057173036076164,"stage2_hard_bin_mask_str":"[1.0, 1.0, 1.0, 1.0, 1.0, 1.0, 1.0, 1.0, 1.0, 1.0, 1.0, 1.0, 1.0, 1.0, 1.0, 1.0, 1.0, 1.0, 1.0, 1.0, 1.0, 1.0, 1.0, 1.0, 1.0, 1.0, 1.0, 1.0, 1.0, 1.0, 1.0, 1.0, 1.0, 1.0, 1.0, 1.0, 1.0, 1.0, 1.0, 1.0, 1.0, 1.0, 1.0, 1.0, 1.0, 1.0, 1.0, 1.0, 1.0, 1.0, 1.0, 1.0, 1.0, 1.0, 1.0, 1.0, 1.0, 1.0, 1.0, 1.0, 1.0, 1.0, 1.0, 1.0, 0.0, 0.0, 0.0, 0.0, 0.0, 0.0, 0.0, 0.0, 0.0, 1.0, 1.0, 0.0, 0.0, 0.0, 0.0, 0.0, 0.0, 0.0, 0.0, 0.0, 0.0, 0.0, 0.0, 0.0, 1.0, 0.0, 1.0, 0.0, 0.0, 0.0, 0.0, 0.0, 0.0, 0.0, 0.0, 0.0, 0.0, 1.0, 0.0, 0.0, 1.0, 0.0, 0.0, 0.0, 1.0, 0.0, 0.0, 1.0, 1.0, 0.0, 0.0, 0.0, 0.0, 0.0, 0.0, 0.0, 0.0, 0.0, 0.0, 0.0, 0.0, 0.0, 0.0, 0.0]","stage3_test_loss":0.23836501385505987,"stage1/test_f1":0.9190924499938599,"stage2_test_loss":0.36581501820756673,"bin_keep_ratio":0.5703125,"stage1_test_f1":0.9190924499938599,"stage_3_separableconvcnn/confusion_matrix_table":{"_latest_artifact_path":"wandb-client-artifact://y7yxwa28q9j3wwm6opwgmrnutsppp3mw7x5i1gk25q23plfw93t0fsux0vz5wimrop8prx1u69yzxlac4fqhrionc6d92j3ncm48nnpkey0y928waroa8a5387j70f97:latest/stage_3_separableconvcnn/confusion_matrix_table.table.json","artifact_path":"wandb-client-artifact://4l62lfnpcueqdc06qan1aaqqks4q48uzt46uldkxczdcuch9h9kgldvswr2fxs6fcljtha5ybi0rbxjhvmcldpe0p4u1465t5plrcr5lwgpkq9xrqnp21dco4g6j5hs0/stage_3_separableconvcnn/confusion_matrix_table.table.json","path":"media/table/stage_3_separableconvcnn/confusion_matrix_table_9_a0424c43d2f275be1a93.table.json","_type":"table-file","log_mode":"IMMUTABLE","ncols":3,"size":1367,"sha256":"a0424c43d2f275be1a930cba4647988587969de9b14507b1a902debf94ac70c0","nrows":36},"_step":10,"stage1_test_acc":91.72039362063116,"lr_backbone":0.0001,"stage2_test_f1":0.90615242574292,"stage1_test_loss":0.25057173036076164,"mask_l1":0.5,"stage1/use_pretrain_model":false,"stage2_test_acc":90.46487953851374,"stage_1_separableconvcnn/confusion_matrix_table":{"nrows":36,"ncols":3,"_type":"table-file","path":"media/table/stage_1_separableconvcnn/confusion_matrix_table_1_ba1709b9ded253dca6f1.table.json","artifact_path":"wandb-client-artifact://k8ydo5ashuu269khv1o5bvuko9z86bqfd5c1bp1jlp32da6qz1sh3jzbnifvt3n1y7r3t2pv032hmfsv8of54kjnwg4j8q3rr1q4w8rn7m59cprtc2adkrk45ig3bcad/stage_1_separableconvcnn/confusion_matrix_table.table.json","size":1366,"log_mode":"IMMUTABLE","_latest_artifact_path":"wandb-client-artifact://2tb4fv47e6l1a8k8tnv9qcfpmovpc3tnphdhe4ki298p0ran5ct0zlkwax0lykz2ryzpamxf4afj54qoc03292e4w7hrzv9v4bqpktn1whyapn772hpust7kwwocwrcr:latest/stage_1_separableconvcnn/confusion_matrix_table.table.json","sha256":"ba1709b9ded253dca6f14b8d1a777336f0cb86899167c45d58f90d5e787020ac"},"lr":0.001,"epoch":20,"train_acc":97.01641684511064,"val_acc":95.38904899135447,"train_loss":0.07209612958606526,"stage1/test_acc":91.72039362063116}