{"stage":3,"stage3_test_acc":70.04636785162288,"best_val_loss":0.7162432204073892,"stage3_channel_metadata_json":"{\"block2\": {\"kept_indices\": [2, 9, 23, 39, 46, 59], \"pruned_indices\": [0, 1, 3, 4, 5, 6, 7, 8, 10, 11, 12, 13, 14, 15, 16, 17, 18, 19, 20, 21, 22, 24, 25, 26, 27, 28, 29, 30, 31, 32, 33, 34, 35, 36, 37, 38, 40, 41, 42, 43, 44, 45, 47, 48, 49, 50, 51, 52, 53, 54, 55, 56, 57, 58, 60, 61, 62, 63], \"kept_count\": 6, \"pruned_count\": 58, \"total_channels\": 64}, \"block3\": {\"kept_indices\": [22, 30, 65, 72, 82, 83, 92, 94, 103, 108, 110, 125, 127], \"pruned_indices\": [0, 1, 2, 3, 4, 5, 6, 7, 8, 9, 10, 11, 12, 13, 14, 15, 16, 17, 18, 19, 20, 21, 23, 24, 25, 26, 27, 28, 29, 31, 32, 33, 34, 35, 36, 37, 38, 39, 40, 41, 42, 43, 44, 45, 46, 47, 48, 49, 50, 51, 52, 53, 54, 55, 56, 57, 58, 59, 60, 61, 62, 63, 64, 66, 67, 68, 69, 70, 71, 73, 74, 75, 76, 77, 78, 79, 80, 81, 84, 85, 86, 87, 88, 89, 90, 91, 93, 95, 96, 97, 98, 99, 100, 101, 102, 104, 105, 106, 107, 109, 111, 112, 113, 114, 115, 116, 117, 118, 119, 120, 121, 122, 123, 124, 126], \"kept_count\": 13, \"pruned_count\": 115, \"total_channels\": 128}, \"block4\": {\"kept_indices\": [7, 9, 13, 49, 53, 61, 63, 67, 73, 106, 107, 118, 122], \"pruned_indices\": [0, 1, 2, 3, 4, 5, 6, 8, 10, 11, 12, 14, 15, 16, 17, 18, 19, 20, 21, 22, 23, 24, 25, 26, 27, 28, 29, 30, 31, 32, 33, 34, 35, 36, 37, 38, 39, 40, 41, 42, 43, 44, 45, 46, 47, 48, 50, 51, 52, 54, 55, 56, 57, 58, 59, 60, 62, 64, 65, 66, 68, 69, 70, 71, 72, 74, 75, 76, 77, 78, 79, 80, 81, 82, 83, 84, 85, 86, 87, 88, 89, 90, 91, 92, 93, 94, 95, 96, 97, 98, 99, 100, 101, 102, 103, 104, 105, 108, 109, 110, 111, 112, 113, 114, 115, 116, 117, 119, 120, 121, 123, 124, 125, 126, 127], \"kept_count\": 13, \"pruned_count\": 115, \"total_channels\": 128}}","stage_1_separableconvcnn/confusion_matrix_table":{"ncols":3,"path":"media/table/stage_1_separableconvcnn/confusion_matrix_table_0_6d42cb29b0df787ab417.table.json","size":2013,"artifact_path":"wandb-client-artifact://jqquxv502c7586cq8qaj48en30fvpw0ii72giocxgsmt5x4mk52be9bwkftbomprwiv1tzb6fa4qdr7054n3ixqiz4d06dknlbmiiqh03ew2ys5abo1t7ehbski124ob/stage_1_separableconvcnn/confusion_matrix_table.table.json","nrows":64,"sha256":"6d42cb29b0df787ab41725e58e23f5398ace45566311fb8f15a12fceb5e6c38c","log_mode":"IMMUTABLE","_latest_artifact_path":"wandb-client-artifact://126xosff6af8yhxjfyz04f4wrocycecsl9r0suve759duwc3njsy8dyv2q8ugtw2jur56pudbanjrd0nr95kxffnkpa2dwhk7en9oteucm885bpe8ppeclazfpiy9ytj:latest/stage_1_separableconvcnn/confusion_matrix_table.table.json","_type":"table-file"},"stage3_test_f1":0.6113723720786322,"channels_block2":6,"stage3_final_mask_json":"{\"block2\": [0.0, 0.0, 1.0, 0.0, 0.0, 0.0, 0.0, 0.0, 0.0, 1.0, 0.0, 0.0, 0.0, 0.0, 0.0, 0.0, 0.0, 0.0, 0.0, 0.0, 0.0, 0.0, 0.0, 1.0, 0.0, 0.0, 0.0, 0.0, 0.0, 0.0, 0.0, 0.0, 0.0, 0.0, 0.0, 0.0, 0.0, 0.0, 0.0, 1.0, 0.0, 0.0, 0.0, 0.0, 0.0, 0.0, 1.0, 0.0, 0.0, 0.0, 0.0, 0.0, 0.0, 0.0, 0.0, 0.0, 0.0, 0.0, 0.0, 1.0, 0.0, 0.0, 0.0, 0.0], \"block3\": [0.0, 0.0, 0.0, 0.0, 0.0, 0.0, 0.0, 0.0, 0.0, 0.0, 0.0, 0.0, 0.0, 0.0, 0.0, 0.0, 0.0, 0.0, 0.0, 0.0, 0.0, 0.0, 1.0, 0.0, 0.0, 0.0, 0.0, 0.0, 0.0, 0.0, 1.0, 0.0, 0.0, 0.0, 0.0, 0.0, 0.0, 0.0, 0.0, 0.0, 0.0, 0.0, 0.0, 0.0, 0.0, 0.0, 0.0, 0.0, 0.0, 0.0, 0.0, 0.0, 0.0, 0.0, 0.0, 0.0, 0.0, 0.0, 0.0, 0.0, 0.0, 0.0, 0.0, 0.0, 0.0, 1.0, 0.0, 0.0, 0.0, 0.0, 0.0, 0.0, 1.0, 0.0, 0.0, 0.0, 0.0, 0.0, 0.0, 0.0, 0.0, 0.0, 1.0, 1.0, 0.0, 0.0, 0.0, 0.0, 0.0, 0.0, 0.0, 0.0, 1.0, 0.0, 1.0, 0.0, 0.0, 0.0, 0.0, 0.0, 0.0, 0.0, 0.0, 1.0, 0.0, 0.0, 0.0, 0.0, 1.0, 0.0, 1.0, 0.0, 0.0, 0.0, 0.0, 0.0, 0.0, 0.0, 0.0, 0.0, 0.0, 0.0, 0.0, 0.0, 0.0, 1.0, 0.0, 1.0], \"block4\": [0.0, 0.0, 0.0, 0.0, 0.0, 0.0, 0.0, 1.0, 0.0, 1.0, 0.0, 0.0, 0.0, 1.0, 0.0, 0.0, 0.0, 0.0, 0.0, 0.0, 0.0, 0.0, 0.0, 0.0, 0.0, 0.0, 0.0, 0.0, 0.0, 0.0, 0.0, 0.0, 0.0, 0.0, 0.0, 0.0, 0.0, 0.0, 0.0, 0.0, 0.0, 0.0, 0.0, 0.0, 0.0, 0.0, 0.0, 0.0, 0.0, 1.0, 0.0, 0.0, 0.0, 1.0, 0.0, 0.0, 0.0, 0.0, 0.0, 0.0, 0.0, 1.0, 0.0, 1.0, 0.0, 0.0, 0.0, 1.0, 0.0, 0.0, 0.0, 0.0, 0.0, 1.0, 0.0, 0.0, 0.0, 0.0, 0.0, 0.0, 0.0, 0.0, 0.0, 0.0, 0.0, 0.0, 0.0, 0.0, 0.0, 0.0, 0.0, 0.0, 0.0, 0.0, 0.0, 0.0, 0.0, 0.0, 0.0, 0.0, 0.0, 0.0, 0.0, 0.0, 0.0, 0.0, 1.0, 1.0, 0.0, 0.0, 0.0, 0.0, 0.0, 0.0, 0.0, 0.0, 0.0, 0.0, 1.0, 0.0, 0.0, 0.0, 1.0, 0.0, 0.0, 0.0, 0.0, 0.0]}","train_acc":69.5791934541204,"stage1_test_acc":78.887171561051,"val_acc":72.126570497906,"stage_3_prunedseparableconvcnn/confusion_matrix_table":{"path":"media/table/stage_3_prunedseparableconvcnn/confusion_matrix_table_8_7e8c0aa8ed14fe3efb67.table.json","size":2013,"sha256":"7e8c0aa8ed14fe3efb676a6929621ad1601990a7f7f5880cfae27bd34a455681","artifact_path":"wandb-client-artifact://qvb4x29nxtw7m55htf68sb7tvlq8awy2c6wvzy5n8xbd6unfl6zq1oqhlh7keom3mk4vd39rymqfqxlmfkris2kvnqy56f7xdg7v67gyv5dxqr66r40qw45iu46jgmp5/stage_3_prunedseparableconvcnn/confusion_matrix_table.table.json","ncols":3,"_type":"table-file","nrows":64,"log_mode":"IMMUTABLE","_latest_artifact_path":"wandb-client-artifact://gl867ees68638605xnkmekxrn2kecjbaf6ueuuczi16wif4ui4rgyg10u89cuk0hpwprl9mf5qd2wl3ozfzv5fow9fmcn0h9c2vm27btda69tpe2m7idnc40nzjip2ia:latest/stage_3_prunedseparableconvcnn/confusion_matrix_table.table.json"},"_wandb":{"runtime":96},"lr":0.001,"stage1_test_f1":0.6862220458406068,"channels_block4":13,"_timestamp":1.7754400785928576e+09,"val_loss":0.7522067694316746,"epoch":26,"params_before_pruning":36998,"_step":9,"channels_block3":13,"params_after_pruning":2358,"train_loss":0.8112410319378658,"_runtime":96}