{"stage2_test_acc":73.90566677977604,"stage2_test_f1":0.7378836541914159,"_step":9,"best_val_loss":0.4336416649200044,"val_loss":0.526196368747211,"stage_1_separableconvcnn/confusion_matrix_table":{"size":1366,"nrows":36,"sha256":"ba1709b9ded253dca6f14b8d1a777336f0cb86899167c45d58f90d5e787020ac","_type":"table-file","log_mode":"IMMUTABLE","artifact_path":"wandb-client-artifact://l1pa9tm16nbj15l5uwhcjq7drl16j2tm8k9uj2ngfg5gzjercibyboxpx1ebne23oleyszo43r4g6688gdvkk0zq3u3na67xrurcsd2jcc5yu15ruy0yryns09pdaqk6/stage_1_separableconvcnn/confusion_matrix_table.table.json","ncols":3,"path":"media/table/stage_1_separableconvcnn/confusion_matrix_table_1_ba1709b9ded253dca6f1.table.json","_latest_artifact_path":"wandb-client-artifact://0stek0fb2k4owgok350ojd6bxp9it8iylty54hxu8w5opkeil2vozjnd7i1undmckzulyzewj9x2ifftw1k372hwndn51iquzyhw0li6gglcvn65j4pdj1bqy22vm2qa:latest/stage_1_separableconvcnn/confusion_matrix_table.table.json"},"_wandb":{"runtime":15},"lr":0.001,"stage1/test_acc":91.72039362063116,"train_loss":0.26447647211595915,"stage2_test_loss":0.7829617633631887,"stage2_hard_bin_mask_str":"[0.0, 0.0, 0.0, 0.0, 0.0, 0.0, 0.0, 0.0, 0.0, 0.0, 0.0, 0.0, 1.0, 1.0, 1.0, 0.0, 0.0, 0.0, 1.0, 1.0, 0.0, 1.0, 1.0, 0.0, 0.0, 1.0, 0.0, 0.0, 0.0, 0.0, 1.0, 0.0, 0.0, 0.0, 0.0, 0.0, 0.0, 0.0, 1.0, 1.0, 0.0, 0.0, 0.0, 0.0, 1.0, 1.0, 1.0, 0.0, 0.0, 0.0, 0.0, 0.0, 1.0, 1.0, 0.0, 0.0, 1.0, 0.0, 0.0, 0.0, 0.0, 0.0, 0.0, 0.0, 0.0, 0.0, 0.0, 0.0, 0.0, 0.0, 0.0, 0.0, 0.0, 0.0, 0.0, 0.0, 0.0, 0.0, 0.0, 0.0, 0.0, 0.0, 0.0, 0.0, 0.0, 0.0, 0.0, 0.0, 0.0, 0.0, 0.0, 0.0, 0.0, 0.0, 0.0, 0.0, 0.0, 0.0, 0.0, 0.0, 0.0, 0.0, 0.0, 0.0, 0.0, 0.0, 0.0, 0.0, 0.0, 0.0, 0.0, 0.0, 0.0, 0.0, 0.0, 0.0, 0.0, 0.0, 0.0, 0.0, 0.0, 0.0, 0.0, 0.0, 0.0, 0.0, 0.0, 0.0]","stage1/use_pretrain_model":false,"stage3_test_loss":0.5854486904973256,"lr_backbone":0.0001,"stage":3,"epoch":20,"stage1_test_acc":91.72039362063116,"_timestamp":1.7764224552768211e+09,"val_acc":80.40345821325649,"stage1_test_f1":0.9190924499938599,"stage1_test_loss":0.25057173036076164,"mask_l1":0.0078125,"bin_keep_ratio":0.1328125,"train_acc":88.39400428265525,"stage1/test_f1":0.9190924499938599,"stage_3_separableconvcnn/confusion_matrix_table":{"nrows":36,"sha256":"5922bf7271273d08e686f2406b9bf6bd20f4322baa4469c4fea72da9dce4293d","size":1371,"_type":"table-file","_latest_artifact_path":"wandb-client-artifact://dzeznmwozqgbovn9zhzkqbgh7d0bfpd6mfmq9gz33hwly55u1sretvi2gm9y3t41mxdu8u0bgb06c7r3bz3hijuhr2pf8cfa7gf9s84ir2n8whtuhp9qzjtrodx7acm5:latest/stage_3_separableconvcnn/confusion_matrix_table.table.json","ncols":3,"artifact_path":"wandb-client-artifact://f5w8pe9tosicmwhf2xn43iyft1uiqnav0xhnedqdp31mlutjjjhhrl9s4052y9v6g559rhomvu5wumngnw0n7gugx6154zxcvfgzfmyapj6hhmjfvm0ojvs0b6ew36q4/stage_3_separableconvcnn/confusion_matrix_table.table.json","path":"media/table/stage_3_separableconvcnn/confusion_matrix_table_8_5922bf7271273d08e686.table.json","log_mode":"IMMUTABLE"},"stage1/test_loss":0.25057173036076164,"stage3_test_f1":0.8112380487324394,"stage3_test_acc":81.23515439429929,"lr_gumbel_bin":0.001,"_runtime":15}