{"lr_loaded_weights":0.0001,"stage2/Total_Pruned_%":23.750000000000004,"model_param_count_pruned":23861,"stage2_test_loss":0.30866302485850283,"stage2/train_loss":0.4002961183973073,"stage2/epoch":60,"stage2/raw_hard_mask_block3":"[1.0, 1.0, 1.0, 1.0, 1.0, 1.0, 0.0, 0.0, 0.0, 0.0, 1.0, 1.0, 1.0, 1.0, 1.0, 1.0, 1.0, 0.0, 1.0, 1.0, 1.0, 1.0, 1.0, 1.0, 0.0, 1.0, 1.0, 0.0, 1.0, 1.0, 1.0, 1.0, 0.0, 0.0, 1.0, 1.0, 0.0, 1.0, 1.0, 1.0, 0.0, 1.0, 1.0, 0.0, 1.0, 1.0, 1.0, 1.0, 0.0, 0.0, 1.0, 0.0, 1.0, 1.0, 0.0, 0.0, 1.0, 0.0, 1.0, 1.0, 1.0, 1.0, 1.0, 0.0, 1.0, 0.0, 1.0, 0.0, 0.0, 0.0, 1.0, 0.0, 1.0, 0.0, 1.0, 1.0, 1.0, 1.0, 0.0, 1.0, 0.0, 0.0, 1.0, 0.0, 0.0, 0.0, 0.0, 1.0, 1.0, 1.0, 1.0, 1.0, 1.0, 1.0, 1.0, 1.0, 1.0, 1.0, 1.0, 1.0, 1.0, 1.0, 1.0, 1.0, 1.0, 1.0, 1.0, 0.0, 0.0, 0.0, 0.0, 1.0, 1.0, 1.0, 1.0, 1.0, 0.0, 1.0, 1.0, 1.0, 0.0, 0.0, 1.0, 0.0, 0.0, 1.0, 0.0, 1.0]","final_summary_log_path":"/home/qphan/master-thesis/models/uci_best_model_three_stage_channel_subject16_val_final_summary_val_16.txt","stage1/test_acc":90.73634204275534,"stage2/block4_Pruned_%":14.84375,"stage2/purpose":"train channel-pruning model with masking","model_param_count":23861,"stage2/stage_number":2,"stage2/block3_Pruned_%":32.8125,"val_loss":0.24801172311812172,"stage3_test_loss":0.275377456873856,"stage1_test_loss":0.26884880924891436,"stage2/train_acc":85.77154308617234,"block2_Pruned_%":23.4375,"stage2/final_mask_keep_ratio_block2":0.765625,"stage2/lr_backbone":0.0001,"model_param_count_dense":36868,"stage1/test_f1":0.9084024900218363,"stage_1_separableconvcnn/confusion_matrix_table":{"log_mode":"IMMUTABLE","path":"media/table/stage_1_separableconvcnn/confusion_matrix_table_1_3a2724ddbaf80f19f678.table.json","artifact_path":"wandb-client-artifact://t8gn40kcgwm2cjhmk10kl84s4nzxpytwsf5oreujet5nn4u6puihyxaztawb3fpykclq0sducymajuvk787pj1aa2gbyl7ti71uvh77igrck67imhwuwe4g9lotecpg3/stage_1_separableconvcnn/confusion_matrix_table.table.json","size":1367,"sha256":"3a2724ddbaf80f19f6787a62d68af9739588620fdb28353f1eff1624d313c743","nrows":36,"ncols":3,"_latest_artifact_path":"wandb-client-artifact://hzxsg42t3gz8la3fsp2rgm0p08cbgvubbu1tqavyqwlqpd1zjk4o2ztubdabohphotton7lrhfst9lwsq2iymz4bc4l5gwe96j0bfjbcmxppp4osafw83zodsjsu7s1i:latest/stage_1_separableconvcnn/confusion_matrix_table.table.json","_type":"table-file"},"stage2/final_mask_keep_ratio_block4":0.8515625,"block3_Pruned_%":32.8125,"epoch":60,"stage2/best_epoch":58,"stage2/mask_l1":0.653852641582489,"stage2/test_loss":0.30866302485850283,"stage_3_prunedseparableconvcnn/confusion_matrix_table":{"sha256":"4fc0272f4a76b1cc365676a62dcaef56152587f8e0924f40d45b72e095296fe4","size":1367,"ncols":3,"path":"media/table/stage_3_prunedseparableconvcnn/confusion_matrix_table_27_4fc0272f4a76b1cc3656.table.json","artifact_path":"wandb-client-artifact://j8pldz54fnk20srqefu5jgfag8ic95jr3u92h0hwo3zlgsuvptcuf783bitjofe4e0tq6j2xitqx9ns2gbpom2t0k0dlb6cba2ci2toywydhb61k1ecbkegbv7225rbh/stage_3_prunedseparableconvcnn/confusion_matrix_table.table.json","_type":"table-file","_latest_artifact_path":"wandb-client-artifact://akspel48l54cw97ema0yvzcdhvxlfdqt98m6oobvydga2j6y12plqjwvuwf4iscynnm0agleuxpa03dyhy9m5apiar57cutnygzqwcvu8g6biak8gibsygrdjw1ck467:latest/stage_3_prunedseparableconvcnn/confusion_matrix_table.table.json","nrows":36,"log_mode":"IMMUTABLE"},"stage1_test_acc":90.73634204275534,"_wandb":{"runtime":55},"stage2/raw_hard_mask_block4":"[1.0, 1.0, 1.0, 1.0, 0.0, 1.0, 1.0, 1.0, 1.0, 1.0, 1.0, 0.0, 1.0, 1.0, 1.0, 0.0, 0.0, 1.0, 1.0, 1.0, 1.0, 1.0, 1.0, 0.0, 1.0, 1.0, 1.0, 0.0, 1.0, 1.0, 1.0, 1.0, 0.0, 0.0, 1.0, 1.0, 1.0, 1.0, 1.0, 1.0, 1.0, 1.0, 0.0, 1.0, 1.0, 0.0, 1.0, 1.0, 1.0, 1.0, 1.0, 1.0, 1.0, 1.0, 1.0, 1.0, 1.0, 1.0, 1.0, 1.0, 1.0, 0.0, 1.0, 1.0, 1.0, 0.0, 1.0, 1.0, 0.0, 1.0, 1.0, 1.0, 1.0, 1.0, 1.0, 1.0, 1.0, 1.0, 0.0, 1.0, 1.0, 0.0, 0.0, 1.0, 1.0, 1.0, 1.0, 1.0, 1.0, 1.0, 1.0, 1.0, 1.0, 1.0, 1.0, 1.0, 1.0, 1.0, 1.0, 1.0, 0.0, 1.0, 1.0, 1.0, 1.0, 1.0, 1.0, 1.0, 1.0, 1.0, 1.0, 0.0, 1.0, 1.0, 1.0, 1.0, 1.0, 1.0, 1.0, 1.0, 1.0, 1.0, 1.0, 0.0, 1.0, 1.0, 1.0, 1.0]","best_val_loss":0.2257118621986433,"model_param_reduction_pct":35.279917543669306,"train_acc":94.54623532779846,"stage2/val_acc":80.8743169398907,"stage":3,"stage1_test_f1":0.9084024900218363,"stage2/best_val_loss":0.5408542295795012,"stage2/val_loss":0.5505523297473716,"stage2/test_f1":0.8912880195471109,"stage2_test_acc":88.90397013912454,"_runtime":55,"stage2/test_acc":88.90397013912454,"_step":29,"stage2/raw_hard_mask_block2":"[1.0, 1.0, 1.0, 1.0, 1.0, 1.0, 0.0, 1.0, 1.0, 1.0, 1.0, 1.0, 1.0, 1.0, 1.0, 1.0, 1.0, 1.0, 0.0, 1.0, 0.0, 1.0, 1.0, 1.0, 1.0, 0.0, 1.0, 0.0, 1.0, 1.0, 1.0, 1.0, 1.0, 1.0, 0.0, 0.0, 1.0, 1.0, 1.0, 0.0, 0.0, 1.0, 1.0, 0.0, 1.0, 1.0, 1.0, 1.0, 0.0, 1.0, 1.0, 1.0, 1.0, 1.0, 0.0, 0.0, 1.0, 1.0, 0.0, 1.0, 1.0, 0.0, 1.0, 1.0]","Total_Pruned_%":23.750000000000004,"stage1/use_pretrain_model":false,"stage3_test_f1":0.9060202502017152,"stage2_test_f1":0.8912880195471109,"stage1/test_loss":0.26884880924891436,"block4_Pruned_%":14.84375,"stage3_test_acc":90.46487953851374,"train_loss":0.13419534953675297,"stage2/final_mask_keep_ratio_block3":0.671875,"stage2/lr_gumbel":0.001,"_timestamp":1.7758503965714898e+09,"val_acc":92.07650273224044,"stage2/block2_Pruned_%":23.4375}