{"stage1/stage_number":1,"_timestamp":1.7763655885167453e+09,"stage1/val_loss":1.680591183321603,"stage1_test_acc":79.04173106646058,"stage1_test_f1":0.6648353765254307,"stage_1_separableconvcnn/confusion_matrix_table":{"ncols":3,"nrows":64,"artifact_path":"wandb-client-artifact://an298wi0hsja50yda2wll4halo3t36lehw3l6brszp8evhu53ag2et3jen58izg9d5ve4ttanbubs6td7d768mgqvfi4b83453jhr8o4lamwgdde8xyjjz0iul7y037m/stage_1_separableconvcnn/confusion_matrix_table.table.json","path":"media/table/stage_1_separableconvcnn/confusion_matrix_table_4_f6f1e614f3eb1054b933.table.json","_latest_artifact_path":"wandb-client-artifact://ou6fd9yr9czorscroiya7e6fgp2ctebqsah648bqvc18kgr3ex63q9yjm0ikpfidehx4smisrjmolbundwhbvofkf4v44gfm8bec7jfa65cqoexb251wtfjmc2wodbot:latest/stage_1_separableconvcnn/confusion_matrix_table.table.json","sha256":"f6f1e614f3eb1054b93343d7e4bb1995e0735652336737b2160d26a9d3fbec29","size":2013,"_type":"table-file","log_mode":"IMMUTABLE"},"stage1/val_acc":61.56739811912226,"stage1/test_f1":0.6648353765254307,"stage1/train_loss":0.4272697173443746,"stage1/best_val_loss":1.5079971925965672,"test_f1_macro":0.6648353765254307,"best_val_loss":1.5079971925965672,"stage1/lr":0.001,"_runtime":41,"_step":4,"best_epoch":1,"stage1/purpose":"train baseline model","test_loss":0.6357578641586754,"_wandb":{"runtime":41},"stage1/epoch":10,"stage1/test_loss":0.6357578641586754,"stage1_test_loss":0.6357578641586754,"stage1/use_pretrain_model":false,"test_acc":79.04173106646058,"stage1/train_acc":72.85887569846288,"stage1/test_acc":79.04173106646058}