{"best_val_loss":0.5497567870400168,"stage1/test_acc":83.6104513064133,"lr_loaded_weights":0.0001,"final_summary_log_path":"/home/qphan/master-thesis/models/uci_best_model_three_stage_channel_subject7_val_final_summary_val_7.txt","stage2/mask_l1":0.36369484663009644,"stage1_test_loss":0.3778846265738188,"stage2/Total_Pruned_%":75,"stage2/epoch":40,"stage3_test_acc":77.60434340006786,"train_loss":0.48139377705824776,"stage2/final_mask_keep_ratio_block4":0.3671875,"_timestamp":1.7758657209178565e+09,"stage2/raw_hard_mask_block2":"[0.0, 1.0, 1.0, 0.0, 0.0, 0.0, 0.0, 0.0, 1.0, 0.0, 0.0, 0.0, 0.0, 0.0, 0.0, 0.0, 0.0, 0.0, 0.0, 0.0, 0.0, 0.0, 0.0, 0.0, 0.0, 0.0, 0.0, 0.0, 0.0, 0.0, 1.0, 0.0, 1.0, 0.0, 0.0, 1.0, 1.0, 0.0, 0.0, 0.0, 0.0, 0.0, 0.0, 0.0, 0.0, 0.0, 0.0, 0.0, 0.0, 0.0, 0.0, 1.0, 0.0, 0.0, 0.0, 0.0, 0.0, 0.0, 1.0, 0.0, 0.0, 0.0, 1.0, 0.0]","stage2/block4_Pruned_%":63.28125,"stage3_test_f1":0.776310492175479,"stage2/train_loss":1.054511928646352,"stage1/test_f1":0.839581704272966,"stage1_test_f1":0.839581704272966,"stage2/final_mask_keep_ratio_block2":0.15625,"stage2/test_acc":64.743807261622,"_runtime":43,"stage2/raw_hard_mask_block3":"[0.0, 0.0, 0.0, 0.0, 1.0, 0.0, 1.0, 0.0, 0.0, 0.0, 0.0, 1.0, 0.0, 0.0, 0.0, 1.0, 0.0, 0.0, 0.0, 0.0, 0.0, 0.0, 1.0, 0.0, 0.0, 1.0, 0.0, 0.0, 0.0, 0.0, 1.0, 1.0, 0.0, 0.0, 1.0, 0.0, 0.0, 0.0, 0.0, 1.0, 0.0, 0.0, 0.0, 0.0, 0.0, 0.0, 0.0, 0.0, 0.0, 0.0, 0.0, 0.0, 0.0, 0.0, 1.0, 0.0, 1.0, 0.0, 0.0, 0.0, 0.0, 0.0, 1.0, 0.0, 1.0, 0.0, 0.0, 0.0, 0.0, 0.0, 0.0, 0.0, 0.0, 0.0, 0.0, 0.0, 1.0, 0.0, 1.0, 0.0, 0.0, 0.0, 0.0, 0.0, 0.0, 1.0, 0.0, 0.0, 0.0, 0.0, 0.0, 1.0, 1.0, 0.0, 1.0, 0.0, 0.0, 0.0, 0.0, 0.0, 0.0, 0.0, 1.0, 0.0, 0.0, 0.0, 0.0, 0.0, 0.0, 1.0, 0.0, 0.0, 0.0, 0.0, 0.0, 0.0, 0.0, 0.0, 0.0, 0.0, 0.0, 0.0, 1.0, 0.0, 0.0, 0.0, 0.0, 0.0]","stage2/test_loss":0.6695214535296469,"stage2/purpose":"train channel-pruning model with masking","model_param_count_pruned":5734,"stage1/test_loss":0.3778846265738188,"stage2/val_acc":59.74025974025974,"train_acc":75.66723452583759,"stage2_test_loss":0.6695214535296469,"stage2/block3_Pruned_%":82.03125,"stage2/block2_Pruned_%":84.375,"stage2/lr_gumbel":0.001,"model_param_count_dense":36868,"stage2/train_acc":61.21521862578081,"stage2_test_acc":64.743807261622,"stage1/use_pretrain_model":false,"stage_3_prunedseparableconvcnn/confusion_matrix_table":{"_type":"table-file","artifact_path":"wandb-client-artifact://p8n104m8d90scad1hf3gk14hyll7gy3d1136zf41a63pnori9sdgnlw6jx3fyrijq33xxxn8fss6y6ql3kjrma3ivbhjzd8g5rurmncbqnlkkr91p0mmdmi4iqtk3p9v/stage_3_prunedseparableconvcnn/confusion_matrix_table.table.json","ncols":3,"_latest_artifact_path":"wandb-client-artifact://srvqj46surmk8vzet6bzbm2zckhp84rehgdfcdxa1ru3ni01y0qtnyutwrhxdcytaxg5wq943ljec6tz6xxxsazp9aola54ov7h19rirwywx3ktlkg4fs9qfibimllia:latest/stage_3_prunedseparableconvcnn/confusion_matrix_table.table.json","sha256":"bd9b6052660b3d961371e6ee2ce8266062607bddb188248ca2599bd97db4028e","log_mode":"IMMUTABLE","size":1369,"nrows":36,"path":"media/table/stage_3_prunedseparableconvcnn/confusion_matrix_table_23_bd9b6052660b3d961371.table.json"},"_step":25,"epoch":60,"stage2/final_mask_keep_ratio_block3":0.1796875,"stage":3,"model_param_reduction_pct":84.4472170988391,"stage2_test_f1":0.6464331170565965,"model_param_count":5734,"val_loss":0.6095218023696503,"block4_Pruned_%":63.28125,"stage1_test_acc":83.6104513064133,"stage3_test_loss":0.5198420598873027,"Total_Pruned_%":75,"stage2/raw_hard_mask_block4":"[0.0, 0.0, 0.0, 0.0, 1.0, 0.0, 1.0, 0.0, 0.0, 1.0, 0.0, 0.0, 0.0, 0.0, 0.0, 1.0, 0.0, 0.0, 0.0, 0.0, 1.0, 0.0, 0.0, 1.0, 1.0, 0.0, 0.0, 1.0, 0.0, 0.0, 1.0, 0.0, 0.0, 0.0, 1.0, 0.0, 1.0, 1.0, 0.0, 1.0, 1.0, 1.0, 0.0, 1.0, 1.0, 1.0, 0.0, 0.0, 0.0, 1.0, 0.0, 0.0, 1.0, 0.0, 0.0, 1.0, 1.0, 1.0, 0.0, 0.0, 0.0, 0.0, 0.0, 0.0, 0.0, 1.0, 0.0, 0.0, 1.0, 1.0, 1.0, 0.0, 0.0, 0.0, 0.0, 0.0, 0.0, 0.0, 1.0, 1.0, 1.0, 1.0, 0.0, 1.0, 0.0, 0.0, 0.0, 1.0, 1.0, 0.0, 0.0, 0.0, 1.0, 0.0, 1.0, 1.0, 1.0, 0.0, 0.0, 1.0, 0.0, 0.0, 0.0, 0.0, 1.0, 1.0, 1.0, 0.0, 1.0, 0.0, 0.0, 0.0, 0.0, 0.0, 1.0, 0.0, 0.0, 1.0, 0.0, 1.0, 0.0, 0.0, 0.0, 0.0, 1.0, 0.0, 0.0, 0.0]","block3_Pruned_%":82.03125,"stage2/test_f1":0.6464331170565965,"block2_Pruned_%":84.375,"stage2/best_epoch":31,"stage_1_separableconvcnn/confusion_matrix_table":{"ncols":3,"size":1367,"nrows":36,"_latest_artifact_path":"wandb-client-artifact://s66dqrr9a7lpji0qdem1d14zy8mvfuwjzdu3eklgs37no2izdrlhineemfxbbagz3dpmzz2pls447ftp8iecgh9zgaafhabtdpaf5f8ia8iu6qr9l9dwdtywcmbrhuac:latest/stage_1_separableconvcnn/confusion_matrix_table.table.json","path":"media/table/stage_1_separableconvcnn/confusion_matrix_table_1_c39bd7f8956d5c60a7a2.table.json","sha256":"c39bd7f8956d5c60a7a2f6d46b676c97ecc58074bf5036db2a15ec1172b225a1","artifact_path":"wandb-client-artifact://37de4vwkfzioyeyk6qa3hhzs54v956yz2l1ksrn3l2pl3jnjn6yhohse3oze7kjyjlof0mhp4urlmjferbm5fse1f1haxr5lk3t1mp0u1gizsgwsvgdu1wlhugjuhlc3/stage_1_separableconvcnn/confusion_matrix_table.table.json","log_mode":"IMMUTABLE","_type":"table-file"},"stage2/stage_number":2,"stage2/lr_backbone":0.0001,"_wandb":{"runtime":43},"stage2/best_val_loss":0.7796593331671381,"val_acc":73.7012987012987,"stage2/val_loss":0.823972617650961}