{"stage1/test_f1":0.8992012196111356,"stage2/stage_number":2,"_wandb":{"runtime":54},"stage1/use_pretrain_model":false,"stage2/final_mask_keep_ratio_block3":0.4921875,"stage2/test_acc":78.52052935188327,"_runtime":54,"stage2/best_epoch":56,"stage2/val_acc":77.41935483870968,"stage2/block2_Pruned_%":42.1875,"stage2/mask_l1":0.5374473929405212,"lr_loaded_weights":0.0001,"stage2/best_val_loss":0.4584939175249894,"stage1_test_f1":0.8992012196111356,"stage2/raw_hard_mask_block4":"[1.0, 1.0, 1.0, 0.0, 1.0, 1.0, 1.0, 1.0, 1.0, 1.0, 0.0, 0.0, 1.0, 0.0, 1.0, 0.0, 1.0, 1.0, 1.0, 1.0, 1.0, 1.0, 1.0, 1.0, 1.0, 0.0, 1.0, 1.0, 1.0, 1.0, 0.0, 1.0, 1.0, 1.0, 0.0, 1.0, 1.0, 1.0, 1.0, 1.0, 1.0, 1.0, 1.0, 0.0, 1.0, 0.0, 1.0, 0.0, 1.0, 1.0, 1.0, 1.0, 1.0, 1.0, 0.0, 1.0, 0.0, 1.0, 0.0, 1.0, 1.0, 1.0, 1.0, 1.0, 1.0, 1.0, 1.0, 1.0, 1.0, 1.0, 0.0, 0.0, 1.0, 0.0, 1.0, 0.0, 1.0, 0.0, 1.0, 1.0, 1.0, 1.0, 0.0, 0.0, 1.0, 1.0, 1.0, 1.0, 1.0, 1.0, 1.0, 0.0, 1.0, 1.0, 1.0, 1.0, 1.0, 1.0, 1.0, 1.0, 1.0, 1.0, 1.0, 1.0, 1.0, 1.0, 1.0, 0.0, 1.0, 1.0, 0.0, 1.0, 1.0, 1.0, 1.0, 1.0, 1.0, 1.0, 1.0, 1.0, 1.0, 1.0, 1.0, 0.0, 1.0, 1.0, 1.0, 0.0]","stage_1_separableconvcnn/confusion_matrix_table":{"size":1368,"path":"media/table/stage_1_separableconvcnn/confusion_matrix_table_1_02c5a6fac2b98a2cce23.table.json","log_mode":"IMMUTABLE","artifact_path":"wandb-client-artifact://4zxri1fytegg91y3e1u5gtsk0z3u3z4iohu3jvocwxuj9k8c9chi9b731bk20ceu21d8hsam9ix63i5a83zl5mmv71qewmpqdv11pnvfldc4rbkul8feknh6xkfx4d77/stage_1_separableconvcnn/confusion_matrix_table.table.json","_latest_artifact_path":"wandb-client-artifact://ts0ojkrdshi2v59s03823y04qbivt6fwnvnj0q9wqhtzfagctprplmoauwelk36vprj4072uyk6h2b9mjcgwt9hbegbpsbugl47rw7f3hok1cfzzbsh7f7xzgjwngfo8:latest/stage_1_separableconvcnn/confusion_matrix_table.table.json","sha256":"02c5a6fac2b98a2cce23216035c71184f8282e95afab8b7a4923ed0654b10cea","ncols":3,"nrows":36,"_type":"table-file"},"train_acc":94.96505491370704,"stage2/train_acc":76.20881471972615,"epoch":55,"stage2/purpose":"train channel-pruning model with masking","stage1_test_loss":0.4559599839993571,"best_val_loss":0.1909410207152716,"block2_Pruned_%":42.1875,"stage2/train_loss":0.5038952713914884,"_timestamp":1.7758674298445313e+09,"stage2/raw_hard_mask_block3":"[1.0, 1.0, 0.0, 0.0, 1.0, 1.0, 1.0, 1.0, 0.0, 0.0, 1.0, 1.0, 0.0, 0.0, 1.0, 0.0, 1.0, 1.0, 1.0, 1.0, 0.0, 0.0, 1.0, 1.0, 0.0, 1.0, 1.0, 0.0, 0.0, 0.0, 0.0, 0.0, 0.0, 0.0, 0.0, 1.0, 0.0, 1.0, 0.0, 1.0, 1.0, 0.0, 1.0, 0.0, 0.0, 1.0, 1.0, 1.0, 0.0, 0.0, 1.0, 1.0, 1.0, 0.0, 1.0, 0.0, 1.0, 1.0, 1.0, 1.0, 0.0, 0.0, 1.0, 1.0, 0.0, 0.0, 0.0, 0.0, 0.0, 0.0, 0.0, 1.0, 0.0, 1.0, 1.0, 1.0, 1.0, 1.0, 0.0, 1.0, 0.0, 1.0, 0.0, 0.0, 1.0, 1.0, 0.0, 1.0, 0.0, 0.0, 1.0, 0.0, 0.0, 0.0, 0.0, 1.0, 1.0, 0.0, 0.0, 0.0, 1.0, 1.0, 0.0, 0.0, 1.0, 0.0, 0.0, 0.0, 0.0, 1.0, 1.0, 1.0, 1.0, 1.0, 0.0, 0.0, 0.0, 1.0, 1.0, 0.0, 0.0, 1.0, 1.0, 0.0, 1.0, 0.0, 1.0, 0.0]","val_acc":91.78885630498533,"model_param_count_pruned":18009,"train_loss":0.11832236794768412,"block4_Pruned_%":20.3125,"stage2/block4_Pruned_%":20.3125,"stage_3_prunedseparableconvcnn/confusion_matrix_table":{"artifact_path":"wandb-client-artifact://rnvvbd2m4irhqkrs6lymb176logp00x2fydi4a4lur8q2k5emiae94ru6nqdpgs95v0q84rn9zgyfdlzbx4cj0p3dklxyefnz9aj3kw2t6urzeahy8t8v1pi380duruu/stage_3_prunedseparableconvcnn/confusion_matrix_table.table.json","ncols":3,"_type":"table-file","log_mode":"IMMUTABLE","size":1366,"_latest_artifact_path":"wandb-client-artifact://mpz1nl6o29a54k38i6yeyq3zawv8dph3m7r8y84y1tgmjxtgn05x5t4hmn5085ueqtqkw9ybzksmavwchqzg65nkvl7v5o571kmdz0vqjysoikd1qpww02dq1zgkw8du:latest/stage_3_prunedseparableconvcnn/confusion_matrix_table.table.json","nrows":36,"path":"media/table/stage_3_prunedseparableconvcnn/confusion_matrix_table_26_ea7dfbfc40b43412a6b0.table.json","sha256":"ea7dfbfc40b43412a6b0f7bf48d0c56a8bd1426a6b823324a898370a73ec8f8d"},"stage3_test_loss":0.37469499088235314,"model_param_reduction_pct":51.152761202126506,"Total_Pruned_%":36.875,"stage2/block3_Pruned_%":50.78125,"stage2/test_f1":0.7922804667181644,"stage3_test_acc":90.15948422124194,"stage2/Total_Pruned_%":36.875,"val_loss":0.21007882128537925,"stage2_test_f1":0.7922804667181644,"stage1_test_acc":89.85408890397014,"stage2_test_acc":78.52052935188327,"stage1/test_acc":89.85408890397014,"stage2/test_loss":0.6135868884216286,"stage2/final_mask_keep_ratio_block2":0.578125,"stage2/lr_gumbel":0.001,"_step":28,"stage2/val_loss":0.48178984438918554,"stage":3,"block3_Pruned_%":50.78125,"stage2/raw_hard_mask_block2":"[0.0, 0.0, 1.0, 1.0, 1.0, 1.0, 0.0, 0.0, 1.0, 0.0, 0.0, 1.0, 0.0, 1.0, 1.0, 0.0, 1.0, 1.0, 1.0, 0.0, 0.0, 1.0, 1.0, 1.0, 0.0, 0.0, 0.0, 1.0, 0.0, 0.0, 1.0, 0.0, 1.0, 0.0, 1.0, 1.0, 1.0, 1.0, 0.0, 0.0, 1.0, 1.0, 1.0, 0.0, 1.0, 1.0, 1.0, 1.0, 0.0, 0.0, 1.0, 0.0, 1.0, 1.0, 1.0, 0.0, 0.0, 1.0, 1.0, 1.0, 1.0, 0.0, 1.0, 0.0]","stage2/final_mask_keep_ratio_block4":0.796875,"stage1/test_loss":0.4559599839993571,"model_param_count":18009,"stage3_test_f1":0.9023216512266333,"stage2/epoch":60,"final_summary_log_path":"/home/qphan/master-thesis/models/uci_best_model_three_stage_channel_subject3_val_final_summary_val_3.txt","stage2/lr_backbone":0.0001,"model_param_count_dense":36868,"stage2_test_loss":0.6135868884216286}