{"stage2/test_acc":81.06549032914829,"stage5_test_f1":0.8989528764992202,"stage_3_separableconvcnn/confusion_matrix_table":{"nrows":36,"log_mode":"IMMUTABLE","path":"media/table/stage_3_separableconvcnn/confusion_matrix_table_15_a84d67d3e76a28ced126.table.json","_type":"table-file","size":1363,"sha256":"a84d67d3e76a28ced126add6a5d7a8160cee40086fa143610d35f910e93661c1","artifact_path":"wandb-client-artifact://nhlpiodsstd6nsbhjz3sxwzjeid1hd7akyeowj05wqn8pqfdj6zb5ghw05f2uvakthfvicsb9m8dwj3gzuav3seguj3blejhi9zd9sl8a4m9joo1n3o5526lkhrfvmt4/stage_3_separableconvcnn/confusion_matrix_table.table.json","_latest_artifact_path":"wandb-client-artifact://mf9zsmz0cyq5lh5w9p6a010kgmdhyvjocd6c8qrjmgjixpyvjgyo4haltthgojxm0vrarek1axrrc1ojzl7dznsol88u3l0cuopnqy1npp3jbz9bzkbm2o48as2pnnz1:latest/stage_3_separableconvcnn/confusion_matrix_table.table.json","ncols":3},"stage2/raw_hard_mask_block4":"[1.0, 1.0, 1.0, 1.0, 1.0, 1.0, 0.0, 1.0, 1.0, 1.0, 1.0, 0.0, 0.0, 1.0, 1.0, 1.0, 0.0, 1.0, 0.0, 1.0, 0.0, 0.0, 1.0, 1.0, 0.0, 0.0, 1.0, 1.0, 1.0, 1.0, 1.0, 0.0, 1.0, 1.0, 1.0, 1.0, 1.0, 1.0, 0.0, 1.0, 1.0, 1.0, 1.0, 1.0, 1.0, 0.0, 1.0, 0.0, 0.0, 1.0, 1.0, 1.0, 1.0, 1.0, 0.0, 1.0, 1.0, 1.0, 0.0, 1.0, 0.0, 1.0, 0.0, 1.0, 1.0, 1.0, 1.0, 1.0, 1.0, 0.0, 0.0, 0.0, 1.0, 1.0, 1.0, 0.0, 1.0, 1.0, 0.0, 0.0, 1.0, 0.0, 0.0, 1.0, 1.0, 0.0, 1.0, 1.0, 1.0, 0.0, 1.0, 1.0, 1.0, 1.0, 0.0, 0.0, 1.0, 1.0, 1.0, 1.0, 1.0, 0.0, 0.0, 1.0, 1.0, 1.0, 1.0, 1.0, 0.0, 1.0, 1.0, 0.0, 1.0, 0.0, 1.0, 1.0, 1.0, 1.0, 1.0, 0.0, 1.0, 1.0, 0.0, 1.0, 1.0, 1.0, 0.0, 1.0]","model_param_count_pruned":19524,"stage5_test_loss":0.27056757387108493,"hard_bin_mask":[1,1,1,1,1,1,1,1,1,1,1,1,1,1,1,1,1,1,1,1,1,1,1,1,1,1,1,1,0,0,0,0,1,0,0,0,1,0,0,1,0,0,0,0,1,0,0,0,1,0,1,0,0,0,0,0,1,0,0,0,0,0,0,0,1,0,0,0,0,0,0,0,0,0,0,0,0,0,0,0,0,0,0,0,0,0,0,0,0,0,0,0,0,0,0,0,0,0,0,0,0,0,0,0,0,0,0,0,0,0,0,0,0,0,0,0,0,0,0,0,0,0,0,0,0,0,0,0],"stage5_test_acc":89.75229046487954,"lr":0.001,"stage2/purpose":"train channel-pruning model with masking","stage1/test_acc":92.12758737699355,"train_loss":0.2054289859710776,"stage2/best_val_loss":0.565565416945782,"stage2/final_mask_keep_ratio_block4":0.703125,"stage2/best_epoch":33,"model_param_reduction_pct":47.043506563957905,"train_acc":91.29687947323218,"stage1/test_loss":0.22278288569213314,"stage2/lr_gumbel":0.001,"val_acc":84.97267759562841,"lr_backbone":0.0001,"stage2/mask_l1":0.5195196866989136,"lr_loaded_weights":0.0001,"stage2/val_acc":72.40437158469945,"stage1/use_pretrain_model":false,"final_channel_mask_block4":[1,1,1,1,1,1,0,1,1,1,1,0,0,1,1,1,0,1,0,1,0,0,1,1,0,0,1,1,1,1,1,0,1,1,1,1,1,1,0,1,1,1,1,1,1,0,1,0,0,1,1,1,1,1,0,1,1,1,0,1,0,1,0,1,1,1,1,1,1,0,0,0,1,1,1,0,1,1,0,0,1,0,0,1,1,0,1,1,1,0,1,1,1,1,0,0,1,1,1,1,1,0,0,1,1,1,1,1,0,1,1,0,1,0,1,1,1,1,1,0,1,1,0,1,1,1,0,1],"stage2/val_loss":0.5841676011419781,"_runtime":57,"stage2/block4_Pruned_%":29.6875,"stage2/final_mask_keep_ratio_block2":0.6875,"_step":29,"stage2/epoch":40,"stage2/raw_hard_mask_block2":"[0.0, 1.0, 0.0, 1.0, 1.0, 1.0, 1.0, 0.0, 0.0, 1.0, 0.0, 1.0, 1.0, 1.0, 0.0, 1.0, 0.0, 0.0, 1.0, 0.0, 1.0, 0.0, 1.0, 1.0, 1.0, 0.0, 0.0, 1.0, 1.0, 1.0, 0.0, 1.0, 0.0, 1.0, 1.0, 1.0, 1.0, 0.0, 1.0, 0.0, 1.0, 1.0, 1.0, 1.0, 1.0, 1.0, 1.0, 1.0, 1.0, 1.0, 1.0, 0.0, 0.0, 1.0, 0.0, 0.0, 1.0, 1.0, 1.0, 1.0, 1.0, 1.0, 1.0, 1.0]","final_channel_mask_block3":[0,1,1,1,1,1,1,1,1,1,1,0,1,0,1,1,1,1,1,0,1,1,0,1,0,1,0,1,1,1,0,0,1,0,1,0,1,1,0,0,0,0,1,0,1,1,1,1,1,1,1,0,1,1,1,1,1,1,0,1,1,1,1,1,1,1,0,1,1,1,0,1,0,0,1,1,1,0,0,0,0,1,0,0,1,1,0,0,1,1,0,1,0,1,1,1,0,0,0,1,0,1,1,1,1,1,0,1,1,0,1,1,0,0,1,1,1,0,0,1,0,0,0,1,0,0,1,0],"stage1_test_f1":0.9219876995353277,"final_channel_mask_block2":[0,1,0,1,1,1,1,0,0,1,0,1,1,1,0,1,0,0,1,0,1,0,1,1,1,0,0,1,1,1,0,1,0,1,1,1,1,0,1,0,1,1,1,1,1,1,1,1,1,1,1,0,0,1,0,0,1,1,1,1,1,1,1,1],"stage2/test_loss":0.4759036438739667,"best_val_loss":0.3324902662313976,"stage2/stage_number":2,"stage2/Total_Pruned_%":33.12500000000001,"_wandb":{"runtime":57},"model_param_count_dense":36868,"stage_1_separableconvcnn/confusion_matrix_table":{"_latest_artifact_path":"wandb-client-artifact://sdnw1n4cyp5qjbtkzpak6hakonl11tmmbf86vfrt00um4wdqhb2fi9dk1n21p66tu3m159mkdshh53ak9x5k43gphanpu32sgfllxi4xp4vhsoah41j98eenvgu5v5m2:latest/stage_1_separableconvcnn/confusion_matrix_table.table.json","ncols":3,"log_mode":"IMMUTABLE","sha256":"bda03fcb1a2de4eb6110c5203aad8cb9724a0289aa8ccc10119632ddce082632","path":"media/table/stage_1_separableconvcnn/confusion_matrix_table_1_bda03fcb1a2de4eb6110.table.json","_type":"table-file","size":1367,"artifact_path":"wandb-client-artifact://783dvc7iiufmx1ox293c8f54b9h0wlbn0heakzs1av253xcuwl4f0055z5p9ghdlfrzyfwf559y9o709d5b1tw5y52ijywpa3j8tcdswflkwdc5vo69pbgo260m04rbc/stage_1_separableconvcnn/confusion_matrix_table.table.json","nrows":36},"_timestamp":1.7767083922908127e+09,"val_loss":0.3443894228186138,"stage1_test_loss":0.22278288569213314,"stage1/test_f1":0.9219876995353277,"lr_gumbel_bin":0.001,"stage2/block3_Pruned_%":37.5,"stage_5_prunedseparableconvcnn/confusion_matrix_table":{"ncols":3,"size":1366,"_type":"table-file","log_mode":"IMMUTABLE","_latest_artifact_path":"wandb-client-artifact://o6nfxfdqu55b1n9wx3xsrf5qqytzge1sqbvbd6u1v3vyw3rhgf8xhiaqy1xq53e05iv1d3996hzgomzuwq6xdjpi3i9n4gphe0zfqyoo6i29dw07cqrv6jmutv58221r:latest/stage_5_prunedseparableconvcnn/confusion_matrix_table.table.json","path":"media/table/stage_5_prunedseparableconvcnn/confusion_matrix_table_28_ad783b6a2fbb5ecbf087.table.json","sha256":"ad783b6a2fbb5ecbf087487a6bca431fd2da2e43ec44192a70f5fe0cc09766f2","nrows":36,"artifact_path":"wandb-client-artifact://4372hzic2muux4e0f8g35d5kejhoqlih1sx62cn0crjx1z3qzroml71rbzhb56dv8fvkd220fydwylcbsu9lfzk1i97hd9htmxpmvooycl4yyxgqxqryr9dtf8fwv2a7/stage_5_prunedseparableconvcnn/confusion_matrix_table.table.json"},"stage2/lr_backbone":0.0001,"stage2/raw_hard_mask_block3":"[0.0, 1.0, 1.0, 1.0, 1.0, 1.0, 1.0, 1.0, 1.0, 1.0, 1.0, 0.0, 1.0, 0.0, 1.0, 1.0, 1.0, 1.0, 1.0, 0.0, 1.0, 1.0, 0.0, 1.0, 0.0, 1.0, 0.0, 1.0, 1.0, 1.0, 0.0, 0.0, 1.0, 0.0, 1.0, 0.0, 1.0, 1.0, 0.0, 0.0, 0.0, 0.0, 1.0, 0.0, 1.0, 1.0, 1.0, 1.0, 1.0, 1.0, 1.0, 0.0, 1.0, 1.0, 1.0, 1.0, 1.0, 1.0, 0.0, 1.0, 1.0, 1.0, 1.0, 1.0, 1.0, 1.0, 0.0, 1.0, 1.0, 1.0, 0.0, 1.0, 0.0, 0.0, 1.0, 1.0, 1.0, 0.0, 0.0, 0.0, 0.0, 1.0, 0.0, 0.0, 1.0, 1.0, 0.0, 0.0, 1.0, 1.0, 0.0, 1.0, 0.0, 1.0, 1.0, 1.0, 0.0, 0.0, 0.0, 1.0, 0.0, 1.0, 1.0, 1.0, 1.0, 1.0, 0.0, 1.0, 1.0, 0.0, 1.0, 1.0, 0.0, 0.0, 1.0, 1.0, 1.0, 0.0, 0.0, 1.0, 0.0, 0.0, 0.0, 1.0, 0.0, 0.0, 1.0, 0.0]","stage2/final_mask_keep_ratio_block3":0.625,"stage2/train_acc":75.76581734898369,"stage2/test_f1":0.8121379719915839,"stage2/block2_Pruned_%":31.25,"stage":5,"mask_l1":0.25,"stage2/train_loss":0.5885812902464213,"stage1_test_acc":92.12758737699355,"epoch":15}