{"lr":0.001,"bin_keep_ratio":0.6796875,"stage3_test_loss":0.3114797737851933,"stage1/test_loss":0.2379007827501829,"stage1/test_acc":92.53478113335595,"epoch":20,"train_acc":97.12199312714776,"stage_1_separableconvcnn/confusion_matrix_table":{"sha256":"d18f17fd95e68cdad8902237431b005d476f321d62dcf5a5e4d68c3c4cc996d3","ncols":3,"log_mode":"IMMUTABLE","_latest_artifact_path":"wandb-client-artifact://68b3gwd166mrndtb3jlnf5u8jn5nfk3rvpodojgmt8ry88xwkl5n1agq79v8k3yyqx975kbi6ys0pcenb1enxp2px9mm14k2uwhnu7lo079kz3mv3t63iird5mgfulfn:latest/stage_1_separableconvcnn/confusion_matrix_table.table.json","_type":"table-file","nrows":36,"size":1365,"path":"media/table/stage_1_separableconvcnn/confusion_matrix_table_1_d18f17fd95e68cdad890.table.json","artifact_path":"wandb-client-artifact://ljw06ga4fiirqm7tq5qlavu5pwl09qzdl8meq1maabkrlnt5xc0wsb7ogta49nnk4mpi2llfbiw614h7wqmtqtp906u5gwnmga9ry8gcrzij1f067nv8xozkzc5xu9um/stage_1_separableconvcnn/confusion_matrix_table.table.json"},"stage2_hard_bin_mask_str":"[0.0, 1.0, 1.0, 1.0, 1.0, 1.0, 1.0, 1.0, 1.0, 1.0, 1.0, 1.0, 1.0, 1.0, 1.0, 1.0, 1.0, 1.0, 1.0, 1.0, 1.0, 1.0, 1.0, 1.0, 1.0, 1.0, 1.0, 1.0, 1.0, 1.0, 1.0, 1.0, 1.0, 1.0, 1.0, 1.0, 1.0, 1.0, 1.0, 1.0, 1.0, 1.0, 1.0, 1.0, 1.0, 1.0, 1.0, 1.0, 1.0, 1.0, 1.0, 1.0, 1.0, 1.0, 1.0, 1.0, 1.0, 1.0, 1.0, 1.0, 1.0, 1.0, 0.0, 1.0, 0.0, 0.0, 0.0, 0.0, 1.0, 1.0, 0.0, 0.0, 0.0, 1.0, 1.0, 1.0, 1.0, 0.0, 0.0, 0.0, 1.0, 1.0, 0.0, 0.0, 0.0, 1.0, 0.0, 1.0, 1.0, 1.0, 1.0, 0.0, 1.0, 1.0, 0.0, 0.0, 1.0, 0.0, 1.0, 1.0, 0.0, 0.0, 1.0, 0.0, 1.0, 1.0, 0.0, 0.0, 0.0, 1.0, 0.0, 0.0, 0.0, 1.0, 0.0, 0.0, 0.0, 1.0, 0.0, 0.0, 0.0, 0.0, 0.0, 0.0, 0.0, 1.0, 0.0, 0.0]","mask_l1":0.5390625,"lr_gumbel_bin":0.001,"val_acc":85.59782608695652,"stage":3,"_timestamp":1.7757746410698695e+09,"stage1_test_loss":0.2379007827501829,"best_val_loss":0.19609334162522946,"val_loss":0.3190671396815046,"stage1/test_f1":0.9270564415156634,"stage2_test_f1":0.9181541054848648,"train_loss":0.07212475406055052,"stage1/use_pretrain_model":false,"stage2_test_loss":0.28632730373651016,"_wandb":{"runtime":17},"stage2_test_acc":91.61859518154056,"stage1_test_f1":0.9270564415156634,"_step":9,"stage3_test_acc":91.51679674244996,"stage_3_separableconvcnn/confusion_matrix_table":{"sha256":"b6d29b5e4522a989b0aaa534bf5f5bc2c0bdb509c2ba3e049a5378ea44c0b0b2","nrows":36,"ncols":3,"artifact_path":"wandb-client-artifact://eedk04sidwjz7zbotp1nxv41af4vwt9po44y7wm427q9qt4fd7y6495zfvjz8pjpbh6rvglpc64857m17p7kes932kzt2d0lw24zg5jy2wul68kfqzieu99wfq07ht6n/stage_3_separableconvcnn/confusion_matrix_table.table.json","log_mode":"IMMUTABLE","_latest_artifact_path":"wandb-client-artifact://01v7xe8ulo9jdii2m06szgba9wpljkw4s7cs64m97mk8nrmgy3xtw4pxy6u2rbf1n3itaikswckpr5zt7ptyq9nitp2xztfp90rs36jrhuuhgf7y175nfk295n6tkwuj:latest/stage_3_separableconvcnn/confusion_matrix_table.table.json","size":1368,"path":"media/table/stage_3_separableconvcnn/confusion_matrix_table_8_b6d29b5e4522a989b0aa.table.json","_type":"table-file"},"_runtime":17,"stage3_test_f1":0.9167310370410965,"lr_backbone":0.0001,"stage1_test_acc":92.53478113335595}