{"_runtime":17,"stage2_test_acc":88.25924669155073,"train_loss":0.09004968395843228,"stage2_test_loss":0.4559128763455004,"stage_1_separableconvcnn/confusion_matrix_table":{"_type":"table-file","nrows":36,"sha256":"02c5a6fac2b98a2cce23216035c71184f8282e95afab8b7a4923ed0654b10cea","_latest_artifact_path":"wandb-client-artifact://kbjmx1yfhmgxnz0dz2tixeahnwhd32701xe1di5coehthzgcjfxu9xrhqiwp652ne65ip0hgg0rdycxo0a52b666eiq9d3wp01oas8cvzik8yyii3ey7fkubmna1rv3l:latest/stage_1_separableconvcnn/confusion_matrix_table.table.json","artifact_path":"wandb-client-artifact://anb6blbzl76j5kdlln4hwoyc000fnbmw6kwd08k8wl2celu5kt7kdwml11t0by0lkkuyx8eh420zkv6gahxr63h5r57yqbj9gvf2qefqej46eq8ebmgj94b4z1q1g28p/stage_1_separableconvcnn/confusion_matrix_table.table.json","size":1368,"ncols":3,"log_mode":"IMMUTABLE","path":"media/table/stage_1_separableconvcnn/confusion_matrix_table_1_02c5a6fac2b98a2cce23.table.json"},"stage1/test_loss":0.4559599839993571,"stage1/use_pretrain_model":false,"mask_l1":0.1328125,"bin_keep_ratio":0.40625,"stage1/test_acc":89.85408890397014,"stage1_test_acc":89.85408890397014,"val_loss":0.3846844646675496,"stage1_test_f1":0.8992012196111356,"stage3_test_acc":91.21140142517815,"lr":0.001,"stage2_test_f1":0.8846899455937735,"stage3_test_f1":0.9129994020811357,"_step":10,"stage1_test_loss":0.4559599839993571,"epoch":20,"stage":3,"lr_backbone":0.0001,"stage2_hard_bin_mask_str":"[0.0, 0.0, 1.0, 1.0, 0.0, 1.0, 1.0, 1.0, 0.0, 0.0, 1.0, 1.0, 1.0, 1.0, 1.0, 1.0, 1.0, 1.0, 1.0, 1.0, 1.0, 0.0, 1.0, 1.0, 1.0, 1.0, 0.0, 1.0, 1.0, 1.0, 1.0, 1.0, 1.0, 1.0, 1.0, 1.0, 1.0, 1.0, 1.0, 1.0, 1.0, 1.0, 0.0, 0.0, 1.0, 1.0, 1.0, 1.0, 1.0, 1.0, 1.0, 1.0, 1.0, 1.0, 1.0, 1.0, 1.0, 1.0, 0.0, 1.0, 1.0, 0.0, 0.0, 1.0, 0.0, 0.0, 0.0, 0.0, 0.0, 0.0, 0.0, 0.0, 0.0, 0.0, 0.0, 0.0, 0.0, 0.0, 0.0, 0.0, 0.0, 0.0, 0.0, 0.0, 0.0, 0.0, 0.0, 0.0, 0.0, 0.0, 0.0, 0.0, 0.0, 0.0, 0.0, 0.0, 0.0, 0.0, 0.0, 0.0, 0.0, 0.0, 0.0, 0.0, 0.0, 0.0, 0.0, 0.0, 0.0, 0.0, 0.0, 0.0, 0.0, 0.0, 0.0, 0.0, 0.0, 0.0, 0.0, 0.0, 0.0, 0.0, 0.0, 0.0, 0.0, 0.0, 0.0, 0.0]","_wandb":{"runtime":17},"stage3_test_loss":0.3766007740292115,"train_acc":96.09185565539866,"best_val_loss":0.1999361966668336,"stage_3_separableconvcnn/confusion_matrix_table":{"size":1367,"sha256":"bee4d34ff1e6637137794cd075f0271d274857fe77bc39c5b6fcb957048d9310","_latest_artifact_path":"wandb-client-artifact://u0lsnsrutvpufdx1mhfpt0uvsrunz3rjyvz9v398hk6xikcrc9trnmezhpj0gak9fifeteesgsjy1uhrif9wh7qswm1x6yrgcynvye76bnmiduszcwu0h0plll2cow7u:latest/stage_3_separableconvcnn/confusion_matrix_table.table.json","path":"media/table/stage_3_separableconvcnn/confusion_matrix_table_9_bee4d34ff1e663713779.table.json","ncols":3,"_type":"table-file","nrows":36,"artifact_path":"wandb-client-artifact://8ekt7wcybez16uodhzuek981rc3a0s71urhb6k0v1hpef1qo92m9r6md0s1brs49ijm459x6648d8fyk42hxmj77wchta9w7j2d2eb7zaw2gfkifq8r3g1dcf77qrrvq/stage_3_separableconvcnn/confusion_matrix_table.table.json","log_mode":"IMMUTABLE"},"_timestamp":1.7764255723178132e+09,"lr_gumbel_bin":0.001,"val_acc":88.85630498533725,"stage1/test_f1":0.8992012196111356}