{"stage_1_separableconvcnn/confusion_matrix_table":{"ncols":3,"log_mode":"IMMUTABLE","sha256":"31b4d710340281842bc3d2b1af8a24bfe054234d3b8904d2d088c9b15086d181","path":"media/table/stage_1_separableconvcnn/confusion_matrix_table_1_31b4d710340281842bc3.table.json","_latest_artifact_path":"wandb-client-artifact://gi8odabbe6j2qvzi8e26bjr4fh7vijs8n5aq6njnwmlu4vn35fbmdgit2rggviap6uzmt1akrlpdrh6m9atlxnifbd52lewfp8mapx9a3epm37fe1nqx80kj6jey3kyr:latest/stage_1_separableconvcnn/confusion_matrix_table.table.json","nrows":36,"_type":"table-file","size":1367,"artifact_path":"wandb-client-artifact://odm6x000y3l9wm7xbizlpihe7azvqqy21g16jxbnuixjzbifmq6b9elrgogywueo3as3f3twv7h2fsegkoqlk2tq6b7xi8s1btnyra4agw7bayg9s5fx01x07lckmoll/stage_1_separableconvcnn/confusion_matrix_table.table.json"},"stage3_test_acc":85.10349507974212,"stage1/test_f1":0.9037190950512649,"epoch":10,"mask_l1":0.0923076942563057,"stage":3,"val_loss":0.3007912787730204,"train_acc":85.33636751528944,"stage1/test_loss":0.25042668238587484,"stage3_test_f1":0.8557466139506676,"val_acc":88.1619937694704,"bin_keep_ratio":0.10769230872392654,"lr_gumbel_bin":0.001,"_timestamp":1.7766063053919578e+09,"stage3_test_loss":0.3779688130357547,"stage_3_separableconvcnn/confusion_matrix_table":{"size":1371,"path":"media/table/stage_3_separableconvcnn/confusion_matrix_table_12_0307a34c99220726d61f.table.json","ncols":3,"_latest_artifact_path":"wandb-client-artifact://lf9peizbdk3xdoanvm00qm2nxr9ltu7v0kbatgl7lkdhsinwiqt0iqqnic8jghdhbos5vuqhhp33a1n9gb23c352s0lxx6obenqpt3b9y8aq8wbghh0poj9awawd21e0:latest/stage_3_separableconvcnn/confusion_matrix_table.table.json","nrows":36,"sha256":"0307a34c99220726d61f67c78828ea4cda240e0b19041bc4a51f567c6925eca3","artifact_path":"wandb-client-artifact://almyyl93itqt5h0ycsfh9vuklknz4mpnoqw9dhz63hf8enemkgqumlx0mjckcpq0ajznqxbj9ayq74v8m5be2zepimomu51fnyrn7kahmcbv0778t8cgex7p27ezr815/stage_3_separableconvcnn/confusion_matrix_table.table.json","_type":"table-file","log_mode":"IMMUTABLE"},"stage2_test_f1":0.8596002760811846,"stage2_test_loss":0.3756512200853604,"stage1/use_pretrain_model":false,"stage1/test_acc":90.22734984730234,"lr":0.001,"_wandb":{"runtime":23},"stage1_test_acc":90.22734984730234,"stage1_test_f1":0.9037190950512649,"train_loss":0.3359255722170618,"_step":13,"stage2_test_acc":86.12147947064811,"best_val_loss":0.2729675184900516,"stage2_hard_bin_mask_str":"[1.0, 1.0, 1.0, 1.0, 1.0, 1.0, 1.0, 0.0, 0.0, 0.0, 0.0, 0.0, 0.0, 0.0, 0.0, 0.0, 0.0, 0.0, 0.0, 0.0, 0.0, 0.0, 0.0, 0.0, 0.0, 0.0, 0.0, 0.0, 0.0, 0.0, 0.0, 0.0, 0.0, 0.0, 0.0, 0.0, 0.0, 0.0, 0.0, 0.0, 0.0, 0.0, 0.0, 0.0, 0.0, 0.0, 0.0, 0.0, 0.0, 0.0, 0.0, 0.0, 0.0, 0.0, 0.0, 0.0, 0.0, 0.0, 0.0, 0.0, 0.0, 0.0, 0.0, 0.0, 0.0]","stage1_test_loss":0.25042668238587484,"lr_backbone":0.0001,"_runtime":23}