{"stage2_test_f1":0.7604671414978194,"stage1_test_loss":0.25057173036076164,"stage":3,"stage1/test_loss":0.25057173036076164,"stage_1_separableconvcnn/confusion_matrix_table":{"log_mode":"IMMUTABLE","path":"media/table/stage_1_separableconvcnn/confusion_matrix_table_1_ba1709b9ded253dca6f1.table.json","size":1366,"_type":"table-file","sha256":"ba1709b9ded253dca6f14b8d1a777336f0cb86899167c45d58f90d5e787020ac","ncols":3,"_latest_artifact_path":"wandb-client-artifact://ie1h1csrgzo8ikud06155rd6ly24kox55kcqn3co543hcuzq3ndwjbdldd4b75cxye7rsh9te1jzlazfmk6cxe99fib7e0y153dp4cdpvco6hhkrg6oq5huko9grthqv:latest/stage_1_separableconvcnn/confusion_matrix_table.table.json","nrows":36,"artifact_path":"wandb-client-artifact://49mrbgahac9l8twb5h60hqx0o2ik4nih7m0rw9wpign1w7pjwe5cd3ii2zytv3hef6tdi6u8leue81kk8zdouks7bednxee2t1caoi5km2tyauhwydr25k95jqolhvwu/stage_1_separableconvcnn/confusion_matrix_table.table.json"},"stage2_test_acc":77.12928401764506,"train_loss":0.18796951105814164,"train_acc":91.50606709493219,"stage1/test_f1":0.9190924499938599,"_timestamp":1.7764165219313111e+09,"lr":0.001,"val_acc":80.40345821325649,"stage3_test_loss":0.5855938843397173,"_step":11,"val_loss":0.9290772919255907,"lr_backbone":0.0001,"mask_l1":0.015625,"stage1/use_pretrain_model":false,"_runtime":17,"stage1/test_acc":91.72039362063116,"best_val_loss":0.2956340707360796,"stage2_hard_bin_mask_str":"[0.0, 0.0, 0.0, 0.0, 0.0, 0.0, 0.0, 0.0, 1.0, 0.0, 1.0, 1.0, 1.0, 1.0, 1.0, 0.0, 0.0, 1.0, 1.0, 1.0, 0.0, 1.0, 0.0, 1.0, 1.0, 0.0, 0.0, 0.0, 0.0, 0.0, 0.0, 0.0, 0.0, 1.0, 1.0, 1.0, 1.0, 1.0, 0.0, 1.0, 0.0, 1.0, 0.0, 0.0, 0.0, 0.0, 1.0, 1.0, 1.0, 0.0, 1.0, 0.0, 1.0, 1.0, 0.0, 0.0, 0.0, 0.0, 0.0, 0.0, 0.0, 0.0, 0.0, 1.0, 0.0, 0.0, 0.0, 0.0, 0.0, 0.0, 0.0, 0.0, 0.0, 0.0, 0.0, 0.0, 0.0, 0.0, 0.0, 0.0, 0.0, 0.0, 0.0, 0.0, 0.0, 0.0, 0.0, 0.0, 0.0, 0.0, 0.0, 0.0, 0.0, 0.0, 0.0, 0.0, 0.0, 0.0, 0.0, 0.0, 0.0, 0.0, 0.0, 0.0, 0.0, 0.0, 0.0, 0.0, 0.0, 0.0, 0.0, 0.0, 0.0, 0.0, 0.0, 0.0, 0.0, 0.0, 0.0, 0.0, 0.0, 0.0, 0.0, 0.0, 0.0, 0.0, 0.0, 0.0]","stage3_test_acc":85.78215134034612,"stage_3_separableconvcnn/confusion_matrix_table":{"artifact_path":"wandb-client-artifact://352c64sdji9r1ylexyj2birmxwoozgrqmz9cg9oxn2upsx39sraa04srxfbnf9rsycar65ye8hfff6h7xrx515uoag3cdinriqqmopivwhdo64egrfq32dl510uvza00/stage_3_separableconvcnn/confusion_matrix_table.table.json","ncols":3,"nrows":36,"_latest_artifact_path":"wandb-client-artifact://fpt4bgr9gohepxcfsqrmpndpiup7ajzrxk1i6b6m1d5v0i9o4e6k7z45ssv5chsfecqsvsgy7nfrudjcbdh1i7l3ctm3bnmxtf4alfgfdh53kcmlk3kfk0nqmze454cr:latest/stage_3_separableconvcnn/confusion_matrix_table.table.json","size":1370,"_type":"table-file","sha256":"0648979220d3a935c38d9dc586fa0927745fd898c08731f98d954de51d519cf4","path":"media/table/stage_3_separableconvcnn/confusion_matrix_table_10_0648979220d3a935c38d.table.json","log_mode":"IMMUTABLE"},"stage1_test_acc":91.72039362063116,"stage3_test_f1":0.8578133983136708,"lr_gumbel_bin":0.001,"_wandb":{"runtime":17},"epoch":30,"bin_keep_ratio":0.203125,"stage2_test_loss":0.6750923379330381,"stage1_test_f1":0.9190924499938599}