{"stage2_hard_bin_mask_str":"[1.0, 1.0, 1.0, 1.0, 1.0, 1.0, 0.0, 1.0, 1.0, 0.0, 0.0, 0.0, 0.0, 0.0, 0.0, 0.0, 0.0, 0.0, 0.0, 0.0, 0.0, 0.0, 0.0, 0.0, 0.0, 0.0, 0.0, 0.0, 0.0, 0.0, 0.0, 0.0, 0.0, 0.0, 0.0, 0.0, 0.0, 0.0, 0.0, 0.0, 0.0, 0.0, 0.0, 0.0, 0.0, 0.0, 0.0, 0.0, 0.0, 0.0, 0.0, 0.0, 0.0, 0.0, 0.0, 0.0, 0.0, 0.0, 0.0, 0.0, 0.0, 0.0, 0.0, 0.0, 0.0]","stage1_test_f1":0.9084024900218363,"val_acc":87.70491803278688,"stage1_test_loss":0.26884880924891436,"train_loss":0.22272849588895166,"_timestamp":1.7757726252595165e+09,"stage_3_separableconvcnn/confusion_matrix_table":{"ncols":3,"log_mode":"IMMUTABLE","_type":"table-file","size":1369,"sha256":"e1c288d3ad5fb7a99039d5dd966be880c982a7a696494ea43ec9f699cc8f7c62","path":"media/table/stage_3_separableconvcnn/confusion_matrix_table_13_e1c288d3ad5fb7a99039.table.json","nrows":36,"artifact_path":"wandb-client-artifact://88xqxt56bma0qglp28q9jmzohm0ftrj65974scxrqygehmr9wfbl4t0igwnz8arxiob9rqlgy37oifms1h3xbdfj09batirz0nrb10tn5saoo4k0yuok3sai4kd92pbw/stage_3_separableconvcnn/confusion_matrix_table.table.json","_latest_artifact_path":"wandb-client-artifact://vp0d243jexzq0al0xtw62zz8h6ym3wmxb30i2wsgvnwa8599s3ndtnbg5q4eb694wfztw8l9aapiylr735fjh36ujpz4rnlwh76dna8vjytbtkdi1k4frqlohdev3hze:latest/stage_3_separableconvcnn/confusion_matrix_table.table.json"},"bin_keep_ratio":0.1230769231915474,"stage2_test_f1":0.8578578645433116,"train_acc":90.33781849413111,"stage3_test_acc":88.22531387852052,"_wandb":{"runtime":25},"_step":14,"stage1/test_acc":90.73634204275534,"stage":3,"mask_l1":0.07692307233810425,"epoch":25,"stage3_test_loss":0.358491266525926,"lr_backbone":0.0001,"best_val_loss":0.3279511263807777,"val_loss":0.3379217523857544,"stage1/test_loss":0.26884880924891436,"lr":0.001,"stage3_test_f1":0.8812584581520232,"lr_gumbel_bin":0.001,"stage1/use_pretrain_model":false,"_runtime":25,"stage2_test_acc":85.78215134034612,"stage1_test_acc":90.73634204275534,"stage_1_separableconvcnn/confusion_matrix_table":{"artifact_path":"wandb-client-artifact://cb1kf4mi2ude0ogld77j04l167zaa9iyr73ynuk3u5g99502g0onvhk7lzh6vpk889xg6e11p59lyjifl9cz5fbspmbnkasiza8ae96mladxhf27q9tfm9cih4g502xa/stage_1_separableconvcnn/confusion_matrix_table.table.json","_latest_artifact_path":"wandb-client-artifact://9b072m1odqicz27nw75z7pjtpddn89t5zp5ysvotzh1nwa0en87vwq6z0nlzn59vxoquww6ron423lir0mr8qdi70pil385ewp5yz19swh99crh8lmhpuy3ewcsvg8gx:latest/stage_1_separableconvcnn/confusion_matrix_table.table.json","nrows":36,"log_mode":"IMMUTABLE","path":"media/table/stage_1_separableconvcnn/confusion_matrix_table_1_3a2724ddbaf80f19f678.table.json","ncols":3,"sha256":"3a2724ddbaf80f19f6787a62d68af9739588620fdb28353f1eff1624d313c743","_type":"table-file","size":1367},"stage1/test_f1":0.9084024900218363,"stage2_test_loss":0.3826948748101946}