{"bin_keep_ratio":0.203125,"val_loss":0.39660390915088756,"train_acc":91.3323782234957,"stage1/use_pretrain_model":false,"_timestamp":1.7757800830327516e+09,"stage":3,"stage3_test_loss":0.4615047359854883,"stage1_test_f1":0.8955848355193489,"stage2_test_loss":0.2836973501965971,"mask_l1":0.1953125,"_runtime":14,"train_loss":0.1947028754540535,"stage1/test_loss":0.2953477400942689,"stage2_test_f1":0.8954024101678827,"_wandb":{"runtime":14},"_step":9,"stage1_test_loss":0.2953477400942689,"best_val_loss":0.30661263933745764,"lr_backbone":0.0001,"epoch":10,"stage1/test_acc":89.44689514760773,"stage2_test_acc":89.44689514760773,"lr_gumbel_bin":0.001,"stage2_hard_bin_mask_str":"[1.0, 1.0, 1.0, 1.0, 1.0, 1.0, 1.0, 1.0, 1.0, 1.0, 1.0, 1.0, 1.0, 1.0, 1.0, 1.0, 1.0, 1.0, 1.0, 1.0, 1.0, 1.0, 1.0, 1.0, 1.0, 0.0, 0.0, 0.0, 0.0, 0.0, 0.0, 0.0, 0.0, 0.0, 0.0, 0.0, 0.0, 0.0, 0.0, 1.0, 0.0, 0.0, 0.0, 0.0, 0.0, 0.0, 0.0, 0.0, 0.0, 0.0, 0.0, 0.0, 0.0, 0.0, 0.0, 0.0, 0.0, 0.0, 0.0, 0.0, 0.0, 0.0, 0.0, 0.0, 0.0, 0.0, 0.0, 0.0, 0.0, 0.0, 0.0, 0.0, 0.0, 0.0, 0.0, 0.0, 0.0, 0.0, 0.0, 0.0, 0.0, 0.0, 0.0, 0.0, 0.0, 0.0, 0.0, 0.0, 0.0, 0.0, 0.0, 0.0, 0.0, 0.0, 0.0, 0.0, 0.0, 0.0, 0.0, 0.0, 0.0, 0.0, 0.0, 0.0, 0.0, 0.0, 0.0, 0.0, 0.0, 0.0, 0.0, 0.0, 0.0, 0.0, 0.0, 0.0, 0.0, 0.0, 0.0, 0.0, 0.0, 0.0, 0.0, 0.0, 0.0, 0.0, 0.0, 0.0]","stage_3_separableconvcnn/confusion_matrix_table":{"_latest_artifact_path":"wandb-client-artifact://c9s6allxau35dqd2r30mlp1egpei01gdcuo3tdgcdr1oduduou7barks7kdxsnijv2y6og0gkj0qtnpyjyaxy7tmm0zuzkm6cb941ur9ely6xd4aicd1sput8qlzjtn3:latest/stage_3_separableconvcnn/confusion_matrix_table.table.json","_type":"table-file","artifact_path":"wandb-client-artifact://3mi2p31kzh4bn6tz8ijf5hzmno8gdvvw20xezfjlcce7rtvqmus6vtx9kl6vt6459yyha6ke9yzq2ws53yeows1xykx8ncsf4ydeyi4yqfxggqclvrgz1l5ueq92q9al/stage_3_separableconvcnn/confusion_matrix_table.table.json","log_mode":"IMMUTABLE","sha256":"6587924a66e6537b8b99898b99a159a0b48b1019f08c88e8c2f0500c5379b862","nrows":36,"size":1368,"path":"media/table/stage_3_separableconvcnn/confusion_matrix_table_8_6587924a66e6537b8b99.table.json","ncols":3},"stage1/test_f1":0.8955848355193489,"val_acc":89.51612903225806,"lr":0.001,"stage_1_separableconvcnn/confusion_matrix_table":{"sha256":"b6794eea1be784f80fb161e79cfb5fafc447fd2d79d397f01e9a3acefb80fca6","size":1367,"artifact_path":"wandb-client-artifact://h9fg0ywecfwcrcrjtm45qaefrqgo4riq1rha4pcuao8dqidzkzzb88uximokn2465gv92649cjhu1coirhro9ov23bqjtgfn424svepyucvcohyb4ijg819nlibagj8b/stage_1_separableconvcnn/confusion_matrix_table.table.json","path":"media/table/stage_1_separableconvcnn/confusion_matrix_table_1_b6794eea1be784f80fb1.table.json","ncols":3,"_type":"table-file","_latest_artifact_path":"wandb-client-artifact://rdccsjma68srf75hqtaw778h6yh4glrzfugtwe8m2a0pidrp91hwx8fp18ewa9aiyjw935ixq6ol6mfg09b5bq45mafezyj68zxyndgoex04o9cd8pmvf1aue9fcmpu3:latest/stage_1_separableconvcnn/confusion_matrix_table.table.json","nrows":36,"log_mode":"IMMUTABLE"},"stage1_test_acc":89.44689514760773,"stage3_test_f1":0.8249932194680518,"stage3_test_acc":82.21920597217509}