{"stage1/use_pretrain_model":false,"stage1_test_f1":0.9144772340727608,"best_val_loss":0.10984420695801296,"stage5_test_loss":0.33298648074747295,"final_channel_mask_block2":[1,1,1,0,1,0,0,1,0,1,0,0,1,0,1,0,0,1,0,0,0,0,1,0,1,0,0,1,0,0,0,1,1,1,1,0,1,1,1,1,0,0,1,0,0,0,0,0,1,1,0,0,0,1,1,0,1,1,1,1,1,0,1,0],"_runtime":72,"stage2/test_acc":75.46657617916526,"stage2/Total_Pruned_%":52.81249999999999,"lr_gumbel_bin":0.001,"stage2/epoch":60,"train_acc":92.02375901569792,"_wandb":{"runtime":72},"final_channel_mask_block3":[1,1,0,1,1,0,1,0,1,1,0,1,1,0,0,1,0,0,1,1,0,0,0,0,1,1,1,0,1,0,0,0,0,0,0,1,0,0,0,1,1,0,0,0,0,0,1,0,0,0,0,0,0,0,1,0,0,0,1,1,0,0,0,0,0,0,0,1,0,0,0,0,1,1,1,1,0,1,0,1,0,1,1,1,0,1,0,1,0,1,1,0,0,0,1,0,1,1,0,0,0,0,0,0,1,0,1,1,0,0,0,0,0,0,1,0,0,0,0,1,1,0,0,0,1,1,0,0],"stage_5_prunedseparableconvcnn/confusion_matrix_table":{"log_mode":"IMMUTABLE","sha256":"32a6419b284a69986c2de7318aae68cd6e1984af8e67fe86b8a0ac9173d62e45","nrows":36,"ncols":3,"_type":"table-file","size":1366,"path":"media/table/stage_5_prunedseparableconvcnn/confusion_matrix_table_36_32a6419b284a69986c2d.table.json","artifact_path":"wandb-client-artifact://y2q5vhc12orlzussk81zkzwm9nzc6huzmd184lbbikmyu2t39szem8rcl0m1a39sqskfbcf4nf6koemah0bp1hyysg1cjvpulxalkub8p8kl45enqgphqf23br5iz740/stage_5_prunedseparableconvcnn/confusion_matrix_table.table.json","_latest_artifact_path":"wandb-client-artifact://vc7pd4h6vig654m74r5t733g5ound3bfkor13t4rf9x59k03vopsqkzyzklqvwu2xlgwtftyuyzqhbmwb6u4aqlh1r50j00wpz3x8rx4duefjopz7ly2j3tmsczzn8t9:latest/stage_5_prunedseparableconvcnn/confusion_matrix_table.table.json"},"lr_backbone":0.0001,"stage2/block4_Pruned_%":43.75,"stage1/test_f1":0.9144772340727608,"epoch":60,"lr_loaded_weights":0.0001,"stage2/raw_hard_mask_block4":"[1.0, 1.0, 1.0, 0.0, 1.0, 0.0, 0.0, 0.0, 1.0, 1.0, 0.0, 0.0, 0.0, 0.0, 1.0, 1.0, 1.0, 0.0, 1.0, 0.0, 0.0, 0.0, 0.0, 1.0, 1.0, 0.0, 1.0, 1.0, 0.0, 0.0, 1.0, 1.0, 0.0, 1.0, 0.0, 0.0, 1.0, 0.0, 1.0, 0.0, 0.0, 1.0, 1.0, 0.0, 1.0, 1.0, 1.0, 0.0, 1.0, 1.0, 0.0, 1.0, 1.0, 0.0, 0.0, 1.0, 1.0, 0.0, 0.0, 1.0, 1.0, 1.0, 0.0, 0.0, 1.0, 0.0, 0.0, 1.0, 0.0, 0.0, 1.0, 1.0, 1.0, 1.0, 0.0, 1.0, 1.0, 1.0, 1.0, 0.0, 1.0, 0.0, 1.0, 0.0, 1.0, 1.0, 1.0, 1.0, 0.0, 1.0, 0.0, 0.0, 0.0, 1.0, 0.0, 1.0, 1.0, 1.0, 0.0, 1.0, 1.0, 1.0, 1.0, 0.0, 1.0, 1.0, 0.0, 0.0, 0.0, 0.0, 0.0, 1.0, 1.0, 1.0, 1.0, 1.0, 1.0, 0.0, 0.0, 1.0, 0.0, 1.0, 1.0, 0.0, 1.0, 0.0, 1.0, 1.0]","model_param_count_pruned":11919,"train_loss":0.185120652696736,"stage2/test_loss":0.6295231589913416,"hard_bin_mask":[0,0,0,1,1,1,0,1,1,1,1,1,1,1,1,1,1,1,1,1,1,1,1,1,1,1,1,1,1,1,1,1,1,1,1,1,1,1,1,1,1,1,1,1,1,1,1,1,1,1,1,1,1,1,1,1,1,1,1,1,1,1,0,1,0,0,0,0,0,0,0,0,0,0,0,0,0,0,0,0,0,0,0,0,0,0,0,0,0,0,0,0,0,0,0,0,0,0,0,0,0,0,0,0,0,0,0,0,0,0,0,0,0,0,0,0,0,0,0,0,0,0,0,0,0,0,0,0],"model_param_reduction_pct":67.67115113377456,"model_param_count_dense":36868,"stage2/mask_l1":0.46028372645378113,"stage1_test_loss":0.3393576698681941,"stage2/lr_gumbel":0.001,"stage1/test_acc":91.24533423820834,"stage2/raw_hard_mask_block3":"[1.0, 1.0, 0.0, 1.0, 1.0, 0.0, 1.0, 0.0, 1.0, 1.0, 0.0, 1.0, 1.0, 0.0, 0.0, 1.0, 0.0, 0.0, 1.0, 1.0, 0.0, 0.0, 0.0, 0.0, 1.0, 1.0, 1.0, 0.0, 1.0, 0.0, 0.0, 0.0, 0.0, 0.0, 0.0, 1.0, 0.0, 0.0, 0.0, 1.0, 1.0, 0.0, 0.0, 0.0, 0.0, 0.0, 1.0, 0.0, 0.0, 0.0, 0.0, 0.0, 0.0, 0.0, 1.0, 0.0, 0.0, 0.0, 1.0, 1.0, 0.0, 0.0, 0.0, 0.0, 0.0, 0.0, 0.0, 1.0, 0.0, 0.0, 0.0, 0.0, 1.0, 1.0, 1.0, 1.0, 0.0, 1.0, 0.0, 1.0, 0.0, 1.0, 1.0, 1.0, 0.0, 1.0, 0.0, 1.0, 0.0, 1.0, 1.0, 0.0, 0.0, 0.0, 1.0, 0.0, 1.0, 1.0, 0.0, 0.0, 0.0, 0.0, 0.0, 0.0, 1.0, 0.0, 1.0, 1.0, 0.0, 0.0, 0.0, 0.0, 0.0, 0.0, 1.0, 0.0, 0.0, 0.0, 0.0, 1.0, 1.0, 0.0, 0.0, 0.0, 1.0, 1.0, 0.0, 0.0]","stage2/stage_number":2,"stage2/val_acc":74.02135231316726,"stage2/best_val_loss":0.47517551377642797,"stage2/raw_hard_mask_block2":"[1.0, 1.0, 1.0, 0.0, 1.0, 0.0, 0.0, 1.0, 0.0, 1.0, 0.0, 0.0, 1.0, 0.0, 1.0, 0.0, 0.0, 1.0, 0.0, 0.0, 0.0, 0.0, 1.0, 0.0, 1.0, 0.0, 0.0, 1.0, 0.0, 0.0, 0.0, 1.0, 1.0, 1.0, 1.0, 0.0, 1.0, 1.0, 1.0, 1.0, 0.0, 0.0, 1.0, 0.0, 0.0, 0.0, 0.0, 0.0, 1.0, 1.0, 0.0, 0.0, 0.0, 1.0, 1.0, 0.0, 1.0, 1.0, 1.0, 1.0, 1.0, 0.0, 1.0, 0.0]","stage2/purpose":"train channel-pruning model with masking","stage1/test_loss":0.3393576698681941,"stage2/final_mask_keep_ratio_block4":0.5625,"stage5_test_f1":0.9121989730348737,"final_channel_mask_block4":[1,1,1,0,1,0,0,0,1,1,0,0,0,0,1,1,1,0,1,0,0,0,0,1,1,0,1,1,0,0,1,1,0,1,0,0,1,0,1,0,0,1,1,0,1,1,1,0,1,1,0,1,1,0,0,1,1,0,0,1,1,1,0,0,1,0,0,1,0,0,1,1,1,1,0,1,1,1,1,0,1,0,1,0,1,1,1,1,0,1,0,0,0,1,0,1,1,1,0,1,1,1,1,0,1,1,0,0,0,0,0,1,1,1,1,1,1,0,0,1,0,1,1,0,1,0,1,1],"stage2/block2_Pruned_%":51.5625,"stage2/block3_Pruned_%":62.5,"stage2/final_mask_keep_ratio_block2":0.484375,"stage1_test_acc":91.24533423820834,"_step":37,"stage2/val_loss":0.47517551377642797,"stage2/train_acc":70.32951492009617,"stage_1_separableconvcnn/confusion_matrix_table":{"path":"media/table/stage_1_separableconvcnn/confusion_matrix_table_1_664cf793b2fa78623677.table.json","size":1365,"_type":"table-file","sha256":"664cf793b2fa786236774bb749846c1cb5ed9bdb1154b6b86916ab2731fb7a5c","_latest_artifact_path":"wandb-client-artifact://ejwizynjlj8w58fcubgm9r7aljrl88xohvmrqx3jus3pjqmxmjinnoht2l5unipveeae5qqjel3zhgnh8hymqvh33h7cq6oj48fuk9uhtlzh1wzusefq6ih20uu26koy:latest/stage_1_separableconvcnn/confusion_matrix_table.table.json","nrows":36,"artifact_path":"wandb-client-artifact://p24m1hc4dxwvejaj6gb8c4azj2ig4e922uk27d8a6e8t0x097sk0etzmbh5u44y7mvg3p0cg3a1ju7fxaro560r2fnzwip725kgwif7zyjhiiyh2f1z4a864bhvprb6x/stage_1_separableconvcnn/confusion_matrix_table.table.json","log_mode":"IMMUTABLE","ncols":3},"stage2/test_f1":0.7624465550286207,"stage2/lr_backbone":0.0001,"stage_3_separableconvcnn/confusion_matrix_table":{"size":1365,"_type":"table-file","_latest_artifact_path":"wandb-client-artifact://dgj0854cnodhuradek04hppqcunht2jtis4tsuppdejvlk8c8el84pbbrnp06qodvxiaqm3lhwwkbk5kfkc39cfpgj0hflg8lxchegks2l54y1aqapyi37dpif20ndi9:latest/stage_3_separableconvcnn/confusion_matrix_table.table.json","nrows":36,"log_mode":"IMMUTABLE","path":"media/table/stage_3_separableconvcnn/confusion_matrix_table_10_9a73d9381dd085256d0b.table.json","ncols":3,"artifact_path":"wandb-client-artifact://lf4656xsndapqx20a2l2huaeojanfhtv6h92c7p026cmok4m8wmvg9gzp0fuefj2jxzguulvuz1wp1xp0z42ad9ocxcp07wmehpgl17l7b2bsj6n2aahm83yzyy9i13u/stage_3_separableconvcnn/confusion_matrix_table.table.json","sha256":"9a73d9381dd085256d0ba31bd6f75c02909e63bfafb20fa41ab18f7effb0f37f"},"mask_l1":0.4296875,"lr":0.001,"stage2/train_loss":0.6171075783479232,"_timestamp":1.7767098934520586e+09,"val_acc":96.44128113879003,"stage5_test_acc":91.04173736002714,"stage":5,"val_loss":0.10984420695801296,"stage2/best_epoch":60,"stage2/final_mask_keep_ratio_block3":0.375}