{"lr_backbone":0.0001,"bin_keep_ratio":0.10769230872392654,"stage1_test_acc":90.97387173396675,"_timestamp":1.7757724507076066e+09,"mask_l1":0.07692307978868484,"stage1_test_loss":0.2390684281721116,"_wandb":{"runtime":19},"lr_gumbel_bin":0.001,"stage_3_separableconvcnn/confusion_matrix_table":{"sha256":"ee006f466d5fc22fe69100185bf773536b39999dfa81a87fc731b56a37bcb0ae","_latest_artifact_path":"wandb-client-artifact://er826g9ku57cm3pfck5v41uf0190n7uietuxwhok3ayonpd7z4ubkpra6v4bjqtzw2fsk3f9plzo038d1723dcgcbkhd8oul9gr5zlpl5ku8rag5mr1u0wpvd362ie3n:latest/stage_3_separableconvcnn/confusion_matrix_table.table.json","artifact_path":"wandb-client-artifact://3lum38v1d41s1uqw3d6e9f62qrrg49r3obrdmf4jex8b18sxnu53xt208mv32upotif3wnx2nrseo6jzdhr6xcy73utjyuihsgpph8sgf7fv3lkon6ukoyuxozxutfb4/stage_3_separableconvcnn/confusion_matrix_table.table.json","nrows":36,"_type":"table-file","path":"media/table/stage_3_separableconvcnn/confusion_matrix_table_11_ee006f466d5fc22fe691.table.json","size":1369,"log_mode":"IMMUTABLE","ncols":3},"stage3_test_f1":0.8644080606292225,"_step":12,"stage2_test_loss":0.3921719827815008,"_runtime":19,"epoch":15,"train_acc":86.63528740550564,"stage1_test_f1":0.9108162276968897,"train_loss":0.2970540560936047,"stage":3,"val_loss":0.8240982542289667,"stage1/use_pretrain_model":false,"stage2_hard_bin_mask_str":"[1.0, 1.0, 1.0, 1.0, 1.0, 0.0, 1.0, 1.0, 0.0, 0.0, 0.0, 0.0, 0.0, 0.0, 0.0, 0.0, 0.0, 0.0, 0.0, 0.0, 0.0, 0.0, 0.0, 0.0, 0.0, 0.0, 0.0, 0.0, 0.0, 0.0, 0.0, 0.0, 0.0, 0.0, 0.0, 0.0, 0.0, 0.0, 0.0, 0.0, 0.0, 0.0, 0.0, 0.0, 0.0, 0.0, 0.0, 0.0, 0.0, 0.0, 0.0, 0.0, 0.0, 0.0, 0.0, 0.0, 0.0, 0.0, 0.0, 0.0, 0.0, 0.0, 0.0, 0.0, 0.0]","val_acc":68.03519061583577,"stage2_test_f1":0.8553196879106584,"stage1/test_acc":90.97387173396675,"best_val_loss":0.6116467165457539,"stage2_test_acc":85.68035290125552,"stage3_test_acc":86.25721072276892,"stage1/test_loss":0.2390684281721116,"stage1/test_f1":0.9108162276968897,"stage_1_separableconvcnn/confusion_matrix_table":{"nrows":36,"path":"media/table/stage_1_separableconvcnn/confusion_matrix_table_1_229f633e2f2ecf27ed30.table.json","size":1368,"ncols":3,"artifact_path":"wandb-client-artifact://ob2viymtn2n0kq8k2vgu14xz7wsqtqmgepuxs7sh45id9z8mrsn8xbrt6njrdw3bfit90qumbqged82dcd97he750hvi2srpb6l405scx7vulqq1x2n0pig2e5hl8q3t/stage_1_separableconvcnn/confusion_matrix_table.table.json","log_mode":"IMMUTABLE","_latest_artifact_path":"wandb-client-artifact://nqvxwdi1ue0s8fo2u4a4xyk8kzthvoypfuwi3i3fsfotukzllm9agsxku2cmzh7qdgyiieczupknkh1lkiemlh7s8nuljl9q1hgn6yvvbwwj4pl9ahkt04vrt2qe7lb6:latest/stage_1_separableconvcnn/confusion_matrix_table.table.json","sha256":"229f633e2f2ecf27ed30b24fb7f00befb11ff430a609ab630cf60411c308e839","_type":"table-file"},"lr":0.001,"stage3_test_loss":0.36916358022602014}