{"train_acc":95.03637141634574,"stage2_test_loss":0.5543817002850202,"stage2_test_f1":0.871158610569274,"val_loss":0.21853120762669095,"_timestamp":1.7764257554236405e+09,"stage1/test_acc":89.85408890397014,"epoch":15,"stage":3,"lr_gumbel_bin":0.001,"stage3_test_acc":87.88598574821853,"best_val_loss":0.2147627373804991,"stage_1_separableconvcnn/confusion_matrix_table":{"_latest_artifact_path":"wandb-client-artifact://qxmmbtsstzljam39ipuscmlprmmscypdjxl7m4qsszerg3o15jzx2y65swf7t3dw59m86aqzeonwsu1qh773ud9b2yqdlzdjarq3au8iwetsfavhuke4yd1i5ad7v7ja:latest/stage_1_separableconvcnn/confusion_matrix_table.table.json","size":1368,"_type":"table-file","ncols":3,"log_mode":"IMMUTABLE","artifact_path":"wandb-client-artifact://ljsscjnhvp8wtp6flpumdcvkw06w62dfyb4ltzc29guwxk1idhyvcbz6qo260w1kp7g93gefiv6kylndx60n7k8h9sjnjw1x1b2vv1yhvqeus4gkuq7jteb1e0uyoavh/stage_1_separableconvcnn/confusion_matrix_table.table.json","path":"media/table/stage_1_separableconvcnn/confusion_matrix_table_1_02c5a6fac2b98a2cce23.table.json","nrows":36,"sha256":"02c5a6fac2b98a2cce23216035c71184f8282e95afab8b7a4923ed0654b10cea"},"lr_backbone":0.0001,"_runtime":14,"stage1/test_f1":0.8992012196111356,"bin_keep_ratio":0.3828125,"lr":0.001,"stage1_test_f1":0.8992012196111356,"_step":8,"mask_l1":0.2421875,"stage_3_separableconvcnn/confusion_matrix_table":{"size":1370,"_type":"table-file","sha256":"ea5920ccb7afda950e3688ed9b3748b99eafd8aeb783786bcb3113183fd7339e","artifact_path":"wandb-client-artifact://td519d1k2dzdt8cq4ettqpo6dlvhw8yqm1vtwbuugp797mq4ddmv6eg7spfldrfe03h6sigi7vl5aq23fgd7ghqr59u18j0hfjn5k6tvpadf75ubk9znkbv5v6lqmrac/stage_3_separableconvcnn/confusion_matrix_table.table.json","log_mode":"IMMUTABLE","nrows":36,"ncols":3,"path":"media/table/stage_3_separableconvcnn/confusion_matrix_table_7_ea5920ccb7afda950e36.table.json","_latest_artifact_path":"wandb-client-artifact://osg748may1mlr4y5yoipojw8j3zfo9o4s0rzwdb6fr8vwb5f83qvnnthyrdl5cv19qqsmvqkos37zhe979knjrr4u10bu65d4a2w181pb32kzocqq5fqvrrrj1arnojc:latest/stage_3_separableconvcnn/confusion_matrix_table.table.json"},"stage1_test_acc":89.85408890397014,"stage1/use_pretrain_model":false,"val_acc":92.08211143695014,"stage1_test_loss":0.4559599839993571,"stage3_test_loss":0.49337922780504967,"_wandb":{"runtime":14},"stage3_test_f1":0.8810650049030291,"train_loss":0.1216326662118893,"stage2_hard_bin_mask_str":"[0.0, 0.0, 1.0, 0.0, 0.0, 0.0, 1.0, 1.0, 1.0, 1.0, 1.0, 0.0, 1.0, 1.0, 1.0, 1.0, 1.0, 1.0, 1.0, 1.0, 1.0, 1.0, 1.0, 0.0, 1.0, 0.0, 1.0, 1.0, 1.0, 1.0, 1.0, 1.0, 1.0, 0.0, 0.0, 1.0, 1.0, 1.0, 1.0, 1.0, 1.0, 1.0, 1.0, 1.0, 1.0, 1.0, 1.0, 1.0, 1.0, 1.0, 1.0, 1.0, 1.0, 1.0, 1.0, 1.0, 1.0, 0.0, 0.0, 1.0, 1.0, 0.0, 0.0, 0.0, 0.0, 0.0, 0.0, 0.0, 0.0, 0.0, 0.0, 0.0, 0.0, 0.0, 0.0, 0.0, 0.0, 0.0, 0.0, 0.0, 0.0, 0.0, 0.0, 0.0, 0.0, 0.0, 0.0, 0.0, 0.0, 0.0, 0.0, 0.0, 0.0, 0.0, 0.0, 0.0, 0.0, 0.0, 0.0, 0.0, 0.0, 0.0, 0.0, 0.0, 0.0, 0.0, 0.0, 0.0, 0.0, 0.0, 0.0, 0.0, 0.0, 0.0, 0.0, 0.0, 0.0, 0.0, 0.0, 0.0, 0.0, 0.0, 0.0, 0.0, 0.0, 0.0, 0.0, 0.0]","stage2_test_acc":86.96979979640312,"stage1/test_loss":0.4559599839993571}