{"_step":8,"stage1/test_f1":0.9356421241887455,"stage1_test_acc":93.41703427214117,"stage1/purpose":"train baseline model","stage1/use_pretrain_model":false,"_wandb":{"runtime":14},"stage1/test_acc":93.41703427214117,"best_val_loss":0.1442599734182321,"stage1/val_loss":0.17583148015331623,"stage1_test_loss":0.22498329054569013,"stage1/train_acc":97.48750892219843,"stage1/train_loss":0.06012065141999577,"stage1/epoch":30,"stage1/val_acc":92.79538904899135,"stage1_test_f1":0.9356421241887455,"stage1/test_loss":0.22498329054569013,"stage1/best_val_loss":0.1442599734182321,"best_epoch":24,"test_acc":93.41703427214117,"stage1/lr":0.001,"_timestamp":1.7757559897826302e+09,"stage_1_separableconvcnn/confusion_matrix_table":{"_latest_artifact_path":"wandb-client-artifact://08waia6jgi9pte7bivqxa4mj4klakauu7b6xlrwmxjsfo0781vnpymx5ha1366xxxvjo1w7x26q5i3k5dd1wpkdlztdhyebf4q696mbi599w7kc6tgs2ma77lepgp5s1:latest/stage_1_separableconvcnn/confusion_matrix_table.table.json","ncols":3,"log_mode":"IMMUTABLE","artifact_path":"wandb-client-artifact://hwetofp8hyjmi6nsc6hzilyoa0wm0g7gm3x8ccvo2b8j4cfqzva9ybbb09bbq8mg4d3ihlokromlkmj2zmp3ov8yjjvxy05s8wsuy706mh8rc54frmelrofy848580hd/stage_1_separableconvcnn/confusion_matrix_table.table.json","path":"media/table/stage_1_separableconvcnn/confusion_matrix_table_8_608f1efb1d7bcd946ea9.table.json","sha256":"608f1efb1d7bcd946ea9b378dc90bd1b690f7462297f8722e0b1b96e825baa17","nrows":36,"size":1367,"_type":"table-file"},"_runtime":14,"stage1/stage_number":1,"test_loss":0.22498329054569013,"test_f1_macro":0.9356421241887455}