{"_wandb":{"runtime":16},"block3_Pruned_%":42.96875,"train_loss":0.11223256428720194,"epoch":10,"train_acc":95.01137009664582,"stage1_test_f1":0.9299573678487528,"stage2/lr_gumbel":0.001,"stage2/stage_number":2,"stage2/raw_hard_mask_block2":"[0.0, 0.0, 0.0, 1.0, 0.0, 1.0, 1.0, 1.0, 1.0, 1.0, 1.0, 0.0, 1.0, 0.0, 0.0, 0.0, 1.0, 1.0, 1.0, 1.0, 1.0, 0.0, 1.0, 0.0, 1.0, 0.0, 1.0, 1.0, 0.0, 0.0, 1.0, 0.0, 1.0, 1.0, 1.0, 1.0, 0.0, 1.0, 1.0, 0.0, 1.0, 1.0, 0.0, 1.0, 0.0, 1.0, 1.0, 0.0, 0.0, 0.0, 1.0, 1.0, 0.0, 1.0, 0.0, 0.0, 0.0, 0.0, 1.0, 0.0, 1.0, 0.0, 0.0, 0.0]","stage2_test_acc":88.93790295215473,"stage2/test_f1":0.8882851034326098,"Total_Pruned_%":29.062500000000004,"stage":3,"block2_Pruned_%":46.875,"stage1/test_acc":92.80624363759756,"model_param_reduction_pct":41.355647173700774,"stage2/best_epoch":9,"stage2/final_mask_keep_ratio_block4":0.9375,"stage1_test_acc":92.80624363759756,"val_acc":100,"stage3_test_acc":90.73634204275534,"_runtime":16,"stage_1_separableconvcnn/confusion_matrix_table":{"_type":"table-file","nrows":36,"path":"media/table/stage_1_separableconvcnn/confusion_matrix_table_1_c9e90da188baa0b980cf.table.json","log_mode":"IMMUTABLE","_latest_artifact_path":"wandb-client-artifact://1ph9y76axtguuv2x8tjxljrzota80pg6u77y17x01op46qkbcluonbbdn77aq8ke29jat9sk67kyawme8hvl8sgn91xiligfqh00ey2alnyznarwp8sf6l524ucjckkg:latest/stage_1_separableconvcnn/confusion_matrix_table.table.json","artifact_path":"wandb-client-artifact://po378kbjm48nbzjb2w3scgegtlkllvpxy1zepy9k4w2kpbf8arfavr97c7xq8co9aajc1t7ypnjny9zgw96mpc7ly5dzvv9sio7km17f4lbqcf0suascyk65uty6mfea/stage_1_separableconvcnn/confusion_matrix_table.table.json","size":1361,"ncols":3,"sha256":"c9e90da188baa0b980cf8c8f3e5989dd2d3fe35a69d1a080baf43ea95d425fc9"},"stage2_test_f1":0.8882851034326098,"stage2/val_loss":0.025427481018101113,"stage2/raw_hard_mask_block4":"[1.0, 1.0, 1.0, 1.0, 1.0, 1.0, 1.0, 1.0, 1.0, 0.0, 0.0, 1.0, 1.0, 1.0, 1.0, 1.0, 0.0, 1.0, 1.0, 1.0, 1.0, 1.0, 1.0, 1.0, 1.0, 1.0, 1.0, 1.0, 1.0, 1.0, 1.0, 1.0, 1.0, 1.0, 1.0, 1.0, 1.0, 1.0, 1.0, 1.0, 1.0, 1.0, 1.0, 1.0, 1.0, 1.0, 0.0, 1.0, 1.0, 1.0, 1.0, 0.0, 0.0, 1.0, 1.0, 1.0, 1.0, 1.0, 1.0, 1.0, 1.0, 0.0, 1.0, 1.0, 1.0, 1.0, 1.0, 1.0, 1.0, 1.0, 1.0, 1.0, 1.0, 1.0, 1.0, 1.0, 1.0, 1.0, 1.0, 1.0, 1.0, 1.0, 1.0, 1.0, 0.0, 1.0, 1.0, 1.0, 1.0, 1.0, 1.0, 1.0, 1.0, 1.0, 1.0, 1.0, 1.0, 1.0, 1.0, 1.0, 1.0, 1.0, 1.0, 1.0, 1.0, 1.0, 1.0, 1.0, 1.0, 1.0, 1.0, 1.0, 1.0, 1.0, 1.0, 1.0, 1.0, 1.0, 1.0, 1.0, 1.0, 1.0, 1.0, 1.0, 1.0, 1.0, 1.0, 1.0]","block4_Pruned_%":6.25,"stage2/train_acc":89.4968732234224,"val_loss":0.026222902884242852,"best_val_loss":0.023729179423638395,"stage1/use_pretrain_model":false,"stage1/test_f1":0.9299573678487528,"_step":10,"stage2/block4_Pruned_%":6.25,"stage1_test_loss":0.18134037688062288,"stage2/lr_backbone":0.0001,"stage2/final_mask_keep_ratio_block2":0.53125,"stage3_test_loss":0.24331351773877205,"stage2/final_mask_keep_ratio_block3":0.5703125,"stage2/test_acc":88.93790295215473,"stage2/block2_Pruned_%":46.875,"model_param_count":21621,"stage2/mask_l1":0.49854350090026855,"stage2/test_loss":0.39646984354890236,"stage2/train_loss":0.7048657417568448,"final_summary_log_path":"/home/qphan/master-thesis/models/uci_best_model_three_stage_channel_subject11_val_final_summary_val_11.txt","stage2/block3_Pruned_%":42.96875,"stage3_test_f1":0.9075371583809505,"lr_loaded_weights":0.0001,"_timestamp":1.7768006754779198e+09,"stage2/purpose":"train channel-pruning model with masking","stage2/val_acc":99.68354430379746,"stage2/epoch":15,"model_param_count_pruned":21621,"stage1/test_loss":0.18134037688062288,"stage_3_prunedseparableconvcnn/confusion_matrix_table":{"sha256":"0013f8bcea3feabe9dc906031b075b2932b621417de9db56f15d301308d75227","path":"media/table/stage_3_prunedseparableconvcnn/confusion_matrix_table_8_0013f8bcea3feabe9dc9.table.json","_type":"table-file","size":1364,"nrows":36,"ncols":3,"_latest_artifact_path":"wandb-client-artifact://hnzuz0p7090dvjqp0p76yj9zhuc5aozsxxcc3ta9ebxkqwsekihuo0hclcd9ec4mxzgpihkh1ahbthvykpnql78q8h6juozmgw10o8649v9pkpxgv1oll65i4dovo2ga:latest/stage_3_prunedseparableconvcnn/confusion_matrix_table.table.json","artifact_path":"wandb-client-artifact://2ar2rqdmqfbeekmnf0m2kh0ad8l5hkh5a138ptmzt6g1zqlwcj5gq4divkxru60gql6q9kivoys8rfulkik9g3bnodr1ws9lxza3mp3m58q9ofliz1tweyc8g8g9j9x0/stage_3_prunedseparableconvcnn/confusion_matrix_table.table.json","log_mode":"IMMUTABLE"},"stage2/best_val_loss":0.012039002835679847,"stage2_test_loss":0.39646984354890236,"model_param_count_dense":36868,"stage2/raw_hard_mask_block3":"[1.0, 1.0, 1.0, 1.0, 1.0, 1.0, 0.0, 1.0, 1.0, 0.0, 1.0, 0.0, 1.0, 1.0, 1.0, 1.0, 1.0, 1.0, 1.0, 0.0, 1.0, 1.0, 1.0, 0.0, 1.0, 0.0, 1.0, 1.0, 1.0, 1.0, 1.0, 1.0, 0.0, 1.0, 0.0, 1.0, 1.0, 1.0, 1.0, 1.0, 1.0, 0.0, 1.0, 1.0, 0.0, 0.0, 0.0, 1.0, 1.0, 1.0, 1.0, 1.0, 0.0, 0.0, 0.0, 1.0, 1.0, 0.0, 0.0, 0.0, 1.0, 1.0, 1.0, 1.0, 1.0, 0.0, 1.0, 0.0, 1.0, 1.0, 1.0, 0.0, 1.0, 0.0, 1.0, 1.0, 0.0, 1.0, 0.0, 0.0, 1.0, 0.0, 0.0, 0.0, 1.0, 1.0, 1.0, 0.0, 0.0, 1.0, 0.0, 0.0, 0.0, 0.0, 1.0, 0.0, 0.0, 0.0, 1.0, 1.0, 0.0, 1.0, 0.0, 0.0, 0.0, 0.0, 1.0, 1.0, 0.0, 0.0, 1.0, 0.0, 0.0, 0.0, 0.0, 0.0, 1.0, 1.0, 0.0, 0.0, 1.0, 1.0, 0.0, 0.0, 0.0, 0.0, 1.0, 1.0]","stage2/Total_Pruned_%":29.062500000000004}