{"stage2_test_loss":0.30115258508497134,"stage3_test_loss":0.2820745038419909,"stage":3,"stage_3_separableconvcnn/confusion_matrix_table":{"log_mode":"IMMUTABLE","sha256":"5b336515f9889dfaf303cee521d8cdab6d003dbb9f6dd9aed185c1e8a8f5ae16","ncols":3,"size":1368,"_type":"table-file","nrows":36,"path":"media/table/stage_3_separableconvcnn/confusion_matrix_table_9_5b336515f9889dfaf303.table.json","artifact_path":"wandb-client-artifact://qfz6ft5w2fdp84ed2qk44e4w10cpla2kl3naqk9xsebseocyeczturim3nooevh348i7c1v3sjdjnx1j4vkwjl168bzbh2c35rtp2dww9ucp84fptvga0kciqs0kqr9m/stage_3_separableconvcnn/confusion_matrix_table.table.json","_latest_artifact_path":"wandb-client-artifact://go5548yq36uj0zn97cnt98v41qbbo4r8c3wq556qjc8eri9i4wopz1i8g03ofdqsyiwg4d6wrrr2ln4gct2ph4kbdqr8j8w7ot1xpz4e1lln0jxks20roegvbd8d2mxn:latest/stage_3_separableconvcnn/confusion_matrix_table.table.json"},"stage1_test_loss":0.24706797573488623,"val_acc":93.35443037974683,"bin_keep_ratio":0.234375,"stage2_test_f1":0.8962678076483139,"stage1_test_f1":0.912668262878972,"val_loss":0.20898423523088044,"epoch":20,"train_acc":94.34337691870381,"stage3_test_f1":0.9114297253664287,"stage2_hard_bin_mask_str":"[1.0, 1.0, 1.0, 1.0, 1.0, 1.0, 1.0, 1.0, 1.0, 1.0, 1.0, 1.0, 1.0, 1.0, 1.0, 1.0, 1.0, 1.0, 1.0, 1.0, 1.0, 1.0, 1.0, 1.0, 1.0, 1.0, 0.0, 0.0, 0.0, 0.0, 0.0, 0.0, 0.0, 0.0, 0.0, 1.0, 0.0, 0.0, 0.0, 0.0, 1.0, 0.0, 0.0, 0.0, 1.0, 0.0, 0.0, 0.0, 0.0, 0.0, 0.0, 0.0, 0.0, 0.0, 0.0, 0.0, 1.0, 0.0, 0.0, 0.0, 0.0, 0.0, 0.0, 0.0, 0.0, 0.0, 0.0, 0.0, 0.0, 0.0, 0.0, 0.0, 0.0, 0.0, 0.0, 0.0, 0.0, 0.0, 0.0, 0.0, 0.0, 0.0, 0.0, 0.0, 0.0, 0.0, 0.0, 0.0, 0.0, 0.0, 0.0, 0.0, 0.0, 0.0, 0.0, 0.0, 0.0, 0.0, 0.0, 0.0, 0.0, 0.0, 0.0, 0.0, 0.0, 0.0, 0.0, 0.0, 0.0, 0.0, 0.0, 0.0, 0.0, 0.0, 0.0, 0.0, 0.0, 0.0, 0.0, 0.0, 0.0, 0.0, 0.0, 0.0, 0.0, 0.0, 0.0, 0.0]","_step":10,"stage1/test_f1":0.912668262878972,"lr_gumbel_bin":0.001,"stage1/test_loss":0.24706797573488623,"best_val_loss":0.16815016154624238,"mask_l1":0.2187500149011612,"_timestamp":1.7757793885688365e+09,"stage_1_separableconvcnn/confusion_matrix_table":{"sha256":"84f9356409fc54f6f28b7424a2c79a3cf9248f923c36ab37f05a50a02449fca0","_type":"table-file","_latest_artifact_path":"wandb-client-artifact://75dsexwzxw3ad59hsv9l98xwmpdwppa93pal8oz2z6xemf1j2ppuei02dv6gn9xn227qr5x2a4ni0odcehfv2fokg6xsysanyt90mbhtp52g3ambthaet4pkvzg3cxf5:latest/stage_1_separableconvcnn/confusion_matrix_table.table.json","nrows":36,"size":1368,"ncols":3,"log_mode":"IMMUTABLE","artifact_path":"wandb-client-artifact://x5kecjqy49qmevearntq93auz5ys5pvtlkvqb2s1696qkhzrosmozgvbjrptd1z9i3kke3r7tpjv6em4pxxe2whsmuxobjaasg0iad83naf1s7bp59zjvlbq6krcd8hy/stage_1_separableconvcnn/confusion_matrix_table.table.json","path":"media/table/stage_1_separableconvcnn/confusion_matrix_table_1_84f9356409fc54f6f28b.table.json"},"lr":0.001,"lr_backbone":0.0001,"_wandb":{"runtime":17},"stage1/test_acc":91.17746861214795,"stage2_test_acc":89.68442483881914,"stage1/use_pretrain_model":false,"stage1_test_acc":91.17746861214795,"train_loss":0.12843075251464073,"_runtime":17,"stage3_test_acc":91.10960298608755}