{"test_loss":0.5040729534838662,"stage1/lr":0.001,"test_acc":82.90571870170015,"stage1/test_loss":0.5040729534838662,"stage1/val_loss":0.9675040938118442,"stage1/stage_number":1,"_runtime":66,"best_epoch":12,"stage1/epoch":20,"stage1_test_loss":0.5040729534838662,"stage1/best_val_loss":0.8598853705338879,"stage_1_separableconvcnn/confusion_matrix_table":{"artifact_path":"wandb-client-artifact://73t0lpjhbkvqxhodk1cum4dvjfykzf1t90ye6fwndr5au693wprjcr2medf5urez2mx97m29lds3vrwsr0wqibq7xr7nb3muu0v0ou3l8mlb84ptvtva84p8twebi91n/stage_1_separableconvcnn/confusion_matrix_table.table.json","log_mode":"IMMUTABLE","path":"media/table/stage_1_separableconvcnn/confusion_matrix_table_6_163dbe207017fcc7cecb.table.json","nrows":64,"sha256":"163dbe207017fcc7cecbf38afd8a64c37f9ef035b479f12fd0b025e73ef09b48","size":2014,"_latest_artifact_path":"wandb-client-artifact://ufzinoxway4ckwmrthlh76wxngn7vymvybdylvvgpim8zukumh8s4cwfet7evxqoisw9gk5sswhbfyrs7gq9qrqz0p39ipau3p1anc4726vj3msyf891ht73m0izfkmn:latest/stage_1_separableconvcnn/confusion_matrix_table.table.json","_type":"table-file","ncols":3},"stage1/val_acc":64.78213899891969,"stage1/train_acc":75.70115577294781,"stage1/purpose":"train baseline model","stage1_test_f1":0.7381101781822514,"stage1_test_acc":82.90571870170015,"stage1/train_loss":0.3921668178715145,"_timestamp":1.7766701840634487e+09,"stage1/use_pretrain_model":false,"_wandb":{"runtime":66},"best_val_loss":0.8598853705338879,"stage1/test_f1":0.7381101781822514,"test_f1_macro":0.7381101781822514,"_step":6,"stage1/test_acc":82.90571870170015}