{"_step":13,"stage1/val_loss":0.28529727132990956,"stage_1_separableconvcnn/confusion_matrix_table":{"size":1367,"artifact_path":"wandb-client-artifact://fsqejsd2dgifsqkbgdo54t926dn2p6opbxvb6dv98emfv7jyrsjlt8hkbeq049w7fwlcw4xxhlnilq80nyek28k09af70796w4uhyffj3d5sg87lut3cfcx1eztzp7g6/stage_1_separableconvcnn/confusion_matrix_table.table.json","log_mode":"IMMUTABLE","_latest_artifact_path":"wandb-client-artifact://4ghn72cvt5cauq5r15p195mi5ze40cdh8du6wnq6itsa9a2yspamjoppa2ltip526a5yfnhdzb56bp7bl5lnfgkus1dioy7v2naz17x9de5mz5l8s7wzztm7e2la8e7b:latest/stage_1_separableconvcnn/confusion_matrix_table.table.json","nrows":36,"ncols":3,"_type":"table-file","path":"media/table/stage_1_separableconvcnn/confusion_matrix_table_13_8092b63f36cc3eeede6f.table.json","sha256":"8092b63f36cc3eeede6f51599ff92baa72951bd76a7b56754f2aeb0be43f14ce"},"stage1/purpose":"train baseline model","stage1/train_loss":0.08764038039291315,"stage1_test_f1":0.9073731888403188,"best_val_loss":0.16766580250314486,"_runtime":36,"stage1/lr":0.001,"stage1/val_acc":90.59139784946237,"stage1/test_f1":0.9073731888403188,"stage1/test_acc":90.63454360366474,"_wandb":{"runtime":36},"stage1/use_pretrain_model":false,"stage1_test_loss":0.31293068061798196,"test_f1_macro":0.9073731888403188,"_timestamp":1.7757557061113377e+09,"stage1/train_acc":96.56160458452722,"stage1/epoch":55,"stage1_test_acc":90.63454360366474,"stage1/stage_number":1,"stage1/best_val_loss":0.16766580250314486,"stage1/test_loss":0.31293068061798196,"test_loss":0.31293068061798196,"best_epoch":47,"test_acc":90.63454360366474}