{"stage_3_separableconvcnn/confusion_matrix_table":{"artifact_path":"wandb-client-artifact://45r5awplw07gdljxo3axuzn221ycb5bs2hogz6uuv06na9a3eyok0ejj9p56hb8zct9vsixxjt5cwjdjy5vlaleqhdszjy0o0fomlq9hpyl7gowzllkqch9wlersn1gy/stage_3_separableconvcnn/confusion_matrix_table.table.json","_type":"table-file","size":1369,"_latest_artifact_path":"wandb-client-artifact://nwfejwoc6sq57w0h3ah2k9dqrcv1nzxekbhnhx7b3y5p6j6wtk4lv3gr5b2jyqdwc1jum092332q46hytttugrtxp3oafioarbiy8icylckau14jys3qpc00op8xctyw:latest/stage_3_separableconvcnn/confusion_matrix_table.table.json","log_mode":"IMMUTABLE","path":"media/table/stage_3_separableconvcnn/confusion_matrix_table_7_900a44ee993ed4a79778.table.json","ncols":3,"sha256":"900a44ee993ed4a797784700023386aadb0dda7efad21642df89f259e0eb54b3","nrows":36},"val_acc":77.80979827089337,"stage2_test_loss":0.6059003646602752,"stage3_test_acc":82.7621309806583,"stage1/test_acc":91.72039362063116,"mask_l1":0.015625,"stage3_test_loss":0.46421100370550256,"_timestamp":1.7764196444546576e+09,"stage2_test_acc":80.21717000339328,"stage1_test_loss":0.25057173036076164,"stage1/test_f1":0.9190924499938599,"stage1/use_pretrain_model":false,"epoch":15,"stage1/test_loss":0.25057173036076164,"stage2_hard_bin_mask_str":"[0.0, 0.0, 0.0, 0.0, 0.0, 0.0, 0.0, 0.0, 0.0, 0.0, 0.0, 0.0, 1.0, 0.0, 1.0, 1.0, 1.0, 0.0, 1.0, 0.0, 0.0, 0.0, 0.0, 0.0, 0.0, 1.0, 1.0, 0.0, 0.0, 1.0, 0.0, 0.0, 1.0, 0.0, 1.0, 0.0, 0.0, 1.0, 1.0, 1.0, 0.0, 0.0, 0.0, 1.0, 0.0, 1.0, 1.0, 1.0, 1.0, 0.0, 1.0, 1.0, 0.0, 0.0, 1.0, 0.0, 1.0, 0.0, 1.0, 1.0, 1.0, 0.0, 0.0, 0.0, 0.0, 0.0, 0.0, 0.0, 0.0, 0.0, 0.0, 0.0, 0.0, 0.0, 0.0, 0.0, 0.0, 0.0, 0.0, 0.0, 0.0, 0.0, 0.0, 0.0, 0.0, 0.0, 0.0, 0.0, 0.0, 0.0, 0.0, 0.0, 0.0, 0.0, 0.0, 0.0, 0.0, 0.0, 0.0, 0.0, 0.0, 0.0, 0.0, 0.0, 0.0, 0.0, 0.0, 0.0, 0.0, 0.0, 0.0, 0.0, 0.0, 0.0, 0.0, 0.0, 0.0, 0.0, 0.0, 0.0, 0.0, 0.0, 0.0, 0.0, 0.0, 0.0, 0.0, 0.0]","_runtime":13,"lr_backbone":0.0001,"lr":0.001,"stage":3,"train_loss":0.2170173774609644,"best_val_loss":0.3736149814055014,"stage1_test_acc":91.72039362063116,"train_acc":90.04996431120628,"stage2_test_f1":0.8006782546811757,"val_loss":0.595044905205743,"stage1_test_f1":0.9190924499938599,"_wandb":{"runtime":13},"stage_1_separableconvcnn/confusion_matrix_table":{"_latest_artifact_path":"wandb-client-artifact://8d6hfp9csi18et3ovd4dhufp6c1x78zszcjpz3l8svhf5ctwky7ilk1vuplgxc4hq4n3wwwh65lutcnoa8gbzsw473pt71n4eehtbhkg9x7d7gle2ozhod26asx7j3kb:latest/stage_1_separableconvcnn/confusion_matrix_table.table.json","ncols":3,"path":"media/table/stage_1_separableconvcnn/confusion_matrix_table_1_ba1709b9ded253dca6f1.table.json","sha256":"ba1709b9ded253dca6f14b8d1a777336f0cb86899167c45d58f90d5e787020ac","log_mode":"IMMUTABLE","nrows":36,"artifact_path":"wandb-client-artifact://7djmwn2l3f5ggnm8mz514nr5yhp15s86kbkf68o6i118o8p2atu1gy2nwjnnc17riipv1egk1o4bojkxcyzsbqcgvjp94uhjv0030apwahix0um2w9flcjtgan1353q0/stage_1_separableconvcnn/confusion_matrix_table.table.json","_type":"table-file","size":1366},"stage3_test_f1":0.8317072883659183,"bin_keep_ratio":0.1953125,"lr_gumbel_bin":0.001,"_step":8}