{"stage2_hard_bin_mask_str":"[0.0, 0.0, 0.0, 0.0, 0.0, 0.0, 0.0, 0.0, 1.0, 0.0, 0.0, 0.0, 1.0, 0.0, 0.0, 1.0, 1.0, 0.0, 0.0, 1.0, 1.0, 1.0, 1.0, 0.0, 0.0, 1.0, 1.0, 1.0, 1.0, 0.0, 1.0, 1.0, 1.0, 1.0, 1.0, 0.0, 1.0, 1.0, 1.0, 1.0, 0.0, 0.0, 0.0, 0.0, 0.0, 0.0, 0.0, 1.0, 0.0, 0.0, 0.0, 0.0, 0.0, 0.0, 0.0, 0.0, 1.0, 0.0, 1.0, 1.0, 0.0, 0.0, 1.0, 0.0, 0.0, 0.0, 0.0, 0.0, 0.0, 0.0, 0.0, 0.0, 0.0, 0.0, 0.0, 0.0, 0.0, 0.0, 0.0, 0.0, 0.0, 0.0, 0.0, 0.0, 0.0, 0.0, 0.0, 0.0, 0.0, 0.0, 0.0, 0.0, 0.0, 0.0, 0.0, 0.0, 0.0, 0.0, 0.0, 0.0, 0.0, 0.0, 0.0, 0.0, 0.0, 0.0, 0.0, 0.0, 0.0, 0.0, 0.0, 0.0, 0.0, 0.0, 0.0, 0.0, 0.0, 0.0, 0.0, 0.0, 0.0, 0.0, 0.0, 0.0, 0.0, 0.0, 0.0, 0.0]","stage3_test_loss":0.4608772244640025,"stage3_test_f1":0.8677758844873732,"mask_l1":0,"bin_keep_ratio":0.203125,"stage3_test_acc":86.49474041398032,"_wandb":{"runtime":15},"train_acc":90.82084225553176,"_runtime":15,"stage1_test_loss":0.25057173036076164,"stage1/test_acc":91.72039362063116,"stage1/test_f1":0.9190924499938599,"lr_backbone":0.0001,"best_val_loss":0.3321987348004789,"stage1/use_pretrain_model":false,"stage1/test_loss":0.25057173036076164,"stage1_test_acc":91.72039362063116,"train_loss":0.19754156112075277,"_step":9,"lr_gumbel_bin":0.001,"stage":3,"stage1_test_f1":0.9190924499938599,"epoch":20,"val_loss":0.35106140244161704,"stage2_test_loss":0.5619262510896094,"stage_3_separableconvcnn/confusion_matrix_table":{"ncols":3,"_latest_artifact_path":"wandb-client-artifact://kkgd5k480snqi02alhek9biojaqu0lntijc3g4e6jinb1tncov63dh4ow2noq2aue434j2w8h4hk3xqcslzztf0hl6q2aem4uyfl9ruluugaefd0hgbet0xj663io85d:latest/stage_3_separableconvcnn/confusion_matrix_table.table.json","size":1370,"sha256":"5abf076688b8ab57c9bfb90a8bd6f41301f839eb13acc48bceb905e2e1be6721","nrows":36,"artifact_path":"wandb-client-artifact://43qjcpflbr2d7jbvzyje06s5egxxminfd726mgi1hq7b1dbff6yqge56rgh3xidhm5cn2irsf3sj52494ucsbwyq7fv8ph7tzya1xuo2gsyr54gfv12kqimvdgteh1nq/stage_3_separableconvcnn/confusion_matrix_table.table.json","path":"media/table/stage_3_separableconvcnn/confusion_matrix_table_8_5abf076688b8ab57c9bf.table.json","log_mode":"IMMUTABLE","_type":"table-file"},"lr":0.001,"stage_1_separableconvcnn/confusion_matrix_table":{"path":"media/table/stage_1_separableconvcnn/confusion_matrix_table_1_ba1709b9ded253dca6f1.table.json","_type":"table-file","artifact_path":"wandb-client-artifact://w2jwx7q3gg5vnio8s8nhzr4cpcpjur6lr3vis7f6brxl39z041edvns84hi7ff958mbxzprmuybsz9t0xmv8owkuibjwyguflltvwl5mzznqwzpnxe23dur4c1ajtg74/stage_1_separableconvcnn/confusion_matrix_table.table.json","ncols":3,"_latest_artifact_path":"wandb-client-artifact://onp7jesqykj42z39sgeqrsnsgx5hs5g3rnsxkevzwh0alj0wk3iqrlrilnv5ndbvhyjha0b11i1961pt0y4jiw07xw2g372gsxj3oefmgx9mtg52mo1xm7di4z3p6gtx:latest/stage_1_separableconvcnn/confusion_matrix_table.table.json","log_mode":"IMMUTABLE","sha256":"ba1709b9ded253dca6f14b8d1a777336f0cb86899167c45d58f90d5e787020ac","size":1366,"nrows":36},"stage2_test_f1":0.8017637229847822,"val_acc":87.89625360230548,"stage2_test_acc":80.55649813369529,"_timestamp":1.7764196272516348e+09}