{"stage1/test_acc":91.72039362063116,"_runtime":18,"stage2_test_loss":0.5800254160862557,"stage1_test_acc":91.72039362063116,"val_acc":84.43804034582132,"train_loss":0.17701155614801853,"train_acc":92.005710206995,"stage_1_separableconvcnn/confusion_matrix_table":{"ncols":3,"sha256":"ba1709b9ded253dca6f14b8d1a777336f0cb86899167c45d58f90d5e787020ac","_type":"table-file","nrows":36,"_latest_artifact_path":"wandb-client-artifact://dhlbaz6frygp8iclfyeu0176xbcp63yq1witevdoetdpdwt7mmzjj2239fjc9j7bgfr0hp1rw58gj2tsmjuke4xv3w2qe6gxffevw7rt4ae25019uipqkb29i94vjgzm:latest/stage_1_separableconvcnn/confusion_matrix_table.table.json","path":"media/table/stage_1_separableconvcnn/confusion_matrix_table_1_ba1709b9ded253dca6f1.table.json","size":1366,"log_mode":"IMMUTABLE","artifact_path":"wandb-client-artifact://rcmr5qlsw7la076xemwexl49ynnfwkmnapwqvockckig7r8s2mzu92jbhpyzavlshnk4n5fntsgivbkswfmx623k06mo2f77rsiyqtodnfypptachrucsrkn3oplp1t1/stage_1_separableconvcnn/confusion_matrix_table.table.json"},"lr_backbone":0.0001,"stage3_test_f1":0.8606841503519544,"lr":0.001,"val_loss":0.5035358381052354,"stage3_test_loss":0.5060896316803788,"stage2_hard_bin_mask_str":"[0.0, 0.0, 1.0, 1.0, 0.0, 1.0, 0.0, 0.0, 0.0, 0.0, 1.0, 0.0, 0.0, 0.0, 1.0, 1.0, 1.0, 1.0, 0.0, 1.0, 0.0, 1.0, 1.0, 0.0, 1.0, 0.0, 0.0, 0.0, 0.0, 0.0, 1.0, 0.0, 0.0, 0.0, 0.0, 0.0, 0.0, 1.0, 1.0, 0.0, 0.0, 0.0, 1.0, 1.0, 1.0, 1.0, 1.0, 1.0, 0.0, 0.0, 1.0, 1.0, 0.0, 1.0, 0.0, 1.0, 1.0, 0.0, 0.0, 0.0, 0.0, 0.0, 0.0, 0.0, 0.0, 0.0, 0.0, 0.0, 0.0, 0.0, 0.0, 0.0, 0.0, 0.0, 0.0, 0.0, 0.0, 0.0, 0.0, 0.0, 0.0, 0.0, 0.0, 0.0, 0.0, 0.0, 0.0, 0.0, 0.0, 0.0, 0.0, 0.0, 0.0, 0.0, 0.0, 0.0, 0.0, 0.0, 0.0, 0.0, 0.0, 0.0, 0.0, 0.0, 0.0, 0.0, 0.0, 0.0, 0.0, 0.0, 0.0, 0.0, 0.0, 0.0, 0.0, 0.0, 0.0, 0.0, 0.0, 0.0, 0.0, 0.0, 0.0, 0.0, 0.0, 0.0, 0.0, 0.0]","_wandb":{"runtime":18},"epoch":30,"_step":11,"stage2_test_acc":81.33695283338989,"bin_keep_ratio":0.203125,"_timestamp":1.7764200372558753e+09,"best_val_loss":0.296250621849934,"mask_l1":0.0078125,"stage_3_separableconvcnn/confusion_matrix_table":{"artifact_path":"wandb-client-artifact://wkdgnp68sz9e5f54v9sfhmm7v5b3rf1phaib0eiupmg7abr0bqz5ndswqm056s37bde34ov5ya4dbok4b52mb8wtd4c1ijvy36t1oyvyokjq3cfmjjikegu820njoc5p/stage_3_separableconvcnn/confusion_matrix_table.table.json","_type":"table-file","log_mode":"IMMUTABLE","_latest_artifact_path":"wandb-client-artifact://6562xc8o23920qomnrywjactmu5aqxyxba96afiasqy1rlftby0j2admagm7uo6rf3h5b4b8ljy0oqakd2b995qoef4fqs0axy5y5rhq730itb6bhiptkynuij8rv48z:latest/stage_3_separableconvcnn/confusion_matrix_table.table.json","size":1369,"ncols":3,"nrows":36,"path":"media/table/stage_3_separableconvcnn/confusion_matrix_table_10_327e3273cde9f1c53767.table.json","sha256":"327e3273cde9f1c537677ce314a3c489c1f6e4d28d8e8c0e44c11358aaf3a0d3"},"stage1/test_f1":0.9190924499938599,"stage3_test_acc":85.91788259246691,"stage":3,"stage1_test_loss":0.25057173036076164,"stage1/test_loss":0.25057173036076164,"stage1_test_f1":0.9190924499938599,"stage2_test_f1":0.8090528155432289,"lr_gumbel_bin":0.001,"stage1/use_pretrain_model":false}