{"stage2/train_loss":1.0187045784537674,"model_param_count_pruned":4089,"_timestamp":1.775874862403326e+09,"block3_Pruned_%":81.25,"stage3_test_loss":0.580243810161842,"best_val_loss":0.5805240308014762,"stage2_test_acc":60.16287750254496,"Total_Pruned_%":80.3125,"val_loss":0.8345226431820566,"val_acc":53.973509933774835,"stage2/best_val_loss":0.6654212113642535,"stage2/train_acc":62.36879432624114,"stage2/val_acc":52.980132450331126,"stage2/lr_gumbel":0.001,"model_param_count":4089,"stage2/Total_Pruned_%":80.3125,"stage2/test_f1":0.5564676638865076,"stage2/raw_hard_mask_block3":"[0.0, 1.0, 1.0, 0.0, 0.0, 0.0, 1.0, 0.0, 0.0, 0.0, 0.0, 0.0, 0.0, 0.0, 0.0, 1.0, 1.0, 0.0, 0.0, 1.0, 0.0, 0.0, 0.0, 0.0, 1.0, 1.0, 1.0, 0.0, 0.0, 0.0, 1.0, 0.0, 0.0, 0.0, 0.0, 0.0, 0.0, 0.0, 0.0, 0.0, 1.0, 0.0, 0.0, 0.0, 0.0, 0.0, 0.0, 0.0, 0.0, 0.0, 0.0, 0.0, 0.0, 0.0, 1.0, 0.0, 1.0, 0.0, 0.0, 0.0, 0.0, 0.0, 0.0, 0.0, 0.0, 1.0, 0.0, 0.0, 0.0, 0.0, 0.0, 0.0, 0.0, 0.0, 0.0, 0.0, 0.0, 0.0, 0.0, 0.0, 1.0, 0.0, 0.0, 0.0, 0.0, 1.0, 0.0, 0.0, 0.0, 1.0, 0.0, 0.0, 0.0, 0.0, 0.0, 0.0, 0.0, 0.0, 0.0, 0.0, 1.0, 1.0, 0.0, 0.0, 0.0, 0.0, 0.0, 0.0, 0.0, 0.0, 0.0, 0.0, 0.0, 0.0, 1.0, 0.0, 0.0, 1.0, 1.0, 0.0, 0.0, 1.0, 0.0, 0.0, 0.0, 1.0, 0.0, 0.0]","stage2/epoch":35,"stage1_test_f1":0.9193935492291428,"lr_loaded_weights":0.0001,"stage2/final_mask_keep_ratio_block2":0.203125,"_step":15,"_wandb":{"runtime":27},"stage_1_separableconvcnn/confusion_matrix_table":{"ncols":3,"log_mode":"IMMUTABLE","_type":"table-file","_latest_artifact_path":"wandb-client-artifact://u8kyzhdm64ugzeg88qo9ld7wu8kq6w3ov8dhvg047fafjnu6isdpb7ojupjq54mcrlbxilbg10nzegivi0id98152hzboer1rdzr1lq9xfpll4m4uy6bnr9g7gswm3ka:latest/stage_1_separableconvcnn/confusion_matrix_table.table.json","artifact_path":"wandb-client-artifact://0w2va4r167syx90yrxjcd3y9n3vtgti19ow8jdc7l19msf6td1u4l455ob4idoqu7ycnfjlil2zz3vrz067807ekio11k17chv1o9rt0qwjzp64clv9io951qx0ootup/stage_1_separableconvcnn/confusion_matrix_table.table.json","path":"media/table/stage_1_separableconvcnn/confusion_matrix_table_1_7339811d8764bb2828a3.table.json","sha256":"7339811d8764bb2828a3fbe9cf3beb37209fefb5c65d94bc1df225d2b288d01a","size":1366,"nrows":36},"train_loss":0.48318488961415934,"model_param_count_dense":36868,"stage2/final_mask_keep_ratio_block4":0.203125,"stage2/lr_backbone":0.0001,"_runtime":27,"stage3_test_acc":71.59823549372243,"stage2/raw_hard_mask_block2":"[0.0, 1.0, 1.0, 0.0, 0.0, 0.0, 0.0, 0.0, 1.0, 0.0, 0.0, 0.0, 0.0, 0.0, 0.0, 0.0, 1.0, 0.0, 0.0, 0.0, 0.0, 0.0, 0.0, 0.0, 1.0, 0.0, 0.0, 1.0, 0.0, 0.0, 0.0, 0.0, 0.0, 0.0, 0.0, 0.0, 0.0, 0.0, 0.0, 1.0, 0.0, 0.0, 1.0, 0.0, 0.0, 0.0, 0.0, 0.0, 1.0, 1.0, 1.0, 0.0, 0.0, 0.0, 0.0, 0.0, 1.0, 0.0, 0.0, 0.0, 1.0, 0.0, 0.0, 0.0]","stage2/test_loss":0.6784227978922288,"stage3_test_f1":0.685797917240018,"stage1_test_loss":0.26111875705798304,"block4_Pruned_%":79.6875,"stage2/val_loss":0.7627712882907185,"stage":3,"stage2/mask_l1":0.3811291456222534,"stage1/test_f1":0.9193935492291428,"stage1/test_loss":0.26111875705798304,"stage2_test_f1":0.5564676638865076,"stage2/block3_Pruned_%":81.25,"final_summary_log_path":"/home/qphan/master-thesis/models/uci_best_model_three_stage_channel_subject5_val_final_summary_val_5.txt","epoch":15,"stage1_test_acc":91.75432643366135,"stage2/raw_hard_mask_block4":"[0.0, 0.0, 0.0, 0.0, 0.0, 0.0, 0.0, 0.0, 0.0, 0.0, 0.0, 1.0, 0.0, 0.0, 0.0, 0.0, 1.0, 0.0, 1.0, 1.0, 0.0, 1.0, 0.0, 0.0, 0.0, 0.0, 0.0, 0.0, 0.0, 0.0, 0.0, 0.0, 0.0, 0.0, 0.0, 0.0, 1.0, 0.0, 0.0, 0.0, 0.0, 0.0, 1.0, 1.0, 0.0, 0.0, 0.0, 0.0, 0.0, 0.0, 0.0, 0.0, 0.0, 0.0, 0.0, 0.0, 0.0, 0.0, 1.0, 1.0, 0.0, 1.0, 0.0, 0.0, 0.0, 1.0, 0.0, 0.0, 0.0, 0.0, 0.0, 0.0, 0.0, 1.0, 0.0, 0.0, 0.0, 0.0, 0.0, 1.0, 0.0, 1.0, 0.0, 0.0, 1.0, 0.0, 0.0, 0.0, 0.0, 0.0, 0.0, 0.0, 0.0, 1.0, 0.0, 0.0, 0.0, 0.0, 0.0, 0.0, 0.0, 1.0, 1.0, 1.0, 1.0, 0.0, 0.0, 0.0, 0.0, 0.0, 0.0, 0.0, 0.0, 0.0, 1.0, 0.0, 0.0, 1.0, 0.0, 1.0, 0.0, 1.0, 0.0, 0.0, 0.0, 0.0, 0.0, 1.0]","stage2/stage_number":2,"stage1/use_pretrain_model":false,"stage2/test_acc":60.16287750254496,"stage2/purpose":"train channel-pruning model with masking","stage2/block2_Pruned_%":79.6875,"stage2_test_loss":0.6784227978922288,"stage1/test_acc":91.75432643366135,"stage2/block4_Pruned_%":79.6875,"block2_Pruned_%":79.6875,"model_param_reduction_pct":88.90908104589346,"stage_3_prunedseparableconvcnn/confusion_matrix_table":{"ncols":3,"_type":"table-file","_latest_artifact_path":"wandb-client-artifact://l12tr82cqgikzun8rtbk83gb9oi0qxmqy5uqdmspbcucinsyyc3xepjnh4h5ps6skmznikhjolgebb6rpp0y05kqepketrl89ksxk46zw5wi0b7i5hclspul4w4sqlon:latest/stage_3_prunedseparableconvcnn/confusion_matrix_table.table.json","artifact_path":"wandb-client-artifact://wi7bj4vpo06kru55vrxw0ftuufpcmnfrfpzuz59eh1bve9bmeb4kgho8e5hp6ue1ythwqsofsn4zikrwp4onl8l7qq0odbvoux6egzirg149xuryuqt19cudz086u5vi/stage_3_prunedseparableconvcnn/confusion_matrix_table.table.json","size":1366,"path":"media/table/stage_3_prunedseparableconvcnn/confusion_matrix_table_13_e04a4cdd3f96f5f1667b.table.json","nrows":36,"sha256":"e04a4cdd3f96f5f1667b24ad99a91610ec9d70b3a54247d837784743121ef300","log_mode":"IMMUTABLE"},"train_acc":73.07801418439716,"stage2/best_epoch":26,"stage2/final_mask_keep_ratio_block3":0.1875}