{"lr_loaded_weights":0.0001,"epoch":35,"_wandb":{"runtime":32},"best_val_loss":0.4004809883039348,"model_param_count_dense":36868,"stage3_test_acc":87.13946386155412,"val_loss":0.41319486971203806,"_step":17,"stage_3_prunedseparableconvcnn/confusion_matrix_table":{"nrows":36,"sha256":"7702c69cf1143ab32e79b80afe6a7395d8c4e5ca3740f47c8d4faa2f78b744e3","log_mode":"IMMUTABLE","size":1366,"artifact_path":"wandb-client-artifact://eh4rs542waqv428zxyglifwniv0tqq3p720yfcn0qncvc45tjebok0gt0yfily1m0q6sbmel3xq44loqljdn7uizwxy4av3jicb8eq4o0jgmdti3fe1pjnq9liqz85ed/stage_3_prunedseparableconvcnn/confusion_matrix_table.table.json","ncols":3,"_type":"table-file","_latest_artifact_path":"wandb-client-artifact://jpw87zczurn0gxd417gpymztn9s350cgj5qssrkbeeg76mosgbi0786af0kw5648t3r9wztbr90citoxjumu8qjkhttocgkeebbwmq0c5bir2vf67f9z2n9n2bdwmlyz:latest/stage_3_prunedseparableconvcnn/confusion_matrix_table.table.json","path":"media/table/stage_3_prunedseparableconvcnn/confusion_matrix_table_15_7702c69cf1143ab32e79.table.json"},"stage2/Total_Pruned_%":70.625,"stage2_test_acc":61.418391584662366,"stage2/test_f1":0.563218470470771,"stage2/block4_Pruned_%":65.625,"stage1/test_loss":0.333903368065058,"stage2_test_f1":0.563218470470771,"stage2/final_mask_keep_ratio_block2":0.296875,"stage2/stage_number":2,"stage2/test_acc":61.418391584662366,"stage2/val_loss":0.6935766976573625,"stage2/raw_hard_mask_block3":"[0.0, 0.0, 0.0, 0.0, 0.0, 0.0, 0.0, 0.0, 0.0, 0.0, 0.0, 0.0, 0.0, 0.0, 0.0, 0.0, 0.0, 1.0, 0.0, 0.0, 0.0, 0.0, 1.0, 0.0, 0.0, 0.0, 1.0, 0.0, 0.0, 0.0, 1.0, 0.0, 0.0, 1.0, 1.0, 0.0, 0.0, 0.0, 1.0, 1.0, 1.0, 1.0, 0.0, 0.0, 0.0, 0.0, 1.0, 0.0, 0.0, 0.0, 0.0, 0.0, 0.0, 0.0, 0.0, 1.0, 0.0, 0.0, 0.0, 1.0, 0.0, 1.0, 0.0, 0.0, 0.0, 0.0, 1.0, 1.0, 0.0, 0.0, 1.0, 0.0, 1.0, 0.0, 0.0, 1.0, 1.0, 0.0, 1.0, 0.0, 0.0, 0.0, 0.0, 0.0, 0.0, 0.0, 0.0, 1.0, 1.0, 0.0, 0.0, 1.0, 0.0, 0.0, 1.0, 1.0, 0.0, 0.0, 0.0, 0.0, 0.0, 1.0, 1.0, 0.0, 0.0, 0.0, 0.0, 0.0, 0.0, 0.0, 0.0, 0.0, 0.0, 1.0, 0.0, 0.0, 0.0, 0.0, 0.0, 0.0, 1.0, 0.0, 0.0, 1.0, 0.0, 0.0, 0.0, 0.0]","stage2/final_mask_keep_ratio_block4":0.34375,"stage2/epoch":25,"stage2/raw_hard_mask_block4":"[1.0, 1.0, 1.0, 0.0, 1.0, 1.0, 0.0, 1.0, 1.0, 1.0, 0.0, 0.0, 0.0, 1.0, 0.0, 0.0, 1.0, 0.0, 1.0, 0.0, 0.0, 1.0, 0.0, 1.0, 0.0, 1.0, 1.0, 1.0, 0.0, 1.0, 0.0, 0.0, 1.0, 0.0, 1.0, 1.0, 0.0, 0.0, 0.0, 0.0, 0.0, 0.0, 1.0, 0.0, 0.0, 0.0, 0.0, 1.0, 0.0, 0.0, 0.0, 0.0, 0.0, 1.0, 0.0, 0.0, 0.0, 0.0, 0.0, 0.0, 1.0, 1.0, 0.0, 0.0, 0.0, 0.0, 1.0, 0.0, 1.0, 1.0, 0.0, 0.0, 1.0, 0.0, 0.0, 1.0, 1.0, 0.0, 0.0, 0.0, 0.0, 0.0, 1.0, 0.0, 1.0, 0.0, 1.0, 0.0, 0.0, 0.0, 0.0, 0.0, 0.0, 1.0, 0.0, 0.0, 0.0, 1.0, 0.0, 0.0, 1.0, 0.0, 0.0, 0.0, 1.0, 0.0, 0.0, 0.0, 1.0, 0.0, 0.0, 0.0, 1.0, 0.0, 0.0, 0.0, 0.0, 0.0, 0.0, 0.0, 0.0, 0.0, 1.0, 1.0, 1.0, 1.0, 0.0, 0.0]","stage2/mask_l1":0.44596728682518005,"stage1_test_loss":0.333903368065058,"train_acc":86.13847251962883,"stage2/final_mask_keep_ratio_block3":0.2421875,"model_param_reduction_pct":82.2312032114571,"stage1_test_acc":89.71835765184935,"stage2/block2_Pruned_%":70.3125,"stage2/raw_hard_mask_block2":"[0.0, 0.0, 0.0, 0.0, 0.0, 0.0, 0.0, 0.0, 1.0, 0.0, 1.0, 0.0, 0.0, 1.0, 0.0, 0.0, 0.0, 0.0, 1.0, 1.0, 0.0, 0.0, 1.0, 1.0, 1.0, 0.0, 0.0, 0.0, 1.0, 0.0, 1.0, 0.0, 0.0, 0.0, 1.0, 1.0, 0.0, 0.0, 0.0, 0.0, 0.0, 1.0, 0.0, 0.0, 0.0, 0.0, 1.0, 0.0, 1.0, 1.0, 0.0, 1.0, 0.0, 0.0, 0.0, 0.0, 0.0, 0.0, 0.0, 0.0, 1.0, 1.0, 0.0, 0.0]","stage1_test_f1":0.8970913604633416,"stage2/lr_backbone":0.0001,"final_summary_log_path":"/home/qphan/master-thesis/models/uci_best_model_three_stage_channel_subject1_val_final_summary_val_1.txt","stage2/train_loss":1.1554650516700609,"stage2/train_acc":59.229122055674516,"stage2_test_loss":0.7671269829020607,"Total_Pruned_%":70.625,"block4_Pruned_%":65.625,"stage2/block3_Pruned_%":75.78125,"stage2/test_loss":0.7671269829020607,"stage3_test_f1":0.8733327020352623,"model_param_count":6551,"train_loss":0.328655611439146,"stage2/purpose":"train channel-pruning model with masking","stage3_test_loss":0.4019337973788426,"block2_Pruned_%":70.3125,"stage1/use_pretrain_model":false,"_runtime":32,"_timestamp":1.7758567382162983e+09,"stage2/best_val_loss":0.6388605264490551,"stage":3,"val_acc":80.97982708933718,"stage2/lr_gumbel":0.001,"stage2/val_acc":66.85878962536023,"stage1/test_acc":89.71835765184935,"stage2/best_epoch":19,"stage_1_separableconvcnn/confusion_matrix_table":{"_type":"table-file","ncols":3,"log_mode":"IMMUTABLE","_latest_artifact_path":"wandb-client-artifact://n294bnpwmhjtcvfppr2iasp7emn463nsckcemrobcub19qe9ee1ba0uzevqdn5xeaoj5dmklqw3d1dyj1o9xtwedk6g123cqinfq5ta88tzi3eo8q5sdk99xjefqy7ib:latest/stage_1_separableconvcnn/confusion_matrix_table.table.json","artifact_path":"wandb-client-artifact://3bmfhyzleqv5pbvidti1o1r4e30gmqjc1hmzuhvxqowo0yid9g36rq79hbon54f9d6eu6y6a5qbzyj77lvhzhjhhcruqq149mv7ao4oepxhtz8ys6ogo1sm5bnn2q2t9/stage_1_separableconvcnn/confusion_matrix_table.table.json","path":"media/table/stage_1_separableconvcnn/confusion_matrix_table_1_afe147d38f01e1852de8.table.json","nrows":36,"sha256":"afe147d38f01e1852de86fb6603c33be46cdb43576857b41a32c382468e7b269","size":1366},"block3_Pruned_%":75.78125,"model_param_count_pruned":6551,"stage1/test_f1":0.8970913604633416}