{"best_val_loss":0.2333612653177992,"stage1/use_pretrain_model":false,"stage1/best_val_loss":0.2333612653177992,"stage1/purpose":"train baseline model","stage1/train_loss":0.07368441076539721,"stage1/train_acc":96.8936170212766,"test_acc":90.46487953851374,"test_loss":0.27113536717971753,"_runtime":13,"_wandb":{"runtime":13},"stage1/stage_number":1,"stage_1_separableconvcnn/confusion_matrix_table":{"log_mode":"IMMUTABLE","_type":"table-file","path":"media/table/stage_1_separableconvcnn/confusion_matrix_table_9_c0997d59128c207c0c6b.table.json","artifact_path":"wandb-client-artifact://e4z5v6pvzcjjemwodhjkih5nzpf1giuy4krt3a87xa9nwj14957nrxb2z814frjfnaq0idaat1h1z9ksl55d88ab3pbc7vymbkjcwmbzdwyi8m3mi643dnrn81naj5dn/stage_1_separableconvcnn/confusion_matrix_table.table.json","ncols":3,"sha256":"c0997d59128c207c0c6bc58a091dc0197f3e2ff4d57eb4bf74325b4d8d969448","size":1365,"_latest_artifact_path":"wandb-client-artifact://292er5mb13miw5jy2xnkruz01fesahx5m7g17p72sk2tt880zusr1eyy8jp6bt9rsupk01el071vnwyjkbyr5lwltwpe6iev9r40r79xmpy2k19q9mecfhyudvs5wrem:latest/stage_1_separableconvcnn/confusion_matrix_table.table.json","nrows":36},"stage1/lr":0.001,"best_epoch":25,"stage1/test_f1":0.9074742267449221,"_timestamp":1.7757573217515821e+09,"stage1/test_loss":0.27113536717971753,"stage1/test_acc":90.46487953851374,"stage1_test_loss":0.27113536717971753,"stage1_test_f1":0.9074742267449221,"stage1_test_acc":90.46487953851374,"test_f1_macro":0.9074742267449221,"stage1/val_loss":0.3249708488426481,"stage1/val_acc":86.75496688741723,"_step":9,"stage1/epoch":35}