{"best_val_loss":0.740235063579908,"stage1/test_f1":0.7182780697356395,"test_loss":0.5554039734256891,"stage1/train_acc":72.74766865659994,"stage1/use_pretrain_model":false,"best_epoch":2,"stage_1_separableconvcnn/confusion_matrix_table":{"sha256":"5dda6ad60a2da35c828176a65bf6baf32fb341a191c96fe3e9089733ddf151b3","ncols":3,"artifact_path":"wandb-client-artifact://eodzonkh0xqyf3q3uvey6svmm2bt1pscucqqvkvnvdnk7s231f96n6l8a6bg5torlwem40tppm8wasimhxgvym29pgvzz46pwvaqz2obmm7gpl9u9fg2dgvu2ti4gu8r/stage_1_separableconvcnn/confusion_matrix_table.table.json","_latest_artifact_path":"wandb-client-artifact://vkttw6r0w9p7hqt2errry7sm4yei8go2riawflf7aoj4qqhcc7kuejfgseglcvkk306c0tb9lci4ry2kjyqo18ovfgmy3tknv3zdy4rzkjm7qu15o15fdwjq8qprx2wc:latest/stage_1_separableconvcnn/confusion_matrix_table.table.json","path":"media/table/stage_1_separableconvcnn/confusion_matrix_table_14_5dda6ad60a2da35c8281.table.json","size":2012,"_type":"table-file","log_mode":"IMMUTABLE","nrows":64},"test_acc":81.8650180319423,"stage1/stage_number":1,"test_f1_macro":0.7182780697356395,"_wandb":{"runtime":79},"_step":14,"stage1/test_loss":0.5554039734256891,"stage1_test_loss":0.5554039734256891,"stage1/test_acc":81.8650180319423,"stage1/epoch":12,"stage1_test_f1":0.7182780697356395,"stage1/train_loss":0.44380812877246606,"stage1/val_loss":1.1260731134904176,"_runtime":79,"stage1/val_acc":60.24313372354795,"_timestamp":1.7753053702397928e+09,"stage1/lr":0.001,"stage1_test_acc":81.8650180319423,"stage1/best_val_loss":0.740235063579908,"stage1/purpose":"train baseline model"}