{"epoch":30,"stage1_test_f1":0.9026068850953561,"train_loss":0.1979162436201825,"stage2/block4_Pruned_%":33.59375,"stage2/val_loss":0.43449223633198175,"lr_gumbel_bin":0.001,"stage2/raw_hard_mask_block3":"[1.0, 0.0, 0.0, 0.0, 1.0, 1.0, 1.0, 1.0, 1.0, 0.0, 0.0, 0.0, 1.0, 0.0, 0.0, 0.0, 1.0, 0.0, 0.0, 1.0, 1.0, 0.0, 0.0, 1.0, 1.0, 0.0, 0.0, 1.0, 0.0, 1.0, 1.0, 1.0, 0.0, 1.0, 1.0, 1.0, 1.0, 0.0, 0.0, 1.0, 1.0, 0.0, 1.0, 0.0, 0.0, 1.0, 0.0, 0.0, 1.0, 0.0, 0.0, 1.0, 1.0, 1.0, 0.0, 0.0, 0.0, 1.0, 0.0, 0.0, 0.0, 1.0, 1.0, 1.0, 0.0, 0.0, 1.0, 1.0, 0.0, 1.0, 0.0, 0.0, 1.0, 1.0, 0.0, 0.0, 0.0, 0.0, 0.0, 1.0, 0.0, 1.0, 1.0, 1.0, 1.0, 1.0, 0.0, 0.0, 1.0, 1.0, 1.0, 1.0, 1.0, 1.0, 1.0, 0.0, 1.0, 0.0, 0.0, 0.0, 1.0, 1.0, 1.0, 0.0, 0.0, 0.0, 1.0, 1.0, 0.0, 1.0, 0.0, 1.0, 0.0, 0.0, 1.0, 0.0, 0.0, 1.0, 1.0, 0.0, 0.0, 1.0, 1.0, 1.0, 0.0, 0.0, 0.0, 0.0]","stage2/test_f1":0.822263203858875,"final_channel_mask_block2":[1,1,1,0,0,0,1,1,1,1,1,1,1,1,1,0,0,1,1,1,1,0,0,1,1,0,1,0,1,1,1,1,0,1,1,1,1,1,0,1,1,1,1,0,0,1,1,1,1,1,1,1,0,1,0,1,0,0,1,0,1,1,0,1],"stage2/mask_l1":0.538939356803894,"stage2/Total_Pruned_%":39.37500000000001,"_runtime":90,"stage2/final_mask_keep_ratio_block3":0.5,"stage2/best_epoch":58,"stage2/purpose":"train channel-pruning model with masking","stage2/stage_number":2,"stage2/raw_hard_mask_block2":"[1.0, 1.0, 1.0, 0.0, 0.0, 0.0, 1.0, 1.0, 1.0, 1.0, 1.0, 1.0, 1.0, 1.0, 1.0, 0.0, 0.0, 1.0, 1.0, 1.0, 1.0, 0.0, 0.0, 1.0, 1.0, 0.0, 1.0, 0.0, 1.0, 1.0, 1.0, 1.0, 0.0, 1.0, 1.0, 1.0, 1.0, 1.0, 0.0, 1.0, 1.0, 1.0, 1.0, 0.0, 0.0, 1.0, 1.0, 1.0, 1.0, 1.0, 1.0, 1.0, 0.0, 1.0, 0.0, 1.0, 0.0, 0.0, 1.0, 0.0, 1.0, 1.0, 0.0, 1.0]","stage2/epoch":60,"stage1/use_pretrain_model":false,"stage_3_separableconvcnn/confusion_matrix_table":{"sha256":"920ba64467c88b110902327c3fb92099811e39f51e4e5836ac561fd66bfed9e7","_type":"table-file","ncols":3,"artifact_path":"wandb-client-artifact://7dwon0tk9aaflw9pm3feynvp97kokj6bgegrv61aipdc85i31ijf52ut5xtq804h9u3ip9riezgivyks4n1jayug0q27nqn09xvh9jn2fhczo2878wtinci0v0pzfntq/stage_3_separableconvcnn/confusion_matrix_table.table.json","nrows":36,"log_mode":"IMMUTABLE","size":1365,"path":"media/table/stage_3_separableconvcnn/confusion_matrix_table_17_920ba64467c88b110902.table.json","_latest_artifact_path":"wandb-client-artifact://day59lhajnumh0y3x68j57bzgizvpukzrefqbywu8n9bdbw9yn7nihkjfvw2uohqk17ftmrq8m22csgd6b462rorccy56dvib2q8xipnab5ed76uyuseh1h5ywyuur9t:latest/stage_3_separableconvcnn/confusion_matrix_table.table.json"},"train_acc":91.9786866359447,"lr_loaded_weights":0.0001,"stage1/test_loss":0.2423111703246832,"stage2/lr_backbone":0.0001,"stage2/final_mask_keep_ratio_block4":0.6640625,"stage2/val_acc":81.37254901960785,"stage1_test_acc":90.09161859518154,"model_param_count_pruned":16751,"final_channel_mask_block4":[1,1,0,1,0,1,1,1,0,1,0,1,1,0,1,0,0,1,1,1,1,1,1,0,0,1,0,1,1,1,1,1,1,1,1,1,1,1,1,1,1,1,0,0,0,0,1,1,1,1,1,0,1,1,1,1,0,0,0,0,1,0,0,1,1,1,1,1,0,1,1,1,1,1,0,1,1,1,1,0,1,1,0,1,0,0,0,0,0,1,1,0,1,0,1,1,1,1,1,1,1,0,1,1,0,1,1,1,0,1,1,1,1,1,0,0,1,0,0,1,0,1,0,0,1,0,1,1],"stage":5,"stage2/train_acc":78.25460829493088,"lr_backbone":0.0001,"stage2/test_acc":82.04954190702409,"hard_bin_mask":[1,1,1,1,1,1,1,1,1,1,1,1,1,1,1,1,1,1,1,1,1,1,1,1,1,1,1,1,0,1,1,1,1,1,1,0,1,0,1,0,0,0,0,0,0,0,0,0,0,0,0,0,0,0,0,0,0,0,0,0,0,0,0,0,0,0,0,0,0,0,0,0,0,0,0,0,0,0,0,0,0,0,0,0,0,0,0,0,0,0,0,0,0,0,0,0,0,0,0,0,0,0,0,0,0,0,0,0,0,0,0,0,0,0,0,0,0,0,0,0,0,0,0,0,0,0,0,0],"stage2/block3_Pruned_%":50,"best_val_loss":0.23493600120840996,"mask_l1":0.265625,"_timestamp":1.7767041756589935e+09,"stage2/test_loss":0.46289842729454767,"val_loss":0.24362415719923436,"stage2/block2_Pruned_%":29.6875,"model_param_count_dense":36868,"stage5_test_acc":91.14353579911774,"stage2/final_mask_keep_ratio_block2":0.703125,"stage1_test_loss":0.2423111703246832,"stage2/best_val_loss":0.43018072755897746,"_step":38,"stage2/lr_gumbel":0.001,"stage5_test_loss":0.25059312294263286,"final_channel_mask_block3":[1,0,0,0,1,1,1,1,1,0,0,0,1,0,0,0,1,0,0,1,1,0,0,1,1,0,0,1,0,1,1,1,0,1,1,1,1,0,0,1,1,0,1,0,0,1,0,0,1,0,0,1,1,1,0,0,0,1,0,0,0,1,1,1,0,0,1,1,0,1,0,0,1,1,0,0,0,0,0,1,0,1,1,1,1,1,0,0,1,1,1,1,1,1,1,0,1,0,0,0,1,1,1,0,0,0,1,1,0,1,0,1,0,0,1,0,0,1,1,0,0,1,1,1,0,0,0,0],"stage5_test_f1":0.9134919502972546,"stage_1_separableconvcnn/confusion_matrix_table":{"path":"media/table/stage_1_separableconvcnn/confusion_matrix_table_1_9fcfc77b550cb040a33c.table.json","_latest_artifact_path":"wandb-client-artifact://w5ok2j5xu1bjxozn3axipcv9mb2wffx5ikfn7lvly7k5dbr4waakepmcyberbnvus03gmcexgbun8pghjyto5vew3cgm5zz0cgc4q20i2aa6oecktumsxgbubix7n73c:latest/stage_1_separableconvcnn/confusion_matrix_table.table.json","nrows":36,"sha256":"9fcfc77b550cb040a33cc38fbb01a9580f33118f28e5bbd2c2f7d391f110a3ed","size":1367,"artifact_path":"wandb-client-artifact://vn5pr9mnwgpcwhza4sahyxdz2jjrldrvoy9jmpbc0neypbqn8g1brvegjrmspfhizvttptmoum5ahay80zmi92pu0whxz3soym6yxx5hqoxq1vo026rr4zmlz84sqpdg/stage_1_separableconvcnn/confusion_matrix_table.table.json","_type":"table-file","log_mode":"IMMUTABLE","ncols":3},"lr":0.001,"stage1/test_acc":90.09161859518154,"stage1/test_f1":0.9026068850953561,"stage2/raw_hard_mask_block4":"[1.0, 1.0, 0.0, 1.0, 0.0, 1.0, 1.0, 1.0, 0.0, 1.0, 0.0, 1.0, 1.0, 0.0, 1.0, 0.0, 0.0, 1.0, 1.0, 1.0, 1.0, 1.0, 1.0, 0.0, 0.0, 1.0, 0.0, 1.0, 1.0, 1.0, 1.0, 1.0, 1.0, 1.0, 1.0, 1.0, 1.0, 1.0, 1.0, 1.0, 1.0, 1.0, 0.0, 0.0, 0.0, 0.0, 1.0, 1.0, 1.0, 1.0, 1.0, 0.0, 1.0, 1.0, 1.0, 1.0, 0.0, 0.0, 0.0, 0.0, 1.0, 0.0, 0.0, 1.0, 1.0, 1.0, 1.0, 1.0, 0.0, 1.0, 1.0, 1.0, 1.0, 1.0, 0.0, 1.0, 1.0, 1.0, 1.0, 0.0, 1.0, 1.0, 0.0, 1.0, 0.0, 0.0, 0.0, 0.0, 0.0, 1.0, 1.0, 0.0, 1.0, 0.0, 1.0, 1.0, 1.0, 1.0, 1.0, 1.0, 1.0, 0.0, 1.0, 1.0, 0.0, 1.0, 1.0, 1.0, 0.0, 1.0, 1.0, 1.0, 1.0, 1.0, 0.0, 0.0, 1.0, 0.0, 0.0, 1.0, 0.0, 1.0, 0.0, 0.0, 1.0, 0.0, 1.0, 1.0]","val_acc":90.44117647058823,"stage_5_prunedseparableconvcnn/confusion_matrix_table":{"sha256":"a1a11f128daf04135da78e075b20d62f7f0a7526efd64b659879ea28be17390f","size":1367,"artifact_path":"wandb-client-artifact://zkl5ktym11bu2dvrhbig7uzsfls1kvivxkhsjve883nefm8r3n27n68py6xvyhctp3u1126v181owq0w48l037x6bm8jjcuvl7bafoilbl8blihb6qkm9b3k41ayjo4g/stage_5_prunedseparableconvcnn/confusion_matrix_table.table.json","_type":"table-file","log_mode":"IMMUTABLE","_latest_artifact_path":"wandb-client-artifact://5deibvmxwpt3injs938qca5qb9qk77az0eu41w9gc5pyu9m6ctx699roetelbrtrensm8blza4p5i74d54zj2of6jcoxwzwojxtybhfj5samn5keg3kg3v8etel635p9:latest/stage_5_prunedseparableconvcnn/confusion_matrix_table.table.json","path":"media/table/stage_5_prunedseparableconvcnn/confusion_matrix_table_37_a1a11f128daf04135da7.table.json","nrows":36,"ncols":3},"stage2/train_loss":0.5623715712178138,"model_param_reduction_pct":54.564934360420956,"_wandb":{"runtime":90}}