{"mask_l1":0.32307693362236023,"stage1/use_pretrain_model":false,"stage1/test_f1":0.8995361926906478,"best_val_loss":0.6090005926139976,"stage1_test_loss":0.2596978127236172,"_step":13,"stage3_test_acc":90.29521547336275,"stage_1_separableconvcnn/confusion_matrix_table":{"ncols":3,"sha256":"ffc61f2a9a5c6083869d95063a11e8d57c336a91bbbee1f83da10e2cd86b1d25","log_mode":"IMMUTABLE","_type":"table-file","_latest_artifact_path":"wandb-client-artifact://h4u4nlouk7mczocbiaisq2178rgclxr9aom3159opdusvm11n94kjb7oltkjpwynchy1556nizt3v2ryo27ij3jhr0bsy7osnvibb5snuh4wcim0md6e58ludbx37j2a:latest/stage_1_separableconvcnn/confusion_matrix_table.table.json","nrows":36,"path":"media/table/stage_1_separableconvcnn/confusion_matrix_table_1_ffc61f2a9a5c6083869d.table.json","size":1367,"artifact_path":"wandb-client-artifact://zw3kw323dcuqaqwz4790cq3glm0h98a8fm77tea2jcwuq21bnol77tvz9m014795o4bk6v1wia2gpd387m64af7huzshexovegl9n6xxn64aw5xqzbuoad3u2mqs9fkb/stage_1_separableconvcnn/confusion_matrix_table.table.json"},"_wandb":{"runtime":24},"stage1/test_acc":89.82015609093993,"stage":3,"stage_3_separableconvcnn/confusion_matrix_table":{"nrows":36,"size":1366,"_latest_artifact_path":"wandb-client-artifact://7pxrr0md34kzg6n2vctwf3fxsmerjq3fjqafmfj24tah2fde6zzmbjzil18jhudh1m2afi5macoz61yahcfgi9j401wwz9no3e0ofqm3bqe19gnu6oqgp81d37cg6k3r:latest/stage_3_separableconvcnn/confusion_matrix_table.table.json","path":"media/table/stage_3_separableconvcnn/confusion_matrix_table_12_f8e40c61753df60df61d.table.json","_type":"table-file","artifact_path":"wandb-client-artifact://4kpo0bqzpozxkyjc8bh6pwtif2to9v18cc6s8olxps5xfdp63ksuhrog9kklzbvdqy8ozxclixcwfsn072sksfqwkdc5f1eragmjr2cp2t30z53k2fhu6bh92vc0qj8v/stage_3_separableconvcnn/confusion_matrix_table.table.json","ncols":3,"sha256":"f8e40c61753df60df61de4cba7745a9463e3c3552c7c05be8a3634d76af33db5","log_mode":"IMMUTABLE"},"stage3_test_loss":0.2597984863425174,"stage2_test_f1":0.9063387891318805,"lr_gumbel_bin":0.001,"val_loss":0.6189363197140072,"bin_keep_ratio":0.4000000059604645,"_timestamp":1.7766026265764022e+09,"val_acc":75.27173913043478,"stage2_test_acc":90.43094672548354,"lr":0.001,"train_loss":0.15667018833712068,"stage1_test_f1":0.8995361926906478,"stage1_test_acc":89.82015609093993,"stage2_hard_bin_mask_str":"[1.0, 1.0, 1.0, 1.0, 1.0, 1.0, 1.0, 1.0, 1.0, 1.0, 1.0, 1.0, 1.0, 1.0, 0.0, 1.0, 0.0, 1.0, 1.0, 1.0, 1.0, 1.0, 1.0, 1.0, 1.0, 1.0, 0.0, 0.0, 1.0, 0.0, 0.0, 0.0, 1.0, 0.0, 0.0, 0.0, 0.0, 0.0, 0.0, 0.0, 0.0, 0.0, 0.0, 0.0, 0.0, 0.0, 0.0, 0.0, 0.0, 0.0, 0.0, 0.0, 0.0, 0.0, 0.0, 0.0, 0.0, 0.0, 0.0, 0.0, 0.0, 0.0, 0.0, 0.0, 0.0]","_runtime":24,"epoch":15,"stage1/test_loss":0.2596978127236172,"lr_backbone":0.0001,"stage3_test_f1":0.9033897040781332,"train_acc":93.54238258877434,"stage2_test_loss":0.2423421824771265}