{"stage1/test_acc":91.72039362063116,"_timestamp":1.7764239506228707e+09,"val_acc":82.42074927953891,"stage_1_separableconvcnn/confusion_matrix_table":{"artifact_path":"wandb-client-artifact://x55770mfrbsyrgoe4e7k3nb5hm005dreg16e6alnwhqsv5g5nl783mtspzhqgf0xo4n8z9vrzh0dmvcsb2w0dbfo2lae50yum1974nnknaz4y2kbrf49v4up1xr1hzs3/stage_1_separableconvcnn/confusion_matrix_table.table.json","_latest_artifact_path":"wandb-client-artifact://nquoaa7blp66eb4worl8otn81ea02q1cjjl7qtmutiwr343v6to7th7cf4820x2q0n1pzh8hr7rqbpxfjkjsu10ionh2jc3kjelkkaljsv1npvemj63sclh1msxhhgbe:latest/stage_1_separableconvcnn/confusion_matrix_table.table.json","ncols":3,"size":1366,"path":"media/table/stage_1_separableconvcnn/confusion_matrix_table_1_ba1709b9ded253dca6f1.table.json","sha256":"ba1709b9ded253dca6f14b8d1a777336f0cb86899167c45d58f90d5e787020ac","nrows":36,"log_mode":"IMMUTABLE","_type":"table-file"},"stage2_hard_bin_mask_str":"[0.0, 0.0, 1.0, 1.0, 1.0, 0.0, 0.0, 0.0, 0.0, 1.0, 1.0, 1.0, 1.0, 0.0, 1.0, 1.0, 1.0, 1.0, 1.0, 1.0, 0.0, 0.0, 1.0, 1.0, 0.0, 0.0, 1.0, 1.0, 1.0, 1.0, 1.0, 1.0, 0.0, 1.0, 1.0, 0.0, 1.0, 1.0, 1.0, 0.0, 1.0, 1.0, 1.0, 0.0, 1.0, 0.0, 0.0, 1.0, 0.0, 0.0, 0.0, 0.0, 1.0, 1.0, 1.0, 1.0, 1.0, 0.0, 0.0, 1.0, 0.0, 0.0, 0.0, 0.0, 0.0, 0.0, 0.0, 0.0, 0.0, 0.0, 0.0, 0.0, 0.0, 0.0, 0.0, 0.0, 0.0, 0.0, 0.0, 0.0, 0.0, 0.0, 0.0, 0.0, 0.0, 0.0, 0.0, 0.0, 0.0, 0.0, 0.0, 0.0, 0.0, 0.0, 0.0, 0.0, 0.0, 0.0, 0.0, 0.0, 0.0, 0.0, 0.0, 0.0, 0.0, 0.0, 0.0, 0.0, 0.0, 0.0, 0.0, 0.0, 0.0, 0.0, 0.0, 0.0, 0.0, 0.0, 0.0, 0.0, 0.0, 0.0, 0.0, 0.0, 0.0, 0.0, 0.0, 0.0]","stage2_test_f1":0.8713192943857625,"val_loss":0.38942447556228454,"_runtime":13,"lr_gumbel_bin":0.001,"stage2_test_acc":87.00373260943333,"train_acc":92.8051391862955,"bin_keep_ratio":0.2890625,"stage3_test_loss":0.37933372115950703,"stage1_test_f1":0.9190924499938599,"stage":3,"best_val_loss":0.24095593358226314,"epoch":15,"lr_backbone":0.0001,"lr":0.001,"stage1/use_pretrain_model":false,"stage1_test_acc":91.72039362063116,"stage_3_separableconvcnn/confusion_matrix_table":{"artifact_path":"wandb-client-artifact://tqpi0t1kwwswdg5lyhfi124eqid6ncn1ekdd9cxo58wwrxyhzjsaastexyr6fg53swhsh8w5lw4ltnzbus6t6czcnlk4cqylw6dqulz3lsbvsq9zqrh7x2u9463whiv1/stage_3_separableconvcnn/confusion_matrix_table.table.json","log_mode":"IMMUTABLE","_latest_artifact_path":"wandb-client-artifact://815t9kp9a43g0b74iwumew04xl1y7zn1uyfkl4l0y0so2suodyhkt7dysbcjifck5pxkxxskxsek2eik0c9ypfjp34lcvi2d224qz7b4qfyhgys318nc630ebza3n000:latest/stage_3_separableconvcnn/confusion_matrix_table.table.json","path":"media/table/stage_3_separableconvcnn/confusion_matrix_table_7_eb8ca102d81a11c03b11.table.json","ncols":3,"sha256":"eb8ca102d81a11c03b11a3c7ec3fb468feb8b76b72b84a079b60950c07627752","size":1369,"nrows":36,"_type":"table-file"},"_wandb":{"runtime":13},"stage1/test_loss":0.25057173036076164,"mask_l1":0.0390625,"train_loss":0.15473079445700744,"stage1_test_loss":0.25057173036076164,"_step":8,"stage3_test_f1":0.8905749458086848,"stage2_test_loss":0.42362639154806,"stage1/test_f1":0.9190924499938599,"stage3_test_acc":88.97183576518493}