{"val_loss":1.0496427097067929,"stage3_test_acc":88.36104513064133,"stage3_test_f1":0.8840836607720625,"lr_gumbel_bin":0.001,"stage1/test_f1":0.876917347795431,"train_acc":90.97872340425532,"bin_keep_ratio":0.23076923191547394,"best_val_loss":0.42986478158180286,"train_loss":0.21577936716958987,"stage2_test_f1":0.8740330353874772,"stage":3,"stage3_test_loss":0.32667241173914946,"stage2_test_acc":87.37699355276553,"stage_1_separableconvcnn/confusion_matrix_table":{"log_mode":"IMMUTABLE","_latest_artifact_path":"wandb-client-artifact://jnmmm0lsxq7on418rg33y5z6ajyte2o4qm4cyv40e0at3ovxe0rbj52j6sxb9hv6p3uy5gbqgxo6zhqcrwus8vs7lkaekkor3hvy7pmo5dro3nbagaa7un5emgdtq635:latest/stage_1_separableconvcnn/confusion_matrix_table.table.json","artifact_path":"wandb-client-artifact://ui83c7g1bp8vcenh5h7pcdlpqvq6kw1eomx7w76s5ox2wi7e2ip5voz60pn4octp5vfmena8pjdr9gs58y9lg705c8kxcbjdqw95y44k95102cqd76pr9xpuaveyu542/stage_1_separableconvcnn/confusion_matrix_table.table.json","sha256":"5112b3895e0c7e8dead39abba1f7322eec0085818df092622544a232c1cdda3d","ncols":3,"_type":"table-file","path":"media/table/stage_1_separableconvcnn/confusion_matrix_table_1_5112b3895e0c7e8dead3.table.json","size":1367,"nrows":36},"stage2_test_loss":0.3209239966499935,"stage1_test_f1":0.876917347795431,"stage1/test_acc":87.78418730912793,"stage1/use_pretrain_model":false,"_timestamp":1.7757685277776597e+09,"stage1_test_acc":87.78418730912793,"_step":11,"epoch":15,"stage2_hard_bin_mask_str":"[1.0, 1.0, 1.0, 1.0, 1.0, 1.0, 1.0, 1.0, 1.0, 1.0, 1.0, 1.0, 1.0, 1.0, 0.0, 1.0, 0.0, 0.0, 0.0, 0.0, 0.0, 0.0, 0.0, 0.0, 0.0, 0.0, 0.0, 0.0, 0.0, 0.0, 0.0, 0.0, 0.0, 0.0, 0.0, 0.0, 0.0, 0.0, 0.0, 0.0, 0.0, 0.0, 0.0, 0.0, 0.0, 0.0, 0.0, 0.0, 0.0, 0.0, 0.0, 0.0, 0.0, 0.0, 0.0, 0.0, 0.0, 0.0, 0.0, 0.0, 0.0, 0.0, 0.0, 0.0, 0.0]","_wandb":{"runtime":18},"stage1/test_loss":0.35822860038495447,"lr_backbone":0.0001,"stage_3_separableconvcnn/confusion_matrix_table":{"_type":"table-file","size":1368,"sha256":"b105c580c1904bcd6c9700171886f3a1439b42201bca0c4ed0a46410ecff36c3","ncols":3,"artifact_path":"wandb-client-artifact://vz8gstwrel2ipm0vtxidtzygyt5khyyh684s7q5tq00e69oe3fvguqo7pgc53bfv0mhkhklvs4alu5304kebquryyzq9sug9v7r9xflp8gtm73930nsumzjqs8p6gg76/stage_3_separableconvcnn/confusion_matrix_table.table.json","_latest_artifact_path":"wandb-client-artifact://r9vlccrl1cqbel8zduhd1ew779tfcovu3qwuocd3g6st0fjl6j95c4u2qb3afoeposeh1sry44qu9k05xyn1jcndmj6l73ihznrq387st9y8ug4smffq31dkx50yl8p5:latest/stage_3_separableconvcnn/confusion_matrix_table.table.json","log_mode":"IMMUTABLE","path":"media/table/stage_3_separableconvcnn/confusion_matrix_table_10_b105c580c1904bcd6c97.table.json","nrows":36},"_runtime":18,"stage1_test_loss":0.35822860038495447,"mask_l1":0.2153846025466919,"lr":0.001,"val_acc":73.17880794701986}