{"stage1/epoch":30,"stage1/stage_number":1,"test_acc":91.55072955548015,"stage1/lr":0.001,"stage1/test_loss":0.2481142066477273,"test_loss":0.2481142066477273,"stage1/test_acc":91.55072955548015,"_timestamp":1.7757557491723685e+09,"_wandb":{"runtime":20},"stage1/best_val_loss":0.08951764133340773,"stage1/val_acc":95.66326530612245,"stage1/train_loss":0.10876449494697582,"stage1_test_loss":0.2481142066477273,"_step":8,"best_val_loss":0.08951764133340773,"_runtime":20,"stage1/val_loss":0.10563773408470313,"stage_1_separableconvcnn/confusion_matrix_table":{"sha256":"10e07669296bcf5ba2279e29af0a84a1f88173148e4f0bad6c38df57689af24c","ncols":3,"size":1366,"path":"media/table/stage_1_separableconvcnn/confusion_matrix_table_8_10e07669296bcf5ba227.table.json","artifact_path":"wandb-client-artifact://vecym0a0ov9v2ix0yejw89t23fm68buaiv2eqlfdse00ho1i58bp3sbay63kc3k60poixeckxl6mc3fclehxzmly591vzoy6hx8buaw43enpe5a3fk3rk82jtpb9mgw7/stage_1_separableconvcnn/confusion_matrix_table.table.json","nrows":36,"_latest_artifact_path":"wandb-client-artifact://0nmaaz4aaqtpb5i0vys1qhi7gn5te86n0s66w2p70xjwqv4krk7ahvubypr4m844ercilpeo8n9arwve0ya3f85n0jw3dou5085qlxe11jqemowc93cgz0e7f66kl0tv:latest/stage_1_separableconvcnn/confusion_matrix_table.table.json","log_mode":"IMMUTABLE","_type":"table-file"},"stage1/train_acc":95.66091954022988,"stage1_test_acc":91.55072955548015,"best_epoch":21,"stage1/use_pretrain_model":false,"stage1/test_f1":0.9168024661823758,"stage1_test_f1":0.9168024661823758,"stage1/purpose":"train baseline model","test_f1_macro":0.9168024661823758}