{"stage1/stage_number":1,"stage1/best_val_loss":0.10696796418270296,"best_epoch":13,"test_loss":0.20608454581177776,"best_val_loss":0.10696796418270296,"stage1_test_loss":0.20608454581177776,"stage1/test_loss":0.20608454581177776,"_runtime":9,"test_f1_macro":0.9340293312577218,"stage1_test_f1":0.9340293312577218,"_timestamp":1.7757570235397537e+09,"stage1/test_f1":0.9340293312577218,"test_acc":93.34916864608076,"_wandb":{"runtime":9},"stage1/lr":0.001,"stage1/train_acc":96.30372492836676,"stage1/val_acc":87.90322580645162,"_step":6,"stage1_test_acc":93.34916864608076,"stage1/purpose":"train baseline model","stage1/train_loss":0.07091456178607777,"stage1/test_acc":93.34916864608076,"stage1/epoch":20,"stage1/val_loss":0.18497841663987835,"stage1/use_pretrain_model":false,"stage_1_separableconvcnn/confusion_matrix_table":{"_type":"table-file","log_mode":"IMMUTABLE","_latest_artifact_path":"wandb-client-artifact://7nbqc5e46xus1pyntmu8bnltnr1nzhiptf657bhidkz73x0sanwep0xenlji4477xlepfi7toy86iysgf2jq2epcc92szfnwg608mbgqm0t0vlwqtf2126bh6xiotvwr:latest/stage_1_separableconvcnn/confusion_matrix_table.table.json","sha256":"8cab147eeb459aea51c2cc881be46ee3aaebbf38bac7c785b4b22cac60ff3b5c","ncols":3,"nrows":36,"artifact_path":"wandb-client-artifact://owq2e8awsfd148nxyutrfge0uxixkm6l50ecbwvekhiay8oute4yqaq778i03cxvsxk1pz2zihxukfg6z2fvrsdlb8ezz3vcyd5ll6ntfqkqr3wcxm9svco0ae6609dt/stage_1_separableconvcnn/confusion_matrix_table.table.json","size":1362,"path":"media/table/stage_1_separableconvcnn/confusion_matrix_table_6_8cab147eeb459aea51c2.table.json"}}