{"stage1_test_loss":0.26277959650952193,"train_loss":0.14837698019730994,"stage_1_separableconvcnn/confusion_matrix_table":{"path":"media/table/stage_1_separableconvcnn/confusion_matrix_table_1_5e10bfc5089100db3fe5.table.json","_latest_artifact_path":"wandb-client-artifact://ytskhzhjtnv1c9atwygrumf1y3vjx4tgmujkt2bzvmv896mn6e1lxv0kmn27bqwtdte6ppnbuzltz6r9wd81vrn1bqthyy2d0i9qeq7b66cvm9zaqixbh9n8xdmryrp0:latest/stage_1_separableconvcnn/confusion_matrix_table.table.json","artifact_path":"wandb-client-artifact://2vjzd2zsnki3367ulkm9xk28wwv5e6310lnhybuj5xf9ec6gx3ez2ks2mwyt7xseg9gbr6i5d8wru3k329pvqjd1b0sl1r6c2aap7emvywq9af9b0u17s5v1u35nxfe7/stage_1_separableconvcnn/confusion_matrix_table.table.json","sha256":"5e10bfc5089100db3fe5728a7162421b691ff437e4ac9bceeeae0f92c75042d8","nrows":36,"ncols":3,"log_mode":"IMMUTABLE","size":1366,"_type":"table-file"},"lr_gumbel_bin":0.001,"stage1/use_pretrain_model":false,"mask_l1":0.203125,"_timestamp":1.7757801771792767e+09,"stage3_test_loss":0.27162258216390767,"lr_backbone":0.0001,"epoch":20,"stage":3,"lr":0.001,"stage2_hard_bin_mask_str":"[1.0, 1.0, 1.0, 1.0, 1.0, 1.0, 1.0, 1.0, 1.0, 1.0, 1.0, 1.0, 1.0, 1.0, 1.0, 1.0, 1.0, 1.0, 1.0, 1.0, 1.0, 0.0, 1.0, 1.0, 1.0, 1.0, 0.0, 1.0, 0.0, 0.0, 0.0, 0.0, 0.0, 1.0, 0.0, 0.0, 0.0, 0.0, 0.0, 0.0, 0.0, 0.0, 0.0, 0.0, 0.0, 1.0, 1.0, 0.0, 0.0, 0.0, 0.0, 0.0, 0.0, 0.0, 0.0, 0.0, 0.0, 0.0, 0.0, 0.0, 0.0, 0.0, 0.0, 0.0, 0.0, 0.0, 0.0, 0.0, 0.0, 0.0, 0.0, 0.0, 0.0, 0.0, 0.0, 0.0, 0.0, 0.0, 0.0, 0.0, 0.0, 0.0, 0.0, 0.0, 0.0, 0.0, 0.0, 0.0, 0.0, 0.0, 0.0, 0.0, 0.0, 0.0, 0.0, 0.0, 0.0, 0.0, 0.0, 0.0, 0.0, 0.0, 0.0, 0.0, 0.0, 0.0, 0.0, 0.0, 0.0, 0.0, 0.0, 0.0, 0.0, 0.0, 0.0, 0.0, 0.0, 0.0, 0.0, 0.0, 0.0, 0.0, 0.0, 0.0, 0.0, 0.0, 0.0, 0.0]","stage3_test_acc":90.63454360366474,"bin_keep_ratio":0.2265625,"stage2_test_f1":0.8755825628838073,"stage1/test_acc":90.26128266033254,"stage1_test_f1":0.9051329843595525,"stage3_test_f1":0.9092862973781392,"_step":10,"stage2_test_loss":0.3176978321853124,"best_val_loss":0.1630723269861094,"stage1/test_f1":0.9051329843595525,"val_loss":0.3924151034879435,"train_acc":93.25681492109038,"stage1/test_loss":0.26277959650952193,"stage1_test_acc":90.26128266033254,"_runtime":16,"stage_3_separableconvcnn/confusion_matrix_table":{"nrows":36,"artifact_path":"wandb-client-artifact://ng6i6hahxhfcnsdpblapu5vfc2faz0ykeb14em1vtove29i1h8kqpt7xqs4o5e8b3nadz4v32wte224ht690s2v0xsrx4wq26t1bwmenfkrph1h0j6pz2b1znm7ohvan/stage_3_separableconvcnn/confusion_matrix_table.table.json","_type":"table-file","log_mode":"IMMUTABLE","_latest_artifact_path":"wandb-client-artifact://jjwx02enl8hueldzl40eqlz0w8swiquym1xaole76qivsuz4kjzpomssj8lz2nj6ao3wq9zqixgvonjt8bcbanmi2x0yg6zitcxz6peyywt6mmwm1cuv3dnk5s8gkxmt:latest/stage_3_separableconvcnn/confusion_matrix_table.table.json","ncols":3,"size":1366,"sha256":"b638fbd1a5067f866ea0245fc0974fe982992ac9de4ce8ee5ef8b6bfdf04619a","path":"media/table/stage_3_separableconvcnn/confusion_matrix_table_9_b638fbd1a5067f866ea0.table.json"},"_wandb":{"runtime":16},"val_acc":91.62303664921465,"stage2_test_acc":87.47879199185613}