{"model_param_count":17680,"model_param_reduction_pct":52.045133991537384,"best_val_loss":0.09947952887874421,"stage2/block3_Pruned_%":50.78125,"stage1/test_acc":91.95792331184255,"stage2/Total_Pruned_%":37.81250000000001,"train_loss":0.0828291028959295,"stage2_test_acc":91.07567017305735,"block3_Pruned_%":50.78125,"stage2/raw_hard_mask_block2":"[1.0, 0.0, 0.0, 1.0, 0.0, 1.0, 1.0, 1.0, 1.0, 1.0, 0.0, 0.0, 1.0, 0.0, 1.0, 0.0, 1.0, 1.0, 1.0, 1.0, 0.0, 1.0, 0.0, 0.0, 1.0, 0.0, 1.0, 1.0, 0.0, 1.0, 1.0, 1.0, 1.0, 1.0, 0.0, 0.0, 0.0, 0.0, 1.0, 1.0, 0.0, 0.0, 1.0, 1.0, 0.0, 1.0, 1.0, 0.0, 1.0, 0.0, 0.0, 0.0, 1.0, 1.0, 1.0, 0.0, 0.0, 1.0, 0.0, 0.0, 1.0, 0.0, 1.0, 0.0]","stage1_test_loss":0.2303596080614895,"stage1/use_pretrain_model":false,"stage3_test_loss":0.23693453780693263,"_runtime":19,"stage1_test_acc":91.95792331184255,"stage2/final_mask_keep_ratio_block2":0.546875,"stage2/lr_backbone":0.0001,"stage1/test_loss":0.2303596080614895,"lr_loaded_weights":0.0001,"stage2/mask_l1":0.49335479736328125,"stage2/final_mask_keep_ratio_block3":0.4921875,"_step":11,"stage2/test_f1":0.9100627532577814,"stage_3_prunedseparableconvcnn/confusion_matrix_table":{"path":"media/table/stage_3_prunedseparableconvcnn/confusion_matrix_table_9_46d1e7163b332c15897a.table.json","nrows":36,"artifact_path":"wandb-client-artifact://3imgrpdvlnsdom0ybzihhigcfzqv47fuw3batx6l1jbj1ei9w2aoheeks56ai1dm1rsqd1055q5wyi40tyqytmn1f71sw3owvnd8j87ic2syo3yem1ea0hj60x8junha/stage_3_prunedseparableconvcnn/confusion_matrix_table.table.json","log_mode":"IMMUTABLE","ncols":3,"size":1363,"sha256":"46d1e7163b332c15897ae920eb3981f63c10f9006ed6c65ddb4532a27d58e538","_type":"table-file","_latest_artifact_path":"wandb-client-artifact://4u2xke2zkwllc9gnldpuqurwnlt5078rl0gvzkqw36onakkhfu6bwd9w2qt68f6lcro9odn3z1sd359yx7vygj3hl4n23763183b5zlz51fxnthuk9exrbk2hc0ztlv9:latest/stage_3_prunedseparableconvcnn/confusion_matrix_table.table.json"},"val_acc":92.17081850533808,"stage2/test_loss":0.3202521937264399,"model_param_count_pruned":17680,"stage2/raw_hard_mask_block3":"[1.0, 0.0, 0.0, 0.0, 1.0, 1.0, 1.0, 0.0, 0.0, 0.0, 0.0, 1.0, 1.0, 1.0, 1.0, 1.0, 0.0, 1.0, 1.0, 0.0, 1.0, 1.0, 1.0, 1.0, 0.0, 1.0, 0.0, 1.0, 1.0, 0.0, 1.0, 1.0, 0.0, 0.0, 0.0, 0.0, 1.0, 1.0, 1.0, 0.0, 0.0, 1.0, 1.0, 1.0, 0.0, 0.0, 0.0, 1.0, 1.0, 1.0, 0.0, 1.0, 1.0, 0.0, 0.0, 0.0, 1.0, 1.0, 0.0, 0.0, 0.0, 1.0, 0.0, 0.0, 0.0, 1.0, 0.0, 0.0, 0.0, 1.0, 0.0, 1.0, 0.0, 0.0, 1.0, 1.0, 0.0, 0.0, 1.0, 1.0, 0.0, 0.0, 1.0, 0.0, 0.0, 0.0, 0.0, 0.0, 1.0, 1.0, 1.0, 0.0, 1.0, 1.0, 1.0, 1.0, 0.0, 1.0, 1.0, 0.0, 1.0, 0.0, 1.0, 1.0, 0.0, 0.0, 0.0, 0.0, 0.0, 0.0, 1.0, 0.0, 1.0, 0.0, 0.0, 0.0, 0.0, 1.0, 1.0, 1.0, 1.0, 0.0, 1.0, 0.0, 0.0, 1.0, 0.0, 1.0]","epoch":10,"stage2/train_acc":90.60953189082167,"stage3_test_acc":92.50084832032576,"stage2/train_loss":0.6591685527437496,"_timestamp":1.7768006544193134e+09,"stage2/lr_gumbel":0.001,"stage2_test_loss":0.3202521937264399,"block4_Pruned_%":21.09375,"stage2/test_acc":91.07567017305735,"stage2/purpose":"train channel-pruning model with masking","stage1_test_f1":0.9178794296445875,"stage1/test_f1":0.9178794296445875,"stage2/block2_Pruned_%":45.3125,"block2_Pruned_%":45.3125,"final_summary_log_path":"/home/qphan/master-thesis/models/uci_best_model_three_stage_channel_subject8_val_final_summary_val_8.txt","stage2/best_val_loss":0.06418920598685529,"stage":3,"_wandb":{"runtime":19},"train_acc":96.40786310281432,"stage2/block4_Pruned_%":21.09375,"stage2/val_acc":93.95017793594306,"model_param_count_dense":36868,"stage3_test_f1":0.9252352656156652,"stage2/stage_number":2,"val_loss":0.13373722717294584,"stage_1_separableconvcnn/confusion_matrix_table":{"path":"media/table/stage_1_separableconvcnn/confusion_matrix_table_1_ded24a0d709e3067d1e9.table.json","ncols":3,"sha256":"ded24a0d709e3067d1e97725c9964b2985b0871749f296993efb7927ab4aeac6","_type":"table-file","log_mode":"IMMUTABLE","_latest_artifact_path":"wandb-client-artifact://7y4fqswnv0c94abnpcwb0v3mtqfngs03golx932o1pnvnljknfvkcc3wyazbh6jn6gj01x5prida3opjzxjfqqhla0eqyinru0lhsd5muxgkroono00coyb2ke81n4w3:latest/stage_1_separableconvcnn/confusion_matrix_table.table.json","size":1363,"nrows":36,"artifact_path":"wandb-client-artifact://zgqay4p6egwde64bwh2vnooy0iryb0qojuznzx9d8kk52se6a4fmao8852fdthjvydchq6bnx80190sb87yr50zgv7x68iyj5zv2d4xs5to33av6i4c6b7n36h6tpm4b/stage_1_separableconvcnn/confusion_matrix_table.table.json"},"stage2/epoch":20,"stage2/val_loss":0.10461232347374126,"stage2_test_f1":0.9100627532577814,"stage2/final_mask_keep_ratio_block4":0.7890625,"Total_Pruned_%":37.81250000000001,"stage2/raw_hard_mask_block4":"[1.0, 1.0, 1.0, 0.0, 0.0, 1.0, 1.0, 1.0, 1.0, 1.0, 1.0, 1.0, 1.0, 1.0, 1.0, 1.0, 1.0, 1.0, 1.0, 1.0, 1.0, 1.0, 1.0, 1.0, 1.0, 0.0, 0.0, 0.0, 0.0, 0.0, 1.0, 1.0, 1.0, 1.0, 1.0, 1.0, 1.0, 0.0, 1.0, 0.0, 1.0, 1.0, 1.0, 0.0, 0.0, 1.0, 1.0, 1.0, 1.0, 1.0, 1.0, 1.0, 1.0, 1.0, 1.0, 1.0, 0.0, 1.0, 1.0, 0.0, 1.0, 1.0, 1.0, 0.0, 1.0, 1.0, 0.0, 1.0, 0.0, 1.0, 1.0, 1.0, 1.0, 1.0, 1.0, 1.0, 1.0, 1.0, 0.0, 1.0, 1.0, 1.0, 1.0, 0.0, 1.0, 1.0, 1.0, 1.0, 1.0, 1.0, 0.0, 0.0, 1.0, 1.0, 1.0, 1.0, 1.0, 1.0, 0.0, 1.0, 1.0, 1.0, 0.0, 1.0, 0.0, 1.0, 1.0, 1.0, 1.0, 0.0, 1.0, 1.0, 1.0, 1.0, 1.0, 0.0, 1.0, 1.0, 1.0, 1.0, 1.0, 0.0, 1.0, 0.0, 1.0, 1.0, 1.0, 1.0]","stage2/best_epoch":13}