{"_runtime":144,"val_acc":55.925666199158485,"stage2_hard_bin_mask_str":"[0.0, 0.0, 1.0, 1.0, 1.0, 1.0, 1.0, 1.0, 1.0, 1.0, 1.0, 1.0, 1.0, 1.0, 1.0, 1.0, 1.0, 1.0, 1.0, 1.0, 1.0, 1.0, 1.0, 1.0, 1.0, 1.0, 1.0, 1.0, 1.0, 1.0, 1.0, 1.0, 1.0, 1.0, 1.0, 1.0, 1.0, 1.0, 1.0, 1.0, 1.0, 1.0, 1.0, 1.0, 1.0, 1.0, 1.0, 1.0, 1.0, 1.0, 0.0, 0.0, 0.0, 0.0, 0.0, 0.0, 0.0, 0.0, 0.0, 0.0, 0.0, 0.0, 0.0, 0.0, 0.0, 0.0, 0.0, 0.0, 0.0, 0.0, 0.0, 0.0, 0.0, 0.0, 0.0, 0.0, 0.0, 0.0, 0.0, 0.0, 0.0, 0.0, 0.0, 0.0, 0.0, 0.0, 0.0, 0.0, 0.0, 0.0, 0.0, 0.0, 0.0, 0.0, 0.0, 0.0, 0.0, 0.0, 0.0, 0.0]","train_loss":0.4658267897884443,"train_acc":72.22825764908053,"best_val_loss":0.9013831485872683,"stage2_test_acc":79.73209685729006,"stage_3_separableconvcnn/confusion_matrix_table":{"_type":"table-file","ncols":3,"nrows":64,"size":2013,"_latest_artifact_path":"wandb-client-artifact://j54xn2riux5theseo3dsmkoitcmx67s8t6p2b99bkzkli2rn18q5iv3kl6kzgwcl6j07oep96j8nqga72svv7sliwd0am69n8e41hlprjkmp6mpti4njptp7n034upr9:latest/stage_3_separableconvcnn/confusion_matrix_table.table.json","log_mode":"IMMUTABLE","sha256":"ca6a4e01f3fc4f6d1c26f368896f46973c184a209e544b8981d891059d87369c","artifact_path":"wandb-client-artifact://2pymbnnseiudfg094vhncey0k2rzsoib7g7ul90vpqay8nux09499ygxq6ply0kzorputqpchm0kipndxwz3vreo7nv8cjdenzkoe80drliuovoy7vui6mtf0ojz9arh/stage_3_separableconvcnn/confusion_matrix_table.table.json","path":"media/table/stage_3_separableconvcnn/confusion_matrix_table_6_ca6a4e01f3fc4f6d1c26.table.json"},"stage3_test_f1":0.6873957268754252,"_step":7,"stage3_test_acc":76.51725914477073,"val_loss":1.1777236284413812,"epoch":10,"lr":0.001,"stage2_test_loss":0.5856261847271079,"stage1_test_loss":0.6137868468683032,"lr_gumbel_bin":0.001,"stage1_test_f1":0.7038299728794193,"stage":3,"_timestamp":1.7764568695498078e+09,"stage1_test_acc":77.24884080370943,"mask_l1":0.48000001907348633,"stage3_test_loss":0.6242243341360738,"_wandb":{"runtime":144},"stage_1_separableconvcnn/confusion_matrix_table":{"nrows":64,"log_mode":"IMMUTABLE","path":"media/table/stage_1_separableconvcnn/confusion_matrix_table_0_dcbebac601eb1290884c.table.json","artifact_path":"wandb-client-artifact://ly7nfphkdfkuui1jg98jo3du810aocb4wtz1fg9jvdbx4fr09xf1iumaqcra7lyqojvdk8ym4hs0k3tbusioa0laa7lujotowe2cfyuxuhpn21du17yct2nbgw64b170/stage_1_separableconvcnn/confusion_matrix_table.table.json","_latest_artifact_path":"wandb-client-artifact://ry71297p90pq6xqye6ia70b2d8p9mgl8xkm3pvrrolnincqcp1ni2qluas8cjgh4tu0yaqsjz769xqtbvoecpsxiy8etwg1921dadwbkg0tg81cdckzpp2laeqm7lwng:latest/stage_1_separableconvcnn/confusion_matrix_table.table.json","size":2015,"_type":"table-file","ncols":3,"sha256":"dcbebac601eb1290884c6d695e3deaabca3da563fcf5b6a0d206e0f33c58fb2c"},"bin_keep_ratio":0.47999998927116394,"lr_backbone":0.0001,"stage2_test_f1":0.7081259767697847}