{"model_param_count_pruned":4141,"stage2/val_loss":1.7076491835891017,"stage":3,"stage2_test_f1":0.25889521046921016,"final_summary_log_path":"/home/qphan/master-thesis/models/uci_best_model_three_stage_channel_subject5_val_final_summary_val_5.txt","stage1_test_f1":0.9295630679005958,"block3_Pruned_%":80.46875,"stage2/raw_hard_mask_block4":"[0.0, 0.0, 0.0, 0.0, 0.0, 0.0, 0.0, 0.0, 0.0, 0.0, 0.0, 0.0, 0.0, 0.0, 0.0, 0.0, 0.0, 0.0, 0.0, 1.0, 0.0, 0.0, 0.0, 0.0, 0.0, 0.0, 0.0, 0.0, 1.0, 0.0, 0.0, 0.0, 1.0, 1.0, 0.0, 0.0, 1.0, 0.0, 0.0, 1.0, 0.0, 0.0, 0.0, 0.0, 0.0, 0.0, 0.0, 0.0, 0.0, 0.0, 0.0, 0.0, 0.0, 0.0, 1.0, 1.0, 0.0, 0.0, 1.0, 0.0, 0.0, 1.0, 0.0, 0.0, 0.0, 0.0, 0.0, 0.0, 0.0, 0.0, 0.0, 1.0, 0.0, 1.0, 0.0, 0.0, 1.0, 0.0, 0.0, 0.0, 0.0, 0.0, 0.0, 0.0, 0.0, 1.0, 0.0, 0.0, 1.0, 0.0, 0.0, 0.0, 1.0, 0.0, 0.0, 0.0, 0.0, 1.0, 0.0, 0.0, 0.0, 0.0, 0.0, 0.0, 1.0, 0.0, 0.0, 0.0, 1.0, 0.0, 0.0, 1.0, 0.0, 0.0, 0.0, 0.0, 1.0, 0.0, 0.0, 0.0, 0.0, 1.0, 0.0, 0.0, 0.0, 0.0, 0.0, 0.0]","stage2_test_loss":1.5819497462810805,"stage1/test_loss":0.2021587040998202,"stage2/test_loss":1.5819497462810805,"stage2/lr_backbone":0.0001,"block2_Pruned_%":70.3125,"stage2/final_mask_keep_ratio_block3":0.1953125,"stage2/raw_hard_mask_block2":"[0.0, 0.0, 0.0, 0.0, 0.0, 0.0, 1.0, 0.0, 0.0, 0.0, 0.0, 0.0, 0.0, 0.0, 1.0, 0.0, 0.0, 1.0, 1.0, 0.0, 1.0, 0.0, 0.0, 1.0, 0.0, 0.0, 0.0, 0.0, 1.0, 1.0, 1.0, 1.0, 1.0, 0.0, 0.0, 1.0, 0.0, 0.0, 1.0, 0.0, 0.0, 0.0, 0.0, 1.0, 0.0, 0.0, 0.0, 0.0, 1.0, 0.0, 0.0, 1.0, 0.0, 0.0, 0.0, 0.0, 1.0, 0.0, 1.0, 0.0, 0.0, 1.0, 0.0, 0.0]","stage_1_separableconvcnn/confusion_matrix_table":{"sha256":"c09939a5988031abee546f4eda1cb237ca12974b55a05bdb6c5f6ae8158b4a13","nrows":36,"_latest_artifact_path":"wandb-client-artifact://4f1r2ia213a77vojwo3h3g7ccmpwrqg3xn06c1ndj3gawb6zfmze964iceghmfvxiqitwgxx9ggnmiaqtnfixt6ayp5mjza3r3mzv5d922gppe7okj852yaxpnojhyyd:latest/stage_1_separableconvcnn/confusion_matrix_table.table.json","artifact_path":"wandb-client-artifact://1shjh3uwky3r5x2y40dvngfhowmbe1i9txne7yit7fsbz4xhl8s044vtgumk9f2ea9fneem6a51q36siv4z1p3sybijaxh7h7xxewgs8ox0t6l9mdu6bj7d4dit84ayb/stage_1_separableconvcnn/confusion_matrix_table.table.json","size":1363,"log_mode":"IMMUTABLE","_type":"table-file","ncols":3,"path":"media/table/stage_1_separableconvcnn/confusion_matrix_table_1_c09939a5988031abee54.table.json"},"stage2/Total_Pruned_%":79.375,"_runtime":16,"stage2/best_val_loss":1.4747441762330515,"model_param_count_dense":36868,"stage1/test_f1":0.9295630679005958,"stage2/test_acc":34.64540210383441,"_wandb":{"runtime":16},"stage2/stage_number":2,"stage2/block4_Pruned_%":82.8125,"epoch":20,"stage3_test_loss":0.2721187643475153,"stage1/test_acc":92.84017645062775,"stage3_test_acc":89.82015609093993,"stage_3_prunedseparableconvcnn/confusion_matrix_table":{"nrows":36,"ncols":3,"size":1364,"_latest_artifact_path":"wandb-client-artifact://yhodtr5g01uw7npsb62umohufk9uclbkuxg8fukin8uhxeih0dp4f81btfltwji33bcznizmr2820o0uqbpsfw8nicvh8kq5e0ll7mdd9yxxs5roft5y7rg1ntxdbax8:latest/stage_3_prunedseparableconvcnn/confusion_matrix_table.table.json","path":"media/table/stage_3_prunedseparableconvcnn/confusion_matrix_table_9_656af20fca430ef090b3.table.json","log_mode":"IMMUTABLE","_type":"table-file","artifact_path":"wandb-client-artifact://9s7uppfgh86z8kvac5en2vbo1qhntee1khd7lt9di44cr9vvisa5xkkl8ri533cmcplfnryw6q2ms6f5wy94u5qm6vc8vgvcnabncvsc85tzr4t2gf6dehqqso20veev/stage_3_prunedseparableconvcnn/confusion_matrix_table.table.json","sha256":"656af20fca430ef090b31b8169051995304835801fe1ca4e39699e543fe5551c"},"stage2/raw_hard_mask_block3":"[0.0, 1.0, 0.0, 0.0, 0.0, 0.0, 0.0, 0.0, 1.0, 0.0, 0.0, 0.0, 0.0, 0.0, 0.0, 0.0, 0.0, 0.0, 0.0, 0.0, 1.0, 1.0, 0.0, 0.0, 0.0, 1.0, 0.0, 0.0, 1.0, 0.0, 0.0, 0.0, 0.0, 0.0, 0.0, 0.0, 0.0, 0.0, 0.0, 0.0, 0.0, 0.0, 1.0, 0.0, 0.0, 0.0, 0.0, 0.0, 0.0, 0.0, 0.0, 0.0, 0.0, 1.0, 1.0, 0.0, 0.0, 0.0, 0.0, 0.0, 0.0, 1.0, 0.0, 0.0, 1.0, 1.0, 0.0, 1.0, 0.0, 0.0, 1.0, 0.0, 0.0, 0.0, 0.0, 0.0, 1.0, 0.0, 1.0, 0.0, 0.0, 0.0, 1.0, 0.0, 0.0, 0.0, 0.0, 0.0, 0.0, 0.0, 0.0, 0.0, 0.0, 0.0, 0.0, 0.0, 0.0, 0.0, 0.0, 0.0, 0.0, 0.0, 0.0, 0.0, 0.0, 0.0, 0.0, 0.0, 0.0, 0.0, 0.0, 0.0, 0.0, 0.0, 0.0, 0.0, 1.0, 0.0, 0.0, 1.0, 1.0, 1.0, 1.0, 1.0, 0.0, 1.0, 0.0, 1.0]","stage2/block2_Pruned_%":70.3125,"stage2/mask_l1":0.4746158719062805,"stage1_test_acc":92.84017645062775,"val_loss":0.472856972539267,"stage2/lr_gumbel":0.001,"stage2/train_acc":75.13475177304964,"Total_Pruned_%":79.375,"train_acc":95.41843971631205,"stage2_test_acc":34.64540210383441,"stage3_test_f1":0.8985579901930726,"model_param_reduction_pct":88.76803732233915,"best_val_loss":0.4637652116994195,"stage2/purpose":"train channel-pruning model with masking","stage2/val_acc":32.78145695364238,"stage2/final_mask_keep_ratio_block4":0.171875,"stage1/use_pretrain_model":false,"lr_loaded_weights":0.0001,"stage2/epoch":10,"val_acc":72.51655629139073,"stage1_test_loss":0.2021587040998202,"stage2/block3_Pruned_%":80.46875,"stage2/final_mask_keep_ratio_block2":0.296875,"_timestamp":1.7768055901099813e+09,"stage2/train_loss":2.106165871856906,"train_loss":0.12375564149085512,"stage2/test_f1":0.25889521046921016,"_step":11,"block4_Pruned_%":82.8125,"model_param_count":4141,"stage2/best_epoch":1}