{"best_val_loss":0.3507903189403224,"block2_Pruned_%":42.1875,"stage2/raw_hard_mask_block4":"[1.0, 1.0, 1.0, 1.0, 0.0, 1.0, 1.0, 1.0, 1.0, 1.0, 0.0, 1.0, 1.0, 1.0, 0.0, 1.0, 0.0, 1.0, 1.0, 1.0, 1.0, 1.0, 1.0, 0.0, 0.0, 1.0, 1.0, 1.0, 0.0, 0.0, 0.0, 1.0, 1.0, 0.0, 1.0, 0.0, 1.0, 1.0, 0.0, 1.0, 1.0, 1.0, 1.0, 1.0, 1.0, 1.0, 0.0, 0.0, 1.0, 1.0, 1.0, 1.0, 1.0, 1.0, 1.0, 1.0, 1.0, 0.0, 0.0, 1.0, 1.0, 1.0, 1.0, 0.0, 1.0, 1.0, 0.0, 0.0, 1.0, 1.0, 0.0, 1.0, 1.0, 1.0, 1.0, 1.0, 0.0, 0.0, 1.0, 0.0, 1.0, 0.0, 1.0, 1.0, 0.0, 1.0, 1.0, 1.0, 1.0, 1.0, 1.0, 1.0, 0.0, 1.0, 1.0, 1.0, 1.0, 1.0, 1.0, 1.0, 1.0, 1.0, 0.0, 0.0, 1.0, 1.0, 1.0, 1.0, 0.0, 1.0, 1.0, 1.0, 1.0, 1.0, 1.0, 0.0, 1.0, 1.0, 1.0, 0.0, 1.0, 1.0, 0.0, 1.0, 0.0, 1.0, 1.0, 0.0]","stage2/test_acc":85.71428571428571,"epoch":35,"stage1_test_f1":0.8925505607945969,"stage1/test_f1":0.8925505607945969,"stage1_test_loss":0.3122502789217946,"model_param_count":15753,"stage2/raw_hard_mask_block2":"[0.0, 1.0, 1.0, 1.0, 1.0, 1.0, 1.0, 1.0, 0.0, 0.0, 1.0, 1.0, 0.0, 0.0, 1.0, 1.0, 1.0, 1.0, 0.0, 1.0, 0.0, 1.0, 1.0, 1.0, 1.0, 0.0, 0.0, 1.0, 0.0, 0.0, 1.0, 1.0, 0.0, 0.0, 1.0, 0.0, 1.0, 0.0, 1.0, 0.0, 0.0, 1.0, 0.0, 0.0, 1.0, 1.0, 0.0, 1.0, 0.0, 1.0, 0.0, 0.0, 1.0, 1.0, 1.0, 0.0, 1.0, 1.0, 0.0, 1.0, 0.0, 0.0, 1.0, 1.0]","stage2_test_f1":0.8594422004074578,"stage2/final_mask_keep_ratio_block3":0.421875,"stage2/val_loss":0.49029779621443825,"_timestamp":1.7758516436135232e+09,"stage3_test_f1":0.898123622763015,"stage_1_separableconvcnn/confusion_matrix_table":{"log_mode":"IMMUTABLE","sha256":"e9271ad1c0d6eb115873b79bcea70d5184eb36695de8e731069de72e9927e820","_type":"table-file","path":"media/table/stage_1_separableconvcnn/confusion_matrix_table_1_e9271ad1c0d6eb115873.table.json","ncols":3,"nrows":36,"_latest_artifact_path":"wandb-client-artifact://04f551enr5bd3n1yz6cfi782mtr6318ftq62ukxk0oish6ln8rzf13p4i6v6qyk1n64s0lulug6ksvik5w5kxr4676eu25c3pqtfde8bvm2q72dke8lunvrzdctqzos9:latest/stage_1_separableconvcnn/confusion_matrix_table.table.json","size":1366,"artifact_path":"wandb-client-artifact://ykr929bcepg3nvcl5brq5c15ekvlf4pjgoihpcxddl2d29uxwxtn7zpryxr32bpc68sv20lvxeir5kk6r762jchvwya2cwg2at7ffkqi5df0xvdtbcbf0tf6dxa01rdp/stage_1_separableconvcnn/confusion_matrix_table.table.json"},"stage1/use_pretrain_model":false,"stage2/block2_Pruned_%":42.1875,"Total_Pruned_%":42.1875,"stage2/epoch":60,"stage2/raw_hard_mask_block3":"[0.0, 1.0, 0.0, 0.0, 0.0, 0.0, 1.0, 1.0, 0.0, 0.0, 0.0, 0.0, 0.0, 0.0, 1.0, 0.0, 1.0, 0.0, 0.0, 0.0, 1.0, 1.0, 1.0, 0.0, 0.0, 0.0, 1.0, 1.0, 1.0, 1.0, 0.0, 0.0, 1.0, 1.0, 0.0, 1.0, 1.0, 0.0, 1.0, 0.0, 0.0, 0.0, 0.0, 0.0, 1.0, 1.0, 0.0, 0.0, 1.0, 0.0, 0.0, 1.0, 1.0, 1.0, 0.0, 1.0, 1.0, 0.0, 1.0, 0.0, 1.0, 0.0, 0.0, 0.0, 1.0, 0.0, 0.0, 1.0, 0.0, 1.0, 0.0, 1.0, 0.0, 0.0, 1.0, 0.0, 1.0, 0.0, 0.0, 0.0, 1.0, 0.0, 0.0, 0.0, 0.0, 1.0, 1.0, 1.0, 0.0, 0.0, 0.0, 0.0, 0.0, 1.0, 0.0, 1.0, 0.0, 1.0, 0.0, 0.0, 1.0, 0.0, 1.0, 0.0, 0.0, 0.0, 0.0, 0.0, 1.0, 0.0, 1.0, 1.0, 1.0, 1.0, 1.0, 0.0, 0.0, 0.0, 1.0, 0.0, 0.0, 0.0, 1.0, 0.0, 1.0, 1.0, 1.0, 1.0]","stage2/train_acc":80.76040172166428,"stage1_test_acc":88.90397013912454,"stage2/lr_backbone":0.0001,"stage2/block3_Pruned_%":57.8125,"_runtime":45,"final_summary_log_path":"/home/qphan/master-thesis/models/uci_best_model_three_stage_channel_subject28_val_final_summary_val_28.txt","stage2/purpose":"train channel-pruning model with masking","stage":3,"_step":24,"stage2/best_val_loss":0.47093970215445413,"stage2/final_mask_keep_ratio_block2":0.578125,"stage2/Total_Pruned_%":42.1875,"stage1/test_acc":88.90397013912454,"stage1/test_loss":0.3122502789217946,"val_acc":88.48167539267016,"stage2/stage_number":2,"stage3_test_acc":89.61655921275874,"block4_Pruned_%":26.5625,"stage2/test_f1":0.8594422004074578,"model_param_reduction_pct":57.2718889009439,"stage2/best_epoch":58,"stage2/mask_l1":0.5195361375808716,"val_loss":0.3743043363250363,"stage2/block4_Pruned_%":26.5625,"stage_3_prunedseparableconvcnn/confusion_matrix_table":{"nrows":36,"log_mode":"IMMUTABLE","_type":"table-file","sha256":"2709945f8a5aa29911d5b8949c897dc4066e43d325844d296e6d62dfd432c589","artifact_path":"wandb-client-artifact://hb4a64yb8u4zuw418rmkd50b2m3y2kvac3czpc3zoo0komt593pbc53ak3u30pgynwdavpo0o314ejfosxhe55i29x5slhyj6p7r1n0lz7uodfvae6c497xquriaj1au/stage_3_prunedseparableconvcnn/confusion_matrix_table.table.json","size":1367,"path":"media/table/stage_3_prunedseparableconvcnn/confusion_matrix_table_22_2709945f8a5aa29911d5.table.json","_latest_artifact_path":"wandb-client-artifact://p08s2e21ilidewi0tl1ixekupjg5fewt0v5islctzlg0h4d29xub7jv0c5wi82x9ql84cbvmc3z4x8gcp2kmazcsxvjaklvtyohmqbqs9fuzn9c7ovh9wthae90m2a24:latest/stage_3_prunedseparableconvcnn/confusion_matrix_table.table.json","ncols":3},"stage3_test_loss":0.3067574932565385,"model_param_count_dense":36868,"model_param_count_pruned":15753,"_wandb":{"runtime":45},"stage2/lr_gumbel":0.001,"train_acc":90.5738880918221,"stage2/train_loss":0.5170408329115366,"stage2/final_mask_keep_ratio_block4":0.734375,"stage2_test_acc":85.71428571428571,"lr_loaded_weights":0.0001,"stage2_test_loss":0.3824035087056197,"stage2/val_acc":80.10471204188482,"stage2/test_loss":0.3824035087056197,"train_loss":0.22030976269303298,"block3_Pruned_%":57.8125}