{"stage3_test_loss":0.515098831938369,"_wandb":{"runtime":15},"epoch":20,"best_val_loss":0.32831380380685266,"bin_keep_ratio":0.2109375,"stage_1_separableconvcnn/confusion_matrix_table":{"ncols":3,"_latest_artifact_path":"wandb-client-artifact://796t22qj2b3tevitq00klalxztdcmaq31eh69hntpvaruse5dvmvm7u91z4vb0z3ref04nz1ua7qco1mbiw0riw9gbdtzmbbwi7ckmcpq3p1byfdx1nd9uwojsnh8k4h:latest/stage_1_separableconvcnn/confusion_matrix_table.table.json","_type":"table-file","log_mode":"IMMUTABLE","path":"media/table/stage_1_separableconvcnn/confusion_matrix_table_1_ba1709b9ded253dca6f1.table.json","artifact_path":"wandb-client-artifact://qx7zro0zmgx2zznjoj4lle1xm1q6y3iaqe9izli15axhhc2w7z3i9g0jloca12duq7e1i9603jp5e9lrgwmbd7coaxukh9x6otmkt2w2fwnbrsgs438sam5hbs5jo707/stage_1_separableconvcnn/confusion_matrix_table.table.json","sha256":"ba1709b9ded253dca6f14b8d1a777336f0cb86899167c45d58f90d5e787020ac","size":1366,"nrows":36},"stage2_test_f1":0.7872741568706524,"stage2_test_acc":79.09738717339667,"_timestamp":1.7764200570191762e+09,"stage1/test_acc":91.72039362063116,"val_loss":0.35361175987230725,"stage1/test_loss":0.25057173036076164,"train_loss":0.20863160292307537,"lr_gumbel_bin":0.001,"stage2_test_loss":0.6464436360444301,"stage":3,"stage1_test_loss":0.25057173036076164,"val_acc":87.89625360230548,"stage3_test_f1":0.8555672689211221,"stage1/test_f1":0.9190924499938599,"_step":9,"stage_3_separableconvcnn/confusion_matrix_table":{"artifact_path":"wandb-client-artifact://66pwrshpyxapge4etqye4ujxuexqmjauj0w15znx8bvnc7ve8drmpqsuxnhnkc2kchcmrqcedaw11hjth6h6xb37a5st5yqwmwakprdxqzwj19sbbvhmelgu10gwzg6q/stage_3_separableconvcnn/confusion_matrix_table.table.json","size":1370,"_latest_artifact_path":"wandb-client-artifact://63c04bcof98fd1aleb9vjcpzis5wpydnsby6yiambletzyzwhrxczz70xotv21n4xy7tjyxkib5g2ut32ogc6br9at02kj704110zob8kahpjydrh4yel68eh5i0bhyt:latest/stage_3_separableconvcnn/confusion_matrix_table.table.json","sha256":"c460efbfbbfe32a5ae00f5dda1106faf0d4eb555bb8f73e4efc3898a93108c9a","ncols":3,"_type":"table-file","nrows":36,"log_mode":"IMMUTABLE","path":"media/table/stage_3_separableconvcnn/confusion_matrix_table_8_c460efbfbbfe32a5ae00.table.json"},"train_acc":90.64953604568166,"stage2_hard_bin_mask_str":"[0.0, 0.0, 0.0, 0.0, 0.0, 0.0, 0.0, 0.0, 0.0, 0.0, 0.0, 0.0, 1.0, 1.0, 1.0, 0.0, 0.0, 0.0, 1.0, 1.0, 1.0, 1.0, 1.0, 1.0, 1.0, 0.0, 0.0, 0.0, 0.0, 0.0, 1.0, 0.0, 1.0, 1.0, 1.0, 0.0, 0.0, 1.0, 1.0, 1.0, 0.0, 1.0, 0.0, 0.0, 0.0, 1.0, 1.0, 0.0, 1.0, 1.0, 1.0, 1.0, 1.0, 1.0, 0.0, 0.0, 0.0, 0.0, 0.0, 0.0, 1.0, 0.0, 0.0, 0.0, 0.0, 0.0, 0.0, 0.0, 0.0, 0.0, 0.0, 0.0, 0.0, 0.0, 0.0, 0.0, 0.0, 0.0, 0.0, 0.0, 0.0, 0.0, 0.0, 0.0, 0.0, 0.0, 0.0, 0.0, 0.0, 0.0, 0.0, 0.0, 0.0, 0.0, 0.0, 0.0, 0.0, 0.0, 0.0, 0.0, 0.0, 0.0, 0.0, 0.0, 0.0, 0.0, 0.0, 0.0, 0.0, 0.0, 0.0, 0.0, 0.0, 0.0, 0.0, 0.0, 0.0, 0.0, 0.0, 0.0, 0.0, 0.0, 0.0, 0.0, 0.0, 0.0, 0.0, 0.0]","lr_backbone":0.0001,"stage1_test_f1":0.9190924499938599,"_runtime":15,"stage1/use_pretrain_model":false,"mask_l1":0.015625,"lr":0.001,"stage1_test_acc":91.72039362063116,"stage3_test_acc":85.5106888361045}