{"train_acc":76.29033239368067,"best_val_loss":0.5843100482325474,"train_loss":0.6502685914083806,"_runtime":99,"params_after_pruning":6533,"lr":0.001,"_timestamp":1.775435989795545e+09,"channels_block2":19,"stage1_test_f1":0.6673215202135461,"channels_block4":38,"stage3_test_acc":69.29417825862957,"stage":3,"stage3_test_f1":0.6366482592811971,"params_before_pruning":36998,"_step":9,"stage_3_prunedseparableconvcnn/confusion_matrix_table":{"ncols":3,"_type":"table-file","size":2009,"path":"media/table/stage_3_prunedseparableconvcnn/confusion_matrix_table_8_83014babe93b66acf67e.table.json","nrows":64,"log_mode":"IMMUTABLE","artifact_path":"wandb-client-artifact://iyio6gfabxwdhazdnrvzxb0z80jc9bvl4742lq5avc7izouq1as9mgq9gx5codyyjb2k4939sufl7ey6w09ez9a0k7es64utozpi6nhzzz9inwuzjqey0o1eqtb3yvef/stage_3_prunedseparableconvcnn/confusion_matrix_table.table.json","sha256":"83014babe93b66acf67eda770ce1cea5ce9e74c3cee3741ef7fda3bef9835cd1","_latest_artifact_path":"wandb-client-artifact://9jrtx23m51323deyocvagdv6c9qb10h7yhidm279npz0pp2h01yml2ghyvx63dqq04e6lx7132fisnsufq76kpysz6pun1dh5vfuwhs1ucdrhz4l252hh7t5xoug7f4h:latest/stage_3_prunedseparableconvcnn/confusion_matrix_table.table.json"},"stage_1_separableconvcnn/confusion_matrix_table":{"_type":"table-file","nrows":64,"ncols":3,"sha256":"848c001f265b9f8a60ec7758782c75b25c2874928138ce7418f77833575c76a0","size":2016,"artifact_path":"wandb-client-artifact://smtguwurz2p4bzsaqop5jxcdv9w3kx6t13ikujavkeytl3zwol7pguye508butxts1pvkjck0wgy7ubnxp5fsd0a9icp5c1r57e6o9ycjz5j15ihjeux8rqy8b865ii4/stage_1_separableconvcnn/confusion_matrix_table.table.json","log_mode":"IMMUTABLE","path":"media/table/stage_1_separableconvcnn/confusion_matrix_table_0_848c001f265b9f8a60ec.table.json","_latest_artifact_path":"wandb-client-artifact://rnb2qvbo487f7us0m2xf1r8xdujuflj4jorb5adfpi3ftr1zw512vpbrazlc336ucnhx7mspwedrexo5fuq9xzkf3gekdd1515197vqcs32pksflvsjfc07at2rxy98a:latest/stage_1_separableconvcnn/confusion_matrix_table.table.json"},"stage1_test_acc":74.66254507985575,"channels_block3":38,"val_acc":76.57074340527578,"val_loss":0.6337996430248379,"epoch":30,"stage3_channel_metadata_json":"{\"block2\": {\"kept_indices\": [0, 4, 7, 9, 13, 15, 16, 18, 22, 33, 35, 38, 39, 46, 47, 49, 51, 53, 59], \"pruned_indices\": [1, 2, 3, 5, 6, 8, 10, 11, 12, 14, 17, 19, 20, 21, 23, 24, 25, 26, 27, 28, 29, 30, 31, 32, 34, 36, 37, 40, 41, 42, 43, 44, 45, 48, 50, 52, 54, 55, 56, 57, 58, 60, 61, 62, 63], \"kept_count\": 19, \"pruned_count\": 45, \"total_channels\": 64}, \"block3\": {\"kept_indices\": [0, 1, 12, 16, 17, 18, 19, 22, 29, 31, 35, 38, 41, 47, 57, 63, 69, 70, 81, 84, 85, 87, 88, 89, 99, 102, 103, 104, 105, 106, 110, 113, 115, 116, 120, 122, 123, 125], \"pruned_indices\": [2, 3, 4, 5, 6, 7, 8, 9, 10, 11, 13, 14, 15, 20, 21, 23, 24, 25, 26, 27, 28, 30, 32, 33, 34, 36, 37, 39, 40, 42, 43, 44, 45, 46, 48, 49, 50, 51, 52, 53, 54, 55, 56, 58, 59, 60, 61, 62, 64, 65, 66, 67, 68, 71, 72, 73, 74, 75, 76, 77, 78, 79, 80, 82, 83, 86, 90, 91, 92, 93, 94, 95, 96, 97, 98, 100, 101, 107, 108, 109, 111, 112, 114, 117, 118, 119, 121, 124, 126, 127], \"kept_count\": 38, \"pruned_count\": 90, \"total_channels\": 128}, \"block4\": {\"kept_indices\": [5, 9, 10, 14, 16, 18, 20, 23, 31, 33, 43, 44, 48, 50, 51, 54, 55, 57, 61, 62, 64, 68, 72, 85, 87, 91, 92, 95, 99, 101, 106, 113, 114, 116, 117, 119, 123, 125], \"pruned_indices\": [0, 1, 2, 3, 4, 6, 7, 8, 11, 12, 13, 15, 17, 19, 21, 22, 24, 25, 26, 27, 28, 29, 30, 32, 34, 35, 36, 37, 38, 39, 40, 41, 42, 45, 46, 47, 49, 52, 53, 56, 58, 59, 60, 63, 65, 66, 67, 69, 70, 71, 73, 74, 75, 76, 77, 78, 79, 80, 81, 82, 83, 84, 86, 88, 89, 90, 93, 94, 96, 97, 98, 100, 102, 103, 104, 105, 107, 108, 109, 110, 111, 112, 115, 118, 120, 121, 122, 124, 126, 127], \"kept_count\": 38, \"pruned_count\": 90, \"total_channels\": 128}}","_wandb":{"runtime":99},"stage3_final_mask_json":"{\"block2\": [1.0, 0.0, 0.0, 0.0, 1.0, 0.0, 0.0, 1.0, 0.0, 1.0, 0.0, 0.0, 0.0, 1.0, 0.0, 1.0, 1.0, 0.0, 1.0, 0.0, 0.0, 0.0, 1.0, 0.0, 0.0, 0.0, 0.0, 0.0, 0.0, 0.0, 0.0, 0.0, 0.0, 1.0, 0.0, 1.0, 0.0, 0.0, 1.0, 1.0, 0.0, 0.0, 0.0, 0.0, 0.0, 0.0, 1.0, 1.0, 0.0, 1.0, 0.0, 1.0, 0.0, 1.0, 0.0, 0.0, 0.0, 0.0, 0.0, 1.0, 0.0, 0.0, 0.0, 0.0], \"block3\": [1.0, 1.0, 0.0, 0.0, 0.0, 0.0, 0.0, 0.0, 0.0, 0.0, 0.0, 0.0, 1.0, 0.0, 0.0, 0.0, 1.0, 1.0, 1.0, 1.0, 0.0, 0.0, 1.0, 0.0, 0.0, 0.0, 0.0, 0.0, 0.0, 1.0, 0.0, 1.0, 0.0, 0.0, 0.0, 1.0, 0.0, 0.0, 1.0, 0.0, 0.0, 1.0, 0.0, 0.0, 0.0, 0.0, 0.0, 1.0, 0.0, 0.0, 0.0, 0.0, 0.0, 0.0, 0.0, 0.0, 0.0, 1.0, 0.0, 0.0, 0.0, 0.0, 0.0, 1.0, 0.0, 0.0, 0.0, 0.0, 0.0, 1.0, 1.0, 0.0, 0.0, 0.0, 0.0, 0.0, 0.0, 0.0, 0.0, 0.0, 0.0, 1.0, 0.0, 0.0, 1.0, 1.0, 0.0, 1.0, 1.0, 1.0, 0.0, 0.0, 0.0, 0.0, 0.0, 0.0, 0.0, 0.0, 0.0, 1.0, 0.0, 0.0, 1.0, 1.0, 1.0, 1.0, 1.0, 0.0, 0.0, 0.0, 1.0, 0.0, 0.0, 1.0, 0.0, 1.0, 1.0, 0.0, 0.0, 0.0, 1.0, 0.0, 1.0, 1.0, 0.0, 1.0, 0.0, 0.0], \"block4\": [0.0, 0.0, 0.0, 0.0, 0.0, 1.0, 0.0, 0.0, 0.0, 1.0, 1.0, 0.0, 0.0, 0.0, 1.0, 0.0, 1.0, 0.0, 1.0, 0.0, 1.0, 0.0, 0.0, 1.0, 0.0, 0.0, 0.0, 0.0, 0.0, 0.0, 0.0, 1.0, 0.0, 1.0, 0.0, 0.0, 0.0, 0.0, 0.0, 0.0, 0.0, 0.0, 0.0, 1.0, 1.0, 0.0, 0.0, 0.0, 1.0, 0.0, 1.0, 1.0, 0.0, 0.0, 1.0, 1.0, 0.0, 1.0, 0.0, 0.0, 0.0, 1.0, 1.0, 0.0, 1.0, 0.0, 0.0, 0.0, 1.0, 0.0, 0.0, 0.0, 1.0, 0.0, 0.0, 0.0, 0.0, 0.0, 0.0, 0.0, 0.0, 0.0, 0.0, 0.0, 0.0, 1.0, 0.0, 1.0, 0.0, 0.0, 0.0, 1.0, 1.0, 0.0, 0.0, 1.0, 0.0, 0.0, 0.0, 1.0, 0.0, 1.0, 0.0, 0.0, 0.0, 0.0, 1.0, 0.0, 0.0, 0.0, 0.0, 0.0, 0.0, 1.0, 1.0, 0.0, 1.0, 1.0, 0.0, 1.0, 0.0, 0.0, 0.0, 1.0, 0.0, 1.0, 0.0, 0.0]}"}