{"stage2_test_acc":87.78418730912793,"epoch":10,"stage1/test_loss":0.4559599839993571,"stage1_test_loss":0.4559599839993571,"train_acc":95.15047782056767,"lr_gumbel_bin":0.001,"lr":0.001,"stage1/test_f1":0.8992012196111356,"_runtime":13,"best_val_loss":0.22941001533063626,"stage3_test_f1":0.8892835945637662,"stage1_test_acc":89.85408890397014,"stage2_test_f1":0.8793357376074115,"_step":8,"val_loss":0.3075479986665011,"stage3_test_loss":0.4232915471384016,"mask_l1":0.171875,"stage1/test_acc":89.85408890397014,"stage":3,"stage1/use_pretrain_model":false,"stage_3_separableconvcnn/confusion_matrix_table":{"artifact_path":"wandb-client-artifact://h0se3xgm7ytjtrq6womv6i71phv75ymh7mokeluacsj01zi7eewak2n501qll81074wp2r9afm10y7ig46utofp5tx1qye27pn0eo7n90ptq83emdsel3xiw021lfova/stage_3_separableconvcnn/confusion_matrix_table.table.json","_latest_artifact_path":"wandb-client-artifact://xdofmgjpc1mdgv3ijpy8zkguw7ya9ujd1skss7wh2juyigzpl80ga52d0a7290wc8pscthecgd7io9zehp9ll5hsw1hn948ge53txwhn6wpqtvwvs562c8i6r4py1qtp:latest/stage_3_separableconvcnn/confusion_matrix_table.table.json","nrows":36,"sha256":"69f1e090d365203e0263daf7ddc0dedab121dd08f77221a2abf88a1061b5fcd8","size":1369,"ncols":3,"log_mode":"IMMUTABLE","_type":"table-file","path":"media/table/stage_3_separableconvcnn/confusion_matrix_table_7_69f1e090d365203e0263.table.json"},"bin_keep_ratio":0.390625,"lr_backbone":0.0001,"stage2_test_loss":0.4945780921080834,"val_acc":87.97653958944281,"stage2_hard_bin_mask_str":"[0.0, 0.0, 0.0, 0.0, 0.0, 1.0, 1.0, 1.0, 1.0, 1.0, 1.0, 1.0, 1.0, 1.0, 1.0, 0.0, 1.0, 1.0, 1.0, 1.0, 1.0, 1.0, 1.0, 1.0, 0.0, 1.0, 0.0, 1.0, 1.0, 1.0, 1.0, 1.0, 1.0, 0.0, 1.0, 1.0, 1.0, 1.0, 1.0, 1.0, 1.0, 1.0, 1.0, 1.0, 1.0, 1.0, 1.0, 1.0, 0.0, 1.0, 1.0, 1.0, 1.0, 1.0, 1.0, 1.0, 1.0, 0.0, 0.0, 1.0, 1.0, 0.0, 0.0, 1.0, 0.0, 0.0, 0.0, 0.0, 0.0, 0.0, 0.0, 0.0, 0.0, 0.0, 0.0, 0.0, 0.0, 0.0, 0.0, 0.0, 0.0, 0.0, 0.0, 0.0, 0.0, 0.0, 0.0, 0.0, 0.0, 0.0, 0.0, 0.0, 0.0, 0.0, 0.0, 0.0, 0.0, 0.0, 0.0, 0.0, 0.0, 0.0, 0.0, 0.0, 0.0, 0.0, 0.0, 0.0, 0.0, 0.0, 0.0, 0.0, 0.0, 0.0, 0.0, 0.0, 0.0, 0.0, 0.0, 0.0, 0.0, 0.0, 0.0, 0.0, 0.0, 0.0, 0.0, 0.0]","_timestamp":1.7764285184977674e+09,"stage1_test_f1":0.8992012196111356,"_wandb":{"runtime":13},"stage3_test_acc":88.73430607397353,"stage_1_separableconvcnn/confusion_matrix_table":{"ncols":3,"_type":"table-file","size":1368,"nrows":36,"sha256":"02c5a6fac2b98a2cce23216035c71184f8282e95afab8b7a4923ed0654b10cea","log_mode":"IMMUTABLE","_latest_artifact_path":"wandb-client-artifact://b0d0rgz5pm92x3qtk2mv795ouu0ya2l2ofw4o3krnx2j91hoi1mg4xl2nmjsd3xczhix84j6l07h83e2s7ju4pckktt943q7tzp30ckcuee41tkr1r8khs4m8ibn3prx:latest/stage_1_separableconvcnn/confusion_matrix_table.table.json","artifact_path":"wandb-client-artifact://c9cnj7djpwr8sj9wfltqdy97kg0amxbih5fh26rw8nikiq4leg8hn8oitxema5m5s0s8w3m7mor8grrddy5coilymsbgcknzadezjcs6s6smfdqfydtqkjym89wx8uss/stage_1_separableconvcnn/confusion_matrix_table.table.json","path":"media/table/stage_1_separableconvcnn/confusion_matrix_table_1_02c5a6fac2b98a2cce23.table.json"},"train_loss":0.11256019955689855}