{"channels_block3":13,"epoch":11,"params_before_pruning":36998,"channels_block2":6,"_runtime":51,"stage_1_separableconvcnn/confusion_matrix_table":{"_latest_artifact_path":"wandb-client-artifact://0z139datba63xzwy72xzg3jnokg97c9ecsxi12b66cknac4o0md14jeoseg21urpy6fg34phaq3jed21z0s9vzdzqh7udu150wew2suwkh08456o07svhprone1k4zib:latest/stage_1_separableconvcnn/confusion_matrix_table.table.json","_type":"table-file","nrows":64,"artifact_path":"wandb-client-artifact://5ctalt27y61418mdp027exhux37xnblqbis9egmzdyygv9odm9dq3f93pr8t1eu0mt4set1hpncy4vnrhgomvq5yvirbxl03a9bo9lywqqk1c5jugyu9f4dke38ai0n0/stage_1_separableconvcnn/confusion_matrix_table.table.json","log_mode":"IMMUTABLE","sha256":"9e055cb65400c65af3ab0ea257bdeab9e79608d992ca34da56b5b152897597c0","size":2015,"path":"media/table/stage_1_separableconvcnn/confusion_matrix_table_0_9e055cb65400c65af3ab.table.json","ncols":3},"best_val_loss":1.2682638630224246,"stage3_test_acc":49.02627511591963,"channels_block4":13,"train_loss":0.8391955920833016,"val_acc":63.16614420062696,"stage3_final_mask_json":"{\"block2\": [0.0, 0.0, 0.0, 0.0, 0.0, 0.0, 0.0, 0.0, 0.0, 0.0, 0.0, 0.0, 0.0, 0.0, 1.0, 0.0, 0.0, 0.0, 0.0, 0.0, 1.0, 1.0, 0.0, 0.0, 0.0, 0.0, 0.0, 0.0, 0.0, 1.0, 1.0, 0.0, 0.0, 0.0, 0.0, 0.0, 0.0, 0.0, 0.0, 0.0, 0.0, 0.0, 0.0, 0.0, 0.0, 0.0, 1.0, 0.0, 0.0, 0.0, 0.0, 0.0, 0.0, 0.0, 0.0, 0.0, 0.0, 0.0, 0.0, 0.0, 0.0, 0.0, 0.0, 0.0], \"block3\": [0.0, 0.0, 0.0, 0.0, 0.0, 0.0, 0.0, 0.0, 0.0, 0.0, 0.0, 0.0, 0.0, 0.0, 0.0, 0.0, 0.0, 0.0, 0.0, 0.0, 0.0, 0.0, 0.0, 0.0, 1.0, 1.0, 0.0, 0.0, 0.0, 0.0, 0.0, 0.0, 0.0, 0.0, 0.0, 0.0, 0.0, 0.0, 0.0, 0.0, 0.0, 1.0, 0.0, 0.0, 0.0, 1.0, 0.0, 0.0, 0.0, 0.0, 0.0, 0.0, 0.0, 0.0, 0.0, 0.0, 0.0, 0.0, 1.0, 0.0, 0.0, 0.0, 0.0, 0.0, 0.0, 1.0, 1.0, 0.0, 0.0, 0.0, 0.0, 1.0, 0.0, 1.0, 0.0, 0.0, 0.0, 1.0, 0.0, 0.0, 0.0, 0.0, 0.0, 0.0, 0.0, 1.0, 0.0, 1.0, 0.0, 0.0, 0.0, 0.0, 0.0, 0.0, 0.0, 0.0, 0.0, 0.0, 0.0, 0.0, 0.0, 0.0, 0.0, 0.0, 0.0, 0.0, 1.0, 0.0, 0.0, 0.0, 0.0, 0.0, 0.0, 0.0, 0.0, 0.0, 0.0, 0.0, 0.0, 0.0, 0.0, 0.0, 0.0, 0.0, 0.0, 0.0, 0.0, 0.0], \"block4\": [0.0, 0.0, 0.0, 0.0, 0.0, 0.0, 0.0, 0.0, 0.0, 0.0, 0.0, 0.0, 0.0, 0.0, 0.0, 0.0, 1.0, 0.0, 0.0, 0.0, 0.0, 0.0, 0.0, 0.0, 0.0, 0.0, 0.0, 0.0, 0.0, 0.0, 0.0, 0.0, 0.0, 0.0, 0.0, 0.0, 0.0, 0.0, 0.0, 0.0, 0.0, 0.0, 0.0, 0.0, 0.0, 0.0, 1.0, 0.0, 0.0, 0.0, 0.0, 0.0, 0.0, 1.0, 0.0, 0.0, 1.0, 0.0, 0.0, 0.0, 0.0, 1.0, 1.0, 0.0, 0.0, 0.0, 1.0, 0.0, 0.0, 0.0, 0.0, 0.0, 0.0, 0.0, 0.0, 0.0, 0.0, 0.0, 0.0, 0.0, 0.0, 1.0, 0.0, 1.0, 0.0, 0.0, 0.0, 0.0, 0.0, 0.0, 0.0, 0.0, 0.0, 0.0, 0.0, 0.0, 1.0, 0.0, 0.0, 0.0, 0.0, 0.0, 1.0, 0.0, 0.0, 0.0, 0.0, 0.0, 0.0, 0.0, 0.0, 1.0, 1.0, 0.0, 0.0, 0.0, 0.0, 0.0, 0.0, 0.0, 0.0, 0.0, 0.0, 0.0, 0.0, 0.0, 0.0, 0.0]}","_timestamp":1.7754399774597354e+09,"stage3_channel_metadata_json":"{\"block2\": {\"kept_indices\": [14, 20, 21, 29, 30, 46], \"pruned_indices\": [0, 1, 2, 3, 4, 5, 6, 7, 8, 9, 10, 11, 12, 13, 15, 16, 17, 18, 19, 22, 23, 24, 25, 26, 27, 28, 31, 32, 33, 34, 35, 36, 37, 38, 39, 40, 41, 42, 43, 44, 45, 47, 48, 49, 50, 51, 52, 53, 54, 55, 56, 57, 58, 59, 60, 61, 62, 63], \"kept_count\": 6, \"pruned_count\": 58, \"total_channels\": 64}, \"block3\": {\"kept_indices\": [24, 25, 41, 45, 58, 65, 66, 71, 73, 77, 85, 87, 106], \"pruned_indices\": [0, 1, 2, 3, 4, 5, 6, 7, 8, 9, 10, 11, 12, 13, 14, 15, 16, 17, 18, 19, 20, 21, 22, 23, 26, 27, 28, 29, 30, 31, 32, 33, 34, 35, 36, 37, 38, 39, 40, 42, 43, 44, 46, 47, 48, 49, 50, 51, 52, 53, 54, 55, 56, 57, 59, 60, 61, 62, 63, 64, 67, 68, 69, 70, 72, 74, 75, 76, 78, 79, 80, 81, 82, 83, 84, 86, 88, 89, 90, 91, 92, 93, 94, 95, 96, 97, 98, 99, 100, 101, 102, 103, 104, 105, 107, 108, 109, 110, 111, 112, 113, 114, 115, 116, 117, 118, 119, 120, 121, 122, 123, 124, 125, 126, 127], \"kept_count\": 13, \"pruned_count\": 115, \"total_channels\": 128}, \"block4\": {\"kept_indices\": [16, 46, 53, 56, 61, 62, 66, 81, 83, 96, 102, 111, 112], \"pruned_indices\": [0, 1, 2, 3, 4, 5, 6, 7, 8, 9, 10, 11, 12, 13, 14, 15, 17, 18, 19, 20, 21, 22, 23, 24, 25, 26, 27, 28, 29, 30, 31, 32, 33, 34, 35, 36, 37, 38, 39, 40, 41, 42, 43, 44, 45, 47, 48, 49, 50, 51, 52, 54, 55, 57, 58, 59, 60, 63, 64, 65, 67, 68, 69, 70, 71, 72, 73, 74, 75, 76, 77, 78, 79, 80, 82, 84, 85, 86, 87, 88, 89, 90, 91, 92, 93, 94, 95, 97, 98, 99, 100, 101, 103, 104, 105, 106, 107, 108, 109, 110, 113, 114, 115, 116, 117, 118, 119, 120, 121, 122, 123, 124, 125, 126, 127], \"kept_count\": 13, \"pruned_count\": 115, \"total_channels\": 128}}","lr":0.001,"stage_3_prunedseparableconvcnn/confusion_matrix_table":{"_latest_artifact_path":"wandb-client-artifact://vxxk71h6h1myte3gter3e5pg1l40u15x5heqhaxlzozx6opkqsgakpwaffiwde73hgxk5d8qyo3hd23ddpvomb4oohhlce0kvn5cteppmq8hgxup3oiju9zzndp2pbmw:latest/stage_3_prunedseparableconvcnn/confusion_matrix_table.table.json","ncols":3,"_type":"table-file","path":"media/table/stage_3_prunedseparableconvcnn/confusion_matrix_table_5_7509f4c51d9526a2346e.table.json","artifact_path":"wandb-client-artifact://yhpa5gyhjzxz0powngy4lehjtc180r7gv54lxsw33zzs1b2ynlv9tmp3wtopmdaivpcyc0xlokarj4z8rqpnh012gkoxf9y0y1kkyhmbsqi09y2bnxdh6b2vmrol7a8w/stage_3_prunedseparableconvcnn/confusion_matrix_table.table.json","nrows":64,"size":2012,"sha256":"7509f4c51d9526a2346eb2cd693a371d3c82e70745a07bb98047d05acd736d09","log_mode":"IMMUTABLE"},"stage":3,"stage3_test_f1":0.4638682652799824,"_wandb":{"runtime":51},"stage1_test_acc":78.16589386913962,"train_acc":67.42031060470481,"stage1_test_f1":0.670081033504409,"params_after_pruning":2358,"_step":6,"val_loss":1.308358410533319}