{"test_acc":84.0176450627757,"stage1/val_loss":3.0674047333248518,"stage1/val_acc":66.04361370716511,"stage1/lr":0.001,"stage1/test_f1":0.8382917571746885,"stage1/test_acc":84.0176450627757,"stage_1_separableconvcnn/confusion_matrix_table":{"nrows":36,"path":"media/table/stage_1_separableconvcnn/confusion_matrix_table_5_68f5254b6d00cbcd3f59.table.json","ncols":3,"artifact_path":"wandb-client-artifact://fklcpn6n9ty1l6geusifls8qhg16577s4jxs9pqegs9ymv91xunewspkuejho4ygwo9rtzhrx5q0n1uif4fpbt80rpr4hhwsruosk1hvruizcs9trfe92ydrsq7kpi99/stage_1_separableconvcnn/confusion_matrix_table.table.json","sha256":"68f5254b6d00cbcd3f59fd1ef9e2389c9b20ef626d1e7033eccc4fe4bdc696c6","size":1367,"_latest_artifact_path":"wandb-client-artifact://914p2pe5hynrhuy1etdwd3074xiux5ejmfie34r52yfaw0cq4bruv6gs0h9joq4no17d09dsa1ract4g3la2qm7o0lxsbmfn1jwgq2atd4tzot230wipqd8fv8b7z4ca:latest/stage_1_separableconvcnn/confusion_matrix_table.table.json","log_mode":"IMMUTABLE","_type":"table-file"},"_step":5,"stage1/purpose":"train baseline model","stage1/stage_number":1,"best_epoch":5,"_wandb":{"runtime":7},"best_val_loss":0.23814369157829324,"_runtime":7,"stage1/test_loss":0.36175281142630955,"stage1/train_loss":0.12620056074580502,"test_loss":0.36175281142630955,"stage1/epoch":15,"stage1_test_f1":0.8382917571746885,"stage1_test_loss":0.36175281142630955,"_timestamp":1.775756585369706e+09,"stage1/best_val_loss":0.23814369157829324,"stage1_test_acc":84.0176450627757,"stage1/train_acc":94.9367088607595,"test_f1_macro":0.8382917571746885,"stage1/use_pretrain_model":false}