{"stage3_test_acc":91.72039362063116,"epoch":10,"stage2/block4_Pruned_%":14.84375,"stage2/best_epoch":11,"stage2/raw_hard_mask_block3":"[1.0, 0.0, 1.0, 0.0, 1.0, 1.0, 0.0, 0.0, 0.0, 1.0, 1.0, 1.0, 1.0, 1.0, 1.0, 0.0, 1.0, 0.0, 1.0, 1.0, 0.0, 1.0, 1.0, 1.0, 1.0, 1.0, 1.0, 1.0, 0.0, 1.0, 0.0, 1.0, 0.0, 1.0, 1.0, 1.0, 1.0, 1.0, 0.0, 0.0, 1.0, 1.0, 0.0, 1.0, 0.0, 0.0, 1.0, 0.0, 0.0, 1.0, 1.0, 0.0, 1.0, 1.0, 0.0, 0.0, 0.0, 0.0, 1.0, 1.0, 1.0, 1.0, 0.0, 1.0, 1.0, 1.0, 1.0, 1.0, 1.0, 1.0, 1.0, 0.0, 1.0, 0.0, 1.0, 0.0, 1.0, 1.0, 1.0, 1.0, 0.0, 0.0, 1.0, 0.0, 1.0, 1.0, 0.0, 0.0, 1.0, 1.0, 0.0, 0.0, 0.0, 1.0, 0.0, 0.0, 1.0, 1.0, 1.0, 1.0, 1.0, 1.0, 1.0, 1.0, 0.0, 1.0, 1.0, 1.0, 0.0, 1.0, 0.0, 0.0, 1.0, 1.0, 1.0, 1.0, 0.0, 1.0, 0.0, 1.0, 1.0, 1.0, 1.0, 1.0, 1.0, 1.0, 0.0, 1.0]","stage2/epoch":20,"stage1/test_loss":0.2676996233162722,"_wandb":{"runtime":17},"final_summary_log_path":"/home/qphan/master-thesis/models/uci_best_model_three_stage_channel_subject15_val_final_summary_val_15.txt","stage2/stage_number":2,"stage2/Total_Pruned_%":26.875000000000004,"model_param_count":22567,"stage2/best_val_loss":0.009013756413989497,"stage2/train_loss":0.5222053782407678,"val_acc":100,"stage2/mask_l1":0.499462366104126,"model_param_count_pruned":22567,"stage2/lr_backbone":0.0001,"stage3_test_loss":0.27168833611449034,"stage1/test_f1":0.9260587871599383,"stage2/train_acc":92.05580865603645,"stage2/val_acc":99.6951219512195,"_runtime":17,"block4_Pruned_%":14.84375,"stage1/use_pretrain_model":false,"stage2/block2_Pruned_%":35.9375,"stage2_test_loss":0.3185664686139284,"best_val_loss":0.02096694915483723,"stage":3,"stage_1_separableconvcnn/confusion_matrix_table":{"path":"media/table/stage_1_separableconvcnn/confusion_matrix_table_1_617bb55de09b3dd8de86.table.json","ncols":3,"log_mode":"IMMUTABLE","_latest_artifact_path":"wandb-client-artifact://dr55508i5rk627kbk86h41wts43769k8o5zl7pfcwy8kxfte0mwia0nw2cqxmp5fbo59fxaeciitplxqvbete1eabg7t8m8opsiswqqtuyikhqj0ojdh6x4lcz4pkgjg:latest/stage_1_separableconvcnn/confusion_matrix_table.table.json","_type":"table-file","artifact_path":"wandb-client-artifact://t9fm4v1zt5zypltze836227pl3m8cjwhcgltflyxx2udde4z12phlwkl0h78lq4vugl54a86mcntc6mawrjrqfs0xls35dkblgwlshfgdl5fzhomivqrsgyo6kjzc6m9/stage_1_separableconvcnn/confusion_matrix_table.table.json","nrows":36,"size":1362,"sha256":"617bb55de09b3dd8de86f53d25519662560b51925658ab4b1c760f54be2509ca"},"val_loss":0.032797397947699834,"stage2/raw_hard_mask_block2":"[1.0, 1.0, 1.0, 0.0, 1.0, 1.0, 1.0, 0.0, 0.0, 0.0, 1.0, 1.0, 1.0, 1.0, 0.0, 1.0, 1.0, 1.0, 0.0, 0.0, 1.0, 1.0, 1.0, 0.0, 0.0, 0.0, 1.0, 1.0, 1.0, 1.0, 1.0, 1.0, 1.0, 1.0, 1.0, 0.0, 1.0, 0.0, 1.0, 1.0, 1.0, 0.0, 0.0, 0.0, 0.0, 0.0, 1.0, 1.0, 1.0, 1.0, 0.0, 1.0, 1.0, 0.0, 0.0, 1.0, 1.0, 0.0, 1.0, 0.0, 1.0, 1.0, 1.0, 0.0]","train_acc":96.18451025056947,"block3_Pruned_%":34.375,"stage3_test_f1":0.9190106561715905,"stage2/final_mask_keep_ratio_block4":0.8515625,"stage2/test_loss":0.3185664686139284,"model_param_count_dense":36868,"lr_loaded_weights":0.0001,"train_loss":0.07811092887421675,"stage_3_prunedseparableconvcnn/confusion_matrix_table":{"log_mode":"IMMUTABLE","artifact_path":"wandb-client-artifact://eohqho3408p8dw3th5jwj8pgr60bq79gp650qw19w80wzgmcx8x9nexd6lewlge6ukfqgthx1oamuxfpzeo213ktjofv7u51m10e5lwl8ss1g747z5cuzx2ltzz5tds3/stage_3_prunedseparableconvcnn/confusion_matrix_table.table.json","size":1363,"sha256":"716bb2f4180fd8da85fb1c7b1b5c3a1a0d3105e72f855a596d07ca3521e363de","ncols":3,"path":"media/table/stage_3_prunedseparableconvcnn/confusion_matrix_table_9_716bb2f4180fd8da85fb.table.json","_latest_artifact_path":"wandb-client-artifact://92ay040ag2z3x73r02wsise5yz1uzr4ciix20bfh2t3u45ijm66y63fg4qsrmigdtucf1f0mxqhqsjqukbdhi4vwoixlbheae69o01khtmyo01tp4dco0bwdjmuqhnv0:latest/stage_3_prunedseparableconvcnn/confusion_matrix_table.table.json","nrows":36,"_type":"table-file"},"stage1_test_f1":0.9260587871599383,"stage2/test_acc":89.48082796063794,"Total_Pruned_%":26.875000000000004,"stage2_test_f1":0.8951290432083919,"model_param_reduction_pct":38.78973635673213,"stage2/block3_Pruned_%":34.375,"stage1_test_acc":92.50084832032576,"stage2_test_acc":89.48082796063794,"stage2/raw_hard_mask_block4":"[1.0, 1.0, 1.0, 0.0, 0.0, 1.0, 1.0, 1.0, 1.0, 1.0, 1.0, 1.0, 1.0, 0.0, 1.0, 1.0, 1.0, 1.0, 1.0, 1.0, 1.0, 1.0, 0.0, 1.0, 1.0, 1.0, 1.0, 0.0, 1.0, 1.0, 1.0, 1.0, 1.0, 1.0, 1.0, 1.0, 1.0, 1.0, 1.0, 0.0, 1.0, 1.0, 1.0, 1.0, 1.0, 1.0, 1.0, 1.0, 1.0, 1.0, 1.0, 1.0, 1.0, 0.0, 1.0, 1.0, 1.0, 0.0, 1.0, 1.0, 1.0, 1.0, 1.0, 0.0, 1.0, 1.0, 0.0, 1.0, 1.0, 0.0, 1.0, 0.0, 1.0, 1.0, 0.0, 0.0, 1.0, 1.0, 1.0, 1.0, 1.0, 0.0, 1.0, 1.0, 1.0, 1.0, 1.0, 1.0, 1.0, 1.0, 1.0, 1.0, 1.0, 1.0, 1.0, 1.0, 1.0, 1.0, 1.0, 1.0, 1.0, 1.0, 1.0, 1.0, 1.0, 1.0, 1.0, 1.0, 1.0, 1.0, 1.0, 0.0, 1.0, 1.0, 1.0, 1.0, 0.0, 0.0, 1.0, 1.0, 1.0, 1.0, 1.0, 1.0, 0.0, 1.0, 1.0, 1.0]","stage1_test_loss":0.2676996233162722,"block2_Pruned_%":35.9375,"stage1/test_acc":92.50084832032576,"_step":11,"_timestamp":1.7767994747188003e+09,"stage2/val_loss":0.012574514537402316,"stage2/lr_gumbel":0.001,"stage2/purpose":"train channel-pruning model with masking","stage2/test_f1":0.8951290432083919,"stage2/final_mask_keep_ratio_block3":0.65625,"stage2/final_mask_keep_ratio_block2":0.640625}