{"test_f1_macro":0.9074742267449221,"best_epoch":25,"_wandb":{"runtime":13},"stage1_test_acc":90.46487953851374,"best_val_loss":0.2333612653177992,"test_loss":0.27113536717971753,"stage1/purpose":"train baseline model","_runtime":13,"_timestamp":1.7757560244821877e+09,"stage1/lr":0.001,"stage1/use_pretrain_model":false,"stage1/test_acc":90.46487953851374,"stage1/val_acc":86.75496688741723,"stage1_test_loss":0.27113536717971753,"stage_1_separableconvcnn/confusion_matrix_table":{"nrows":36,"_type":"table-file","log_mode":"IMMUTABLE","size":1365,"_latest_artifact_path":"wandb-client-artifact://i92cysxa9u26q692usr2sudyx395jbjazbpj18n45whfxrvta13vekxbn75cldhbcut8rlwye26qbpvd11kf2ap5yswjwsj6sw48oftfzvjg4kz5f3y0k2p6i3duoa03:latest/stage_1_separableconvcnn/confusion_matrix_table.table.json","artifact_path":"wandb-client-artifact://9tqwyzdxcibc5q5jx4yiy3zpxps0yygni1ymuj45ss5caf00rq61zdzssfl38y4irlz8u0a1byhnjwh44rmlorxf87sha2wjqldjmshszolxkvk4aqueq7jait8w6l7l/stage_1_separableconvcnn/confusion_matrix_table.table.json","sha256":"c0997d59128c207c0c6bc58a091dc0197f3e2ff4d57eb4bf74325b4d8d969448","path":"media/table/stage_1_separableconvcnn/confusion_matrix_table_9_c0997d59128c207c0c6b.table.json","ncols":3},"stage1/train_acc":96.8936170212766,"stage1/epoch":35,"stage1/test_loss":0.27113536717971753,"test_acc":90.46487953851374,"stage1/val_loss":0.3249708488426481,"stage1/stage_number":1,"stage1/train_loss":0.07368441076539721,"stage1/test_f1":0.9074742267449221,"stage1_test_f1":0.9074742267449221,"stage1/best_val_loss":0.2333612653177992,"_step":9}