{"_wandb":{"runtime":12},"_runtime":12,"stage1/test_loss":0.2887824049044412,"stage_3_separableconvcnn/confusion_matrix_table":{"log_mode":"IMMUTABLE","_type":"table-file","nrows":36,"size":1370,"_latest_artifact_path":"wandb-client-artifact://70utttmhonvwixj6vh51u2d2kfmf60p4ersnpj0hwfr4ftw6v05pz2zi0l7ufeawwa8s5mmsim1sz5i32vxv5awqkph4gz0ybkcg369gjtnnt95pqurr9w9y5tkolfro:latest/stage_3_separableconvcnn/confusion_matrix_table.table.json","path":"media/table/stage_3_separableconvcnn/confusion_matrix_table_6_3e876a23116053c312ea.table.json","sha256":"3e876a23116053c312eae4ff83ecb9bf7075a326b73b032b2e6d4d242205c8ec","ncols":3,"artifact_path":"wandb-client-artifact://jzmtfsov0xf018f6giqh65p5t5ro9ql2zpfb4u2qmut7tx0niz9ycdgme4ad8v1xwx6s4zwhzemvokyz2yobp33zdfyfizcx3rbufswuv1259fzwsk5g5r69zvii74c2/stage_3_separableconvcnn/confusion_matrix_table.table.json"},"epoch":10,"lr_backbone":0.0001,"stage2_test_f1":0.8117730166232121,"stage_1_separableconvcnn/confusion_matrix_table":{"sha256":"430ec0ba43b3aba6cfebeea9ed04041986a5ac1adc24cf6d886e9876fa0e8f7b","path":"media/table/stage_1_separableconvcnn/confusion_matrix_table_1_430ec0ba43b3aba6cfeb.table.json","_type":"table-file","log_mode":"IMMUTABLE","size":1368,"_latest_artifact_path":"wandb-client-artifact://4ikwsitqedcw6idzbazkjf3sv5x45txb9oncqjwwwnfo6vymrjwbrsaqjqgyk1ehpqwiex0tkpnqkn3uny9v3xn5387c9t1fyjzvfy730njlu78fmr6o59xx2mw86jq7:latest/stage_1_separableconvcnn/confusion_matrix_table.table.json","ncols":3,"nrows":36,"artifact_path":"wandb-client-artifact://wfu6bzoraji610cabmhdv90pz7vltv1eiwt410fr0nwc466vynhkdou70if56h7mhwz28irjtp2rugt0txse33mdgc1mq682o9boig91oapeudpfbe7qi2kv5wrotji3/stage_1_separableconvcnn/confusion_matrix_table.table.json"},"stage3_test_acc":86.46080760095012,"stage1/use_pretrain_model":false,"lr":0.001,"stage3_test_f1":0.8648765910639993,"_step":7,"stage2_test_acc":81.20122158126908,"bin_keep_ratio":0.2265625,"stage1_test_f1":0.8915448237738737,"val_loss":1.7985971333430364,"stage1_test_loss":0.2887824049044412,"stage1_test_acc":89.20936545639634,"stage1/test_acc":89.20936545639634,"train_acc":91.39035150135193,"lr_gumbel_bin":0.001,"stage3_test_loss":0.382165039724866,"_timestamp":1.7757793276925228e+09,"stage1/test_f1":0.8915448237738737,"stage2_hard_bin_mask_str":"[0.0, 1.0, 1.0, 1.0, 1.0, 1.0, 1.0, 1.0, 0.0, 0.0, 0.0, 1.0, 1.0, 1.0, 1.0, 1.0, 1.0, 1.0, 1.0, 1.0, 1.0, 1.0, 1.0, 1.0, 1.0, 1.0, 0.0, 0.0, 0.0, 0.0, 0.0, 1.0, 1.0, 0.0, 0.0, 0.0, 0.0, 0.0, 0.0, 0.0, 0.0, 1.0, 0.0, 0.0, 1.0, 1.0, 0.0, 0.0, 0.0, 0.0, 0.0, 0.0, 0.0, 0.0, 1.0, 0.0, 1.0, 0.0, 0.0, 0.0, 0.0, 0.0, 0.0, 0.0, 0.0, 0.0, 0.0, 0.0, 0.0, 0.0, 0.0, 0.0, 0.0, 0.0, 0.0, 0.0, 0.0, 0.0, 0.0, 0.0, 0.0, 0.0, 0.0, 0.0, 0.0, 0.0, 0.0, 0.0, 0.0, 0.0, 0.0, 0.0, 0.0, 0.0, 0.0, 0.0, 0.0, 0.0, 0.0, 0.0, 0.0, 0.0, 0.0, 0.0, 0.0, 0.0, 0.0, 0.0, 0.0, 0.0, 0.0, 0.0, 0.0, 0.0, 0.0, 0.0, 0.0, 0.0, 0.0, 0.0, 0.0, 0.0, 0.0, 0.0, 0.0, 0.0, 0.0, 0.0]","mask_l1":0.171875,"train_loss":0.20869097027090547,"stage":3,"val_acc":68,"stage2_test_loss":0.5008184959979878,"best_val_loss":1.249367160797119}