{"lr_backbone":0.0001,"_wandb":{"runtime":12},"lr_gumbel_bin":0.001,"stage3_test_f1":0.8388886135670713,"val_loss":0.5929390273623233,"bin_keep_ratio":0.203125,"stage1/use_pretrain_model":false,"mask_l1":0.015625,"stage_1_separableconvcnn/confusion_matrix_table":{"log_mode":"IMMUTABLE","_latest_artifact_path":"wandb-client-artifact://l52ev1mld571takfb63nuxnss4x3f5051csb1j43ku8u3gqzr2hp5mmxq9sg5rsfvgmf83q6ikg3iq9o2dmamvj3fmnujylx8pnun3n6tnhmhfqaz5f882s404wsygas:latest/stage_1_separableconvcnn/confusion_matrix_table.table.json","size":1366,"nrows":36,"ncols":3,"sha256":"ba1709b9ded253dca6f14b8d1a777336f0cb86899167c45d58f90d5e787020ac","artifact_path":"wandb-client-artifact://x621et7shm7nqq3m4944lf859dpr47m9njrmtrgcm8rmpew31y4so8ojvann14czfnyrszllm1skf30uqw4wmpxn8hctt6xbzfezk3j5xhwfj8yo0dken1jmutgp1vvj/stage_1_separableconvcnn/confusion_matrix_table.table.json","path":"media/table/stage_1_separableconvcnn/confusion_matrix_table_1_ba1709b9ded253dca6f1.table.json","_type":"table-file"},"best_val_loss":0.37111536252395566,"stage_3_separableconvcnn/confusion_matrix_table":{"nrows":36,"ncols":3,"_type":"table-file","sha256":"d16c7963b3ad268fd27983e2e082f248bca0891ef24c8db230d097e43d3cca94","_latest_artifact_path":"wandb-client-artifact://lwl95sjulqe5dl1xjqgvqjvdvf0t049557prw29n4uock4ovs1fx11uptb738zrzlgp78r3wq7rjavni70mmoffnkxrais0vwpnmc8vjeduvrmdrb5rbu55sspl4l2y8:latest/stage_3_separableconvcnn/confusion_matrix_table.table.json","path":"media/table/stage_3_separableconvcnn/confusion_matrix_table_7_d16c7963b3ad268fd279.table.json","artifact_path":"wandb-client-artifact://pl9w7za3humwqjysmlh81j2v2kwj9z5ii0vyf71b6sky207h39pe9fbewvl50t0w8em09t5curdpih0k2mb6xo6prezrzm1a2of3tbdjrycud6e5sdtv3vepvnq12ttr/stage_3_separableconvcnn/confusion_matrix_table.table.json","log_mode":"IMMUTABLE","size":1370},"stage":3,"stage1_test_acc":91.72039362063116,"stage2_test_acc":83.6443841194435,"stage1/test_f1":0.9190924499938599,"_runtime":12,"stage1_test_f1":0.9190924499938599,"stage3_test_acc":84.0176450627757,"stage3_test_loss":0.5144687063894372,"_timestamp":1.7764235503104186e+09,"val_acc":82.13256484149856,"lr":0.001,"stage1_test_loss":0.25057173036076164,"train_loss":0.2180474025619447,"stage1/test_loss":0.25057173036076164,"stage2_hard_bin_mask_str":"[0.0, 0.0, 0.0, 1.0, 1.0, 0.0, 0.0, 0.0, 0.0, 1.0, 0.0, 0.0, 0.0, 1.0, 1.0, 1.0, 1.0, 0.0, 0.0, 1.0, 1.0, 1.0, 0.0, 0.0, 1.0, 0.0, 1.0, 0.0, 0.0, 0.0, 0.0, 0.0, 0.0, 0.0, 1.0, 1.0, 0.0, 1.0, 1.0, 0.0, 1.0, 0.0, 1.0, 0.0, 0.0, 0.0, 0.0, 0.0, 1.0, 1.0, 1.0, 1.0, 1.0, 0.0, 0.0, 1.0, 1.0, 0.0, 0.0, 0.0, 0.0, 0.0, 0.0, 1.0, 0.0, 0.0, 0.0, 0.0, 0.0, 0.0, 0.0, 0.0, 0.0, 0.0, 0.0, 0.0, 0.0, 0.0, 0.0, 0.0, 0.0, 0.0, 0.0, 0.0, 0.0, 0.0, 0.0, 0.0, 0.0, 0.0, 0.0, 0.0, 0.0, 0.0, 0.0, 0.0, 0.0, 0.0, 0.0, 0.0, 0.0, 0.0, 0.0, 0.0, 0.0, 0.0, 0.0, 0.0, 0.0, 0.0, 0.0, 0.0, 0.0, 0.0, 0.0, 0.0, 0.0, 0.0, 0.0, 0.0, 0.0, 0.0, 0.0, 0.0, 0.0, 0.0, 0.0, 0.0]","stage1/test_acc":91.72039362063116,"stage2_test_f1":0.8367386970912644,"stage2_test_loss":0.5083763241049877,"_step":8,"epoch":15,"train_acc":90.33547466095646}