{"stage2/final_mask_keep_ratio_block2":0.40625,"_timestamp":1.7758692211241767e+09,"model_param_reduction_pct":71.62308777259412,"stage2/test_loss":0.596336519955534,"stage2/raw_hard_mask_block4":"[1.0, 1.0, 0.0, 0.0, 1.0, 0.0, 0.0, 0.0, 0.0, 1.0, 1.0, 0.0, 1.0, 1.0, 0.0, 0.0, 1.0, 0.0, 0.0, 1.0, 1.0, 0.0, 0.0, 1.0, 1.0, 0.0, 1.0, 1.0, 1.0, 0.0, 1.0, 1.0, 0.0, 0.0, 1.0, 0.0, 1.0, 0.0, 1.0, 1.0, 0.0, 1.0, 0.0, 1.0, 0.0, 0.0, 1.0, 0.0, 1.0, 0.0, 1.0, 1.0, 1.0, 1.0, 1.0, 0.0, 0.0, 0.0, 1.0, 1.0, 1.0, 0.0, 1.0, 0.0, 0.0, 0.0, 0.0, 1.0, 0.0, 1.0, 1.0, 1.0, 1.0, 0.0, 1.0, 1.0, 1.0, 0.0, 0.0, 1.0, 1.0, 1.0, 0.0, 0.0, 1.0, 1.0, 1.0, 1.0, 1.0, 1.0, 0.0, 0.0, 0.0, 0.0, 1.0, 0.0, 1.0, 0.0, 1.0, 1.0, 1.0, 0.0, 0.0, 0.0, 1.0, 0.0, 0.0, 1.0, 1.0, 0.0, 1.0, 1.0, 0.0, 1.0, 1.0, 1.0, 1.0, 1.0, 0.0, 1.0, 1.0, 1.0, 0.0, 0.0, 1.0, 0.0, 1.0, 0.0]","stage2/final_mask_keep_ratio_block3":0.3046875,"stage2_test_f1":0.6045246803974559,"stage3_test_f1":0.8544736470961453,"stage2_test_acc":64.84560570071258,"epoch":40,"stage2/mask_l1":0.41051024198532104,"stage2/Total_Pruned_%":57.49999999999999,"block3_Pruned_%":69.53125,"val_loss":0.3692628907602887,"stage2/block3_Pruned_%":69.53125,"stage2/stage_number":2,"stage2_test_loss":0.596336519955534,"_wandb":{"runtime":48},"stage2/train_acc":65.3824200913242,"stage1/test_loss":0.24932114526268706,"stage2/test_acc":64.84560570071258,"Total_Pruned_%":57.49999999999999,"stage1_test_loss":0.24932114526268706,"model_param_count_pruned":10462,"_runtime":48,"train_loss":0.2778362605941894,"stage2/best_val_loss":0.5739740906065522,"stage_3_prunedseparableconvcnn/confusion_matrix_table":{"_latest_artifact_path":"wandb-client-artifact://buuru9tgn4ty75fko6e15evlwekoeugcuiirq65kzo603msrxyfj141t8my3ltf0gulty9fjep6ktun93ai1ybwa17n8xgyv74t2gd9ewwmv3o73hkpkhztcmfqc9ujw:latest/stage_3_prunedseparableconvcnn/confusion_matrix_table.table.json","_type":"table-file","path":"media/table/stage_3_prunedseparableconvcnn/confusion_matrix_table_23_8db932b13faaaed9880f.table.json","artifact_path":"wandb-client-artifact://owscna575dsxs5k2nlozmy4yogd9krr1jgc3amkpe6kr53nqrqh4a0rl85m4v4ash0nncmdxx9o7d4myee9ibjjqaj7vd5wx2yu2nbqyxedbc1xabtrp23w7q87dmjus/stage_3_prunedseparableconvcnn/confusion_matrix_table.table.json","size":1370,"nrows":36,"ncols":3,"sha256":"8db932b13faaaed9880fa5cebc010a8dbcd7ea059f77c0d48bdd0a904080af4f","log_mode":"IMMUTABLE"},"stage3_test_loss":0.42424608161898114,"stage2/raw_hard_mask_block2":"[0.0, 0.0, 1.0, 1.0, 0.0, 1.0, 0.0, 0.0, 0.0, 0.0, 0.0, 1.0, 0.0, 0.0, 1.0, 0.0, 0.0, 0.0, 0.0, 0.0, 1.0, 0.0, 0.0, 1.0, 1.0, 1.0, 1.0, 1.0, 1.0, 0.0, 0.0, 0.0, 0.0, 1.0, 1.0, 0.0, 0.0, 1.0, 1.0, 0.0, 0.0, 0.0, 0.0, 0.0, 1.0, 0.0, 1.0, 0.0, 0.0, 0.0, 0.0, 1.0, 0.0, 1.0, 1.0, 0.0, 0.0, 0.0, 1.0, 1.0, 0.0, 1.0, 1.0, 1.0]","stage2/val_acc":66.86046511627907,"stage2/lr_gumbel":0.001,"stage_1_separableconvcnn/confusion_matrix_table":{"ncols":3,"sha256":"78f3503c71ce83042d66d6d829fe9374b93da72681c0914ba7c5ccf2a1b994a6","artifact_path":"wandb-client-artifact://slkyvpdkfz1c7tj7uhrw4udj22fl2ztzo1tmx0bflvzw9f1tiisjxhwrbo97j82j2ekzumfsnfe366joaugov6fzdkcyercskj8obrs93z8ctum5t7sgdp7ewyw2cav1/stage_1_separableconvcnn/confusion_matrix_table.table.json","_type":"table-file","_latest_artifact_path":"wandb-client-artifact://y9ol4b010s7erpfh0pv56o27yayzahu8w08kruunvquh50up42ksi5ia4q6tpgwqet4kovozkahqkhln1tkvjtlpaih96dnh3o1jeeaviylxbhmkr1nua890bisev9x8:latest/stage_1_separableconvcnn/confusion_matrix_table.table.json","nrows":36,"path":"media/table/stage_1_separableconvcnn/confusion_matrix_table_1_78f3503c71ce83042d66.table.json","log_mode":"IMMUTABLE","size":1366},"stage2/train_loss":0.6426218081282699,"train_acc":87.14326484018265,"stage2/val_loss":0.5730560311050905,"stage3_test_acc":85.00169664065152,"block4_Pruned_%":44.53125,"stage2/purpose":"train channel-pruning model with masking","stage2/best_epoch":57,"stage":3,"stage2/test_f1":0.6045246803974559,"_step":25,"model_param_count_dense":36868,"val_acc":81.1046511627907,"best_val_loss":0.3479334975397864,"model_param_count":10462,"lr_loaded_weights":0.0001,"final_summary_log_path":"/home/qphan/master-thesis/models/uci_best_model_three_stage_channel_subject29_val_final_summary_val_29.txt","stage1/use_pretrain_model":false,"stage2/final_mask_keep_ratio_block4":0.5546875,"stage1/test_f1":0.9159322729448117,"stage1_test_acc":91.27926705123855,"stage2/raw_hard_mask_block3":"[0.0, 1.0, 0.0, 0.0, 0.0, 0.0, 1.0, 0.0, 0.0, 0.0, 1.0, 1.0, 1.0, 0.0, 1.0, 1.0, 0.0, 0.0, 1.0, 0.0, 0.0, 0.0, 0.0, 0.0, 0.0, 0.0, 0.0, 0.0, 1.0, 0.0, 1.0, 0.0, 0.0, 0.0, 0.0, 0.0, 0.0, 0.0, 0.0, 0.0, 1.0, 1.0, 0.0, 1.0, 1.0, 0.0, 1.0, 1.0, 1.0, 1.0, 0.0, 0.0, 0.0, 1.0, 0.0, 1.0, 1.0, 0.0, 1.0, 0.0, 0.0, 0.0, 0.0, 0.0, 1.0, 0.0, 1.0, 1.0, 1.0, 1.0, 0.0, 0.0, 0.0, 0.0, 0.0, 1.0, 0.0, 1.0, 0.0, 0.0, 0.0, 0.0, 1.0, 0.0, 0.0, 0.0, 1.0, 1.0, 0.0, 0.0, 0.0, 0.0, 0.0, 0.0, 0.0, 0.0, 1.0, 0.0, 0.0, 0.0, 0.0, 1.0, 0.0, 1.0, 0.0, 0.0, 0.0, 0.0, 0.0, 1.0, 0.0, 0.0, 1.0, 0.0, 1.0, 0.0, 0.0, 0.0, 0.0, 1.0, 0.0, 0.0, 0.0, 0.0, 0.0, 0.0, 0.0, 0.0]","stage1_test_f1":0.9159322729448117,"block2_Pruned_%":59.375,"stage2/epoch":60,"stage1/test_acc":91.27926705123855,"stage2/block2_Pruned_%":59.375,"stage2/block4_Pruned_%":44.53125,"stage2/lr_backbone":0.0001}