{"stage2/stage_number":2,"stage3_test_f1":0.8722477894878055,"stage1/test_f1":0.9091560980317142,"stage_1_separableconvcnn/confusion_matrix_table":{"artifact_path":"wandb-client-artifact://fs5hnojmx0vrjmuc4k692errv6wellx3113zpse3bzjoj53ydmxsfcfqc2m973tt260zarjm7wz8o5ria9qnod9apqem19t4qo81g0wi8cwfrvyis1mufunbh1za8k2i/stage_1_separableconvcnn/confusion_matrix_table.table.json","path":"media/table/stage_1_separableconvcnn/confusion_matrix_table_1_dce11c1ce596658f0c99.table.json","log_mode":"IMMUTABLE","ncols":3,"_latest_artifact_path":"wandb-client-artifact://k8mbn3fe6myzlfdvvzp5bop4zya6bpm0a5nv90au31wghuzskpsl4tvl4ef6fv1w962pgjwhzn36ktodwmv5g89nrjisonbjjpaqcpqivwny87hwun2l6wyhr7y6mqc6:latest/stage_1_separableconvcnn/confusion_matrix_table.table.json","size":1366,"nrows":36,"sha256":"dce11c1ce596658f0c995b6eedc54b0b523786f15cf09b6af4e36d071156d8df","_type":"table-file"},"Total_Pruned_%":55.93749999999999,"epoch":20,"stage2_test_f1":0.4102922602408994,"stage1/test_acc":90.73634204275534,"stage2_test_loss":1.095626388418905,"stage2/final_mask_keep_ratio_block4":0.3125,"stage2_test_acc":50.4920257889379,"stage2/best_val_loss":1.0827808428913264,"train_loss":0.2914663241562183,"stage2/mask_l1":0.494628369808197,"stage2/block2_Pruned_%":42.1875,"stage3_test_acc":86.90193417034273,"stage1_test_f1":0.9091560980317142,"stage2/test_f1":0.4102922602408994,"model_param_count_dense":36868,"_step":11,"stage2/lr_gumbel":0.001,"model_param_count":10093,"stage1_test_loss":0.2567275946231102,"final_summary_log_path":"/home/qphan/master-thesis/models/uci_best_model_three_stage_channel_subject14_val_final_summary_val_14.txt","stage3_test_loss":0.3647681059954801,"best_val_loss":0.6692978986397933,"stage2/block3_Pruned_%":50,"stage1_test_acc":90.73634204275534,"stage2/train_acc":55.86854460093897,"stage1/use_pretrain_model":false,"_timestamp":1.7758649534510028e+09,"stage2/raw_hard_mask_block2":"[0.0, 0.0, 0.0, 1.0, 0.0, 1.0, 1.0, 1.0, 0.0, 1.0, 0.0, 1.0, 1.0, 0.0, 1.0, 0.0, 1.0, 1.0, 1.0, 0.0, 1.0, 1.0, 0.0, 1.0, 0.0, 0.0, 1.0, 0.0, 0.0, 0.0, 1.0, 0.0, 0.0, 0.0, 0.0, 1.0, 1.0, 1.0, 1.0, 1.0, 1.0, 1.0, 1.0, 0.0, 1.0, 0.0, 1.0, 0.0, 1.0, 0.0, 0.0, 0.0, 1.0, 0.0, 1.0, 0.0, 1.0, 1.0, 1.0, 1.0, 1.0, 1.0, 1.0, 1.0]","stage2/raw_hard_mask_block4":"[0.0, 1.0, 0.0, 1.0, 0.0, 0.0, 1.0, 0.0, 0.0, 0.0, 0.0, 0.0, 0.0, 0.0, 1.0, 1.0, 0.0, 0.0, 0.0, 0.0, 1.0, 0.0, 0.0, 0.0, 0.0, 1.0, 0.0, 0.0, 0.0, 1.0, 1.0, 0.0, 1.0, 0.0, 0.0, 1.0, 1.0, 0.0, 1.0, 0.0, 1.0, 0.0, 0.0, 1.0, 1.0, 0.0, 1.0, 0.0, 0.0, 0.0, 0.0, 0.0, 0.0, 0.0, 0.0, 0.0, 0.0, 1.0, 0.0, 0.0, 0.0, 0.0, 0.0, 0.0, 0.0, 0.0, 0.0, 0.0, 1.0, 0.0, 1.0, 0.0, 0.0, 1.0, 1.0, 0.0, 1.0, 0.0, 0.0, 0.0, 1.0, 1.0, 1.0, 0.0, 0.0, 0.0, 1.0, 1.0, 1.0, 1.0, 1.0, 1.0, 1.0, 0.0, 0.0, 1.0, 0.0, 0.0, 0.0, 0.0, 0.0, 0.0, 1.0, 0.0, 1.0, 0.0, 1.0, 0.0, 1.0, 0.0, 0.0, 0.0, 0.0, 0.0, 0.0, 0.0, 0.0, 0.0, 0.0, 0.0, 0.0, 0.0, 1.0, 1.0, 0.0, 0.0, 0.0, 0.0]","block4_Pruned_%":68.75,"stage_3_prunedseparableconvcnn/confusion_matrix_table":{"log_mode":"IMMUTABLE","path":"media/table/stage_3_prunedseparableconvcnn/confusion_matrix_table_9_1c7cff7c98be127ea7d8.table.json","ncols":3,"sha256":"1c7cff7c98be127ea7d871514a4a0c14697d471a6508fc90538c8df4fa3f8fcc","size":1368,"_latest_artifact_path":"wandb-client-artifact://5y2dv4pixj3rinfpx0xss64or4k14y3hisa3b83xq4rpu3kz4d5sh7i4cd93moepgsg0flj3k3cpn13n0ys62i632y689ufxhd0u7z3wypc3ocksonqnu25sejhyfot4:latest/stage_3_prunedseparableconvcnn/confusion_matrix_table.table.json","_type":"table-file","nrows":36,"artifact_path":"wandb-client-artifact://henxq0weykr4gfo439peslddiwmiclnbcfmvaag3fwgl0ck5ocdp855nhjtjx1bp3bj8a29j6a0c09s6faxxdqj467q8mzgxrhjp82oz8wx3svntjfhgay7e3r0zhd3p/stage_3_prunedseparableconvcnn/confusion_matrix_table.table.json"},"_wandb":{"runtime":16},"block3_Pruned_%":50,"lr_loaded_weights":0.0001,"block2_Pruned_%":42.1875,"train_acc":88.64703371745625,"_runtime":16,"stage2/final_mask_keep_ratio_block2":0.578125,"stage2/final_mask_keep_ratio_block3":0.5,"stage2/raw_hard_mask_block3":"[0.0, 0.0, 0.0, 0.0, 0.0, 0.0, 1.0, 1.0, 0.0, 0.0, 1.0, 1.0, 0.0, 1.0, 1.0, 0.0, 1.0, 0.0, 0.0, 1.0, 0.0, 0.0, 0.0, 1.0, 1.0, 0.0, 1.0, 0.0, 1.0, 1.0, 0.0, 0.0, 1.0, 0.0, 1.0, 1.0, 0.0, 1.0, 0.0, 1.0, 1.0, 1.0, 0.0, 0.0, 1.0, 0.0, 0.0, 0.0, 1.0, 1.0, 0.0, 1.0, 0.0, 0.0, 0.0, 1.0, 0.0, 1.0, 0.0, 1.0, 1.0, 1.0, 1.0, 0.0, 1.0, 0.0, 0.0, 1.0, 0.0, 1.0, 0.0, 0.0, 1.0, 1.0, 1.0, 0.0, 0.0, 1.0, 0.0, 0.0, 1.0, 0.0, 1.0, 1.0, 1.0, 0.0, 1.0, 0.0, 1.0, 1.0, 1.0, 1.0, 0.0, 1.0, 1.0, 1.0, 0.0, 1.0, 1.0, 0.0, 1.0, 1.0, 0.0, 0.0, 1.0, 0.0, 1.0, 0.0, 1.0, 1.0, 0.0, 0.0, 1.0, 1.0, 0.0, 0.0, 1.0, 1.0, 0.0, 1.0, 0.0, 0.0, 0.0, 0.0, 0.0, 1.0, 1.0, 0.0]","stage2/purpose":"train channel-pruning model with masking","val_loss":0.739146383497281,"stage":3,"stage1/test_loss":0.2567275946231102,"model_param_count_pruned":10093,"stage2/epoch":10,"stage2/Total_Pruned_%":55.93749999999999,"stage2/train_loss":1.2059845376920355,"stage2/test_acc":50.4920257889379,"model_param_reduction_pct":72.62395573396984,"stage2/best_epoch":3,"stage2/test_loss":1.095626388418905,"stage2/val_acc":48.916408668730654,"val_acc":72.13622291021672,"stage2/val_loss":1.118223083588624,"stage2/block4_Pruned_%":68.75,"stage2/lr_backbone":0.0001}