{"mask_l1":0.25,"_runtime":12,"stage_3_separableconvcnn/confusion_matrix_table":{"nrows":36,"path":"media/table/stage_3_separableconvcnn/confusion_matrix_table_6_8a9f4d19d4b967d96695.table.json","artifact_path":"wandb-client-artifact://djf2zt9mi9tdzmq7gvgb5krionegsixa2rz1ntmbclu12mi90kxpb52vcsibel2o80jsz6ks9u2t8toe9542qhmynxxx7ch9dpb8t84sh34rbsw5ee8kipbepawchra5/stage_3_separableconvcnn/confusion_matrix_table.table.json","log_mode":"IMMUTABLE","_latest_artifact_path":"wandb-client-artifact://kc7i96vfqiksk0ivwn84yoi3o990unflvkd4a9vb1bntpzwnz0tx39lcpovwbzwv7vj9sx0xemry468qsns0m82yoszfj3fmqlpamkl7xwcz1fd5izjc6wiz2ztw3oqo:latest/stage_3_separableconvcnn/confusion_matrix_table.table.json","ncols":3,"sha256":"8a9f4d19d4b967d96695cee67761b9e072737d2ade1c12556e3279ed23e5281b","size":1369,"_type":"table-file"},"stage1_test_acc":89.85408890397014,"_wandb":{"runtime":12},"best_val_loss":0.364823135151323,"stage3_test_acc":80.86189345096709,"stage1/test_loss":0.4559599839993571,"epoch":10,"stage1_test_f1":0.8992012196111356,"stage2_test_loss":0.5757991141248578,"train_loss":0.1421439636622494,"stage3_test_f1":0.8129016228099816,"_timestamp":1.7764281407846925e+09,"lr":0.001,"stage3_test_loss":0.6290700170216235,"train_acc":93.82399087148767,"stage1_test_loss":0.4559599839993571,"stage1/test_acc":89.85408890397014,"stage1/test_f1":0.8992012196111356,"stage":3,"val_loss":0.4643826500411607,"stage2_test_acc":85.00169664065152,"bin_keep_ratio":0.359375,"lr_backbone":0.0001,"val_acc":86.80351906158357,"stage_1_separableconvcnn/confusion_matrix_table":{"sha256":"02c5a6fac2b98a2cce23216035c71184f8282e95afab8b7a4923ed0654b10cea","_latest_artifact_path":"wandb-client-artifact://v7d6ixoaxycmaegrzjju9qlvakbs6446yoaxdtcgryaa5d4l822xsnq1tfoel67jz5al0l2mk0x1kah2iislmrwxmi8yvofnr3tk8tc78y4s61jhwxw9b77qctqgpge1:latest/stage_1_separableconvcnn/confusion_matrix_table.table.json","ncols":3,"path":"media/table/stage_1_separableconvcnn/confusion_matrix_table_1_02c5a6fac2b98a2cce23.table.json","_type":"table-file","size":1368,"log_mode":"IMMUTABLE","artifact_path":"wandb-client-artifact://llo1skbqijd5xyc2ajqqt4t6i3aqa7x2gzbbfsgul0enrmrzpj9a9en7zqeb395gfo6wv3737qyph1qufbm82r2ozw11yxckwxyy29ksiaphbg2fqirdri6ekaxi769b/stage_1_separableconvcnn/confusion_matrix_table.table.json","nrows":36},"lr_gumbel_bin":0.001,"stage2_hard_bin_mask_str":"[0.0, 1.0, 0.0, 0.0, 0.0, 1.0, 1.0, 1.0, 0.0, 1.0, 1.0, 1.0, 1.0, 1.0, 1.0, 1.0, 1.0, 1.0, 0.0, 1.0, 1.0, 1.0, 1.0, 1.0, 1.0, 1.0, 0.0, 1.0, 0.0, 0.0, 1.0, 1.0, 1.0, 1.0, 1.0, 1.0, 1.0, 1.0, 0.0, 1.0, 1.0, 1.0, 1.0, 1.0, 1.0, 1.0, 1.0, 0.0, 0.0, 1.0, 1.0, 1.0, 1.0, 1.0, 0.0, 1.0, 1.0, 1.0, 1.0, 0.0, 0.0, 0.0, 0.0, 0.0, 0.0, 0.0, 0.0, 0.0, 0.0, 0.0, 0.0, 0.0, 0.0, 0.0, 0.0, 0.0, 0.0, 0.0, 0.0, 0.0, 0.0, 0.0, 0.0, 0.0, 0.0, 0.0, 0.0, 0.0, 0.0, 0.0, 0.0, 0.0, 0.0, 0.0, 0.0, 0.0, 0.0, 0.0, 0.0, 0.0, 0.0, 0.0, 0.0, 0.0, 0.0, 0.0, 0.0, 0.0, 0.0, 0.0, 0.0, 0.0, 0.0, 0.0, 0.0, 0.0, 0.0, 0.0, 0.0, 0.0, 0.0, 0.0, 0.0, 0.0, 0.0, 0.0, 0.0, 0.0]","_step":7,"stage1/use_pretrain_model":false,"stage2_test_f1":0.8514685392218766}