{"stage2/block4_Pruned_%":46.09375,"model_param_count_dense":36868,"_step":33,"stage2/raw_hard_mask_block4":"[0.0, 1.0, 0.0, 0.0, 1.0, 1.0, 0.0, 1.0, 1.0, 0.0, 0.0, 1.0, 0.0, 0.0, 1.0, 1.0, 0.0, 1.0, 0.0, 1.0, 0.0, 1.0, 1.0, 1.0, 1.0, 1.0, 1.0, 1.0, 1.0, 0.0, 0.0, 0.0, 1.0, 0.0, 1.0, 0.0, 1.0, 0.0, 1.0, 0.0, 1.0, 1.0, 1.0, 1.0, 1.0, 0.0, 0.0, 1.0, 0.0, 0.0, 0.0, 1.0, 0.0, 1.0, 0.0, 1.0, 1.0, 0.0, 1.0, 0.0, 0.0, 1.0, 0.0, 1.0, 0.0, 1.0, 1.0, 1.0, 1.0, 0.0, 0.0, 1.0, 1.0, 1.0, 1.0, 0.0, 0.0, 1.0, 1.0, 1.0, 0.0, 0.0, 0.0, 1.0, 0.0, 1.0, 0.0, 1.0, 0.0, 1.0, 0.0, 0.0, 0.0, 0.0, 0.0, 0.0, 1.0, 1.0, 0.0, 0.0, 1.0, 1.0, 1.0, 1.0, 1.0, 0.0, 0.0, 1.0, 0.0, 1.0, 0.0, 1.0, 0.0, 1.0, 1.0, 0.0, 0.0, 0.0, 1.0, 1.0, 0.0, 0.0, 0.0, 1.0, 1.0, 1.0, 1.0, 1.0]","lr_gumbel_bin":0.001,"stage2/final_mask_keep_ratio_block2":0.640625,"stage2/lr_gumbel":0.001,"stage2/best_val_loss":0.3347286102244088,"epoch":45,"stage_5_prunedseparableconvcnn/confusion_matrix_table":{"size":1368,"sha256":"d3376b41e859f683dd2a96adf12c1e1d35706aaffe25c80d54734ee4a97d8eb0","_latest_artifact_path":"wandb-client-artifact://gchsp78rdb0yail0wpqmgq30tu0bo9qquqijzs0libee0qoj20hlppey57cwwz5674f2h3l9cxy4tva5joa3wz1cr8l712xns60rbpl63v7ofpbikcqppwjjcobept3g:latest/stage_5_prunedseparableconvcnn/confusion_matrix_table.table.json","log_mode":"IMMUTABLE","nrows":36,"_type":"table-file","artifact_path":"wandb-client-artifact://qrr1c8z3rphj3vdeidp8r3xnev7ekf9mrbyh6gyu8c395udmtir45izrc0qu9hwvngyh7rw1tzv4h6kiogkh07yn1r03oxv6b52aj9kivlqgxld7fr4nyeqjnmwlku95/stage_5_prunedseparableconvcnn/confusion_matrix_table.table.json","ncols":3,"path":"media/table/stage_5_prunedseparableconvcnn/confusion_matrix_table_32_d3376b41e859f683dd2a.table.json"},"stage1_test_f1":0.912668262878972,"stage2/stage_number":2,"stage2/raw_hard_mask_block2":"[1.0, 0.0, 1.0, 1.0, 1.0, 1.0, 1.0, 0.0, 1.0, 0.0, 0.0, 0.0, 0.0, 1.0, 1.0, 0.0, 1.0, 1.0, 0.0, 0.0, 1.0, 0.0, 1.0, 1.0, 0.0, 1.0, 1.0, 1.0, 1.0, 0.0, 0.0, 0.0, 1.0, 1.0, 1.0, 1.0, 1.0, 1.0, 0.0, 0.0, 0.0, 1.0, 1.0, 1.0, 1.0, 0.0, 0.0, 1.0, 1.0, 1.0, 1.0, 0.0, 1.0, 1.0, 1.0, 1.0, 0.0, 1.0, 1.0, 0.0, 1.0, 1.0, 0.0, 1.0]","stage2/test_acc":82.8978622327791,"stage2/final_mask_keep_ratio_block4":0.5390625,"_wandb":{"runtime":65},"final_channel_mask_block2":[1,0,1,1,1,1,1,0,1,0,0,0,0,1,1,0,1,1,0,0,1,0,1,1,0,1,1,1,1,0,0,0,1,1,1,1,1,1,0,0,0,1,1,1,1,0,0,1,1,1,1,0,1,1,1,1,0,1,1,0,1,1,0,1],"stage2/mask_l1":0.5267221927642822,"stage2/test_loss":0.4064514395163983,"stage2/block3_Pruned_%":53.125,"stage5_test_f1":0.8992550115852996,"stage2/block2_Pruned_%":35.9375,"stage1/test_acc":91.17746861214795,"stage_1_separableconvcnn/confusion_matrix_table":{"size":1368,"_type":"table-file","log_mode":"IMMUTABLE","artifact_path":"wandb-client-artifact://bqttl0p9nq4yrv72qzukdtv1al7s9r350oaoje5iiy5adlyl6psnlk5vu5v1kl1w3nyj4n6cxd0i7uqci1k8npiqfz647hnl95jupyn8cg3rpo1ggcl8iu1w3rltiwrw/stage_1_separableconvcnn/confusion_matrix_table.table.json","nrows":36,"sha256":"84f9356409fc54f6f28b7424a2c79a3cf9248f923c36ab37f05a50a02449fca0","_latest_artifact_path":"wandb-client-artifact://msykzdmb5chynv23fshw2qannykjwcwzastepkxaun8i2jye12rirogfytypmssi3o2utgibprw61k8fflupq31aagi6flk0rgcyi2wsmefcvf0k81jzvvlhvmm9dhg9:latest/stage_1_separableconvcnn/confusion_matrix_table.table.json","ncols":3,"path":"media/table/stage_1_separableconvcnn/confusion_matrix_table_1_84f9356409fc54f6f28b.table.json"},"_runtime":65,"stage2/epoch":60,"stage1/test_loss":0.24706797573488623,"lr":0.001,"lr_loaded_weights":0.0001,"stage":5,"stage5_test_acc":89.85408890397014,"stage1/use_pretrain_model":false,"train_acc":92.23990903922683,"stage5_test_loss":0.32600918205149665,"val_loss":0.21718968161016325,"stage2/final_mask_keep_ratio_block3":0.46875,"val_acc":91.45569620253164,"stage2/purpose":"train channel-pruning model with masking","stage2/train_acc":78.06992609437181,"stage2/val_loss":0.3347286102244088,"stage2/val_acc":88.29113924050633,"model_param_reduction_pct":62.55017901703375,"stage2/test_f1":0.8236047411444497,"final_channel_mask_block4":[0,1,0,0,1,1,0,1,1,0,0,1,0,0,1,1,0,1,0,1,0,1,1,1,1,1,1,1,1,0,0,0,1,0,1,0,1,0,1,0,1,1,1,1,1,0,0,1,0,0,0,1,0,1,0,1,1,0,1,0,0,1,0,1,0,1,1,1,1,0,0,1,1,1,1,0,0,1,1,1,0,0,0,1,0,1,0,1,0,1,0,0,0,0,0,0,1,1,0,0,1,1,1,1,1,0,0,1,0,1,0,1,0,1,1,0,0,0,1,1,0,0,0,1,1,1,1,1],"hard_bin_mask":[1,1,1,1,1,1,1,1,1,1,1,1,1,1,1,1,1,1,1,1,1,1,1,1,1,1,0,1,1,0,1,1,1,1,1,1,1,1,0,0,1,0,0,1,1,0,1,1,1,1,0,1,0,1,1,0,1,1,1,1,0,1,1,0,0,1,0,0,0,1,0,0,0,0,0,0,0,0,0,0,0,0,0,1,1,1,0,1,0,0,0,0,0,0,0,0,0,0,1,0,0,0,0,0,0,0,0,0,0,0,0,0,0,0,0,0,0,0,0,0,0,0,0,0,0,0,0,0],"final_channel_mask_block3":[1,0,0,1,0,0,0,0,0,1,1,1,1,1,1,0,0,0,0,0,0,0,0,0,0,1,0,0,1,1,0,1,1,1,1,0,1,0,1,0,1,0,0,0,0,0,1,1,0,1,1,1,0,0,1,1,0,1,0,0,0,1,1,1,1,0,0,1,1,1,0,1,0,0,0,0,0,1,1,1,1,1,1,0,0,1,0,1,1,1,1,1,0,0,1,0,1,0,0,1,1,0,0,0,0,0,0,0,0,0,0,0,1,0,0,1,1,0,0,0,1,1,1,1,1,1,1,0],"stage1_test_acc":91.17746861214795,"stage2/raw_hard_mask_block3":"[1.0, 0.0, 0.0, 1.0, 0.0, 0.0, 0.0, 0.0, 0.0, 1.0, 1.0, 1.0, 1.0, 1.0, 1.0, 0.0, 0.0, 0.0, 0.0, 0.0, 0.0, 0.0, 0.0, 0.0, 0.0, 1.0, 0.0, 0.0, 1.0, 1.0, 0.0, 1.0, 1.0, 1.0, 1.0, 0.0, 1.0, 0.0, 1.0, 0.0, 1.0, 0.0, 0.0, 0.0, 0.0, 0.0, 1.0, 1.0, 0.0, 1.0, 1.0, 1.0, 0.0, 0.0, 1.0, 1.0, 0.0, 1.0, 0.0, 0.0, 0.0, 1.0, 1.0, 1.0, 1.0, 0.0, 0.0, 1.0, 1.0, 1.0, 0.0, 1.0, 0.0, 0.0, 0.0, 0.0, 0.0, 1.0, 1.0, 1.0, 1.0, 1.0, 1.0, 0.0, 0.0, 1.0, 0.0, 1.0, 1.0, 1.0, 1.0, 1.0, 0.0, 0.0, 1.0, 0.0, 1.0, 0.0, 0.0, 1.0, 1.0, 0.0, 0.0, 0.0, 0.0, 0.0, 0.0, 0.0, 0.0, 0.0, 0.0, 0.0, 1.0, 0.0, 0.0, 1.0, 1.0, 0.0, 0.0, 0.0, 1.0, 1.0, 1.0, 1.0, 1.0, 1.0, 1.0, 0.0]","stage2/train_loss":0.5357451951930712,"_timestamp":1.7767082473145308e+09,"lr_backbone":0.0001,"stage2/Total_Pruned_%":46.875,"stage2/lr_backbone":0.0001,"stage_3_separableconvcnn/confusion_matrix_table":{"sha256":"307de99e691d1f6b24b6f4e799db127e9aa596c401fa8c53494c37a1936d8ae7","path":"media/table/stage_3_separableconvcnn/confusion_matrix_table_9_307de99e691d1f6b24b6.table.json","_latest_artifact_path":"wandb-client-artifact://fu34tutxfshsxlsx8r4h5sxp9frcn9gwluj7r4h01pt305hq2v0auh9bbfg1mgk4f50whw4cyva5pwl6qa1hqsusuoppj9jcku1vpeej1jgwstottih63g5zutqzwhvd:latest/stage_3_separableconvcnn/confusion_matrix_table.table.json","_type":"table-file","size":1368,"nrows":36,"ncols":3,"artifact_path":"wandb-client-artifact://lvhntpw46n0xwegxz6erynlcr5gamjuu9hc0nyr5d7e2isf0cd9yro6jtmst6r8rjnxju4ndforetym69a4jptrx4aghfizr7k048enbjgjyrcsxxhnnsuj7niu7x0ob/stage_3_separableconvcnn/confusion_matrix_table.table.json","log_mode":"IMMUTABLE"},"best_val_loss":0.18063115510099295,"stage1/test_f1":0.912668262878972,"stage1_test_loss":0.24706797573488623,"model_param_count_pruned":13807,"stage2/best_epoch":60,"train_loss":0.18376115312658975,"mask_l1":0.3671875298023224}