{"val_loss":0.7912132245354638,"stage1_test_acc":89.85408890397014,"stage1_test_f1":0.8992012196111356,"stage3_test_loss":0.4906535623707628,"mask_l1":0.25,"train_acc":96.6481243759806,"stage1/test_acc":89.85408890397014,"stage":3,"stage2_test_loss":0.4732161483780799,"stage1/use_pretrain_model":false,"stage1/test_loss":0.4559599839993571,"stage_1_separableconvcnn/confusion_matrix_table":{"_latest_artifact_path":"wandb-client-artifact://rqvbjgcanjrqw9wfbz4whibub2bnajml7hhhuh2yrg742qt848tdvtaqx9fyxhvqx0umpx7e9mp4vahy2axdy13qrnoax5q1vnkb6f09ptxhsn8vbksjnik93whcoxjx:latest/stage_1_separableconvcnn/confusion_matrix_table.table.json","path":"media/table/stage_1_separableconvcnn/confusion_matrix_table_1_02c5a6fac2b98a2cce23.table.json","sha256":"02c5a6fac2b98a2cce23216035c71184f8282e95afab8b7a4923ed0654b10cea","size":1368,"artifact_path":"wandb-client-artifact://twxwi4uwgck3ty6i6cg2iipveubo7b8am902hpowm5b9f6v56ti9v4gbaz6zadbg6xilpfxqdgu90ihjgbg500230eka8cnx3hb8szuo39ut2qdrbx5dilooj4dqaegl/stage_1_separableconvcnn/confusion_matrix_table.table.json","log_mode":"IMMUTABLE","ncols":3,"_type":"table-file","nrows":36},"bin_keep_ratio":0.3828125,"stage1_test_loss":0.4559599839993571,"stage2_test_acc":87.47879199185613,"lr_backbone":0.0001,"_timestamp":1.776425311179387e+09,"_step":12,"epoch":35,"stage_3_separableconvcnn/confusion_matrix_table":{"log_mode":"IMMUTABLE","artifact_path":"wandb-client-artifact://0hy568drv5pvdz7dj3kx63c9l0h8fht5wusfpaggdp8t6nqwpispla94lmwd3roxib5ihmfnoay8d5zdi7w4z7tpj5sy1u73ej1sosvn3vqebnin6zty0kksw95ltljz/stage_3_separableconvcnn/confusion_matrix_table.table.json","_latest_artifact_path":"wandb-client-artifact://vp10ukec1g4gw4tzrk7th3h7j2vc0balcmzwv0mjkfx5kbuuk373giyub5x82t110oac22azzm0pjqrx51uaqlobh42a9qn3916bmgme3xby0rpzleuurs9yoxnn7coq:latest/stage_3_separableconvcnn/confusion_matrix_table.table.json","size":1366,"path":"media/table/stage_3_separableconvcnn/confusion_matrix_table_11_af7065018a657ae94d3a.table.json","nrows":36,"ncols":3,"sha256":"af7065018a657ae94d3a44ef21084ece9d7e2d31ed3626a657bf49d13ea17c95","_type":"table-file"},"lr":0.001,"stage1/test_f1":0.8992012196111356,"val_acc":76.83284457478005,"_wandb":{"runtime":20},"train_loss":0.07936991892001578,"stage2_hard_bin_mask_str":"[0.0, 0.0, 1.0, 0.0, 0.0, 0.0, 1.0, 1.0, 1.0, 1.0, 1.0, 1.0, 1.0, 1.0, 1.0, 1.0, 0.0, 1.0, 1.0, 1.0, 1.0, 1.0, 1.0, 1.0, 1.0, 1.0, 1.0, 1.0, 1.0, 1.0, 0.0, 1.0, 1.0, 1.0, 0.0, 1.0, 1.0, 1.0, 1.0, 1.0, 0.0, 1.0, 1.0, 0.0, 0.0, 1.0, 1.0, 1.0, 1.0, 1.0, 1.0, 1.0, 1.0, 1.0, 1.0, 1.0, 1.0, 1.0, 1.0, 0.0, 0.0, 0.0, 0.0, 1.0, 0.0, 0.0, 0.0, 0.0, 0.0, 0.0, 0.0, 0.0, 0.0, 0.0, 0.0, 0.0, 0.0, 0.0, 0.0, 0.0, 0.0, 0.0, 0.0, 0.0, 0.0, 0.0, 0.0, 0.0, 0.0, 0.0, 0.0, 0.0, 0.0, 0.0, 0.0, 0.0, 0.0, 0.0, 0.0, 0.0, 0.0, 0.0, 0.0, 0.0, 0.0, 0.0, 0.0, 0.0, 0.0, 0.0, 0.0, 0.0, 0.0, 0.0, 0.0, 0.0, 0.0, 0.0, 0.0, 0.0, 0.0, 0.0, 0.0, 0.0, 0.0, 0.0, 0.0, 0.0]","stage3_test_acc":90.49881235154395,"_runtime":20,"stage3_test_f1":0.9057443188633819,"lr_gumbel_bin":0.001,"best_val_loss":0.21822930968576862,"stage2_test_f1":0.8765727253028732}