{"stage2_test_f1":0.8723790184168694,"stage2_test_acc":87.20732948761453,"stage1_test_acc":91.07567017305735,"lr_backbone":0.0001,"stage1/test_f1":0.9114895456985148,"_timestamp":1.775770860926556e+09,"stage3_test_f1":0.8899032708665958,"bin_keep_ratio":0.2461538463830948,"stage1/use_pretrain_model":false,"stage1/test_acc":91.07567017305735,"stage3_test_loss":0.32253629314543475,"epoch":10,"val_loss":0.3552922929945365,"train_acc":93.79154292179324,"train_loss":0.1510308516626563,"_wandb":{"runtime":15},"_runtime":15,"stage_3_separableconvcnn/confusion_matrix_table":{"sha256":"8707b34322e67b21f81862bf947f6fa3faeb8a14e0d2a74d79d0bdfeb305dee0","log_mode":"IMMUTABLE","ncols":3,"_type":"table-file","artifact_path":"wandb-client-artifact://d63n9xnv8xo2x5xu35ag557gjvmv8takebwf5qt4606mbcx5bsyt22le1pvs09ca4n1tce2t1a06dopic9ahlizrx693uwfc7yabrmvuglzhg69xs2w9tdyhuqufg0iq/stage_3_separableconvcnn/confusion_matrix_table.table.json","size":1369,"nrows":36,"_latest_artifact_path":"wandb-client-artifact://9d7olhxak8s32rqneuwoglyfim5x2l3pgg7h6qep1oau21pnw22xffoj0ccavju0cmofx57enw9sa05ow68c30udbu7dyj238ybe9zo2c1j7hwrz7ray4dys0y0wj9o8:latest/stage_3_separableconvcnn/confusion_matrix_table.table.json","path":"media/table/stage_3_separableconvcnn/confusion_matrix_table_8_8707b34322e67b21f818.table.json"},"mask_l1":0.20000000298023224,"stage1_test_f1":0.9114895456985148,"stage":3,"stage1_test_loss":0.2812598028334321,"stage2_test_loss":0.3421724008874728,"_step":9,"stage_1_separableconvcnn/confusion_matrix_table":{"ncols":3,"path":"media/table/stage_1_separableconvcnn/confusion_matrix_table_1_0147b1874f3b7525ec1b.table.json","log_mode":"IMMUTABLE","size":1367,"nrows":36,"artifact_path":"wandb-client-artifact://ia2oha4s9ow299d5rd7rma76f6zdmb4ii0c6b9zsgq221dgcgtoxyaujuolakkjmwo0xt5ulz8o4k9ivww91x604mzai9bsdphdj0jnxgy9shtssvdt3y6bvpwd5ybcr/stage_1_separableconvcnn/confusion_matrix_table.table.json","sha256":"0147b1874f3b7525ec1b1bfbd9b0c58ee6ae5eb7303007ed62f276849052c008","_latest_artifact_path":"wandb-client-artifact://5yaa689rmwuu7sdf7lfwwym6tyukd2np641fcoojbyirb7say05k2bw3ae5ys942b0dpk5d4g0c5tzlskhb1su1hcl4saxw6sfa0op2wdr2gffj7h02t7iche3rbd4s1:latest/stage_1_separableconvcnn/confusion_matrix_table.table.json","_type":"table-file"},"lr":0.001,"best_val_loss":0.2686114212981959,"stage2_hard_bin_mask_str":"[1.0, 1.0, 1.0, 1.0, 1.0, 1.0, 1.0, 1.0, 1.0, 1.0, 1.0, 1.0, 1.0, 1.0, 0.0, 1.0, 1.0, 0.0, 0.0, 0.0, 0.0, 0.0, 0.0, 0.0, 0.0, 0.0, 0.0, 0.0, 0.0, 0.0, 0.0, 0.0, 0.0, 0.0, 0.0, 0.0, 0.0, 0.0, 0.0, 0.0, 0.0, 0.0, 0.0, 0.0, 0.0, 0.0, 0.0, 0.0, 0.0, 0.0, 0.0, 0.0, 0.0, 0.0, 0.0, 0.0, 0.0, 0.0, 0.0, 0.0, 0.0, 0.0, 0.0, 0.0, 0.0]","stage1/test_loss":0.2812598028334321,"val_acc":87.18861209964413,"lr_gumbel_bin":0.001,"stage3_test_acc":89.00576857821514}