{"train_loss":0.2853449653711677,"stage1/use_pretrain_model":false,"lr_gumbel_bin":0.001,"stage_1_separableconvcnn/confusion_matrix_table":{"_type":"table-file","ncols":3,"log_mode":"IMMUTABLE","_latest_artifact_path":"wandb-client-artifact://74ptc9hcv37xyh39hljpvybs4la7i36xiop6vf2rnyj98bba003gm17zo2i86u9blj820mc5dkyqzilib9waiddace9wqf07v1crzmflqymyrnvjana5njnuluxjysyp:latest/stage_1_separableconvcnn/confusion_matrix_table.table.json","artifact_path":"wandb-client-artifact://9xy0mubj0ersgqj1750tqns9sxwmvtc8ce6phuyp8a9g9iib3fzennx6kymty2bxadz4vzjm8te935hpomkrofte8ltjqqpdcoihuje3a8ouy6ncf8al94g73xelvxvx/stage_1_separableconvcnn/confusion_matrix_table.table.json","sha256":"e109c81960089413b24e47496945fb25c897b977aef8368f84ac5441a0ac91eb","size":1370,"nrows":36,"path":"media/table/stage_1_separableconvcnn/confusion_matrix_table_1_e109c81960089413b24e.table.json"},"stage2_test_loss":0.5924588536608536,"_step":9,"stage3_test_acc":81.40481845945028,"stage2_test_f1":0.772238182972033,"train_acc":87.13899558969982,"_runtime":14,"lr":0.001,"val_loss":1.3211344372495615,"_timestamp":1.7766061499133604e+09,"bin_keep_ratio":0.0923076942563057,"mask_l1":0.061538465321063995,"stage2_test_acc":77.70614183915846,"stage1/test_acc":83.8479809976247,"stage3_test_f1":0.8161981411649042,"stage3_test_loss":0.4728842851388087,"stage1/test_f1":0.8423145835060694,"_wandb":{"runtime":14},"stage":3,"stage1/test_loss":0.4033316631915511,"stage2_hard_bin_mask_str":"[0.0, 1.0, 1.0, 1.0, 1.0, 0.0, 1.0, 1.0, 0.0, 0.0, 0.0, 0.0, 0.0, 0.0, 0.0, 0.0, 0.0, 0.0, 0.0, 0.0, 0.0, 0.0, 0.0, 0.0, 0.0, 0.0, 0.0, 0.0, 0.0, 0.0, 0.0, 0.0, 0.0, 0.0, 0.0, 0.0, 0.0, 0.0, 0.0, 0.0, 0.0, 0.0, 0.0, 0.0, 0.0, 0.0, 0.0, 0.0, 0.0, 0.0, 0.0, 0.0, 0.0, 0.0, 0.0, 0.0, 0.0, 0.0, 0.0, 0.0, 0.0, 0.0, 0.0, 0.0, 0.0]","stage_3_separableconvcnn/confusion_matrix_table":{"artifact_path":"wandb-client-artifact://lyw47t0d81yu0xb7y23f263v2lul065qu0izsuug2tcs07h63x652vv7eqlyem60bw99mg1shacn1ub6kht4j52l1anrwglyu29xp3vn5uw84sz839l3lrbtlzgaf3yf/stage_3_separableconvcnn/confusion_matrix_table.table.json","log_mode":"IMMUTABLE","ncols":3,"path":"media/table/stage_3_separableconvcnn/confusion_matrix_table_8_bbd5ee67654f171dab55.table.json","sha256":"bbd5ee67654f171dab5522ce1610e8c27f4a090f7e54b26f857285fc32298ba3","_latest_artifact_path":"wandb-client-artifact://32zf3bxcufzlloftjltsp88ur31r9xnxl5bqtfrvmntvk2oej46idifbhl2h20bzhsd9i0n1xje4dlc2nudx0d7xpueqq3eevzb5k9vo4gkwqyky5h23dibq1ppm3hhu:latest/stage_3_separableconvcnn/confusion_matrix_table.table.json","_type":"table-file","size":1371,"nrows":36},"lr_backbone":0.0001,"stage1_test_loss":0.4033316631915511,"stage1_test_acc":83.8479809976247,"stage1_test_f1":0.8423145835060694,"epoch":20,"val_acc":67.18266253869969,"best_val_loss":1.0557865318034894}