{"val_loss":0.25578956575983713,"stage2_test_loss":0.44795254027486114,"stage1/test_loss":0.333903368065058,"stage3_test_f1":0.9039043666432348,"stage2_test_f1":0.8677669415021407,"lr_backbone":0.0001,"stage2_test_acc":86.93586698337292,"stage1_test_loss":0.333903368065058,"stage_3_separableconvcnn/confusion_matrix_table":{"artifact_path":"wandb-client-artifact://en9xulx7p7ztx2bxavva1tkfjhq5n4foq2748mgdab532g1zfi3f2853nnezf86epqfi38xrbjmlref8js6tto3d0ycgxxtdl8sn3k45g6hqdmuxbtn58zqf72w3ddtq/stage_3_separableconvcnn/confusion_matrix_table.table.json","path":"media/table/stage_3_separableconvcnn/confusion_matrix_table_6_f01455241ada823b285b.table.json","_latest_artifact_path":"wandb-client-artifact://22zt7k0sec1qdj9wxv5265do0ekm8ax07etzngop4rlk2g4x7t3x45mlktwqaonjkh3sax3zf0y0dhaqh029digu2rakq6vzmcf1hoeofg8m0ijea1i9urijsigu2oj7:latest/stage_3_separableconvcnn/confusion_matrix_table.table.json","_type":"table-file","sha256":"f01455241ada823b285b09208b8d7c670767b8a46595d35daa5d1cdf77cff573","size":1366,"ncols":3,"log_mode":"IMMUTABLE","nrows":36},"_wandb":{"runtime":12},"stage1/test_acc":89.71835765184935,"epoch":10,"_timestamp":1.7757667375473838e+09,"stage1_test_acc":89.71835765184935,"train_acc":96.08850820842255,"lr":0.001,"train_loss":0.09679847115027232,"lr_gumbel_bin":0.001,"stage3_test_acc":90.29521547336275,"_step":7,"val_acc":89.9135446685879,"_runtime":12,"mask_l1":0.6769230365753174,"stage":3,"stage3_test_loss":0.323827290654588,"stage2_hard_bin_mask_str":"[1.0, 1.0, 1.0, 1.0, 1.0, 1.0, 1.0, 1.0, 1.0, 1.0, 1.0, 1.0, 1.0, 1.0, 1.0, 1.0, 1.0, 1.0, 1.0, 1.0, 1.0, 0.0, 0.0, 1.0, 1.0, 1.0, 0.0, 1.0, 1.0, 1.0, 0.0, 1.0, 0.0, 1.0, 1.0, 0.0, 1.0, 1.0, 1.0, 0.0, 1.0, 0.0, 0.0, 0.0, 0.0, 0.0, 0.0, 0.0, 1.0, 1.0, 1.0, 0.0, 1.0, 0.0, 1.0, 1.0, 1.0, 0.0, 1.0, 0.0, 0.0, 0.0, 0.0, 1.0, 0.0]","stage_1_separableconvcnn/confusion_matrix_table":{"_latest_artifact_path":"wandb-client-artifact://nxotlw8r262330qmid9xx58x57ut80nokr68o8yknf2saoc9l8ymols4rothu41bum5bpk34ohb1dyhx5cosx4lrxlehj7i81ylh7m3vxdiqzx2x5rqgmzki52z8x98j:latest/stage_1_separableconvcnn/confusion_matrix_table.table.json","_type":"table-file","path":"media/table/stage_1_separableconvcnn/confusion_matrix_table_1_afe147d38f01e1852de8.table.json","size":1366,"ncols":3,"artifact_path":"wandb-client-artifact://crtkyyjeyr0x0y3q3gp8j33acc5wv01qnf7eh2crtbowlh4ji2hsn6zvfiaaq3739ztcdcksncn2dx1x87y8jcda0od1azhjjt2n5zgbe1o5aoiiouj6kj14mkx2wxex/stage_1_separableconvcnn/confusion_matrix_table.table.json","nrows":36,"log_mode":"IMMUTABLE","sha256":"afe147d38f01e1852de86fb6603c33be46cdb43576857b41a32c382468e7b269"},"bin_keep_ratio":0.6615384817123413,"stage1_test_f1":0.8970913604633416,"best_val_loss":0.19538013576614632,"stage1/test_f1":0.8970913604633416,"stage1/use_pretrain_model":false}