{"_runtime":15,"best_val_loss":0.2901277561182833,"train_loss":0.11371839818625473,"lr":0.001,"stage1/test_f1":0.9219876995353277,"stage1/test_loss":0.22278288569213314,"stage_3_separableconvcnn/confusion_matrix_table":{"_latest_artifact_path":"wandb-client-artifact://kugkpowkwpjqv8upmageyii8ovvkhkdrshsj7jihwtuvk85c2qpd44kbv9q7f03q2pcdnwzx8ts80yovvqday22qcgl34v85pjuqq1xswfgleve99kxijtpmsdl6w3ia:latest/stage_3_separableconvcnn/confusion_matrix_table.table.json","ncols":3,"sha256":"aba77d060c405709b23be51d74f66bc6d4062cc1e8e7b8c9ea3d2246128a62ba","size":1367,"_type":"table-file","nrows":36,"path":"media/table/stage_3_separableconvcnn/confusion_matrix_table_9_aba77d060c405709b23b.table.json","log_mode":"IMMUTABLE","artifact_path":"wandb-client-artifact://5kc5viile5f1vep9h5ukkzvd8tc35exb3839jymg6563eysm3o7tjjpgub0knwneftz5beq6sghnc46mw2hbpto824e1oiic8gdnzrlah4dedel9834m4f3c0xka9tz7/stage_3_separableconvcnn/confusion_matrix_table.table.json"},"lr_gumbel_bin":0.001,"_timestamp":1.77577995082751e+09,"stage":3,"lr_backbone":0.0001,"stage2_test_acc":87.95385137427893,"stage1/use_pretrain_model":false,"stage3_test_f1":0.9176791506077167,"train_acc":95.50529630689951,"val_loss":0.3128308546048706,"val_acc":86.33879781420765,"stage2_test_loss":0.37683693873029367,"bin_keep_ratio":0.3125,"stage1_test_f1":0.9219876995353277,"mask_l1":0.2109375,"stage2_hard_bin_mask_str":"[1.0, 1.0, 1.0, 1.0, 1.0, 1.0, 1.0, 1.0, 1.0, 1.0, 1.0, 1.0, 1.0, 1.0, 1.0, 1.0, 1.0, 1.0, 1.0, 1.0, 0.0, 1.0, 1.0, 1.0, 1.0, 1.0, 0.0, 0.0, 0.0, 0.0, 1.0, 0.0, 1.0, 0.0, 0.0, 1.0, 0.0, 0.0, 1.0, 0.0, 0.0, 0.0, 0.0, 0.0, 1.0, 1.0, 1.0, 0.0, 1.0, 1.0, 0.0, 0.0, 1.0, 1.0, 1.0, 0.0, 0.0, 0.0, 1.0, 0.0, 0.0, 0.0, 0.0, 0.0, 0.0, 0.0, 0.0, 0.0, 0.0, 0.0, 0.0, 0.0, 0.0, 0.0, 0.0, 0.0, 0.0, 0.0, 0.0, 0.0, 0.0, 0.0, 0.0, 0.0, 0.0, 0.0, 1.0, 0.0, 0.0, 0.0, 0.0, 0.0, 0.0, 0.0, 0.0, 0.0, 0.0, 0.0, 0.0, 0.0, 1.0, 0.0, 0.0, 0.0, 0.0, 0.0, 0.0, 0.0, 0.0, 0.0, 0.0, 0.0, 0.0, 0.0, 0.0, 0.0, 0.0, 0.0, 0.0, 0.0, 0.0, 0.0, 0.0, 0.0, 0.0, 0.0, 0.0, 0.0]","stage1_test_loss":0.22278288569213314,"epoch":25,"stage1/test_acc":92.12758737699355,"stage3_test_acc":91.68646080760095,"stage1_test_acc":92.12758737699355,"stage3_test_loss":0.26544724091264565,"stage2_test_f1":0.8804725829025882,"_wandb":{"runtime":15},"stage_1_separableconvcnn/confusion_matrix_table":{"sha256":"bda03fcb1a2de4eb6110c5203aad8cb9724a0289aa8ccc10119632ddce082632","path":"media/table/stage_1_separableconvcnn/confusion_matrix_table_1_bda03fcb1a2de4eb6110.table.json","_type":"table-file","ncols":3,"nrows":36,"size":1367,"log_mode":"IMMUTABLE","artifact_path":"wandb-client-artifact://vri5c1ia8fx31lh9jinoe4r9onq8bd8gb73fqt9ot98ft3wl8x5go1t9msxqz93r0pok48t28o5fdkbmehn8zhw4vsng2bs2liaiwv47juw4dw8ojxxyt06z11s5d5js/stage_1_separableconvcnn/confusion_matrix_table.table.json","_latest_artifact_path":"wandb-client-artifact://kkinr5y8s4xjgr358qoht7bc8ixvglo8hb64u7lsl2orwbxkah076m6pax9mi3dxxqf2a1z5thip46f5t8dbz9jnk13zis1drm3pxjf2n4g3lfh3zm9gywwo4vpau6xv:latest/stage_1_separableconvcnn/confusion_matrix_table.table.json"},"_step":10}