{"stage1/test_f1":0.9243712680307502,"_wandb":{"runtime":14},"train_acc":95.51724137931035,"stage3_test_acc":91.89005768578215,"stage1/use_pretrain_model":false,"bin_keep_ratio":0.4140625,"stage2_hard_bin_mask_str":"[0.0, 0.0, 0.0, 0.0, 0.0, 1.0, 1.0, 1.0, 1.0, 1.0, 1.0, 1.0, 1.0, 1.0, 1.0, 1.0, 1.0, 1.0, 1.0, 1.0, 1.0, 1.0, 1.0, 0.0, 1.0, 1.0, 1.0, 1.0, 1.0, 1.0, 1.0, 1.0, 0.0, 1.0, 1.0, 1.0, 1.0, 0.0, 1.0, 1.0, 1.0, 1.0, 1.0, 1.0, 1.0, 1.0, 1.0, 1.0, 1.0, 1.0, 1.0, 1.0, 1.0, 0.0, 1.0, 0.0, 1.0, 1.0, 1.0, 1.0, 0.0, 1.0, 1.0, 1.0, 0.0, 0.0, 0.0, 0.0, 0.0, 0.0, 0.0, 0.0, 0.0, 0.0, 0.0, 0.0, 0.0, 0.0, 0.0, 0.0, 0.0, 0.0, 0.0, 0.0, 0.0, 0.0, 0.0, 0.0, 0.0, 0.0, 0.0, 0.0, 0.0, 0.0, 0.0, 0.0, 0.0, 0.0, 0.0, 0.0, 0.0, 0.0, 0.0, 0.0, 0.0, 0.0, 0.0, 0.0, 0.0, 0.0, 0.0, 0.0, 0.0, 0.0, 0.0, 0.0, 0.0, 0.0, 0.0, 0.0, 0.0, 0.0, 0.0, 0.0, 0.0, 0.0, 0.0, 0.0]","stage2_test_acc":89.34509670851713,"train_loss":0.10766252048056701,"best_val_loss":0.08935132656455497,"val_acc":93.36734693877551,"stage2_test_f1":0.8954586031690335,"_runtime":14,"_step":9,"lr":0.001,"lr_gumbel_bin":0.001,"stage2_test_loss":0.30882203947860115,"lr_backbone":0.0001,"stage_1_separableconvcnn/confusion_matrix_table":{"ncols":3,"_type":"table-file","_latest_artifact_path":"wandb-client-artifact://bsabkypi6na636q401zql2y8mauxzt8ubd7k7szlb3nfjudpv365fudakkk3osjbsyvil8akzoz8d7hjdrcicarj40po9nochrhmsmzkkg9ogrm7mealo7gj1y6iqmzf:latest/stage_1_separableconvcnn/confusion_matrix_table.table.json","size":1364,"nrows":36,"artifact_path":"wandb-client-artifact://0gp5vqukmt7ls9l2sadkqpbd7g49wul51xuinvud98rodhzfj2e6mkr7u5fdjh9q5pjxd4m5o922tr1wgh4ojvyvmglgotvgobimhudci8td9vz1jdm3mgfomhhsfxrc/stage_1_separableconvcnn/confusion_matrix_table.table.json","sha256":"c4ae4bf249d288cf435b71c426dfffb1ac3897a54aa19e24f5ed1ade62ba1fca","path":"media/table/stage_1_separableconvcnn/confusion_matrix_table_1_c4ae4bf249d288cf435b.table.json","log_mode":"IMMUTABLE"},"epoch":20,"stage":3,"val_loss":0.23378083170676717,"stage1_test_loss":0.2603429108367938,"stage1/test_acc":92.22938581608415,"stage3_test_f1":0.9206221598897574,"stage_3_separableconvcnn/confusion_matrix_table":{"ncols":3,"artifact_path":"wandb-client-artifact://ipvf482uqcgiryzarqq5nohvg6sfepbwjbcy98li7p0ognvjey825w13z0zoud5wd4n31qlajxx7zmuw4rjmndi6lzw9q2z7zyt2wyp2irew6go1r5spjsgabpl446lh/stage_3_separableconvcnn/confusion_matrix_table.table.json","nrows":36,"_type":"table-file","sha256":"ca42e58b7402493b3a5fbae3c8fcd9efc89e510160fa432cb1b8ad2f2a9ca103","path":"media/table/stage_3_separableconvcnn/confusion_matrix_table_8_ca42e58b7402493b3a5f.table.json","log_mode":"IMMUTABLE","size":1365,"_latest_artifact_path":"wandb-client-artifact://k97ge7u0cwwxbzb5f8uprve3b0e0eqxxzgc9bw2wk89m9akktogn8jrulrl1iz35x6p121t26bwgakpkc1oqhoo3xcrhy73to21ipvscsycg8vwqnrr3b6w74c6yg98n:latest/stage_3_separableconvcnn/confusion_matrix_table.table.json"},"_timestamp":1.776612427230716e+09,"stage3_test_loss":0.26973268584115456,"stage1/test_loss":0.2603429108367938,"stage1_test_f1":0.9243712680307502,"mask_l1":0.3046875,"stage1_test_acc":92.22938581608415}