{"stage2/raw_hard_mask_block4":"[1.0, 0.0, 0.0, 1.0, 1.0, 1.0, 1.0, 1.0, 0.0, 1.0, 0.0, 1.0, 0.0, 1.0, 1.0, 0.0, 1.0, 1.0, 0.0, 1.0, 0.0, 1.0, 1.0, 1.0, 1.0, 1.0, 1.0, 1.0, 0.0, 1.0, 1.0, 1.0, 0.0, 1.0, 1.0, 0.0, 1.0, 1.0, 1.0, 0.0, 0.0, 0.0, 0.0, 0.0, 0.0, 0.0, 1.0, 0.0, 0.0, 1.0, 0.0, 0.0, 1.0, 1.0, 0.0, 0.0, 1.0, 1.0, 0.0, 0.0, 0.0, 1.0, 0.0, 1.0, 1.0, 1.0, 1.0, 1.0, 0.0, 1.0, 0.0, 1.0, 1.0, 0.0, 1.0, 1.0, 1.0, 0.0, 1.0, 0.0, 1.0, 0.0, 0.0, 0.0, 1.0, 0.0, 1.0, 1.0, 1.0, 0.0, 1.0, 0.0, 0.0, 1.0, 0.0, 1.0, 1.0, 0.0, 1.0, 1.0, 0.0, 0.0, 1.0, 1.0, 1.0, 1.0, 1.0, 0.0, 1.0, 1.0, 0.0, 0.0, 1.0, 1.0, 0.0, 1.0, 1.0, 1.0, 0.0, 1.0, 1.0, 1.0, 1.0, 1.0, 1.0, 1.0, 0.0, 0.0]","_timestamp":1.7753369150213912e+09,"stage_3_prunedseparableconvcnn/confusion_matrix_table":{"_latest_artifact_path":"wandb-client-artifact://e3a2nr13ary6v2zgruhe5uytndvp744nrjaplc5h1kgkdavce5wug5u8t2fipw34sod0kjwd72cyjq4iy9y7mdh05s4oxf5p6r041ivuxhb702vzvwidn6c9egleka6j:latest/stage_3_prunedseparableconvcnn/confusion_matrix_table.table.json","artifact_path":"wandb-client-artifact://s56ywetg09tme6albx2fym4bk3ybiy0hddwfvikq6t1hw247wtunszbrm3i7jidj15qw4yjcigdfuje3mr8bnzbp7hrt7omvdim6yzmhli8zgya8uy0y7v9shag7m9uh/stage_3_prunedseparableconvcnn/confusion_matrix_table.table.json","path":"media/table/stage_3_prunedseparableconvcnn/confusion_matrix_table_11_8a76f2a7afe49b4c093e.table.json","size":2016,"ncols":3,"_type":"table-file","sha256":"8a76f2a7afe49b4c093e9e2b4e0d91768282aa6c20ab6a12a3731e6c4af120a3","nrows":64,"log_mode":"IMMUTABLE"},"val_acc":68.70778928410625,"train_acc":66.94369659370244,"stage1/test_loss":0.6435405399859535,"stage2/epoch":20,"stage2_test_loss":0.7353904538616607,"stage1_test_f1":0.6788417622107312,"stage2/block3_Pruned_%":58.59375,"model_param_reduction_pct":64.36564138602087,"stage2/block4_Pruned_%":39.84375,"stage2/test_f1":0.6424066892779992,"stage1_test_loss":0.6435405399859535,"block3_Pruned_%":58.59375,"stage2/purpose":"train channel-pruning model with masking","epoch":20,"stage2/train_loss":1.0422572693863281,"stage2/block2_Pruned_%":51.5625,"stage2/lr_backbone":0.0001,"model_param_count_dense":36998,"stage2/final_mask_keep_ratio_block4":0.6015625,"stage2/raw_hard_mask_block2":"[0.0, 0.0, 1.0, 1.0, 1.0, 0.0, 1.0, 1.0, 0.0, 1.0, 0.0, 0.0, 0.0, 0.0, 1.0, 1.0, 1.0, 1.0, 0.0, 0.0, 0.0, 0.0, 1.0, 0.0, 0.0, 1.0, 0.0, 0.0, 1.0, 0.0, 0.0, 0.0, 1.0, 1.0, 0.0, 1.0, 0.0, 1.0, 0.0, 1.0, 1.0, 0.0, 1.0, 1.0, 0.0, 0.0, 0.0, 1.0, 1.0, 1.0, 1.0, 1.0, 0.0, 0.0, 0.0, 0.0, 1.0, 1.0, 0.0, 1.0, 1.0, 1.0, 0.0, 0.0]","stage2/val_acc":63.845114813147234,"final_summary_log_path":"/home/qphan/master-thesis/models/wear_best_model_three_stage_channel_subject11_val_final_summary_val_11.txt","stage2/final_mask_keep_ratio_block2":0.484375,"stage2/val_loss":0.832227960007516,"best_val_loss":0.7325144738884779,"stage2/final_mask_keep_ratio_block3":0.4140625,"_step":13,"stage_1_separableconvcnn/confusion_matrix_table":{"artifact_path":"wandb-client-artifact://bdcncscqs8symmr25jhbsigk1cm1vav5nzdq1m4i1btv8cqcn6ggfhfifd5wktppdmj6jrn83kijzb83oc56311yg33lzsyc5lbi4870p2y6xfc9jjr5jznfps9lkm11/stage_1_separableconvcnn/confusion_matrix_table.table.json","_latest_artifact_path":"wandb-client-artifact://4ou93wl1xttbp7ffubcnuawovw7y45il59sb4ejqcp9vsfa639wwkl4gfruxpsveg0pnhmouorzs98jlccnk3civhv1c5yvhh8zk57bfx3m3n0qe1g9zwfq5dx54p0ol:latest/stage_1_separableconvcnn/confusion_matrix_table.table.json","sha256":"a9e697e2119585023eba2e26192d1547a0ce353f171d14a3bf5a2c82a6538330","log_mode":"IMMUTABLE","ncols":3,"_type":"table-file","size":2014,"path":"media/table/stage_1_separableconvcnn/confusion_matrix_table_1_a9e697e2119585023eba.table.json","nrows":64},"stage1_test_acc":78.37197320968573,"stage2/mask_l1":0.4534861445426941,"stage3_test_acc":78.89747552807832,"stage2_test_acc":76.87789799072642,"model_param_count":13184,"stage2/Total_Pruned_%":49.68749999999999,"stage3_test_f1":0.6829057233211475,"stage2/best_val_loss":0.8031966428346646,"stage2/train_acc":54.08911779624644,"_wandb":{"runtime":141},"stage2/test_acc":76.87789799072642,"stage2/stage_number":2,"block4_Pruned_%":39.84375,"stage1/test_f1":0.6788417622107312,"stage":3,"stage2/raw_hard_mask_block3":"[0.0, 1.0, 0.0, 1.0, 0.0, 1.0, 1.0, 1.0, 0.0, 1.0, 0.0, 0.0, 1.0, 1.0, 0.0, 0.0, 0.0, 1.0, 1.0, 0.0, 0.0, 0.0, 0.0, 1.0, 0.0, 0.0, 1.0, 0.0, 1.0, 0.0, 1.0, 0.0, 0.0, 0.0, 0.0, 1.0, 0.0, 1.0, 1.0, 0.0, 1.0, 0.0, 0.0, 0.0, 0.0, 0.0, 0.0, 0.0, 0.0, 0.0, 1.0, 0.0, 0.0, 1.0, 0.0, 0.0, 1.0, 0.0, 1.0, 0.0, 0.0, 1.0, 0.0, 1.0, 0.0, 1.0, 0.0, 1.0, 1.0, 1.0, 1.0, 1.0, 1.0, 1.0, 0.0, 0.0, 0.0, 1.0, 1.0, 1.0, 0.0, 0.0, 0.0, 0.0, 1.0, 1.0, 0.0, 1.0, 1.0, 0.0, 0.0, 0.0, 0.0, 0.0, 1.0, 0.0, 1.0, 0.0, 0.0, 1.0, 1.0, 0.0, 0.0, 1.0, 1.0, 0.0, 1.0, 0.0, 0.0, 0.0, 0.0, 1.0, 0.0, 0.0, 1.0, 0.0, 0.0, 1.0, 0.0, 0.0, 1.0, 0.0, 1.0, 0.0, 1.0, 0.0, 0.0, 1.0]","stage3_test_loss":0.6422828359403664,"stage2_test_f1":0.6424066892779992,"block2_Pruned_%":51.5625,"_runtime":141,"train_loss":0.6402086466835721,"stage2/best_epoch":10,"stage2/lr_gumbel":0.001,"model_param_count_pruned":13184,"val_loss":0.7467562591154691,"stage1/use_pretrain_model":false,"lr_loaded_weights":0.0001,"Total_Pruned_%":49.68749999999999,"stage1/test_acc":78.37197320968573,"stage2/test_loss":0.7353904538616607}