{"_step":7,"stage1/use_pretrain_model":false,"stage3_test_f1":0.8958728753611812,"stage1_test_f1":0.8970913604633416,"stage_1_separableconvcnn/confusion_matrix_table":{"nrows":36,"sha256":"afe147d38f01e1852de86fb6603c33be46cdb43576857b41a32c382468e7b269","size":1366,"log_mode":"IMMUTABLE","ncols":3,"_latest_artifact_path":"wandb-client-artifact://vfzvyaokhll47tolzhpocuuhijiq1g0nif54v91b55dyg75txgex8occfgp14lxqg9rwrkq9ji30od3p9e19mnmrj3cw6r6cwvs8oxtunq0c0wyqvr3unv8rj5jxcdnv:latest/stage_1_separableconvcnn/confusion_matrix_table.table.json","path":"media/table/stage_1_separableconvcnn/confusion_matrix_table_1_afe147d38f01e1852de8.table.json","_type":"table-file","artifact_path":"wandb-client-artifact://1pn9o8d422k2ftlo6i27mh0p68k5fbwx22wct99yua7bvr48ql3kmvopyseqcmhqj4lm52cx2terf0ia5g2b68e7ktq3v27fh0v27w6959f2lhy7wnqmg63f844izigp/stage_1_separableconvcnn/confusion_matrix_table.table.json"},"stage3_test_loss":0.42030949790474453,"stage":3,"mask_l1":0.5230768918991089,"train_loss":0.09179946497922961,"epoch":10,"stage1_test_acc":89.71835765184935,"val_acc":89.62536023054756,"stage2_test_acc":86.80013573125213,"_wandb":{"runtime":12},"stage2_hard_bin_mask_str":"[1.0, 1.0, 1.0, 1.0, 1.0, 1.0, 1.0, 1.0, 1.0, 1.0, 1.0, 1.0, 1.0, 1.0, 1.0, 1.0, 1.0, 1.0, 1.0, 1.0, 1.0, 0.0, 0.0, 1.0, 1.0, 1.0, 0.0, 1.0, 1.0, 1.0, 0.0, 1.0, 0.0, 1.0, 1.0, 0.0, 1.0, 1.0, 1.0, 0.0, 1.0, 0.0, 0.0, 0.0, 0.0, 0.0, 0.0, 0.0, 1.0, 1.0, 1.0, 0.0, 1.0, 0.0, 1.0, 1.0, 1.0, 0.0, 0.0, 0.0, 0.0, 0.0, 0.0, 1.0, 0.0]","best_val_loss":0.21314902157926668,"lr_gumbel_bin":0.001,"stage2_test_loss":0.45342755185826994,"lr":0.001,"_runtime":12,"stage1/test_loss":0.333903368065058,"stage_3_separableconvcnn/confusion_matrix_table":{"artifact_path":"wandb-client-artifact://v1cuadv1uoxpynsyuwvwfiw9qqospjyfziv1kiull4tzv7nlkv87o0lb4qsl47dbnx4145v4agmel5idv182fkc1cva1mgdlnvuvqtbk2jp6xpkwlu3mhzmluqig8zdx/stage_3_separableconvcnn/confusion_matrix_table.table.json","sha256":"a4b0df22b0f1e588a750b728e5c1210378da6f0bb428b52dbf59481b6e4bf668","_type":"table-file","log_mode":"IMMUTABLE","size":1366,"path":"media/table/stage_3_separableconvcnn/confusion_matrix_table_6_a4b0df22b0f1e588a750.table.json","nrows":36,"_latest_artifact_path":"wandb-client-artifact://81r0akuau1c8g5gv63d3jopmhsb98h2cmg2o7502h8srm05dd8qbczeupps5tppze6oxfx2ibdrdz1ybbb6stlla7vh5em0m78c68vrguogzy2ahrufjsvecri24s73y:latest/stage_3_separableconvcnn/confusion_matrix_table.table.json","ncols":3},"lr_backbone":0.0001,"train_acc":96.23126338329764,"stage1/test_f1":0.8970913604633416,"stage1_test_loss":0.333903368065058,"stage2_test_f1":0.8663691549615047,"_timestamp":1.7757674180796103e+09,"val_loss":0.2941892772741208,"stage1/test_acc":89.71835765184935,"stage3_test_acc":89.71835765184935,"bin_keep_ratio":0.6461538672447205}