{"lr_loaded_weights":0.0001,"val_acc":62.42718446601942,"stage2/test_f1":0.6814100939700123,"train_loss":0.531774242376765,"stage1/test_loss":0.6478838852843263,"stage_3_prunedseparableconvcnn/confusion_matrix_table":{"nrows":64,"_latest_artifact_path":"wandb-client-artifact://x91rd51cdpcehmq75kkyac7pirlmxreq17v2nr7xehogf814uuif8nvegx4gqf30mvihfbpbk1lm1js7e6arvs37zhxkcujmh4q84tplbunk3xjy4j0nwohbx505q089:latest/stage_3_prunedseparableconvcnn/confusion_matrix_table.table.json","log_mode":"IMMUTABLE","size":2013,"path":"media/table/stage_3_prunedseparableconvcnn/confusion_matrix_table_27_6fa65b3a837fc58879fb.table.json","ncols":3,"sha256":"6fa65b3a837fc58879fb1b7aa2c1e132c6022e0f6c569ca92837e4c894e4aa67","_type":"table-file","artifact_path":"wandb-client-artifact://bhu6ipgeaqf4dnucmu4ruyl71uif9j26yi9q6lcps0joeqx11ths0scqitcxp9q36y1ruqgd6ylgzb92ovhg5k0ohciqe3yein5wvyxuitmy89hyi02i2t0mvp6d9j43/stage_3_prunedseparableconvcnn/confusion_matrix_table.table.json"},"stage3_test_acc":79.00051519835137,"block4_Pruned_%":35.15625,"Total_Pruned_%":42.1875,"block3_Pruned_%":55.46875,"stage2/block4_Pruned_%":35.15625,"stage2/train_loss":0.8169676743075318,"_timestamp":1.7753299202006552e+09,"stage2/block3_Pruned_%":55.46875,"stage3_test_f1":0.6924829726117703,"stage2/lr_backbone":0.0001,"stage2/final_mask_keep_ratio_block3":0.4453125,"best_val_loss":0.6891061271085708,"stage2/train_acc":62.211990712258626,"stage2/val_acc":55.954692556634306,"stage2/raw_hard_mask_block3":"[0.0, 1.0, 1.0, 1.0, 0.0, 0.0, 0.0, 0.0, 0.0, 0.0, 0.0, 1.0, 0.0, 1.0, 0.0, 0.0, 1.0, 1.0, 1.0, 0.0, 0.0, 0.0, 1.0, 1.0, 0.0, 1.0, 0.0, 1.0, 0.0, 0.0, 1.0, 0.0, 1.0, 0.0, 0.0, 1.0, 0.0, 1.0, 1.0, 1.0, 0.0, 0.0, 0.0, 1.0, 1.0, 1.0, 0.0, 0.0, 1.0, 1.0, 1.0, 1.0, 0.0, 0.0, 1.0, 1.0, 1.0, 0.0, 1.0, 0.0, 1.0, 1.0, 0.0, 0.0, 1.0, 1.0, 0.0, 1.0, 0.0, 0.0, 0.0, 1.0, 0.0, 1.0, 0.0, 1.0, 1.0, 0.0, 0.0, 1.0, 0.0, 1.0, 0.0, 0.0, 0.0, 0.0, 1.0, 1.0, 1.0, 0.0, 1.0, 1.0, 0.0, 0.0, 1.0, 0.0, 0.0, 0.0, 0.0, 1.0, 1.0, 0.0, 0.0, 0.0, 0.0, 0.0, 0.0, 1.0, 0.0, 1.0, 0.0, 0.0, 0.0, 1.0, 1.0, 0.0, 1.0, 1.0, 0.0, 0.0, 0.0, 1.0, 0.0, 1.0, 0.0, 0.0, 0.0, 1.0]","stage2/final_mask_keep_ratio_block2":0.703125,"stage1/test_acc":78.8768675940237,"stage2/purpose":"train channel-pruning model with masking","train_acc":70.28121216932267,"_step":29,"final_summary_log_path":"/home/qphan/master-thesis/models/wear_best_model_three_stage_channel_subject17_val_final_summary_val_17.txt","stage2/best_epoch":59,"model_param_count_pruned":15690,"stage1_test_loss":0.6478838852843263,"stage2_test_acc":78.96960329726944,"epoch":60,"_runtime":371,"stage_1_separableconvcnn/confusion_matrix_table":{"log_mode":"IMMUTABLE","artifact_path":"wandb-client-artifact://odvzqj2jral5bc70irqt52u5yow6bonvpcrmfegmdicd64pynkllo4z66cupfau656wug7w9yq6rsdd5so0mvkq3h0u8u0g0cxyc0td3deu0rxoybedaxfajbcwp5e2s/stage_1_separableconvcnn/confusion_matrix_table.table.json","sha256":"4963589bef1f9396b5e4b672611eb0c0e428254fe4f2a3b722c654e2eb9e2167","size":2012,"_type":"table-file","ncols":3,"_latest_artifact_path":"wandb-client-artifact://2vucdkbqi7o1h37369w8sk5zjgdihfv0az9f212nhttgjmhlyd999o8tlb6hzi4p0fsavmmiaaawaff9wy3kvwzbsnsona79ci4wrj9d5yvrzzfiueyuq23rjbuzgk1k:latest/stage_1_separableconvcnn/confusion_matrix_table.table.json","path":"media/table/stage_1_separableconvcnn/confusion_matrix_table_1_4963589bef1f9396b5e4.table.json","nrows":64},"_wandb":{"runtime":371},"stage2/block2_Pruned_%":29.6875,"stage2/raw_hard_mask_block2":"[1.0, 1.0, 1.0, 1.0, 1.0, 0.0, 1.0, 0.0, 0.0, 0.0, 0.0, 1.0, 1.0, 1.0, 1.0, 0.0, 1.0, 1.0, 1.0, 1.0, 1.0, 1.0, 0.0, 1.0, 1.0, 0.0, 0.0, 1.0, 1.0, 1.0, 1.0, 1.0, 1.0, 0.0, 0.0, 1.0, 0.0, 1.0, 1.0, 1.0, 0.0, 1.0, 1.0, 1.0, 1.0, 1.0, 0.0, 0.0, 0.0, 1.0, 1.0, 0.0, 1.0, 0.0, 1.0, 1.0, 1.0, 1.0, 0.0, 1.0, 1.0, 1.0, 1.0, 1.0]","stage2/best_val_loss":0.7350633151708683,"stage2/stage_number":2,"model_param_reduction_pct":57.592302286610085,"val_loss":0.6985908263516658,"stage2/mask_l1":0.5468142032623291,"stage1_test_acc":78.8768675940237,"stage2_test_loss":0.656236009276724,"model_param_count":15690,"stage2/Total_Pruned_%":42.1875,"stage2/test_acc":78.96960329726944,"stage2/epoch":60,"stage1/use_pretrain_model":false,"stage1_test_f1":0.6920721084359487,"stage2/final_mask_keep_ratio_block4":0.6484375,"stage":3,"stage2/lr_gumbel":0.001,"stage2_test_f1":0.6814100939700123,"stage1/test_f1":0.6920721084359487,"stage3_test_loss":0.6488324438370975,"stage2/test_loss":0.656236009276724,"stage2/val_loss":0.7695977938792466,"model_param_count_dense":36998,"stage2/raw_hard_mask_block4":"[1.0, 0.0, 0.0, 0.0, 0.0, 0.0, 0.0, 1.0, 1.0, 1.0, 1.0, 1.0, 1.0, 1.0, 0.0, 1.0, 0.0, 0.0, 1.0, 1.0, 1.0, 1.0, 0.0, 0.0, 1.0, 1.0, 1.0, 1.0, 0.0, 0.0, 1.0, 0.0, 1.0, 1.0, 0.0, 0.0, 0.0, 0.0, 1.0, 1.0, 1.0, 0.0, 1.0, 0.0, 1.0, 0.0, 1.0, 1.0, 1.0, 1.0, 0.0, 1.0, 0.0, 0.0, 1.0, 1.0, 0.0, 1.0, 0.0, 1.0, 1.0, 1.0, 1.0, 1.0, 0.0, 1.0, 1.0, 1.0, 1.0, 1.0, 1.0, 1.0, 0.0, 0.0, 1.0, 1.0, 1.0, 1.0, 1.0, 0.0, 1.0, 0.0, 0.0, 1.0, 0.0, 1.0, 0.0, 1.0, 0.0, 0.0, 1.0, 0.0, 1.0, 1.0, 0.0, 0.0, 1.0, 1.0, 1.0, 0.0, 1.0, 1.0, 0.0, 0.0, 1.0, 1.0, 1.0, 0.0, 1.0, 1.0, 1.0, 1.0, 1.0, 0.0, 1.0, 1.0, 1.0, 0.0, 1.0, 1.0, 1.0, 1.0, 1.0, 1.0, 1.0, 1.0, 1.0, 1.0]","block2_Pruned_%":29.6875}