{"stage1_test_loss":0.31293068061798196,"bin_keep_ratio":0.29230770468711853,"val_loss":0.30664389284067256,"stage1/use_pretrain_model":false,"stage2_test_acc":89.85408890397014,"stage1/test_loss":0.31293068061798196,"stage2_test_f1":0.8997123519651141,"_step":8,"stage2_test_loss":0.2786707794884135,"val_acc":88.97849462365592,"stage1/test_acc":90.63454360366474,"stage3_test_f1":0.8857822257085948,"_timestamp":1.7757699421006923e+09,"_wandb":{"runtime":14},"stage3_test_loss":0.39361786890863,"stage1_test_acc":90.63454360366474,"train_acc":92.57879656160459,"stage2_hard_bin_mask_str":"[1.0, 1.0, 1.0, 1.0, 1.0, 1.0, 1.0, 1.0, 1.0, 1.0, 1.0, 1.0, 1.0, 1.0, 0.0, 1.0, 1.0, 0.0, 0.0, 0.0, 1.0, 1.0, 0.0, 0.0, 0.0, 0.0, 0.0, 1.0, 0.0, 0.0, 0.0, 0.0, 0.0, 0.0, 0.0, 0.0, 0.0, 0.0, 0.0, 0.0, 0.0, 0.0, 0.0, 0.0, 0.0, 0.0, 0.0, 0.0, 0.0, 0.0, 0.0, 0.0, 0.0, 0.0, 0.0, 0.0, 0.0, 0.0, 0.0, 0.0, 0.0, 0.0, 0.0, 0.0, 0.0]","best_val_loss":0.23194950794981373,"lr_gumbel_bin":0.001,"mask_l1":0.23076923191547394,"stage_1_separableconvcnn/confusion_matrix_table":{"nrows":36,"_latest_artifact_path":"wandb-client-artifact://t1ve3v69kfs3g5le9dkcbh1v7c1di1y9gr4aat9b9t979whnna453ezav1phjtc1b3ljclijprjh9x1xi23mkll5t3shq7w6feabvq7ti9g6nyufki4dluyhb107vktj:latest/stage_1_separableconvcnn/confusion_matrix_table.table.json","ncols":3,"_type":"table-file","artifact_path":"wandb-client-artifact://0ebk1owbkz9xfkypust7161elq7koxg6jc8912kb2m6b2qmqw2dt05f31lz9db5klhm40b2if6ma5wb20adkrj96uzusgztdf3qfcontsr6p4ws95hy1utag1egq0g6g/stage_1_separableconvcnn/confusion_matrix_table.table.json","size":1367,"sha256":"8092b63f36cc3eeede6f51599ff92baa72951bd76a7b56754f2aeb0be43f14ce","path":"media/table/stage_1_separableconvcnn/confusion_matrix_table_1_8092b63f36cc3eeede6f.table.json","log_mode":"IMMUTABLE"},"stage1/test_f1":0.9073731888403188,"stage":3,"stage1_test_f1":0.9073731888403188,"stage_3_separableconvcnn/confusion_matrix_table":{"size":1367,"artifact_path":"wandb-client-artifact://udfspg3siwn0tj94jwbrftu1jh2gnknj6jrebpcokp9q3aox5xp42vpei4jd2zhug8rp93inbyw1r8kh4bed9fj20np2nda8kbeonttpvj8xd9eqqh7ftd3gveoj3aeu/stage_3_separableconvcnn/confusion_matrix_table.table.json","_latest_artifact_path":"wandb-client-artifact://oxapms68uwm439d9wlycb7pomhmpjdwi3ag5oatslnllri0ge6mq4gev91c1rpdminhitjpkhzkbib62bhj37pqtsu36h6ff39rhen6vvt1qki3gpv0rq80cs9ngor2x:latest/stage_3_separableconvcnn/confusion_matrix_table.table.json","path":"media/table/stage_3_separableconvcnn/confusion_matrix_table_7_29f09d91aefb47a7b875.table.json","_type":"table-file","ncols":3,"log_mode":"IMMUTABLE","sha256":"29f09d91aefb47a7b8750bfd1013e89f01015145857077b4bcacc9c7d91b6011","nrows":36},"epoch":10,"stage3_test_acc":88.53070919579233,"_runtime":14,"lr_backbone":0.0001,"lr":0.001,"train_loss":0.17263699097073182}