{"stage2/val_acc":78.57142857142857,"epoch":60,"stage2/raw_hard_mask_block3":"[0.0, 1.0, 1.0, 0.0, 1.0, 1.0, 1.0, 1.0, 0.0, 1.0, 0.0, 1.0, 0.0, 0.0, 1.0, 1.0, 0.0, 0.0, 0.0, 0.0, 1.0, 0.0, 0.0, 1.0, 1.0, 1.0, 0.0, 1.0, 0.0, 0.0, 0.0, 1.0, 0.0, 1.0, 1.0, 1.0, 0.0, 0.0, 0.0, 0.0, 1.0, 0.0, 1.0, 0.0, 1.0, 0.0, 1.0, 0.0, 0.0, 1.0, 0.0, 1.0, 0.0, 0.0, 1.0, 1.0, 1.0, 1.0, 0.0, 0.0, 1.0, 0.0, 1.0, 0.0, 0.0, 0.0, 0.0, 0.0, 1.0, 1.0, 0.0, 0.0, 1.0, 0.0, 1.0, 0.0, 0.0, 1.0, 0.0, 0.0, 0.0, 0.0, 1.0, 0.0, 1.0, 0.0, 1.0, 0.0, 1.0, 1.0, 0.0, 0.0, 1.0, 1.0, 1.0, 0.0, 1.0, 0.0, 0.0, 0.0, 0.0, 1.0, 1.0, 0.0, 0.0, 1.0, 0.0, 1.0, 0.0, 0.0, 1.0, 0.0, 0.0, 0.0, 0.0, 0.0, 1.0, 1.0, 1.0, 1.0, 1.0, 1.0, 1.0, 0.0, 0.0, 0.0, 1.0, 0.0]","stage2/raw_hard_mask_block2":"[1.0, 1.0, 0.0, 0.0, 0.0, 0.0, 0.0, 1.0, 0.0, 1.0, 0.0, 0.0, 1.0, 0.0, 1.0, 0.0, 0.0, 1.0, 0.0, 1.0, 0.0, 0.0, 1.0, 0.0, 1.0, 1.0, 1.0, 0.0, 1.0, 1.0, 1.0, 1.0, 1.0, 0.0, 1.0, 0.0, 1.0, 0.0, 0.0, 1.0, 0.0, 0.0, 1.0, 1.0, 1.0, 1.0, 0.0, 0.0, 1.0, 1.0, 0.0, 1.0, 1.0, 0.0, 1.0, 0.0, 1.0, 1.0, 0.0, 0.0, 0.0, 1.0, 0.0, 0.0]","stage2/train_loss":0.5575007282454392,"model_param_reduction_pct":58.093739828577625,"stage2/val_loss":0.4659635070286139,"lr_loaded_weights":0.0001,"stage2/raw_hard_mask_block4":"[1.0, 1.0, 1.0, 0.0, 1.0, 1.0, 1.0, 0.0, 0.0, 0.0, 1.0, 1.0, 1.0, 1.0, 1.0, 1.0, 1.0, 0.0, 0.0, 1.0, 0.0, 1.0, 1.0, 1.0, 1.0, 1.0, 0.0, 1.0, 0.0, 0.0, 1.0, 1.0, 1.0, 1.0, 0.0, 0.0, 0.0, 0.0, 0.0, 1.0, 1.0, 0.0, 0.0, 1.0, 1.0, 0.0, 0.0, 1.0, 1.0, 0.0, 0.0, 1.0, 1.0, 1.0, 1.0, 1.0, 0.0, 0.0, 1.0, 1.0, 1.0, 0.0, 1.0, 0.0, 1.0, 0.0, 0.0, 1.0, 0.0, 1.0, 1.0, 1.0, 0.0, 1.0, 1.0, 0.0, 1.0, 1.0, 0.0, 1.0, 1.0, 1.0, 0.0, 1.0, 1.0, 1.0, 1.0, 1.0, 1.0, 1.0, 1.0, 1.0, 1.0, 1.0, 1.0, 1.0, 1.0, 1.0, 0.0, 1.0, 1.0, 1.0, 0.0, 1.0, 1.0, 1.0, 1.0, 1.0, 1.0, 0.0, 1.0, 1.0, 1.0, 1.0, 1.0, 1.0, 1.0, 1.0, 1.0, 1.0, 1.0, 1.0, 1.0, 1.0, 0.0, 1.0, 0.0, 1.0]","_runtime":55,"stage2/train_acc":75.61781609195403,"_timestamp":1.7758690860743415e+09,"stage1_test_loss":0.2603429108367938,"stage1_test_f1":0.9243712680307502,"stage1/test_loss":0.2603429108367938,"stage3_test_acc":92.29725144214456,"stage2/test_f1":0.8132509198001273,"stage2/final_mask_keep_ratio_block3":0.453125,"stage2/lr_backbone":0.0001,"stage2/stage_number":2,"_wandb":{"runtime":55},"stage3_test_f1":0.9247869733087809,"_step":29,"Total_Pruned_%":43.43749999999999,"stage2/best_epoch":60,"best_val_loss":0.06716995822056078,"stage1/use_pretrain_model":false,"stage1/test_acc":92.22938581608415,"block2_Pruned_%":50,"stage_1_separableconvcnn/confusion_matrix_table":{"ncols":3,"sha256":"c4ae4bf249d288cf435b71c426dfffb1ac3897a54aa19e24f5ed1ade62ba1fca","artifact_path":"wandb-client-artifact://ook786eih7shm1650s9zqht2x6y1x014wbez99cjbcmwckcvyc78dyk36yrkypfzilvg87jeclaa4am779ufvac7e7ga8bnb483zluwtiyh35tfd2o8jh0bvgn25qfur/stage_1_separableconvcnn/confusion_matrix_table.table.json","nrows":36,"path":"media/table/stage_1_separableconvcnn/confusion_matrix_table_1_c4ae4bf249d288cf435b.table.json","_type":"table-file","_latest_artifact_path":"wandb-client-artifact://oref7ykmw0bkse3i3c5f10gh2c7jour8cezxbp1sfr8ix7zmh1c5sq3rp1oo2a60ry641jgdvyeviov0iiyi6vm78jrsrpv2yfj5u1sqv6hr1s809w0w65vg6jm7tgpd:latest/stage_1_separableconvcnn/confusion_matrix_table.table.json","log_mode":"IMMUTABLE","size":1364},"train_loss":0.1393123156551657,"stage2/final_mask_keep_ratio_block2":0.5,"stage":3,"model_param_count_pruned":15450,"stage2/final_mask_keep_ratio_block4":0.7109375,"block3_Pruned_%":54.6875,"stage2/test_acc":81.6762809636919,"stage2_test_acc":81.6762809636919,"stage2/block3_Pruned_%":54.6875,"stage3_test_loss":0.2653947788461372,"stage2/lr_gumbel":0.001,"stage2_test_loss":0.4496995706310508,"stage1/test_f1":0.9243712680307502,"val_loss":0.08298989644156661,"stage1_test_acc":92.22938581608415,"stage2/mask_l1":0.49214133620262146,"val_acc":97.44897959183673,"final_summary_log_path":"/home/qphan/master-thesis/models/uci_best_model_three_stage_channel_subject26_val_final_summary_val_26.txt","stage2/test_loss":0.4496995706310508,"stage2/epoch":60,"stage2_test_f1":0.8132509198001273,"stage2/Total_Pruned_%":43.43749999999999,"model_param_count":15450,"stage2/block2_Pruned_%":50,"block4_Pruned_%":28.90625,"train_acc":94.02298850574712,"stage2/best_val_loss":0.4659635070286139,"stage_3_prunedseparableconvcnn/confusion_matrix_table":{"artifact_path":"wandb-client-artifact://59jf9ju7grvrdf7axe69j8tfh0ab0rnharzhd8lagtgr4cvadxhdlru798j67dknchyzpnnlson7a7cbjybr4ppjps5sx919ek13gqct4ovexrbnqqtib6kfrb8n26b0/stage_3_prunedseparableconvcnn/confusion_matrix_table.table.json","sha256":"3d008210fd8aa0ec915a64aaf5ee77d9a5baee8c3691cd57abb163b32dc9a5f8","_latest_artifact_path":"wandb-client-artifact://njokn5h120tue133u1yw2rjqtl6yp37y7wwctnzlpbm3yla0qib6rlhcz7pm43i2x3ek0pp5hspk0pqn1hyolmz4jga4xm9ekb5ogj2fwcq0kr3radm77o7zz4739exp:latest/stage_3_prunedseparableconvcnn/confusion_matrix_table.table.json","size":1366,"path":"media/table/stage_3_prunedseparableconvcnn/confusion_matrix_table_27_3d008210fd8aa0ec915a.table.json","nrows":36,"log_mode":"IMMUTABLE","ncols":3,"_type":"table-file"},"stage2/block4_Pruned_%":28.90625,"model_param_count_dense":36868,"stage2/purpose":"train channel-pruning model with masking"}