{"stage2/best_val_loss":1.5518772286681173,"stage2/lr_gumbel":0.001,"model_param_reduction_pct":78.62046597113357,"_runtime":103,"model_param_count_dense":36998,"stage2/stage_number":2,"stage2/Total_Pruned_%":67.1875,"train_acc":57.10791624410905,"Total_Pruned_%":67.1875,"stage3_test_loss":0.7736616509468024,"stage2/test_acc":72.52962390520351,"block3_Pruned_%":76.5625,"stage3_test_acc":76.50695517774344,"stage2/mask_l1":0.3870350122451782,"stage2/purpose":"train channel-pruning model with masking","stage2/raw_hard_mask_block3":"[0.0, 1.0, 0.0, 0.0, 0.0, 0.0, 1.0, 0.0, 1.0, 0.0, 0.0, 0.0, 0.0, 0.0, 0.0, 1.0, 0.0, 0.0, 0.0, 0.0, 0.0, 0.0, 1.0, 0.0, 0.0, 0.0, 0.0, 0.0, 0.0, 0.0, 0.0, 0.0, 0.0, 0.0, 0.0, 0.0, 1.0, 0.0, 1.0, 0.0, 0.0, 0.0, 0.0, 0.0, 0.0, 0.0, 0.0, 1.0, 0.0, 0.0, 0.0, 1.0, 0.0, 0.0, 0.0, 0.0, 0.0, 0.0, 1.0, 0.0, 0.0, 0.0, 0.0, 1.0, 0.0, 0.0, 1.0, 0.0, 1.0, 0.0, 1.0, 0.0, 1.0, 0.0, 1.0, 1.0, 0.0, 0.0, 0.0, 0.0, 1.0, 0.0, 0.0, 0.0, 0.0, 0.0, 0.0, 1.0, 0.0, 1.0, 0.0, 1.0, 0.0, 0.0, 0.0, 1.0, 0.0, 1.0, 0.0, 0.0, 0.0, 0.0, 0.0, 1.0, 0.0, 0.0, 0.0, 1.0, 0.0, 0.0, 0.0, 1.0, 0.0, 1.0, 0.0, 0.0, 0.0, 0.0, 1.0, 0.0, 0.0, 0.0, 0.0, 1.0, 1.0, 0.0, 0.0, 0.0]","stage1/test_acc":78.16589386913962,"stage2/raw_hard_mask_block2":"[0.0, 1.0, 1.0, 0.0, 1.0, 0.0, 0.0, 0.0, 0.0, 1.0, 1.0, 1.0, 0.0, 0.0, 0.0, 0.0, 0.0, 0.0, 0.0, 0.0, 0.0, 0.0, 0.0, 0.0, 0.0, 0.0, 0.0, 0.0, 0.0, 0.0, 0.0, 0.0, 0.0, 0.0, 1.0, 0.0, 0.0, 1.0, 1.0, 0.0, 0.0, 0.0, 0.0, 0.0, 0.0, 0.0, 1.0, 1.0, 0.0, 1.0, 0.0, 0.0, 0.0, 1.0, 0.0, 1.0, 0.0, 0.0, 0.0, 0.0, 0.0, 0.0, 0.0, 0.0]","model_param_count_pruned":7910,"epoch":10,"stage2/epoch":15,"stage3_test_f1":0.6415336066760227,"stage1/test_loss":0.6650419088014311,"stage2/final_mask_keep_ratio_block2":0.21875,"block4_Pruned_%":52.34375,"stage2/final_mask_keep_ratio_block3":0.234375,"stage2/val_loss":1.6698616071180863,"stage1_test_f1":0.670081033504409,"stage2/best_epoch":6,"stage2/test_f1":0.6062403547627848,"stage2_test_f1":0.6062403547627848,"block2_Pruned_%":78.125,"_step":10,"stage2_test_acc":72.52962390520351,"stage":3,"_wandb":{"runtime":103},"stage2/train_loss":1.3680654357613637,"stage2/train_acc":49.460120503489826,"stage2/val_acc":40.81504702194357,"val_acc":44.63949843260188,"stage2/test_loss":0.8832979119834306,"model_param_count":7910,"stage1_test_loss":0.6650419088014311,"stage_1_separableconvcnn/confusion_matrix_table":{"size":2015,"sha256":"9e055cb65400c65af3ab0ea257bdeab9e79608d992ca34da56b5b152897597c0","path":"media/table/stage_1_separableconvcnn/confusion_matrix_table_1_9e055cb65400c65af3ab.table.json","log_mode":"IMMUTABLE","artifact_path":"wandb-client-artifact://dotmvpla2rxwg01oizljwfcmrk16dg31hpu8gtoqmciucmrm7a9591tf8apyorh07nzslkxekistqz5l7rabbsfimewhpgg1g6ovsfefoidzg6ng6yi08o4pkxn4d7ha/stage_1_separableconvcnn/confusion_matrix_table.table.json","_type":"table-file","_latest_artifact_path":"wandb-client-artifact://cf20bgucutb0udmjo0g25ns9hpcnudo052wd440e4ofkl2hc8bx2he3nl7jn15zoc31chz5lhl0clga81qk4qyvgdqnvs3e41hl170tnlamqe1dljdz8d1kxpqo57vze:latest/stage_1_separableconvcnn/confusion_matrix_table.table.json","nrows":64,"ncols":3},"final_summary_log_path":"/home/qphan/master-thesis/models/wear_best_model_three_stage_channel_subject4_val_final_summary_val_4.txt","_timestamp":1.775389801022746e+09,"stage1/test_f1":0.670081033504409,"stage1_test_acc":78.16589386913962,"stage2/block2_Pruned_%":78.125,"stage_3_prunedseparableconvcnn/confusion_matrix_table":{"sha256":"e8318ed6f950bdfbb263bb2e8d346f354441de19219f1ef60d2fba46abe2068b","size":2020,"artifact_path":"wandb-client-artifact://bynpczs3jmyu2bnqiwaz86ew97o86ifmmqcr48kmsugrvzy0vcg651uh9smnxxez7m3wd6rymchparmpky6s0ir68d1wed72y3wje0ia158emvqf9k3xgll2sg4zblog/stage_3_prunedseparableconvcnn/confusion_matrix_table.table.json","nrows":64,"_latest_artifact_path":"wandb-client-artifact://0hmx21mt6ce4kfprgbpy89x5tsndnlxjl0x1n5ogbulooq2e58w1ugmv8vgvl5m280gi69pivbhdffs9kc0s8aiak26wezm6qzyqyc91ruwuq1apr5dzcafvvrshazlt:latest/stage_3_prunedseparableconvcnn/confusion_matrix_table.table.json","path":"media/table/stage_3_prunedseparableconvcnn/confusion_matrix_table_8_e8318ed6f950bdfbb263.table.json","ncols":3,"_type":"table-file","log_mode":"IMMUTABLE"},"lr_loaded_weights":0.0001,"stage2/block4_Pruned_%":52.34375,"stage2/final_mask_keep_ratio_block4":0.4765625,"train_loss":0.7641291464526436,"stage2_test_loss":0.8832979119834306,"stage1/use_pretrain_model":false,"stage2/raw_hard_mask_block4":"[0.0, 1.0, 0.0, 1.0, 0.0, 0.0, 0.0, 0.0, 1.0, 0.0, 0.0, 0.0, 0.0, 1.0, 0.0, 0.0, 1.0, 1.0, 0.0, 0.0, 0.0, 1.0, 1.0, 0.0, 1.0, 0.0, 0.0, 0.0, 0.0, 1.0, 1.0, 0.0, 1.0, 1.0, 1.0, 0.0, 0.0, 0.0, 1.0, 0.0, 1.0, 1.0, 1.0, 0.0, 1.0, 0.0, 0.0, 1.0, 1.0, 0.0, 1.0, 1.0, 1.0, 0.0, 1.0, 1.0, 0.0, 1.0, 0.0, 0.0, 1.0, 1.0, 0.0, 1.0, 1.0, 1.0, 0.0, 0.0, 0.0, 0.0, 0.0, 1.0, 1.0, 0.0, 0.0, 1.0, 0.0, 1.0, 1.0, 0.0, 0.0, 1.0, 0.0, 1.0, 0.0, 0.0, 1.0, 0.0, 1.0, 1.0, 1.0, 1.0, 1.0, 0.0, 0.0, 0.0, 0.0, 0.0, 0.0, 0.0, 0.0, 0.0, 1.0, 1.0, 0.0, 0.0, 0.0, 0.0, 1.0, 1.0, 1.0, 0.0, 0.0, 0.0, 1.0, 1.0, 1.0, 0.0, 1.0, 0.0, 1.0, 1.0, 1.0, 1.0, 1.0, 0.0, 1.0, 1.0]","val_loss":1.7460868215112477,"stage2/block3_Pruned_%":76.5625,"stage2/lr_backbone":0.0001,"best_val_loss":1.6402345474984579}