{"stage3_test_acc":91.10960298608755,"best_val_loss":0.20129738053371118,"stage1/test_f1":0.8992012196111356,"stage3_test_f1":0.9117307667382918,"_step":9,"train_acc":96.06332905434317,"stage2_hard_bin_mask_str":"[0.0, 0.0, 1.0, 1.0, 1.0, 1.0, 1.0, 1.0, 1.0, 1.0, 1.0, 1.0, 1.0, 1.0, 1.0, 1.0, 0.0, 1.0, 0.0, 1.0, 1.0, 1.0, 1.0, 1.0, 1.0, 1.0, 0.0, 1.0, 1.0, 1.0, 1.0, 1.0, 1.0, 0.0, 1.0, 1.0, 1.0, 1.0, 1.0, 1.0, 1.0, 1.0, 1.0, 1.0, 1.0, 1.0, 1.0, 1.0, 1.0, 1.0, 1.0, 1.0, 1.0, 1.0, 1.0, 1.0, 1.0, 0.0, 0.0, 1.0, 1.0, 0.0, 0.0, 1.0, 0.0, 0.0, 0.0, 0.0, 0.0, 0.0, 0.0, 0.0, 0.0, 0.0, 0.0, 0.0, 0.0, 0.0, 0.0, 0.0, 0.0, 0.0, 0.0, 0.0, 0.0, 0.0, 0.0, 0.0, 0.0, 0.0, 0.0, 0.0, 0.0, 0.0, 0.0, 0.0, 0.0, 0.0, 0.0, 0.0, 0.0, 0.0, 0.0, 0.0, 0.0, 0.0, 0.0, 0.0, 0.0, 0.0, 0.0, 0.0, 0.0, 0.0, 0.0, 0.0, 0.0, 0.0, 0.0, 0.0, 0.0, 0.0, 0.0, 0.0, 0.0, 0.0, 0.0, 0.0]","_wandb":{"runtime":15},"stage3_test_loss":0.4449492628639477,"stage2_test_acc":87.98778418730913,"stage":3,"lr_gumbel_bin":0.001,"bin_keep_ratio":0.421875,"lr_backbone":0.0001,"val_loss":0.5520124371898226,"stage1_test_loss":0.4559599839993571,"stage1/use_pretrain_model":false,"lr":0.001,"_timestamp":1.7764267710380766e+09,"val_acc":85.92375366568915,"train_loss":0.09367019662771955,"stage1_test_f1":0.8992012196111356,"stage2_test_f1":0.8809359328076788,"epoch":20,"stage_3_separableconvcnn/confusion_matrix_table":{"size":1366,"nrows":36,"_type":"table-file","log_mode":"IMMUTABLE","_latest_artifact_path":"wandb-client-artifact://et29ohaved6drmxssqykk4zigf9fkg7kvbw5eut5soacyzgd46gohx0vobl40g6lyq1m8aoyq8nuj65y4di4l8kncudxo0he64do8hdr94dswddidx686lw0fk6oupcn:latest/stage_3_separableconvcnn/confusion_matrix_table.table.json","ncols":3,"sha256":"a8c8b38c2f76d410efaf2985d65cd83bcacb27b58f23d269b7e95b329c0c554e","artifact_path":"wandb-client-artifact://djh6posyyuamdhry7evtd6z0i8lzgtpjweerv9ui59mw0jcz76wbyalqjzh3g20zsxd9b55z6vc5v9vtjd5n9dnyrj4r3pbuqpvfozcbstzh1ccivxyiw01gsdacay8l/stage_3_separableconvcnn/confusion_matrix_table.table.json","path":"media/table/stage_3_separableconvcnn/confusion_matrix_table_8_a8c8b38c2f76d410efaf.table.json"},"stage2_test_loss":0.5268510208671523,"_runtime":15,"stage_1_separableconvcnn/confusion_matrix_table":{"_type":"table-file","sha256":"02c5a6fac2b98a2cce23216035c71184f8282e95afab8b7a4923ed0654b10cea","size":1368,"_latest_artifact_path":"wandb-client-artifact://e3g8r85t9uvhj0zsgoma9gn3nxgcmpig1sxpgzu2rmeqqd5br4hw2k4jvnx3ot6i3fwk6vl5kctazf5t3ecd6g2ak9zo9yhx6ea3lmkw58yionql7pi00fu6tbk655g9:latest/stage_1_separableconvcnn/confusion_matrix_table.table.json","artifact_path":"wandb-client-artifact://dt190ev36gosdtmccii1672cnjrw19bepqmdauwzho8hc6d05k6xvobqrp3a7twtzmzjaoiv0igagr0pa8z3lz64tstuy41gcjaavnzjoavpd6795zwtultqx7thth4b/stage_1_separableconvcnn/confusion_matrix_table.table.json","path":"media/table/stage_1_separableconvcnn/confusion_matrix_table_1_02c5a6fac2b98a2cce23.table.json","ncols":3,"log_mode":"IMMUTABLE","nrows":36},"stage1/test_acc":89.85408890397014,"mask_l1":0.25,"stage1/test_loss":0.4559599839993571,"stage1_test_acc":89.85408890397014}