{"stage1/val_loss":1.722646688704954,"test_acc":80.84492529623905,"stage1/best_val_loss":1.487884575520937,"_runtime":52,"stage1/test_loss":0.5488062168853929,"stage1/test_f1":0.7214408825510343,"stage1/epoch":15,"stage1/purpose":"train baseline model","stage1/lr":0.001,"best_val_loss":1.487884575520937,"test_loss":0.5488062168853929,"_wandb":{"runtime":52},"stage1_test_loss":0.5488062168853929,"stage1/train_loss":0.37485051716065465,"test_f1_macro":0.7214408825510343,"stage1/stage_number":1,"stage1_test_f1":0.7214408825510343,"stage1/use_pretrain_model":false,"stage1/val_acc":58.557993730407524,"stage1/test_acc":80.84492529623905,"stage1/train_acc":76.13792280618028,"stage_1_separableconvcnn/confusion_matrix_table":{"path":"media/table/stage_1_separableconvcnn/confusion_matrix_table_5_6fa1efffe271cc89082d.table.json","artifact_path":"wandb-client-artifact://g3jh0tr50s4parlqq1ydsxh0l2f8gabq8h85avinrwxvmcgu40bzrmqzgiucnpdv5s29k9duyp8m11yjhmvsqpdi3wunx9wjqz9xmreeo8938kwx2ekpaalljr9lxew6/stage_1_separableconvcnn/confusion_matrix_table.table.json","ncols":3,"_latest_artifact_path":"wandb-client-artifact://zz7wzpvinwshhb8ujpx55x2ugu80obrhd5al69kud4qi06hhk08i2pn9uaxgu7am4zgfm8tjs1mlh4pm73sa3qil8vxblkcolb5bxlxdeaojccms6vsbvijbmck4d78j:latest/stage_1_separableconvcnn/confusion_matrix_table.table.json","sha256":"6fa1efffe271cc89082dd743f6135bf66f6e7b26055da31c11c2a0aca5ae1578","nrows":64,"log_mode":"IMMUTABLE","_type":"table-file","size":2010},"best_epoch":5,"_timestamp":1.775386238263339e+09,"stage1_test_acc":80.84492529623905,"_step":5}