{"_step":3,"best_val_loss":3.4829206675128206,"stage":2,"val_acc":18.852459016393443,"stage1/test_f1":0.6590848048703898,"train_loss":0.7424969287339098,"stage1/test_acc":68.00135731252121,"mask_l1":0,"lr_backbone":0.0001,"stage_1_separableconvcnn/confusion_matrix_table":{"artifact_path":"wandb-client-artifact://q8378vqrq1xh4fy0xu44gvf6kwzdtbt7t62ukzvk4jo25qkh3jogu2i29b3t9yaia6ahn3qs93nr39f6r8kgdbclaluxen105ws6d7kr0f774vbp4uqirkkh4k73cy1g/stage_1_separableconvcnn/confusion_matrix_table.table.json","log_mode":"IMMUTABLE","_latest_artifact_path":"wandb-client-artifact://p3np26x4zua7vuzdcj6mn6i6rztvbxx2jbvkbkcq8da9fjs0460vgczd5p2666pgtkveg7lssu6i9413pn4eyjyatro1sbp0okplfgpm0o98a4whhrkyb4hauetkffzp:latest/stage_1_separableconvcnn/confusion_matrix_table.table.json","ncols":3,"sha256":"b67f3fa1745bd39b788a90d2420bc5303bab6fc67e8638c290e0a2d2210940a7","path":"media/table/stage_1_separableconvcnn/confusion_matrix_table_1_b67f3fa1745bd39b788a.table.json","_type":"table-file","nrows":36,"size":1367},"lr_gumbel_bin":0.001,"stage1/test_loss":0.618815944941849,"stage1/use_pretrain_model":false,"epoch":10,"stage1_test_acc":68.00135731252121,"_runtime":96,"val_loss":3.938564824276283,"_wandb":{"runtime":96},"stage1_test_loss":0.618815944941849,"train_acc":77.6839393071858,"_timestamp":1.7757773758227131e+09,"stage1_test_f1":0.6590848048703898}