{"stage2/val_acc":56.94444444444444,"stage2/best_val_loss":0.7005435650961267,"stage3_test_loss":0.33055225352776907,"stage2/raw_hard_mask_block2":"[1.0, 0.0, 0.0, 1.0, 1.0, 1.0, 1.0, 0.0, 0.0, 0.0, 0.0, 0.0, 0.0, 0.0, 0.0, 0.0, 0.0, 1.0, 1.0, 0.0, 0.0, 1.0, 1.0, 0.0, 1.0, 1.0, 1.0, 1.0, 0.0, 0.0, 0.0, 0.0, 0.0, 0.0, 0.0, 0.0, 0.0, 1.0, 0.0, 0.0, 0.0, 0.0, 1.0, 0.0, 1.0, 0.0, 0.0, 1.0, 1.0, 0.0, 0.0, 0.0, 0.0, 0.0, 1.0, 1.0, 0.0, 0.0, 0.0, 0.0, 0.0, 1.0, 0.0, 0.0]","stage1/test_acc":91.10960298608755,"_wandb":{"runtime":37},"stage2_test_f1":0.574723594908754,"stage2/Total_Pruned_%":60.62499999999999,"stage2/train_acc":61.87070938215103,"stage2/block4_Pruned_%":53.90625,"stage2/block3_Pruned_%":64.0625,"stage2_test_loss":0.6546499149832453,"stage1_test_loss":0.2688890604723705,"stage3_test_f1":0.893634301178304,"stage2/lr_gumbel":0.001,"model_param_count_pruned":9417,"_step":21,"stage2/final_mask_keep_ratio_block3":0.359375,"stage1_test_acc":91.10960298608755,"stage2/mask_l1":0.4619690775871277,"stage2/final_mask_keep_ratio_block4":0.4609375,"model_param_reduction_pct":74.45752414017576,"stage2/final_mask_keep_ratio_block2":0.328125,"model_param_count_dense":36868,"train_acc":90.48913043478261,"stage2/block2_Pruned_%":67.1875,"block2_Pruned_%":67.1875,"stage2/purpose":"train channel-pruning model with masking","stage2/epoch":30,"epoch":50,"stage2/raw_hard_mask_block3":"[1.0, 1.0, 0.0, 0.0, 1.0, 1.0, 0.0, 0.0, 0.0, 0.0, 1.0, 1.0, 1.0, 1.0, 0.0, 1.0, 1.0, 0.0, 1.0, 0.0, 1.0, 0.0, 0.0, 0.0, 0.0, 1.0, 0.0, 1.0, 0.0, 0.0, 0.0, 0.0, 1.0, 0.0, 0.0, 0.0, 0.0, 0.0, 0.0, 0.0, 1.0, 0.0, 0.0, 0.0, 0.0, 0.0, 0.0, 0.0, 0.0, 0.0, 1.0, 1.0, 0.0, 0.0, 0.0, 1.0, 1.0, 1.0, 1.0, 0.0, 0.0, 1.0, 0.0, 0.0, 0.0, 0.0, 0.0, 1.0, 0.0, 0.0, 0.0, 1.0, 1.0, 0.0, 1.0, 0.0, 0.0, 0.0, 0.0, 0.0, 0.0, 0.0, 1.0, 0.0, 1.0, 0.0, 1.0, 1.0, 1.0, 1.0, 0.0, 1.0, 0.0, 1.0, 0.0, 0.0, 0.0, 0.0, 0.0, 0.0, 0.0, 0.0, 1.0, 0.0, 0.0, 0.0, 1.0, 0.0, 1.0, 1.0, 1.0, 1.0, 0.0, 0.0, 0.0, 0.0, 1.0, 0.0, 1.0, 0.0, 0.0, 0.0, 1.0, 1.0, 0.0, 1.0, 0.0, 0.0]","stage_3_prunedseparableconvcnn/confusion_matrix_table":{"_latest_artifact_path":"wandb-client-artifact://11ijk5k5az4aajl9608st0gy62gybu3r2109z65fzkdcz7zz9qdjs5d5395p90d8jky0v7qnfgm2cfpyt7szcr4z8d4qcdcfhp24wscx9o22f3r23tzv7zty6ghd0w3h:latest/stage_3_prunedseparableconvcnn/confusion_matrix_table.table.json","ncols":3,"size":1366,"sha256":"6197d0868330bfc1d0e285fae493a1114575870dd8194fcd743df137e376f284","path":"media/table/stage_3_prunedseparableconvcnn/confusion_matrix_table_19_6197d0868330bfc1d0e2.table.json","artifact_path":"wandb-client-artifact://qampgywxxth0agzubsm789zo6jt3sozvunefpx5bu4zhqgwq2ffktyftpudqf6w57edju2izsxghyz385owv18qk8m9sup78qzpj7h610fhf493148ga6admgaavijfc/stage_3_prunedseparableconvcnn/confusion_matrix_table.table.json","nrows":36,"log_mode":"IMMUTABLE","_type":"table-file"},"stage2/raw_hard_mask_block4":"[1.0, 0.0, 0.0, 1.0, 1.0, 1.0, 1.0, 0.0, 1.0, 1.0, 0.0, 1.0, 0.0, 1.0, 0.0, 0.0, 1.0, 1.0, 0.0, 1.0, 1.0, 1.0, 0.0, 1.0, 0.0, 1.0, 0.0, 1.0, 0.0, 1.0, 1.0, 0.0, 0.0, 0.0, 0.0, 1.0, 1.0, 1.0, 0.0, 0.0, 1.0, 1.0, 1.0, 0.0, 0.0, 0.0, 0.0, 0.0, 0.0, 1.0, 1.0, 1.0, 1.0, 0.0, 1.0, 1.0, 1.0, 1.0, 0.0, 1.0, 1.0, 1.0, 0.0, 0.0, 1.0, 0.0, 0.0, 0.0, 0.0, 0.0, 0.0, 1.0, 0.0, 0.0, 1.0, 1.0, 1.0, 0.0, 1.0, 0.0, 0.0, 0.0, 0.0, 1.0, 0.0, 1.0, 0.0, 1.0, 1.0, 1.0, 0.0, 0.0, 1.0, 1.0, 0.0, 0.0, 0.0, 1.0, 0.0, 0.0, 0.0, 1.0, 0.0, 0.0, 0.0, 1.0, 1.0, 0.0, 0.0, 0.0, 1.0, 0.0, 0.0, 0.0, 0.0, 1.0, 0.0, 0.0, 0.0, 1.0, 0.0, 1.0, 0.0, 0.0, 1.0, 0.0, 0.0, 1.0]","stage2/test_acc":61.01119782829996,"stage2/test_f1":0.574723594908754,"model_param_count":9417,"stage_1_separableconvcnn/confusion_matrix_table":{"log_mode":"IMMUTABLE","sha256":"2180e6138c7361445c2ccc979650fa542740b5b09523a9773b4daf632d7bf2f7","size":1367,"path":"media/table/stage_1_separableconvcnn/confusion_matrix_table_1_2180e6138c7361445c2c.table.json","nrows":36,"ncols":3,"_latest_artifact_path":"wandb-client-artifact://gr9d5ujrzz8wppt7614pb7l7eq9uco5kwdbruh2kersyhebs7a1sst6ackynz22iwq1b93v1pu02oojvksbs5uff4krjybop0qy8cd5vdymjg37kc6eyvy5koed7p1sj:latest/stage_1_separableconvcnn/confusion_matrix_table.table.json","artifact_path":"wandb-client-artifact://0lwq1vznphcfslhthhfpc5sfa3ldv9j8cnckx7odi13621ge0m388flq48hl5t22xq5u2sktdu8zd0i8z7n8s7yjtugyf0r45l6x7rwqur6icn6ltn3mk8hpfrbo2r7g/stage_1_separableconvcnn/confusion_matrix_table.table.json","_type":"table-file"},"stage2/stage_number":2,"stage2/best_epoch":24,"stage1/use_pretrain_model":false,"_runtime":37,"stage1_test_f1":0.911348335334011,"stage2/test_loss":0.6546499149832453,"_timestamp":1.775853766425876e+09,"stage3_test_acc":89.24329826942653,"stage1/test_f1":0.911348335334011,"stage2/val_loss":0.7021184855037266,"stage2_test_acc":61.01119782829996,"train_loss":0.22770913990397748,"final_summary_log_path":"/home/qphan/master-thesis/models/uci_best_model_three_stage_channel_subject19_val_final_summary_val_19.txt","Total_Pruned_%":60.62499999999999,"val_loss":0.32760259170706074,"lr_loaded_weights":0.0001,"val_acc":87.22222222222223,"stage":3,"stage2/lr_backbone":0.0001,"block3_Pruned_%":64.0625,"block4_Pruned_%":53.90625,"best_val_loss":0.31609414697935184,"stage2/train_loss":0.8797265468527578,"stage1/test_loss":0.2688890604723705}