{"stage3_test_loss":0.35962276348287964,"_runtime":11,"stage_1_separableconvcnn/confusion_matrix_table":{"nrows":36,"ncols":3,"_latest_artifact_path":"wandb-client-artifact://puhubb5x2l3lfpkqmoj1gxt8z3nv6r4ybgavtcmchmoh4qbhdkugvme13qbmda5svcm5wa5s40irvt6h0xqjazzq9u1ni2xowinzbhl8plmu13coieshm8yjtj7k9lfx:latest/stage_1_separableconvcnn/confusion_matrix_table.table.json","sha256":"5db9aeea21e301cae3a70bf2c7a92c882dce4de27ecd58ae47811fcc7bdec439","_type":"table-file","log_mode":"IMMUTABLE","path":"media/table/stage_1_separableconvcnn/confusion_matrix_table_1_5db9aeea21e301cae3a7.table.json","size":1366,"artifact_path":"wandb-client-artifact://h399hjevx6nax3wt99yfy39itxsbxjlmcgwu44zgbthpus34ivdabmg2u7s4v1c218x12y2n2efy0k9r88k0joyul8cue3xpbu4ciu5tdyr4qmmzgkekvl7lrge1cmkt/stage_1_separableconvcnn/confusion_matrix_table.table.json"},"best_val_loss":0.21482650266777598,"_timestamp":1.775775649046812e+09,"stage2_test_f1":0.8868482762289798,"stage1/test_acc":91.10960298608755,"stage2_test_loss":0.5253406226914304,"stage1/test_f1":0.9123036317907011,"lr_backbone":0.0001,"stage1/use_pretrain_model":false,"val_loss":1.7735283888504918,"train_loss":0.10246722825935908,"stage1/test_loss":0.35197165370551137,"epoch":10,"stage2_hard_bin_mask_str":"[1.0, 1.0, 1.0, 1.0, 1.0, 1.0, 1.0, 0.0, 1.0, 1.0, 1.0, 1.0, 1.0, 1.0, 1.0, 1.0, 1.0, 0.0, 1.0, 1.0, 1.0, 1.0, 1.0, 1.0, 1.0, 1.0, 1.0, 1.0, 1.0, 1.0, 1.0, 1.0, 1.0, 1.0, 1.0, 1.0, 1.0, 1.0, 1.0, 1.0, 1.0, 1.0, 1.0, 1.0, 1.0, 1.0, 0.0, 1.0, 1.0, 1.0, 1.0, 1.0, 1.0, 1.0, 1.0, 1.0, 1.0, 1.0, 1.0, 1.0, 1.0, 1.0, 1.0, 1.0, 0.0, 0.0, 0.0, 1.0, 0.0, 0.0, 0.0, 1.0, 0.0, 0.0, 1.0, 0.0, 0.0, 0.0, 0.0, 0.0, 0.0, 0.0, 0.0, 0.0, 0.0, 0.0, 1.0, 1.0, 0.0, 0.0, 0.0, 0.0, 0.0, 0.0, 0.0, 0.0, 1.0, 0.0, 0.0, 0.0, 0.0, 0.0, 0.0, 0.0, 0.0, 1.0, 0.0, 0.0, 0.0, 0.0, 0.0, 0.0, 1.0, 0.0, 0.0, 0.0, 0.0, 0.0, 0.0, 1.0, 0.0, 0.0, 0.0, 0.0, 0.0, 0.0, 0.0, 0.0]","stage2_test_acc":88.59857482185274,"mask_l1":0.4921875,"stage3_test_f1":0.8949369477925216,"val_acc":71.32352941176471,"stage":3,"stage1_test_loss":0.35197165370551137,"stage_3_separableconvcnn/confusion_matrix_table":{"path":"media/table/stage_3_separableconvcnn/confusion_matrix_table_6_95a5ea1cd231bc90e5f2.table.json","_latest_artifact_path":"wandb-client-artifact://tjr206gsbfc0ou1xu8cib7jxs0xicto4xj3onllc036l2vgtsi381jmttrjzot8k0qs05rur0gzne4rlut41ozsh9cg1b2810busu4un6gploq5vyjxx1ug18jpbnkls:latest/stage_3_separableconvcnn/confusion_matrix_table.table.json","sha256":"95a5ea1cd231bc90e5f23981121213ff8004242ccaddab96a693c5cbc6b27a5f","log_mode":"IMMUTABLE","_type":"table-file","nrows":36,"artifact_path":"wandb-client-artifact://bhdmmc2wdux5fh2v1zkk915q8s96ldbgk6s9vy4xvsgc9t62otruya1v3k4w0k7zds0l3e8k2vfp7d0mr3cmie9ladbmzm070ec2yxhpnlb6k31qr3474ucru5wyihb0/stage_3_separableconvcnn/confusion_matrix_table.table.json","ncols":3,"size":1366},"bin_keep_ratio":0.546875,"stage1_test_f1":0.9123036317907011,"_wandb":{"runtime":11},"stage1_test_acc":91.10960298608755,"_step":7,"train_acc":95.53571428571429,"stage3_test_acc":89.14149983033593,"lr":0.001,"lr_gumbel_bin":0.001}