{"epoch":45,"stage3_test_loss":0.7450009471098213,"stage1_test_loss":0.6007880943144553,"best_val_loss":0.782698895349059,"train_acc":60.97675786996175,"stage1_test_f1":0.7044195145040806,"_runtime":361,"stage2_hard_bin_mask_str":"[1.0, 1.0, 1.0, 0.0, 1.0, 0.0, 1.0, 0.0, 0.0, 0.0, 0.0, 0.0, 0.0, 0.0, 0.0, 0.0, 0.0, 0.0, 0.0, 0.0, 0.0, 0.0, 0.0, 0.0, 0.0, 0.0, 0.0, 0.0, 0.0, 0.0, 0.0, 0.0, 0.0, 0.0, 0.0, 0.0, 0.0, 0.0, 0.0, 0.0, 0.0, 0.0, 0.0, 0.0, 0.0, 0.0, 0.0, 0.0, 0.0, 0.0, 0.0]","stage3_test_acc":76.48634724368883,"stage_1_separableconvcnn/confusion_matrix_table":{"ncols":3,"log_mode":"IMMUTABLE","nrows":64,"artifact_path":"wandb-client-artifact://t9ximgni5r68qioho9plvm2wv2u3evydyavjxfiimtn9ago8gsp5v97341l2fpvx2wcef836dvxgr8swu6gbflt8w7r0keisnriu4euzcxf9n106jb3fvbexxbis9wmz/stage_1_separableconvcnn/confusion_matrix_table.table.json","size":2014,"_latest_artifact_path":"wandb-client-artifact://hts6sev505msm9fs8l6dalo4c57eq4tibseknpzmbklb78vyu0kqq9o89w64xakpqeca0tdkjhpq63jbhzgabb9d6m9beogv3vp9u404ysaqtj7psk4ifp0l7c5ew7if:latest/stage_1_separableconvcnn/confusion_matrix_table.table.json","_type":"table-file","sha256":"4d5546a305398ff4a292ccded4e9979fc31142fd3426813cca798edeea62d572","path":"media/table/stage_1_separableconvcnn/confusion_matrix_table_0_4d5546a305398ff4a292.table.json"},"stage1_test_acc":81.02009273570324,"stage2_test_f1":0.6498129230757599,"stage3_test_f1":0.6419516857295092,"val_acc":64.0336808340016,"stage":3,"val_loss":0.8271178734737487,"stage2_test_acc":76.40391550747037,"_timestamp":1.7758959969965992e+09,"train_loss":0.7146695778061739,"_wandb":{"runtime":361},"lr":0.001,"mask_l1":0.07843136787414551,"stage2_test_loss":0.7082716736648882,"bin_keep_ratio":0.09803921729326248,"stage_3_separableconvcnn/confusion_matrix_table":{"size":2021,"ncols":3,"nrows":64,"artifact_path":"wandb-client-artifact://r0nb3o5fm0h6fsrrea5yv58z2efmrocmuy6e92wi90i9ceahhw4ovc55z7sqvulfxlfy4nyfophdgir1jtsb7omv6ifnbt1rxtxmn3rcu61q2xyj4loqr9grgdz3whgi/stage_3_separableconvcnn/confusion_matrix_table.table.json","log_mode":"IMMUTABLE","sha256":"be269264fc17d4405240ffb7104da17dcc9df6bb278be15e4b3f2f10750433ec","_latest_artifact_path":"wandb-client-artifact://moda9tydfpc7v0x770rq90134jpywfncqblryqnv4jcn730djmmyngd0o6csfs14c1bqyrbp0h5lcq60snvmmui4jiggpa89tdv7p2lh0zkm932sggo9upu7aaeliqtv:latest/stage_3_separableconvcnn/confusion_matrix_table.table.json","path":"media/table/stage_3_separableconvcnn/confusion_matrix_table_19_be269264fc17d4405240.table.json","_type":"table-file"},"lr_gumbel_bin":0.001,"lr_backbone":0.0001,"_step":20}