{"val_acc":43.978349120433016,"stage2/final_mask_keep_ratio_block3":0.3125,"model_param_reduction_pct":72.34715390021083,"_timestamp":1.7753423133158617e+09,"stage1_test_loss":0.6567373658043401,"stage2/lr_gumbel":0.001,"stage1_test_acc":78.78413189077794,"Total_Pruned_%":58.12500000000001,"stage2/epoch":15,"_runtime":141,"final_summary_log_path":"/home/qphan/master-thesis/models/wear_best_model_three_stage_channel_subject10_val_final_summary_val_10.txt","stage2/purpose":"train channel-pruning model with masking","stage2/Total_Pruned_%":58.12500000000001,"stage2/block2_Pruned_%":51.5625,"stage2/mask_l1":0.4508528709411621,"stage":3,"stage3_test_acc":78.887171561051,"stage2_test_acc":75.45595054095827,"stage2/lr_backbone":0.0001,"stage2/val_acc":35.453315290933695,"stage1/use_pretrain_model":false,"stage2/best_val_loss":1.6882237463745922,"block3_Pruned_%":68.75,"block4_Pruned_%":50.78125,"stage_3_prunedseparableconvcnn/confusion_matrix_table":{"_latest_artifact_path":"wandb-client-artifact://5r6wb5qobc1tozgz1cc5nepwsijgtjz1zy8hm1d2yx31ahi8o4qkwol6a3x1fenx6ctu6x9xo0rrsh6pjy921sgfcracf5s0g6u2ap35qcp2xnihhurpc559wtxherpd:latest/stage_3_prunedseparableconvcnn/confusion_matrix_table.table.json","nrows":64,"path":"media/table/stage_3_prunedseparableconvcnn/confusion_matrix_table_10_c783939edbe00386ca43.table.json","artifact_path":"wandb-client-artifact://4dca11xwhcfalgt8ul1nbfrtfi6xn1csragu9ut014q75vsrz1b2yhdgeqq49wekq2m9g73gh0vfrefhs4awgm07ous7pr4517yosrs506ojcorwa5wsxuz6kjekxdn4/stage_3_prunedseparableconvcnn/confusion_matrix_table.table.json","size":2014,"log_mode":"IMMUTABLE","ncols":3,"_type":"table-file","sha256":"c783939edbe00386ca43e85b1e3448644c34c8312609c3cd780de49e21860de0"},"train_loss":0.6880303111945691,"stage2/raw_hard_mask_block4":"[1.0, 0.0, 1.0, 0.0, 1.0, 0.0, 0.0, 1.0, 1.0, 1.0, 1.0, 0.0, 1.0, 1.0, 1.0, 1.0, 0.0, 0.0, 1.0, 1.0, 1.0, 0.0, 0.0, 0.0, 1.0, 0.0, 1.0, 0.0, 1.0, 1.0, 0.0, 0.0, 1.0, 0.0, 1.0, 1.0, 0.0, 0.0, 0.0, 1.0, 0.0, 1.0, 0.0, 0.0, 1.0, 0.0, 1.0, 0.0, 1.0, 1.0, 1.0, 1.0, 0.0, 0.0, 0.0, 1.0, 0.0, 0.0, 1.0, 0.0, 0.0, 0.0, 0.0, 0.0, 1.0, 1.0, 1.0, 0.0, 0.0, 1.0, 0.0, 0.0, 0.0, 1.0, 0.0, 0.0, 0.0, 0.0, 1.0, 1.0, 1.0, 0.0, 0.0, 0.0, 1.0, 0.0, 1.0, 1.0, 1.0, 1.0, 1.0, 1.0, 1.0, 0.0, 0.0, 0.0, 0.0, 0.0, 0.0, 1.0, 1.0, 1.0, 0.0, 0.0, 0.0, 0.0, 1.0, 1.0, 0.0, 1.0, 0.0, 1.0, 1.0, 0.0, 1.0, 1.0, 1.0, 1.0, 0.0, 1.0, 0.0, 1.0, 0.0, 0.0, 0.0, 1.0, 1.0, 0.0]","model_param_count_dense":36998,"lr_loaded_weights":0.0001,"train_acc":65.00801615105992,"stage2/final_mask_keep_ratio_block4":0.4921875,"epoch":20,"stage1/test_acc":78.78413189077794,"_wandb":{"runtime":141},"stage_1_separableconvcnn/confusion_matrix_table":{"_type":"table-file","size":2014,"log_mode":"IMMUTABLE","_latest_artifact_path":"wandb-client-artifact://x4x9i4a1is40r3bxxbp4n0li9qk5xh94sr6y3uidx5om2xksfee2is2dtc8uooaqnoq62hyz7a4ox6plq3yikkpb4x57iwfc7lpprhy2xwgn8wmi4lsveq2tzdgx25ce:latest/stage_1_separableconvcnn/confusion_matrix_table.table.json","ncols":3,"nrows":64,"path":"media/table/stage_1_separableconvcnn/confusion_matrix_table_1_22c73a0123b0ad491f7a.table.json","sha256":"22c73a0123b0ad491f7a329715df7bd98ee64ccdfae8a04eeedeedfdab902393","artifact_path":"wandb-client-artifact://lh809rzueynjvspee1gf6pcsjzqlro32yr6jdwbavh9v84ifp9r62ofeew8nhm8r72qr0zp2v1ss2fyn5lcz2zwqll4u5fsbwze9ew6fx54jwgxkof36mwu6kye2rtuh/stage_1_separableconvcnn/confusion_matrix_table.table.json"},"stage2/test_loss":0.7853462071777434,"best_val_loss":1.6513919659331946,"stage2/raw_hard_mask_block2":"[1.0, 0.0, 0.0, 1.0, 1.0, 1.0, 1.0, 0.0, 0.0, 0.0, 0.0, 1.0, 1.0, 0.0, 1.0, 1.0, 0.0, 1.0, 0.0, 0.0, 1.0, 1.0, 0.0, 1.0, 0.0, 0.0, 0.0, 0.0, 1.0, 1.0, 1.0, 0.0, 0.0, 1.0, 1.0, 0.0, 1.0, 0.0, 0.0, 0.0, 0.0, 0.0, 0.0, 0.0, 1.0, 1.0, 1.0, 1.0, 0.0, 1.0, 1.0, 0.0, 1.0, 0.0, 0.0, 1.0, 0.0, 0.0, 1.0, 1.0, 1.0, 0.0, 0.0, 1.0]","stage1_test_f1":0.6800136476036338,"stage2/train_loss":1.1642066756971559,"stage2_test_f1":0.6366072904370446,"block2_Pruned_%":51.5625,"stage1/test_f1":0.6800136476036338,"val_loss":1.7675933385411522,"model_param_count":10231,"stage2/block4_Pruned_%":50.78125,"stage2/val_loss":1.780466627687498,"stage3_test_f1":0.6824534245571334,"stage2/stage_number":2,"stage3_test_loss":0.6391514806634431,"stage2/test_f1":0.6366072904370446,"stage2/raw_hard_mask_block3":"[0.0, 0.0, 1.0, 0.0, 0.0, 1.0, 0.0, 0.0, 0.0, 0.0, 0.0, 0.0, 0.0, 0.0, 0.0, 0.0, 0.0, 0.0, 0.0, 0.0, 0.0, 1.0, 0.0, 0.0, 0.0, 0.0, 1.0, 1.0, 0.0, 0.0, 1.0, 0.0, 1.0, 0.0, 0.0, 1.0, 0.0, 0.0, 0.0, 0.0, 0.0, 0.0, 0.0, 1.0, 1.0, 1.0, 1.0, 0.0, 0.0, 0.0, 1.0, 0.0, 1.0, 0.0, 1.0, 1.0, 0.0, 0.0, 1.0, 1.0, 0.0, 0.0, 0.0, 0.0, 1.0, 1.0, 0.0, 0.0, 1.0, 1.0, 0.0, 0.0, 0.0, 0.0, 0.0, 1.0, 0.0, 0.0, 0.0, 1.0, 0.0, 0.0, 0.0, 1.0, 0.0, 0.0, 0.0, 1.0, 1.0, 0.0, 0.0, 0.0, 1.0, 0.0, 0.0, 0.0, 1.0, 1.0, 0.0, 1.0, 0.0, 0.0, 1.0, 0.0, 1.0, 0.0, 1.0, 0.0, 0.0, 0.0, 0.0, 0.0, 0.0, 1.0, 1.0, 0.0, 1.0, 0.0, 0.0, 0.0, 0.0, 1.0, 1.0, 0.0, 0.0, 1.0, 0.0, 0.0]","stage2/final_mask_keep_ratio_block2":0.484375,"stage2/block3_Pruned_%":68.75,"stage1/test_loss":0.6567373658043401,"stage2/train_acc":52.876907547057776,"stage2/test_acc":75.45595054095827,"model_param_count_pruned":10231,"stage2_test_loss":0.7853462071777434,"_step":12,"stage2/best_epoch":9}