{"_runtime":14,"lr_gumbel_bin":0.001,"stage1_test_f1":0.8970913604633416,"epoch":15,"train_acc":96.04568165596002,"stage1/test_loss":0.333903368065058,"stage3_test_f1":0.9090257153803291,"stage1_test_loss":0.333903368065058,"stage1/test_f1":0.8970913604633416,"_wandb":{"runtime":14},"bin_keep_ratio":0.6461538672447205,"stage2_test_acc":89.10756701730574,"val_acc":89.04899135446686,"val_loss":0.2785556411762488,"_timestamp":1.7757656733440459e+09,"stage2_hard_bin_mask_str":"[1.0, 1.0, 1.0, 1.0, 1.0, 1.0, 1.0, 1.0, 1.0, 1.0, 1.0, 1.0, 1.0, 1.0, 1.0, 1.0, 1.0, 1.0, 1.0, 1.0, 1.0, 0.0, 1.0, 1.0, 1.0, 0.0, 1.0, 1.0, 1.0, 0.0, 1.0, 1.0, 1.0, 0.0, 1.0, 1.0, 1.0, 0.0, 1.0, 0.0, 0.0, 0.0, 1.0, 1.0, 0.0, 1.0, 1.0, 1.0, 0.0, 0.0, 0.0, 1.0, 0.0, 0.0, 0.0, 0.0, 1.0, 0.0, 0.0, 0.0, 0.0, 0.0, 0.0, 1.0, 0.0]","best_val_loss":0.198022020752582,"stage2_test_f1":0.89081605036518,"stage1/test_acc":89.71835765184935,"mask_l1":0.6615384221076965,"lr":0.001,"stage2_test_loss":0.31014652905178586,"lr_backbone":0.0001,"stage_1_separableconvcnn/confusion_matrix_table":{"size":1366,"ncols":3,"artifact_path":"wandb-client-artifact://cog5egymg5m3cpxmzus0dwqlh7yew7ldbj2eofaq9c6zl5lumuuu2jr8oa3dwboi44m9ihhyc0xsxjvcnblhc48fecnvj4zaqn0pcaiudapdw6ei6tqzdrbjgldw1csq/stage_1_separableconvcnn/confusion_matrix_table.table.json","nrows":36,"path":"media/table/stage_1_separableconvcnn/confusion_matrix_table_1_afe147d38f01e1852de8.table.json","log_mode":"IMMUTABLE","_latest_artifact_path":"wandb-client-artifact://0qet0oa9n896f6y1en5fs4k1qjfcrfct9f8r6i3x9roims45jxoepfafoalatvhagx8j140fs943tohxjeysghpazon4p8xttsjxx66cvu1w1vtimd0dp3me8nbh2e5s:latest/stage_1_separableconvcnn/confusion_matrix_table.table.json","_type":"table-file","sha256":"afe147d38f01e1852de86fb6603c33be46cdb43576857b41a32c382468e7b269"},"stage":3,"stage_3_separableconvcnn/confusion_matrix_table":{"sha256":"e74872df1669101556d39c8eea38158bcd4b2007d01c3af5342768a3c9dd838c","_type":"table-file","artifact_path":"wandb-client-artifact://0fe3ohfs2vjpgpsjq61frgg76up7fmnce8z0tyndr4idql5hxx1w669wxgvljqi9jkot86caca5yydatugtmvbmy2ya5o6revj6rw8e72sf72wvpax75d0ld790ji3m7/stage_3_separableconvcnn/confusion_matrix_table.table.json","nrows":36,"size":1366,"path":"media/table/stage_3_separableconvcnn/confusion_matrix_table_7_e74872df1669101556d3.table.json","_latest_artifact_path":"wandb-client-artifact://7zx6mg2tyw2cv6vonhbmgh8veflv2bes95dppwv4fpswz51lxn60scv8ss4tkwyoll89cf8o2h62ta9k7rc76cdij4nmue3ia3zqtz15uv6aizna2et7erdtbaj56mcu:latest/stage_3_separableconvcnn/confusion_matrix_table.table.json","ncols":3,"log_mode":"IMMUTABLE"},"stage3_test_loss":0.3101920650617651,"train_loss":0.09596614279677236,"stage3_test_acc":90.83814048184594,"stage1_test_acc":89.71835765184935,"stage1/use_pretrain_model":false,"_step":8}