{"train_acc":62.573491693958886,"best_val_loss":0.8039730590729145,"stage3_test_loss":0.6600446057067834,"_runtime":133,"val_acc":58.754027926960255,"val_loss":1.0545750156423759,"stage_3_separableconvcnn/confusion_matrix_table":{"_type":"table-file","log_mode":"IMMUTABLE","nrows":64,"_latest_artifact_path":"wandb-client-artifact://66ekqbu84osgjcyii59rgucdgv2ujl6378e3uit13q25qcucb0hpgg4px2izubbfaou8mmjj529kw79w8zs9v9fgs0ogu6tp9cdg2kkehlm09buszbcudbkat82169ts:latest/stage_3_separableconvcnn/confusion_matrix_table.table.json","size":2015,"path":"media/table/stage_3_separableconvcnn/confusion_matrix_table_6_9674c25b38c240312de3.table.json","sha256":"9674c25b38c240312de37fdfb27d837b9178bd021784f3c78c47e10170c4bdca","artifact_path":"wandb-client-artifact://6n1hrb6e3f0lap8sph4ciueok7aab4qrv5zpd689xnpvgeryhs56822tu123zxmgebnhih2ludnh9gtvluekue00f5ennq2sg9cdcutesizkaf0slotnmz8d5zqakn6d/stage_3_separableconvcnn/confusion_matrix_table.table.json","ncols":3},"stage1_test_loss":0.6451507773950873,"train_loss":0.6734065014519274,"_timestamp":1.7758976881851642e+09,"bin_keep_ratio":0.1568627506494522,"stage":3,"stage2_test_acc":72.83874291602267,"stage2_test_f1":0.6144165596826991,"stage1_test_f1":0.6742216948894117,"_wandb":{"runtime":133},"lr_backbone":0.0001,"stage1_test_acc":77.48583204533746,"stage2_hard_bin_mask_str":"[1.0, 1.0, 1.0, 1.0, 1.0, 1.0, 1.0, 1.0, 0.0, 0.0, 0.0, 0.0, 0.0, 0.0, 0.0, 0.0, 0.0, 0.0, 0.0, 0.0, 0.0, 0.0, 0.0, 0.0, 0.0, 0.0, 0.0, 0.0, 0.0, 0.0, 0.0, 0.0, 0.0, 0.0, 0.0, 0.0, 0.0, 0.0, 0.0, 0.0, 0.0, 0.0, 0.0, 0.0, 0.0, 0.0, 0.0, 0.0, 0.0, 0.0, 0.0]","epoch":15,"stage2_test_loss":0.8158644207294057,"stage_1_separableconvcnn/confusion_matrix_table":{"log_mode":"IMMUTABLE","artifact_path":"wandb-client-artifact://uzx1oth88l0ud5ti332nob5jex4zh5kzkmkcdawwdkpalr73zfmqvyfgqshnstjc7q95yad7c7xl42qz8m9u3vgzo2j7hz2q8f5bv9ea8xlk4zc9l2mo0kp4d1ud26wv/stage_1_separableconvcnn/confusion_matrix_table.table.json","ncols":3,"sha256":"4c71ec94cf2c83db86b494c32addd054f445d91a59497064ef560bc5319677b7","path":"media/table/stage_1_separableconvcnn/confusion_matrix_table_0_4c71ec94cf2c83db86b4.table.json","nrows":64,"size":2015,"_latest_artifact_path":"wandb-client-artifact://dpj6k6nbo19b0jphkocox9sfu6iymzfbcn51eetiuelqprrk0og1pxt454ui8me2zl7eqypin10nk4qq9sgdj7yw2oj9snhxbglqrvcc69uybalzatx8kwg6o943ndtt:latest/stage_1_separableconvcnn/confusion_matrix_table.table.json","_type":"table-file"},"stage3_test_acc":79.27872230808862,"lr_gumbel_bin":0.001,"_step":7,"mask_l1":0.0784313753247261,"stage3_test_f1":0.6643870749338967,"lr":0.001}