{"stage1_test_acc":89.85408890397014,"train_acc":95.72100984167736,"stage3_test_acc":89.44689514760773,"stage3_test_loss":0.5462667763430383,"_step":10,"val_loss":0.8510449990586452,"stage2_test_loss":0.4982359679441104,"stage2_hard_bin_mask_str":"[0.0, 0.0, 0.0, 1.0, 0.0, 1.0, 1.0, 0.0, 1.0, 1.0, 0.0, 1.0, 1.0, 1.0, 1.0, 1.0, 1.0, 1.0, 1.0, 1.0, 1.0, 1.0, 1.0, 1.0, 1.0, 0.0, 0.0, 1.0, 1.0, 1.0, 1.0, 1.0, 1.0, 0.0, 1.0, 1.0, 1.0, 1.0, 1.0, 1.0, 1.0, 1.0, 1.0, 1.0, 1.0, 1.0, 1.0, 0.0, 0.0, 1.0, 1.0, 1.0, 1.0, 1.0, 1.0, 1.0, 1.0, 1.0, 0.0, 1.0, 0.0, 0.0, 0.0, 1.0, 0.0, 0.0, 0.0, 0.0, 0.0, 0.0, 0.0, 0.0, 0.0, 0.0, 0.0, 0.0, 0.0, 0.0, 0.0, 0.0, 0.0, 0.0, 0.0, 0.0, 0.0, 0.0, 0.0, 0.0, 0.0, 0.0, 0.0, 0.0, 0.0, 0.0, 0.0, 0.0, 0.0, 0.0, 0.0, 0.0, 0.0, 0.0, 0.0, 0.0, 0.0, 0.0, 0.0, 0.0, 0.0, 0.0, 0.0, 0.0, 0.0, 0.0, 0.0, 0.0, 0.0, 0.0, 0.0, 0.0, 0.0, 0.0, 0.0, 0.0, 0.0, 0.0, 0.0, 0.0]","stage3_test_f1":0.8954585950237209,"stage1/use_pretrain_model":false,"stage_1_separableconvcnn/confusion_matrix_table":{"size":1368,"nrows":36,"sha256":"02c5a6fac2b98a2cce23216035c71184f8282e95afab8b7a4923ed0654b10cea","ncols":3,"_latest_artifact_path":"wandb-client-artifact://kipefy1xo44c3eq6ivywa0syy45phajl4q5abhsixvpfjdz2t3u4w0ka9mxiqz9qlyy4k4xx1ap3mxzt0iib568ez5ftxl6gvechw8td68immeqpmlv0s512y2hyxemk:latest/stage_1_separableconvcnn/confusion_matrix_table.table.json","path":"media/table/stage_1_separableconvcnn/confusion_matrix_table_1_02c5a6fac2b98a2cce23.table.json","artifact_path":"wandb-client-artifact://xowd8y2a4ewi1v1dm7wezg6792kqr8bxj56sfi124avdh6l1ri1usas4hno48vepljkur1j0zoxrql7z06mty9m2vmz243685uzcxzqe27d5srkzf1a9q1oubjevyomr/stage_1_separableconvcnn/confusion_matrix_table.table.json","_type":"table-file","log_mode":"IMMUTABLE"},"stage1_test_f1":0.8992012196111356,"epoch":20,"lr":0.001,"stage1/test_loss":0.4559599839993571,"stage2_test_f1":0.8772380294181796,"stage1/test_acc":89.85408890397014,"_timestamp":1.7764301329640698e+09,"stage1/test_f1":0.8992012196111356,"stage":3,"lr_gumbel_bin":0.001,"stage1_test_loss":0.4559599839993571,"best_val_loss":0.2402156441475202,"bin_keep_ratio":0.3828125,"mask_l1":0.15625,"stage2_test_acc":87.58059043094673,"_wandb":{"runtime":16},"_runtime":16,"val_acc":78.2991202346041,"stage_3_separableconvcnn/confusion_matrix_table":{"_latest_artifact_path":"wandb-client-artifact://o51tmg4ncugg8y5max0coxwf6okss21uulpfwg296ixxyjmn9nzqno9qr970xmv7dd77rne7r15fsqno3q3mx5r0a6ti9fdmz6rq8n5kwxnott1vda85a7ly9h1gr5w0:latest/stage_3_separableconvcnn/confusion_matrix_table.table.json","ncols":3,"nrows":36,"sha256":"7f2c1bd6fb6c746edf82e3389aff28517e7aebab323a985ba85f5857008585b4","path":"media/table/stage_3_separableconvcnn/confusion_matrix_table_9_7f2c1bd6fb6c746edf82.table.json","artifact_path":"wandb-client-artifact://3d7q3lb2a83l3jx9trhcq72e059125fjfbawasunmngmkgr23qpm7qbtzxih4gdkfyyn2c2el8iopqspr0fuana690h1dmf6amb8mrdz1hqj4p14k14yhdaizxlq2m49/stage_3_separableconvcnn/confusion_matrix_table.table.json","size":1367,"log_mode":"IMMUTABLE","_type":"table-file"},"train_loss":0.10087027411252758,"lr_backbone":0.0001}