{"stage3_test_loss":0.5116629262276571,"mask_l1":0.015625,"stage2_test_f1":0.866679723996875,"stage1_test_acc":91.72039362063116,"stage1_test_loss":0.25057173036076164,"stage3_test_acc":85.64642008822531,"_timestamp":1.7764234516634498e+09,"stage_3_separableconvcnn/confusion_matrix_table":{"path":"media/table/stage_3_separableconvcnn/confusion_matrix_table_10_81bcf62ffb492306b720.table.json","log_mode":"IMMUTABLE","sha256":"81bcf62ffb492306b720b1bf294ba01c7efc814c21ab30e84c2afdb3459fa74c","_type":"table-file","_latest_artifact_path":"wandb-client-artifact://acdkj7acjsol5iqxe399s10eyqgukwad6gqu06uk45895xx5s7qnwd3xsd2f2zjpokznqrkaeclbyhv0og2zbutmjlnh3isrz8px8sfui5r1wo55t9k441alo7qedlc7:latest/stage_3_separableconvcnn/confusion_matrix_table.table.json","ncols":3,"nrows":36,"artifact_path":"wandb-client-artifact://z79759fdjph8ik0nyfovi7hwq9l1ed7iigcbkm95a0bzo5h1wmea6tb0vry4xnhx0hooack9c4b7m8ubs5ympw8qx95mnn789alkone2mjrpg5164u3l2ekg79w65kz1/stage_3_separableconvcnn/confusion_matrix_table.table.json","size":1369},"best_val_loss":0.21647579145352075,"stage1/test_acc":91.72039362063116,"_step":11,"val_loss":0.44868162128913847,"stage1/use_pretrain_model":false,"train_loss":0.15008283231106934,"_runtime":18,"lr_backbone":0.0001,"stage_1_separableconvcnn/confusion_matrix_table":{"nrows":36,"_latest_artifact_path":"wandb-client-artifact://2sxgkw1igvi3qctgupx6go7wxks1gga9yizkjcvw0ywe9xha9wgbi4fqwo12vmpvu4cl68ld8i2x6f1c9dix9fl3ivaqfy4m3xhowpliy6ye40vchyu4uis1c1quu9gg:latest/stage_1_separableconvcnn/confusion_matrix_table.table.json","_type":"table-file","size":1366,"path":"media/table/stage_1_separableconvcnn/confusion_matrix_table_1_ba1709b9ded253dca6f1.table.json","ncols":3,"artifact_path":"wandb-client-artifact://encjpuyxpj0x5wojftjl65ygo2q56tjt5kh1njn5iueucst5bg0z7jq9r5r1wss50xpdq0rhg5v9tzesj8cmkrw8757ap21q50qricx5y01bmta8yeqpj67loss8au8k/stage_1_separableconvcnn/confusion_matrix_table.table.json","sha256":"ba1709b9ded253dca6f14b8d1a777336f0cb86899167c45d58f90d5e787020ac","log_mode":"IMMUTABLE"},"_wandb":{"runtime":18},"stage1/test_f1":0.9190924499938599,"stage1/test_loss":0.25057173036076164,"lr":0.001,"stage3_test_f1":0.8587924105541739,"stage":3,"stage2_test_acc":86.63047166610112,"epoch":30,"stage2_hard_bin_mask_str":"[0.0, 0.0, 0.0, 0.0, 0.0, 1.0, 1.0, 0.0, 0.0, 1.0, 1.0, 1.0, 1.0, 0.0, 1.0, 1.0, 1.0, 0.0, 1.0, 1.0, 1.0, 1.0, 1.0, 0.0, 0.0, 0.0, 0.0, 0.0, 1.0, 1.0, 1.0, 0.0, 0.0, 0.0, 0.0, 0.0, 1.0, 1.0, 1.0, 1.0, 1.0, 1.0, 1.0, 0.0, 0.0, 1.0, 1.0, 0.0, 1.0, 1.0, 1.0, 1.0, 1.0, 1.0, 0.0, 0.0, 1.0, 0.0, 1.0, 0.0, 0.0, 0.0, 0.0, 0.0, 0.0, 0.0, 0.0, 0.0, 0.0, 0.0, 0.0, 0.0, 0.0, 0.0, 0.0, 0.0, 0.0, 0.0, 0.0, 0.0, 0.0, 0.0, 0.0, 0.0, 0.0, 0.0, 0.0, 0.0, 0.0, 0.0, 0.0, 0.0, 0.0, 0.0, 0.0, 0.0, 0.0, 0.0, 0.0, 0.0, 0.0, 0.0, 0.0, 0.0, 0.0, 0.0, 0.0, 0.0, 0.0, 0.0, 0.0, 0.0, 0.0, 0.0, 0.0, 0.0, 0.0, 0.0, 0.0, 0.0, 0.0, 0.0, 0.0, 0.0, 0.0, 0.0, 0.0, 0.0]","stage2_test_loss":0.43992809504684544,"bin_keep_ratio":0.265625,"train_acc":93.23340471092077,"stage1_test_f1":0.9190924499938599,"val_acc":84.14985590778097,"lr_gumbel_bin":0.001}