{"stage3_test_loss":0.517948233974231,"mask_l1":0.0234375,"stage1_test_loss":0.25057173036076164,"stage1/test_acc":91.72039362063116,"val_loss":0.43761714253714173,"train_loss":0.24355915954162358,"_wandb":{"runtime":13},"stage3_test_acc":80.62436375975568,"stage2_test_loss":0.64502064520155,"stage3_test_f1":0.8092196579163985,"stage2_test_f1":0.8014948764510503,"stage1_test_acc":91.72039362063116,"stage1_test_f1":0.9190924499938599,"_step":8,"stage_3_separableconvcnn/confusion_matrix_table":{"artifact_path":"wandb-client-artifact://0k70lwgcel4bne47bgojn6rc4zu9h6txaqwynks71m66ewd9by227qmyqmx4wmd79pq3qjpfipxca83nyrnaalngbfq63ilu3onk8l20l50mvaimcdkx8kfxqhnw56co/stage_3_separableconvcnn/confusion_matrix_table.table.json","nrows":36,"log_mode":"IMMUTABLE","sha256":"dc37518ca2f0d8cae33d4084529ce27d17b2c1408f038281d5fcb915f140adbf","ncols":3,"_type":"table-file","path":"media/table/stage_3_separableconvcnn/confusion_matrix_table_7_dc37518ca2f0d8cae33d.table.json","size":1372,"_latest_artifact_path":"wandb-client-artifact://513gakeqvvmk0tb3nfr522fagdnjckv14w1ysze16nm0c1qcahbmdr61l9mt4bsfff10c5xn0ec27hii5m093u264pw1tyqnu44z47bmaa6p590c78rpq5ef3rm97ni2:latest/stage_3_separableconvcnn/confusion_matrix_table.table.json"},"lr":0.001,"lr_gumbel_bin":0.001,"lr_backbone":0.0001,"bin_keep_ratio":0.171875,"best_val_loss":0.3884699383927697,"stage1/use_pretrain_model":false,"stage1/test_loss":0.25057173036076164,"stage2_hard_bin_mask_str":"[0.0, 0.0, 1.0, 1.0, 0.0, 1.0, 0.0, 0.0, 0.0, 0.0, 0.0, 0.0, 1.0, 1.0, 1.0, 0.0, 1.0, 0.0, 0.0, 0.0, 0.0, 1.0, 1.0, 1.0, 1.0, 0.0, 0.0, 0.0, 1.0, 1.0, 0.0, 0.0, 0.0, 0.0, 0.0, 0.0, 1.0, 1.0, 0.0, 0.0, 1.0, 1.0, 0.0, 0.0, 0.0, 1.0, 0.0, 0.0, 1.0, 0.0, 1.0, 0.0, 0.0, 0.0, 1.0, 1.0, 0.0, 0.0, 0.0, 0.0, 0.0, 0.0, 0.0, 0.0, 0.0, 0.0, 0.0, 0.0, 0.0, 0.0, 0.0, 0.0, 0.0, 0.0, 0.0, 0.0, 0.0, 0.0, 0.0, 0.0, 0.0, 0.0, 0.0, 0.0, 0.0, 0.0, 0.0, 0.0, 0.0, 0.0, 0.0, 0.0, 0.0, 0.0, 0.0, 0.0, 0.0, 0.0, 0.0, 0.0, 0.0, 0.0, 0.0, 0.0, 0.0, 0.0, 0.0, 0.0, 0.0, 0.0, 0.0, 0.0, 0.0, 0.0, 0.0, 0.0, 0.0, 0.0, 0.0, 0.0, 0.0, 0.0, 0.0, 0.0, 0.0, 0.0, 0.0, 0.0]","_runtime":13,"stage2_test_acc":80.18323719036309,"train_acc":89.06495360456816,"stage":3,"epoch":15,"stage_1_separableconvcnn/confusion_matrix_table":{"_type":"table-file","log_mode":"IMMUTABLE","size":1366,"_latest_artifact_path":"wandb-client-artifact://5gkugq8pza44n5585fx8rfmrbj50z7yli0ab1o64tcq2ryaz70rfnsmbuxx1u39ua0sk2fll4kxvkpppcudlint3xl0g4z8oblc1c5xx6eyq04bco79vzvygxr0lajyl:latest/stage_1_separableconvcnn/confusion_matrix_table.table.json","path":"media/table/stage_1_separableconvcnn/confusion_matrix_table_1_ba1709b9ded253dca6f1.table.json","artifact_path":"wandb-client-artifact://xylc82as9vrpvviodlp1vg0e9uujozzrlrvapczsf7kj90p25i530ucoocwcpc4t1vvxamoxp7jopnokm1usvk1epckaebqlsbnqvjhs7fkeoze0ivwgqigqz633npt2/stage_1_separableconvcnn/confusion_matrix_table.table.json","ncols":3,"nrows":36,"sha256":"ba1709b9ded253dca6f14b8d1a777336f0cb86899167c45d58f90d5e787020ac"},"val_acc":82.9971181556196,"_timestamp":1.7764161502765121e+09,"stage1/test_f1":0.9190924499938599}