{"stage_1_separableconvcnn/confusion_matrix_table":{"ncols":3,"nrows":36,"_type":"table-file","artifact_path":"wandb-client-artifact://ves9e55uu0hp778sk8vd8a132ea2uxxqno3rbu8sehsf2ee5dme8v5uyt6x9iy0ayiw6f8kbrzt0l53cg9sznn8x7q22ah3arx28br64fo3muz3wrtvjm4eun6wslgwq/stage_1_separableconvcnn/confusion_matrix_table.table.json","_latest_artifact_path":"wandb-client-artifact://ic7pjwb6k9oq4auwtsl2hka32rgindjwzpapro98df373p9qqomf0c5fn82du380m0upfrofl3sv5fi8lxyjbo8ucryabdqel4lngp8rofosmppi6rntnz253b9omelx:latest/stage_1_separableconvcnn/confusion_matrix_table.table.json","size":1368,"sha256":"7564a7f0cb013ffdab37b14a0d596fcd5b0e85878f66aeb5e1b86ab4c6ab1b99","log_mode":"IMMUTABLE","path":"media/table/stage_1_separableconvcnn/confusion_matrix_table_6_7564a7f0cb013ffdab37.table.json"},"test_loss":0.2619451821396462,"best_val_loss":0.26048653044135256,"stage1/best_val_loss":0.26048653044135256,"stage1/test_f1":0.903082410668676,"stage1/lr":0.001,"stage1/val_acc":86.76470588235294,"test_f1_macro":0.903082410668676,"stage1/val_loss":0.32647895389327813,"best_epoch":12,"_timestamp":1.7757556458629231e+09,"stage1/test_acc":90.09161859518154,"stage1/train_acc":93.99481566820276,"stage1/epoch":20,"stage1/stage_number":1,"stage1_test_loss":0.2619451821396462,"_step":6,"stage1/purpose":"train baseline model","_wandb":{"runtime":15},"_runtime":15,"stage1_test_acc":90.09161859518154,"stage1/train_loss":0.1474990657603686,"stage1/use_pretrain_model":false,"stage1/test_loss":0.2619451821396462,"stage1_test_f1":0.903082410668676,"test_acc":90.09161859518154}