{"stage1_test_f1":0.9075258537641089,"stage2_test_acc":88.87003732609433,"lr":0.001,"stage1/test_loss":0.2774951138058333,"_step":13,"epoch":25,"stage3_test_f1":0.896426434945881,"_timestamp":1.775769489506334e+09,"val_acc":93.35106382978724,"train_loss":0.1359655563164195,"stage":3,"stage1/test_acc":90.60061079063455,"stage2_hard_bin_mask_str":"[1.0, 1.0, 1.0, 1.0, 1.0, 1.0, 1.0, 1.0, 1.0, 1.0, 1.0, 1.0, 1.0, 1.0, 1.0, 1.0, 1.0, 0.0, 0.0, 0.0, 0.0, 0.0, 0.0, 0.0, 0.0, 0.0, 0.0, 0.0, 0.0, 0.0, 0.0, 0.0, 0.0, 0.0, 0.0, 0.0, 0.0, 0.0, 0.0, 0.0, 0.0, 0.0, 0.0, 0.0, 0.0, 0.0, 0.0, 0.0, 0.0, 0.0, 0.0, 0.0, 0.0, 0.0, 0.0, 0.0, 0.0, 0.0, 0.0, 0.0, 0.0, 0.0, 0.0, 0.0, 0.0]","lr_gumbel_bin":0.001,"_wandb":{"runtime":22},"stage2_test_f1":0.8887148103361936,"stage1_test_loss":0.2774951138058333,"bin_keep_ratio":0.26153847575187683,"lr_backbone":0.0001,"stage1/test_f1":0.9075258537641089,"stage2_test_loss":0.29045731583145623,"val_loss":0.20833074555118034,"stage_3_separableconvcnn/confusion_matrix_table":{"artifact_path":"wandb-client-artifact://k3tdzagnpqxqy78dmodb4948rjpsrfguzm3n9rlakmdyd3i7xwa22j45an17r0ji4gxwek8md6w7lekgorivewuu9q40hcgok4l0c7glclftniklynd4812o6x02dn0g/stage_3_separableconvcnn/confusion_matrix_table.table.json","_type":"table-file","nrows":36,"ncols":3,"log_mode":"IMMUTABLE","sha256":"6e88ac220971831906f7dafbb28e3c4a9c83a5455c50aeb397f18dee92a00955","size":1367,"_latest_artifact_path":"wandb-client-artifact://xmcj0zxczlb99d3kmk7kd2pxl2f0p6muh5ww45jud2upjm46gbbsa7s0je9ukje5s494mcdny5gdldr36vjcd1vumxyfw2b9g4re83v6pg59ukzd0ysz8n3zm7et3q3a:latest/stage_3_separableconvcnn/confusion_matrix_table.table.json","path":"media/table/stage_3_separableconvcnn/confusion_matrix_table_12_6e88ac220971831906f7.table.json"},"train_acc":94.3520642201835,"stage3_test_acc":89.44689514760773,"stage_1_separableconvcnn/confusion_matrix_table":{"size":1366,"_latest_artifact_path":"wandb-client-artifact://f6d6jypm9qgzni47oagj4rb0prd78t0ejpxf4c24ii930315s48e8cqqjzy3uthbq7f24irr5o5q4hwg1s43qzr8pjvz5y7njwdaea0yarwj3r6rvshw3qhb70u51ypg:latest/stage_1_separableconvcnn/confusion_matrix_table.table.json","ncols":3,"_type":"table-file","artifact_path":"wandb-client-artifact://sv2p89fa8a0q42oxcc64fxok5aru0j4d25r4on5ppogxxew1e2bgpeotl3w4bh53pdwgtjftkm5vgxcotyyluljq4xh8739ms4ioqfafl43tzw0vcsf3km6bzrew7joy/stage_1_separableconvcnn/confusion_matrix_table.table.json","sha256":"61885920cef9d037eaa1393bc587417e1046dc122040041ef3773957526f50b9","log_mode":"IMMUTABLE","path":"media/table/stage_1_separableconvcnn/confusion_matrix_table_1_61885920cef9d037eaa1.table.json","nrows":36},"_runtime":22,"mask_l1":0.23076924681663513,"stage1_test_acc":90.60061079063455,"best_val_loss":0.15545700260306747,"stage3_test_loss":0.3139663425536375,"stage1/use_pretrain_model":false}