{"stage1/use_pretrain_model":false,"stage3_test_acc":84.96776382762131,"stage_3_separableconvcnn/confusion_matrix_table":{"path":"media/table/stage_3_separableconvcnn/confusion_matrix_table_7_b9b86de1e1ead0179b0c.table.json","nrows":36,"sha256":"b9b86de1e1ead0179b0cf7b74d77c1d979ca9d92687bb47b9aa6383fd9a17113","ncols":3,"artifact_path":"wandb-client-artifact://v5ayq7wtlch36yue9tgd5lj0tnqkv7oogmpg13ft6drnuvz5sv1883ay7e8cg1dvlkkfu3tkx23x1m494cdds0c2lho4ih412n0n3wmms0rzzd9dem0dprrfwpm4b7ef/stage_3_separableconvcnn/confusion_matrix_table.table.json","_type":"table-file","size":1367,"log_mode":"IMMUTABLE","_latest_artifact_path":"wandb-client-artifact://uu5npogvj7p9ku42md1zqor9cvszdm6x3rcmmlcs1nd0q4lan7yv4ei3ta80asnbiwfeg9zxd94hpq19oklc60n3uznrmotpr8g12xc9ida3xbnj69238fzp4q0fqfbp:latest/stage_3_separableconvcnn/confusion_matrix_table.table.json"},"stage":3,"stage3_test_f1":0.8531166841704573,"lr":0.001,"_timestamp":1.7764240896253684e+09,"stage1/test_f1":0.9190924499938599,"_step":8,"stage2_test_acc":83.5765184933831,"stage1/test_loss":0.25057173036076164,"mask_l1":0.0078125,"_runtime":12,"stage1_test_loss":0.25057173036076164,"stage2_hard_bin_mask_str":"[0.0, 0.0, 0.0, 0.0, 1.0, 0.0, 0.0, 0.0, 1.0, 0.0, 0.0, 0.0, 1.0, 1.0, 0.0, 1.0, 1.0, 1.0, 1.0, 1.0, 1.0, 0.0, 1.0, 1.0, 1.0, 1.0, 1.0, 1.0, 0.0, 0.0, 1.0, 1.0, 0.0, 0.0, 1.0, 1.0, 1.0, 1.0, 1.0, 0.0, 0.0, 0.0, 0.0, 0.0, 1.0, 1.0, 0.0, 0.0, 0.0, 0.0, 1.0, 1.0, 1.0, 1.0, 0.0, 0.0, 1.0, 1.0, 1.0, 0.0, 0.0, 0.0, 0.0, 0.0, 0.0, 0.0, 0.0, 0.0, 0.0, 0.0, 0.0, 0.0, 0.0, 0.0, 0.0, 0.0, 0.0, 0.0, 0.0, 0.0, 0.0, 0.0, 0.0, 0.0, 0.0, 0.0, 0.0, 0.0, 0.0, 0.0, 0.0, 0.0, 0.0, 0.0, 0.0, 0.0, 0.0, 0.0, 0.0, 0.0, 0.0, 0.0, 0.0, 0.0, 0.0, 0.0, 0.0, 0.0, 1.0, 0.0, 0.0, 0.0, 0.0, 0.0, 0.0, 0.0, 0.0, 0.0, 0.0, 0.0, 0.0, 0.0, 0.0, 0.0, 0.0, 0.0, 0.0, 0.0]","stage1/test_acc":91.72039362063116,"bin_keep_ratio":0.2578125,"stage2_test_f1":0.8362841352472921,"lr_backbone":0.0001,"stage2_test_loss":0.579745520375578,"train_acc":92.1484653818701,"stage1_test_acc":91.72039362063116,"_wandb":{"runtime":12},"lr_gumbel_bin":0.001,"epoch":15,"stage3_test_loss":0.4382912812468959,"stage_1_separableconvcnn/confusion_matrix_table":{"ncols":3,"_latest_artifact_path":"wandb-client-artifact://hjnb68hbxmt2phr3l95kbhhvs6yvx8axr0vmi30qptrsc4n6z56y1j8wq6vnmv1hfg7o6zf0sub55pl6oechbjegl7q19gueokjfqmhrb63maf96m310ti57s49ol2ws:latest/stage_1_separableconvcnn/confusion_matrix_table.table.json","size":1366,"log_mode":"IMMUTABLE","nrows":36,"path":"media/table/stage_1_separableconvcnn/confusion_matrix_table_1_ba1709b9ded253dca6f1.table.json","_type":"table-file","artifact_path":"wandb-client-artifact://r9l5a8xybm9dhu8ztrktd3rqir5omfvmsly1ou7tz0y91wg763nzn2hfw4km3ka8tj6980grxpjxfsa8akkdaiwalgho5pwh7366zuqere5eeg9x7kkhcx59xm2ucz9t/stage_1_separableconvcnn/confusion_matrix_table.table.json","sha256":"ba1709b9ded253dca6f14b8d1a777336f0cb86899167c45d58f90d5e787020ac"},"val_loss":0.5601214824904626,"stage1_test_f1":0.9190924499938599,"val_acc":81.84438040345822,"best_val_loss":0.29797237171048047,"train_loss":0.17325609329340716}