{"stage3_test_acc":91.10960298608755,"stage":3,"stage2_test_loss":0.20693827643680812,"lr_gumbel_bin":0.001,"stage3_test_loss":0.28372536198664894,"_timestamp":1.7766029241925414e+09,"_runtime":31,"stage_3_separableconvcnn/confusion_matrix_table":{"size":1367,"log_mode":"IMMUTABLE","_type":"table-file","artifact_path":"wandb-client-artifact://1nbiz85qwuusl0ci733jmfpmyy14z95vo90z52qstnto01bn3sxvc2ijkvlw374xkxytomsayd6dm2eyej8zc6ck3kijm05cgwtek7macnk1418q98x2a9qi5ljt7mgw/stage_3_separableconvcnn/confusion_matrix_table.table.json","ncols":3,"path":"media/table/stage_3_separableconvcnn/confusion_matrix_table_16_1efb0b5b1da3fd1c2e7c.table.json","nrows":36,"sha256":"1efb0b5b1da3fd1c2e7c82fa56f03999e7e07f0baab50a9d44a9149336baa676","_latest_artifact_path":"wandb-client-artifact://or371c183zj649ojwugknwdkvobh44ugf4idairohlj1jtkkbw6n9h57uzwa6ghsdvaryl5vmj2vd6egd6r7kccngj30c4nmdsctfvxj926c6i1r02qg6wi4sf0iy192:latest/stage_3_separableconvcnn/confusion_matrix_table.table.json"},"val_loss":0.29074232306029874,"_wandb":{"runtime":31},"stage2_hard_bin_mask_str":"[1.0, 1.0, 1.0, 1.0, 1.0, 1.0, 1.0, 1.0, 1.0, 1.0, 1.0, 1.0, 1.0, 1.0, 1.0, 1.0, 1.0, 1.0, 0.0, 1.0, 1.0, 0.0, 1.0, 1.0, 1.0, 0.0, 0.0, 0.0, 1.0, 0.0, 0.0, 0.0, 0.0, 0.0, 0.0, 0.0, 0.0, 0.0, 0.0, 0.0, 0.0, 0.0, 0.0, 0.0, 0.0, 0.0, 0.0, 0.0, 0.0, 0.0, 0.0, 0.0, 0.0, 0.0, 0.0, 0.0, 0.0, 0.0, 0.0, 0.0, 0.0, 0.0, 0.0, 0.0, 0.0]","val_acc":89.81723237597912,"bin_keep_ratio":0.3692307770252228,"lr":0.001,"stage1_test_acc":92.36511706820495,"lr_backbone":0.0001,"stage1_test_loss":0.20342029849058735,"epoch":20,"stage1_test_f1":0.9252008010887307,"stage1/test_acc":92.36511706820495,"train_acc":95.26474386569092,"stage2_test_f1":0.9216144625037958,"stage2_test_acc":92.09365456396336,"stage3_test_f1":0.9115971412512768,"stage_1_separableconvcnn/confusion_matrix_table":{"log_mode":"IMMUTABLE","_type":"table-file","size":1366,"path":"media/table/stage_1_separableconvcnn/confusion_matrix_table_1_fbad1ffa9e4a698441e6.table.json","nrows":36,"ncols":3,"artifact_path":"wandb-client-artifact://c6fm5iyhqltt5guqc7n3kcthck5bfl7l552qfitprxzdmljpe3tfc3d5o4t49ivbcdpz2n87hj4a50qvmz2j4vl78of2lc4ocw2zgzc4mc0hgycrpl157mddsm12wi29/stage_1_separableconvcnn/confusion_matrix_table.table.json","sha256":"fbad1ffa9e4a698441e6c4034ec7cba260dd5a39d3fe7b34b8c33c001509fe53","_latest_artifact_path":"wandb-client-artifact://5bp06coceliv4tplknu7d71if8p9hpsqcvgf94k7f81qjdl7kx62d8c20vnjrfhp8xhqatjkv9c6fd8ngqa6dr8e9kealncqpzq8dy9ojen6nw197ln6mmkmbojc9j99:latest/stage_1_separableconvcnn/confusion_matrix_table.table.json"},"best_val_loss":0.1940443117813482,"mask_l1":0.3384615480899811,"_step":17,"train_loss":0.116460965340937,"stage1/use_pretrain_model":false,"stage1/test_f1":0.9252008010887307,"stage1/test_loss":0.20342029849058735}