{"_timestamp":1.7766120138705444e+09,"stage1/test_loss":0.344244056778843,"_wandb":{"runtime":31},"lr":0.001,"stage1_test_f1":0.9083884028424908,"val_acc":77.92553191489361,"val_loss":0.6500988452394364,"stage2_test_f1":0.9230869052884588,"stage_1_separableconvcnn/confusion_matrix_table":{"log_mode":"IMMUTABLE","size":1367,"_type":"table-file","nrows":36,"artifact_path":"wandb-client-artifact://2222d3af5sgpnvxs5sljjluyj1l7bikwzhlvdcz1pitvy156ol5nt7rkgmv7mv53btmc6l9ynmo0c03gjv4dzdby27hy6al4f8jkiiaenwewztctao960fxdd8599c1d/stage_1_separableconvcnn/confusion_matrix_table.table.json","ncols":3,"sha256":"beec763689a3ade99de0f94dc00571c79732049db16ef5d22d8483d7a1255bae","path":"media/table/stage_1_separableconvcnn/confusion_matrix_table_1_beec763689a3ade99de0.table.json","_latest_artifact_path":"wandb-client-artifact://1nsobwmnzd4b2ytq735g7sdojft3c3q46rg7dcy683071a888c53n1svk2lberf1o024o9ndkowo7k01mlp5jm5vynlmodutztvaxaq4dcqycoopjb86voy54kmzdrxu:latest/stage_1_separableconvcnn/confusion_matrix_table.table.json"},"stage2_test_acc":92.12758737699355,"stage1/test_acc":90.70240922972515,"stage3_test_f1":0.9056915666542845,"best_val_loss":0.09973924861851823,"bin_keep_ratio":0.3515625,"stage1/use_pretrain_model":false,"stage2_test_loss":0.28769864138534923,"_runtime":31,"train_acc":95.2408256880734,"stage2_hard_bin_mask_str":"[0.0, 0.0, 0.0, 0.0, 1.0, 1.0, 0.0, 1.0, 0.0, 1.0, 1.0, 1.0, 1.0, 1.0, 1.0, 1.0, 1.0, 1.0, 1.0, 1.0, 0.0, 1.0, 1.0, 1.0, 1.0, 1.0, 1.0, 1.0, 1.0, 1.0, 0.0, 1.0, 1.0, 1.0, 1.0, 0.0, 1.0, 0.0, 1.0, 0.0, 0.0, 0.0, 1.0, 1.0, 1.0, 1.0, 1.0, 1.0, 1.0, 1.0, 1.0, 1.0, 0.0, 1.0, 1.0, 1.0, 0.0, 1.0, 0.0, 1.0, 0.0, 0.0, 0.0, 1.0, 0.0, 0.0, 0.0, 0.0, 0.0, 0.0, 0.0, 0.0, 0.0, 0.0, 0.0, 0.0, 0.0, 0.0, 0.0, 0.0, 0.0, 0.0, 0.0, 0.0, 0.0, 0.0, 0.0, 0.0, 0.0, 0.0, 0.0, 0.0, 0.0, 0.0, 0.0, 0.0, 0.0, 0.0, 0.0, 0.0, 0.0, 0.0, 0.0, 0.0, 0.0, 0.0, 0.0, 0.0, 0.0, 0.0, 0.0, 0.0, 0.0, 0.0, 0.0, 0.0, 0.0, 0.0, 0.0, 0.0, 0.0, 0.0, 0.0, 0.0, 0.0, 0.0, 0.0, 0.0]","train_loss":0.11101239606943153,"lr_gumbel_bin":0.001,"epoch":25,"lr_backbone":0.0001,"stage":3,"stage3_test_loss":0.33732928748005814,"stage3_test_acc":90.36308109942314,"_step":18,"stage1_test_acc":90.70240922972515,"stage1/test_f1":0.9083884028424908,"stage_3_separableconvcnn/confusion_matrix_table":{"_latest_artifact_path":"wandb-client-artifact://l49r5pbebbg0h9v8np1qxarp2930ihhg3wab6b385hbfftjb1b80gadq590ymhnsb8m07g4bnl9g45wo1hdi6h9b873q7u1daubbmmcprq973lobugi8m1j48z9u0eej:latest/stage_3_separableconvcnn/confusion_matrix_table.table.json","artifact_path":"wandb-client-artifact://jg0589e8ts1egwuuthz59er78g2z16o7131sepujq6sxdfd2s0corumvyvasji4sruhicqx1jifmclv5qnjgsfon8kdjzhzoq2ae44zqjhginrxlszokwzahi3kdmjkn/stage_3_separableconvcnn/confusion_matrix_table.table.json","_type":"table-file","log_mode":"IMMUTABLE","ncols":3,"path":"media/table/stage_3_separableconvcnn/confusion_matrix_table_17_cd2f9176fb777d74531f.table.json","size":1366,"sha256":"cd2f9176fb777d74531f850d3b1546887410f398e7a53a8751fce1a823a75f0e","nrows":36},"stage1_test_loss":0.344244056778843,"mask_l1":0.296875}