{"stage1/test_f1":0.9190924499938599,"_runtime":17,"stage2_test_acc":83.98371224974551,"lr_backbone":0.0001,"stage2_test_loss":0.5119181411776313,"stage2_hard_bin_mask_str":"[0.0, 0.0, 1.0, 0.0, 0.0, 1.0, 0.0, 0.0, 0.0, 0.0, 1.0, 0.0, 1.0, 0.0, 1.0, 0.0, 0.0, 1.0, 0.0, 1.0, 1.0, 1.0, 1.0, 0.0, 0.0, 1.0, 1.0, 1.0, 0.0, 0.0, 0.0, 0.0, 0.0, 0.0, 1.0, 1.0, 1.0, 1.0, 1.0, 0.0, 0.0, 1.0, 0.0, 0.0, 1.0, 1.0, 1.0, 0.0, 0.0, 0.0, 1.0, 1.0, 1.0, 1.0, 0.0, 0.0, 0.0, 0.0, 0.0, 1.0, 1.0, 0.0, 0.0, 0.0, 0.0, 0.0, 0.0, 0.0, 0.0, 0.0, 0.0, 0.0, 0.0, 0.0, 0.0, 0.0, 0.0, 0.0, 0.0, 0.0, 0.0, 0.0, 0.0, 0.0, 0.0, 0.0, 0.0, 0.0, 0.0, 0.0, 0.0, 0.0, 0.0, 0.0, 0.0, 0.0, 0.0, 0.0, 0.0, 0.0, 0.0, 0.0, 0.0, 0.0, 0.0, 0.0, 0.0, 0.0, 0.0, 0.0, 0.0, 0.0, 0.0, 0.0, 0.0, 0.0, 0.0, 0.0, 0.0, 0.0, 0.0, 0.0, 0.0, 0.0, 0.0, 0.0, 0.0, 0.0]","stage_3_separableconvcnn/confusion_matrix_table":{"ncols":3,"log_mode":"IMMUTABLE","_type":"table-file","size":1369,"artifact_path":"wandb-client-artifact://5s23trrnb4cik6o7r5o0xfcx62d6smatbb8q30zkb3ljnc39qzc9q6cd1vas19ocvwr1u016184eps975atu17trcamdhdwevns0i2r9mc5h5t3t95qw2hsh60ny669d/stage_3_separableconvcnn/confusion_matrix_table.table.json","path":"media/table/stage_3_separableconvcnn/confusion_matrix_table_9_55787ba0defa86cdf943.table.json","_latest_artifact_path":"wandb-client-artifact://cin7guml5ndmr8bc1xnhop1xavikn6kp7sntksa6oe98ql2t2eu95qgzap4wzv0nzwgvw3zh285z80fzab3di6mn338v4rdoc4szihu8wrhidwmbx3x45wdj6t1jndmn:latest/stage_3_separableconvcnn/confusion_matrix_table.table.json","sha256":"55787ba0defa86cdf943954fb9c5a6ca2f95ba8b93adb1d5c23ca4ae0f705d7f","nrows":36},"val_acc":83.57348703170028,"stage3_test_f1":0.8733015332755641,"stage1/test_loss":0.25057173036076164,"stage1_test_acc":91.72039362063116,"_step":10,"train_acc":91.82012847965738,"lr_gumbel_bin":0.001,"bin_keep_ratio":0.21875,"stage1_test_loss":0.25057173036076164,"_wandb":{"runtime":17},"stage":3,"_timestamp":1.7764231540487895e+09,"stage1_test_f1":0.9190924499938599,"stage3_test_acc":87.10553104852393,"stage2_test_f1":0.8387241903022599,"stage3_test_loss":0.43761525490464365,"stage1/test_acc":91.72039362063116,"best_val_loss":0.26324858208130225,"stage_1_separableconvcnn/confusion_matrix_table":{"nrows":36,"_latest_artifact_path":"wandb-client-artifact://04kugq3b1d1utg1ulmlpv59vz8hrhm59tuw7jz5ix335dlxiw0qddalzcp0rehge0s6cay5a4eqzp5rq1cdrzpz1cm5cgvgebj32wfmqixzqpmmysf1b6xf9n7geivp7:latest/stage_1_separableconvcnn/confusion_matrix_table.table.json","log_mode":"IMMUTABLE","artifact_path":"wandb-client-artifact://2e9kav008rdxcowmqtg4dg6mhxknxolzp3mrugpt8ag7t6llyy5yclggu94wzexwm1q7foicfzi8gidr7vhk0owe0y2s060n1ptk0gx94b44utbinpo4b21kffy0jde8/stage_1_separableconvcnn/confusion_matrix_table.table.json","path":"media/table/stage_1_separableconvcnn/confusion_matrix_table_1_ba1709b9ded253dca6f1.table.json","size":1366,"_type":"table-file","sha256":"ba1709b9ded253dca6f14b8d1a777336f0cb86899167c45d58f90d5e787020ac","ncols":3},"train_loss":0.17899025255424647,"epoch":25,"stage1/use_pretrain_model":false,"mask_l1":0.0234375,"val_loss":0.3776764033807801,"lr":0.001}