{"lr_backbone":0.0001,"stage3_test_acc":90.66847641669494,"train_loss":0.14372595308474714,"val_loss":0.3100605574817632,"stage1/test_loss":0.22985296332345792,"stage2_hard_bin_mask_str":"[1.0, 1.0, 1.0, 1.0, 1.0, 1.0, 1.0, 1.0, 1.0, 1.0, 1.0, 1.0, 1.0, 1.0, 1.0, 1.0, 1.0, 1.0, 1.0, 1.0, 1.0, 1.0, 1.0, 0.0, 0.0, 0.0, 0.0, 0.0, 0.0, 0.0, 0.0, 1.0, 0.0, 0.0, 0.0, 0.0, 0.0, 0.0, 0.0, 0.0, 0.0, 0.0, 0.0, 0.0, 0.0, 0.0, 0.0, 0.0, 0.0, 0.0, 0.0, 0.0, 0.0, 0.0, 0.0, 0.0, 0.0, 0.0, 0.0, 0.0, 0.0, 0.0, 0.0, 0.0, 0.0, 0.0, 0.0, 0.0, 0.0, 0.0, 0.0, 0.0, 0.0, 0.0, 0.0, 0.0, 0.0, 0.0, 0.0, 0.0, 0.0, 0.0, 0.0, 0.0, 0.0, 0.0, 0.0, 0.0, 0.0, 0.0, 0.0, 0.0, 0.0, 0.0, 0.0, 0.0, 0.0, 0.0, 0.0, 0.0, 0.0, 0.0, 0.0, 0.0, 0.0, 0.0, 0.0, 0.0, 0.0, 0.0, 0.0, 0.0, 0.0, 0.0, 0.0, 0.0, 0.0, 0.0, 0.0, 0.0, 0.0, 0.0, 0.0, 0.0, 0.0, 0.0, 0.0, 0.0]","_wandb":{"runtime":18},"_timestamp":1.77578153810389e+09,"mask_l1":0.1875,"stage1/use_pretrain_model":false,"stage1_test_loss":0.22985296332345792,"train_acc":94.11681516051478,"val_acc":88.61209964412811,"stage3_test_loss":0.2753195718997691,"stage1_test_acc":92.46691550729555,"_runtime":18,"stage3_test_f1":0.9079169618429243,"_step":10,"epoch":15,"stage_1_separableconvcnn/confusion_matrix_table":{"sha256":"0d020f5d83c84288d7ef82e44b2c5507ef0a1db1a97322c6a1ebbfba66b35265","artifact_path":"wandb-client-artifact://xkail3ka03hpbx9cfp6zzrdjvbk4v9jmtbespbwu28mtzcu46n7pf1sbw09gvvsm8bnh1cfnppm6rqfa207c8ces7gp7fal6ycyar42hkxpna3b48gdvfcfi4b68h8dx/stage_1_separableconvcnn/confusion_matrix_table.table.json","path":"media/table/stage_1_separableconvcnn/confusion_matrix_table_1_0d020f5d83c84288d7ef.table.json","size":1366,"_type":"table-file","ncols":3,"log_mode":"IMMUTABLE","nrows":36,"_latest_artifact_path":"wandb-client-artifact://e29dkqxeml05b5a4r6ksoykbv2ap3du78f22oxs6np03jddnmtlbpqrlg533p1d431x1gr8rnlvmmkl6yu8d405wm1bv394njr25m0ig82nmr2ntnc0vmhnjodpgz7w1:latest/stage_1_separableconvcnn/confusion_matrix_table.table.json"},"stage2_test_f1":0.8773780968482768,"stage2_test_acc":87.75025449609772,"lr":0.001,"lr_gumbel_bin":0.001,"best_val_loss":0.27123928631645167,"stage1_test_f1":0.9256903327450012,"stage1/test_f1":0.9256903327450012,"bin_keep_ratio":0.1875,"stage1/test_acc":92.46691550729555,"stage":3,"stage2_test_loss":0.3365035498164419,"stage_3_separableconvcnn/confusion_matrix_table":{"artifact_path":"wandb-client-artifact://qnb916ywj3c84nq2ft9qpdztzdo7jhbvq6gafxyzd39mzj5stnxpcamoylw9rkuzhc8q755qk1vcxwj8hsqo6cr67w0qfsmiu83i0iu8zf638indcnp6ubh8ufe614g4/stage_3_separableconvcnn/confusion_matrix_table.table.json","size":1366,"path":"media/table/stage_3_separableconvcnn/confusion_matrix_table_9_3989f31769f810399df1.table.json","_latest_artifact_path":"wandb-client-artifact://run52xkmf10ytu1lvhx5r7z5tv165lgl4p88stnnu04jvnymkf7czyp6ox7phb71pvgad58wqfigyya6be0gw44vigsa88m6zwd27cfsacjst9lxiekr8gkpdrkg9ftx:latest/stage_3_separableconvcnn/confusion_matrix_table.table.json","sha256":"3989f31769f810399df176cf87b98031c0631fe8ea0fbb4a0325c73cce134318","ncols":3,"log_mode":"IMMUTABLE","nrows":36,"_type":"table-file"}}