{"stage2_test_f1":0.6401004578084236,"train_loss":0.7618610075492777,"stage2/best_val_loss":0.8327354286749511,"best_val_loss":0.7332984731333195,"model_param_count_pruned":5682,"stage2/raw_hard_mask_block2":"[0.0, 0.0, 0.0, 0.0, 0.0, 0.0, 1.0, 1.0, 0.0, 0.0, 0.0, 0.0, 0.0, 0.0, 0.0, 1.0, 0.0, 0.0, 0.0, 0.0, 0.0, 0.0, 1.0, 1.0, 0.0, 1.0, 0.0, 0.0, 0.0, 0.0, 0.0, 0.0, 0.0, 0.0, 0.0, 1.0, 0.0, 0.0, 0.0, 0.0, 1.0, 1.0, 0.0, 0.0, 1.0, 0.0, 0.0, 0.0, 1.0, 0.0, 0.0, 0.0, 0.0, 0.0, 0.0, 0.0, 0.0, 0.0, 0.0, 1.0, 0.0, 0.0, 0.0, 0.0]","Total_Pruned_%":75.625,"stage2/val_acc":49.733370754981756,"stage2/Total_Pruned_%":75.625,"stage3_test_acc":78.23802163833076,"stage2/mask_l1":0.2819346487522125,"stage2/val_loss":0.8376956436361719,"stage2/purpose":"train channel-pruning model with masking","val_loss":0.7327768125461789,"stage2/final_mask_keep_ratio_block2":0.1875,"final_summary_log_path":"/home/qphan/master-thesis/models/wear_best_model_three_stage_channel_subject2_val_final_summary_val_2.txt","stage2/block3_Pruned_%":83.59375,"stage2/final_mask_keep_ratio_block4":0.3515625,"model_param_count_dense":36998,"stage1_test_acc":77.7537351880474,"train_acc":59.75238400512862,"_timestamp":1.775389460881786e+09,"stage2/stage_number":2,"stage1/test_acc":77.7537351880474,"epoch":35,"stage2/best_epoch":19,"stage3_test_f1":0.6719152470195769,"stage2/final_mask_keep_ratio_block3":0.1640625,"stage2/test_loss":0.7369038985196227,"val_acc":58.209374122930114,"stage_1_separableconvcnn/confusion_matrix_table":{"artifact_path":"wandb-client-artifact://w7qvwgbf94g0ueuy05n0qjq6xzmjj3egqmo30tase7ddnb3j598e3i85ezt35zbyikzkr6ifh1itfbtfj59ag0tmzsxk8ii3kq2sp4l3tpi6mklt189wa5w2exox9hka/stage_1_separableconvcnn/confusion_matrix_table.table.json","size":2014,"_latest_artifact_path":"wandb-client-artifact://1wv4esjf3fadf2q7kz4liujapogsauvfi4jzwhf3h29xvvr9he9jxay42ch6sw2dg723hbdqslve929p0eu60hylxnetynp3zdcwpk7879cpj60881w9xxku20fx5fzu:latest/stage_1_separableconvcnn/confusion_matrix_table.table.json","path":"media/table/stage_1_separableconvcnn/confusion_matrix_table_1_663a0b694daba5967b72.table.json","_type":"table-file","ncols":3,"log_mode":"IMMUTABLE","sha256":"663a0b694daba5967b72c9264955e7ab416aa95e7aa2887df9443b82d3a236a6","nrows":64},"stage1/test_f1":0.6895704214321337,"stage2/epoch":25,"stage2/block2_Pruned_%":81.25,"block4_Pruned_%":64.84375,"stage_3_prunedseparableconvcnn/confusion_matrix_table":{"path":"media/table/stage_3_prunedseparableconvcnn/confusion_matrix_table_15_e9f9a68e6d3df53dbf5e.table.json","size":2016,"nrows":64,"sha256":"e9f9a68e6d3df53dbf5e4e62e017bc73931f5ed668eec0ac99dc1261a52abc26","_latest_artifact_path":"wandb-client-artifact://x6itk267rpije5i8avlqz9j5ono5g6puj8ebejh88fc4xs0d4oa5ojs834m8vmg5xx1q7ryrxakvfzsas0dw96e28s6hzmy9cho5070mqxb0ydhtqtnfdgho87v1ket6:latest/stage_3_prunedseparableconvcnn/confusion_matrix_table.table.json","_type":"table-file","ncols":3,"artifact_path":"wandb-client-artifact://l8xlslsa0bp5sdcn84a0w22h52r9rut89wsdpeefsklaa987sblff0r0emwtvppsu3obfc7v591s8agoi1j98hu7ag9ka2ao5aoxggr9whpcueafkkip0iad3esrnn4l/stage_3_prunedseparableconvcnn/confusion_matrix_table.table.json","log_mode":"IMMUTABLE"},"_runtime":208,"stage1/use_pretrain_model":false,"stage2/block4_Pruned_%":64.84375,"stage2/lr_backbone":0.0001,"stage2/train_loss":1.2607916987890884,"model_param_count":5682,"block3_Pruned_%":83.59375,"stage2/test_f1":0.6401004578084236,"stage2/test_acc":77.0118495620814,"stage1_test_loss":0.6374512334572539,"stage2/raw_hard_mask_block3":"[0.0, 0.0, 0.0, 0.0, 0.0, 0.0, 0.0, 0.0, 0.0, 0.0, 0.0, 0.0, 0.0, 0.0, 0.0, 1.0, 1.0, 0.0, 1.0, 1.0, 0.0, 0.0, 0.0, 0.0, 1.0, 0.0, 0.0, 0.0, 0.0, 0.0, 1.0, 0.0, 0.0, 0.0, 1.0, 0.0, 0.0, 0.0, 0.0, 0.0, 0.0, 0.0, 0.0, 0.0, 0.0, 0.0, 0.0, 1.0, 0.0, 0.0, 0.0, 0.0, 0.0, 0.0, 0.0, 0.0, 0.0, 0.0, 1.0, 0.0, 1.0, 1.0, 0.0, 0.0, 1.0, 0.0, 0.0, 0.0, 0.0, 0.0, 1.0, 0.0, 0.0, 1.0, 0.0, 0.0, 0.0, 0.0, 1.0, 1.0, 0.0, 0.0, 0.0, 0.0, 0.0, 0.0, 0.0, 0.0, 0.0, 1.0, 1.0, 1.0, 0.0, 0.0, 1.0, 0.0, 0.0, 0.0, 0.0, 0.0, 0.0, 0.0, 0.0, 0.0, 0.0, 0.0, 0.0, 0.0, 0.0, 0.0, 0.0, 0.0, 0.0, 0.0, 0.0, 0.0, 0.0, 0.0, 0.0, 0.0, 0.0, 0.0, 0.0, 0.0, 0.0, 0.0, 0.0, 1.0]","stage2/raw_hard_mask_block4":"[0.0, 0.0, 0.0, 0.0, 1.0, 0.0, 1.0, 0.0, 0.0, 0.0, 1.0, 0.0, 0.0, 0.0, 1.0, 0.0, 0.0, 0.0, 0.0, 1.0, 0.0, 1.0, 0.0, 0.0, 1.0, 1.0, 1.0, 0.0, 0.0, 0.0, 0.0, 1.0, 0.0, 0.0, 0.0, 0.0, 1.0, 1.0, 1.0, 0.0, 0.0, 0.0, 0.0, 0.0, 0.0, 1.0, 0.0, 0.0, 0.0, 0.0, 1.0, 0.0, 1.0, 1.0, 0.0, 1.0, 0.0, 0.0, 0.0, 1.0, 1.0, 0.0, 0.0, 0.0, 0.0, 0.0, 0.0, 1.0, 0.0, 0.0, 0.0, 1.0, 0.0, 0.0, 0.0, 1.0, 1.0, 0.0, 0.0, 0.0, 1.0, 1.0, 0.0, 0.0, 0.0, 0.0, 0.0, 0.0, 0.0, 1.0, 0.0, 1.0, 0.0, 1.0, 1.0, 0.0, 0.0, 0.0, 0.0, 1.0, 0.0, 0.0, 1.0, 1.0, 0.0, 0.0, 1.0, 0.0, 1.0, 0.0, 0.0, 1.0, 1.0, 0.0, 0.0, 0.0, 0.0, 1.0, 0.0, 1.0, 1.0, 1.0, 0.0, 1.0, 1.0, 0.0, 1.0, 1.0]","stage2_test_loss":0.7369038985196227,"stage3_test_loss":0.6792060472481893,"_wandb":{"runtime":208},"stage":3,"_step":17,"stage2/lr_gumbel":0.001,"model_param_reduction_pct":84.642413103411,"stage1_test_f1":0.6895704214321337,"lr_loaded_weights":0.0001,"stage2/train_acc":49.41501722894463,"stage2_test_acc":77.0118495620814,"stage1/test_loss":0.6374512334572539,"block2_Pruned_%":81.25}