{"stage2/block3_Pruned_%":55.46875,"stage1/test_loss":0.2619451821396462,"lr_loaded_weights":0.0001,"stage2/Total_Pruned_%":41.87499999999999,"stage2/test_f1":0.8832853627629486,"stage2/test_acc":88.15744825246013,"block2_Pruned_%":42.1875,"stage1_test_acc":90.09161859518154,"stage2/raw_hard_mask_block2":"[1.0, 0.0, 0.0, 0.0, 1.0, 0.0, 0.0, 1.0, 0.0, 0.0, 1.0, 1.0, 0.0, 0.0, 0.0, 0.0, 0.0, 1.0, 0.0, 1.0, 1.0, 1.0, 1.0, 1.0, 0.0, 0.0, 0.0, 1.0, 1.0, 0.0, 1.0, 0.0, 1.0, 1.0, 1.0, 1.0, 1.0, 1.0, 1.0, 0.0, 1.0, 0.0, 0.0, 1.0, 0.0, 1.0, 1.0, 1.0, 0.0, 0.0, 1.0, 1.0, 1.0, 1.0, 1.0, 1.0, 1.0, 1.0, 1.0, 0.0, 1.0, 1.0, 0.0, 0.0]","stage2/train_acc":83.7557603686636,"model_param_count_dense":36868,"stage2/best_epoch":58,"stage2/test_loss":0.3792990113035405,"stage_3_prunedseparableconvcnn/confusion_matrix_table":{"artifact_path":"wandb-client-artifact://7cns8lk709qgv9606yudcuvgy7ffw7e1q242bv5dv82hp5xxoa1k7rdlztkbdiunca8kxcryqkfuxfdtsuopnzjlk74ewzapsca55ulvat6s4s9uc4lolou8ja7zmqfy/stage_3_prunedseparableconvcnn/confusion_matrix_table.table.json","nrows":36,"ncols":3,"_latest_artifact_path":"wandb-client-artifact://z0c7f8mck1ubrcazuqjj17r2ckpvnegs3p9zknxn3msw8j3z1rrka6i7mj9xmi40g7dz1vnnc3em3psrbdmtov7252amhugf8dx08wmjpc3rkwldhn754e6otyqmcy0p:latest/stage_3_prunedseparableconvcnn/confusion_matrix_table.table.json","log_mode":"IMMUTABLE","sha256":"99921c798dcdd0ae9398eee96604e8660e2c682205c2cbfa71c21078a7e77941","path":"media/table/stage_3_prunedseparableconvcnn/confusion_matrix_table_23_99921c798dcdd0ae9398.table.json","_type":"table-file","size":1367},"stage2/lr_backbone":0.0001,"final_summary_log_path":"/home/qphan/master-thesis/models/uci_best_model_three_stage_channel_subject21_val_final_summary_val_21.txt","stage1/test_acc":90.09161859518154,"stage1/use_pretrain_model":false,"epoch":40,"model_param_count_pruned":15915,"stage":3,"stage1_test_loss":0.2619451821396462,"stage2/final_mask_keep_ratio_block2":0.578125,"block3_Pruned_%":55.46875,"stage2/raw_hard_mask_block3":"[0.0, 1.0, 0.0, 0.0, 0.0, 0.0, 1.0, 1.0, 1.0, 0.0, 1.0, 0.0, 1.0, 0.0, 1.0, 1.0, 1.0, 1.0, 1.0, 1.0, 1.0, 1.0, 0.0, 0.0, 0.0, 0.0, 1.0, 0.0, 0.0, 1.0, 0.0, 1.0, 1.0, 1.0, 1.0, 0.0, 0.0, 1.0, 0.0, 1.0, 0.0, 0.0, 0.0, 1.0, 1.0, 1.0, 0.0, 0.0, 0.0, 1.0, 0.0, 0.0, 1.0, 0.0, 0.0, 1.0, 0.0, 0.0, 1.0, 0.0, 0.0, 1.0, 0.0, 0.0, 0.0, 0.0, 0.0, 0.0, 0.0, 1.0, 0.0, 0.0, 1.0, 0.0, 1.0, 0.0, 1.0, 1.0, 1.0, 0.0, 1.0, 0.0, 1.0, 0.0, 1.0, 1.0, 0.0, 1.0, 0.0, 0.0, 0.0, 0.0, 0.0, 0.0, 0.0, 1.0, 1.0, 0.0, 1.0, 1.0, 0.0, 0.0, 1.0, 0.0, 1.0, 1.0, 1.0, 1.0, 0.0, 0.0, 0.0, 0.0, 1.0, 0.0, 0.0, 0.0, 1.0, 0.0, 0.0, 0.0, 0.0, 0.0, 1.0, 1.0, 0.0, 1.0, 1.0, 1.0]","stage_1_separableconvcnn/confusion_matrix_table":{"ncols":3,"sha256":"7564a7f0cb013ffdab37b14a0d596fcd5b0e85878f66aeb5e1b86ab4c6ab1b99","path":"media/table/stage_1_separableconvcnn/confusion_matrix_table_1_7564a7f0cb013ffdab37.table.json","artifact_path":"wandb-client-artifact://wz95eo9aaj2ky2d17khxfic2qd5aaweqnhhmugc9hsm0lnlqh02vpx4w55ou50cfja8qsxciwxmpvapjtnh4a6ppc3cfi03l2fxqj36pg7tkmse2h0arsmcrlyjgsfxa/stage_1_separableconvcnn/confusion_matrix_table.table.json","_type":"table-file","nrows":36,"size":1368,"log_mode":"IMMUTABLE","_latest_artifact_path":"wandb-client-artifact://07io5qbfvwf8u508w0via0gl72gqzjzu3pacskskf14alfocqgxdev7n2rnti0lpg9g125tmebzs12st6ch9oaxrsrtlu0encc9r1xfuklu4el8ds50xkctbio3tk6s8:latest/stage_1_separableconvcnn/confusion_matrix_table.table.json"},"stage3_test_acc":88.70037326094334,"stage2_test_loss":0.3792990113035405,"stage2/train_loss":0.4813847745069161,"stage2/purpose":"train channel-pruning model with masking","stage2/val_loss":0.3711983944271125,"stage3_test_f1":0.8891677130557419,"block4_Pruned_%":28.125,"stage1/test_f1":0.903082410668676,"val_loss":0.3317969531989565,"_timestamp":1.7758513565733519e+09,"train_loss":0.2013740355518007,"model_param_reduction_pct":56.83248345448628,"stage2/epoch":60,"stage2/stage_number":2,"stage2/block2_Pruned_%":42.1875,"stage2/val_acc":85.53921568627452,"stage2/block4_Pruned_%":28.125,"stage2/final_mask_keep_ratio_block4":0.71875,"Total_Pruned_%":41.87499999999999,"stage2/mask_l1":0.5269851088523865,"_runtime":48,"stage2_test_f1":0.8832853627629486,"best_val_loss":0.3232192056728344,"_wandb":{"runtime":48},"stage2_test_acc":88.15744825246013,"model_param_count":15915,"stage2/final_mask_keep_ratio_block3":0.4453125,"_step":25,"stage2/raw_hard_mask_block4":"[1.0, 0.0, 1.0, 1.0, 1.0, 1.0, 0.0, 0.0, 1.0, 1.0, 1.0, 1.0, 1.0, 0.0, 0.0, 1.0, 0.0, 1.0, 0.0, 1.0, 1.0, 1.0, 1.0, 1.0, 1.0, 0.0, 0.0, 0.0, 1.0, 0.0, 1.0, 1.0, 1.0, 1.0, 1.0, 1.0, 1.0, 1.0, 1.0, 0.0, 1.0, 0.0, 1.0, 1.0, 0.0, 1.0, 0.0, 1.0, 1.0, 1.0, 0.0, 1.0, 1.0, 1.0, 1.0, 1.0, 1.0, 1.0, 0.0, 1.0, 0.0, 0.0, 1.0, 0.0, 1.0, 1.0, 1.0, 1.0, 1.0, 1.0, 1.0, 1.0, 0.0, 1.0, 1.0, 1.0, 0.0, 1.0, 1.0, 1.0, 0.0, 1.0, 1.0, 0.0, 0.0, 1.0, 1.0, 0.0, 1.0, 1.0, 1.0, 1.0, 1.0, 0.0, 1.0, 1.0, 0.0, 1.0, 0.0, 1.0, 1.0, 1.0, 1.0, 0.0, 1.0, 0.0, 1.0, 0.0, 1.0, 1.0, 1.0, 1.0, 1.0, 1.0, 1.0, 1.0, 1.0, 0.0, 1.0, 1.0, 0.0, 1.0, 1.0, 1.0, 1.0, 0.0, 0.0, 1.0]","stage3_test_loss":0.3407744271476087,"val_acc":88.23529411764706,"train_acc":91.63306451612904,"stage1_test_f1":0.903082410668676,"stage2/lr_gumbel":0.001,"stage2/best_val_loss":0.35476480555884976}