{"stage2/epoch":40,"stage":3,"stage2/test_f1":0.6810603121534606,"stage2/val_acc":59.95792426367461,"stage2/test_acc":78.36166924265842,"stage2_test_f1":0.6810603121534606,"best_val_loss":0.9034505481472523,"model_param_count_dense":36998,"model_param_count_pruned":26997,"block3_Pruned_%":25.78125,"_timestamp":1.7753221381842952e+09,"stage2/mask_l1":0.5902115702629089,"_runtime":1065,"stage2/final_mask_keep_ratio_block3":0.7421875,"stage2/best_epoch":30,"stage3_test_acc":78.26893353941267,"stage1/test_f1":0.6647315251494192,"stage2/train_acc":65.56185434649495,"final_summary_log_path":"/home/qphan/master-thesis/models/wear_best_model_three_stage_channel_subject7_val_final_summary_val_7.txt","block2_Pruned_%":10.9375,"Total_Pruned_%":17.500000000000004,"lr_loaded_weights":0.0001,"stage1/test_loss":0.6905957118221806,"model_param_count":26997,"stage1/use_pretrain_model":false,"stage2/val_loss":1.016421675180486,"stage2/raw_hard_mask_block4":"[1.0, 1.0, 1.0, 1.0, 1.0, 1.0, 0.0, 1.0, 1.0, 1.0, 1.0, 1.0, 1.0, 1.0, 1.0, 1.0, 1.0, 0.0, 1.0, 1.0, 1.0, 1.0, 1.0, 1.0, 0.0, 1.0, 1.0, 1.0, 1.0, 1.0, 1.0, 0.0, 1.0, 1.0, 1.0, 0.0, 1.0, 0.0, 1.0, 1.0, 1.0, 1.0, 1.0, 1.0, 1.0, 1.0, 1.0, 1.0, 1.0, 1.0, 1.0, 1.0, 1.0, 1.0, 1.0, 1.0, 1.0, 0.0, 1.0, 1.0, 1.0, 1.0, 1.0, 0.0, 1.0, 1.0, 1.0, 1.0, 1.0, 1.0, 1.0, 1.0, 1.0, 1.0, 0.0, 1.0, 1.0, 1.0, 1.0, 1.0, 1.0, 1.0, 1.0, 1.0, 0.0, 0.0, 1.0, 1.0, 1.0, 1.0, 1.0, 1.0, 1.0, 1.0, 1.0, 1.0, 1.0, 1.0, 1.0, 1.0, 1.0, 1.0, 0.0, 1.0, 1.0, 1.0, 1.0, 1.0, 1.0, 1.0, 1.0, 1.0, 1.0, 1.0, 1.0, 0.0, 1.0, 1.0, 0.0, 1.0, 0.0, 1.0, 1.0, 0.0, 1.0, 1.0, 1.0, 1.0]","model_param_reduction_pct":27.031190875182443,"_wandb":{"runtime":1065},"stage2/block4_Pruned_%":12.5,"stage2/purpose":"train channel-pruning model with masking","stage2/raw_hard_mask_block2":"[1.0, 1.0, 1.0, 1.0, 0.0, 1.0, 1.0, 1.0, 1.0, 1.0, 1.0, 1.0, 1.0, 1.0, 1.0, 1.0, 1.0, 1.0, 1.0, 0.0, 1.0, 1.0, 0.0, 1.0, 1.0, 1.0, 1.0, 1.0, 1.0, 1.0, 1.0, 1.0, 1.0, 1.0, 0.0, 0.0, 1.0, 1.0, 1.0, 1.0, 1.0, 1.0, 1.0, 1.0, 1.0, 1.0, 1.0, 0.0, 1.0, 1.0, 1.0, 1.0, 0.0, 1.0, 1.0, 1.0, 1.0, 1.0, 1.0, 1.0, 1.0, 1.0, 1.0, 1.0]","stage1_test_loss":0.6905957118221806,"stage2/final_mask_keep_ratio_block2":0.890625,"_step":61,"stage2/final_mask_keep_ratio_block4":0.875,"val_acc":60.44880785413745,"stage2/Total_Pruned_%":17.500000000000004,"stage1/test_acc":72.7253992787223,"stage2/lr_backbone":0.0001,"stage2/train_loss":0.7088405636605013,"stage2/test_loss":0.6361442667443166,"epoch":16,"val_loss":1.0142676807720563,"stage2/block2_Pruned_%":10.9375,"stage2/best_val_loss":0.9328663592418815,"stage2/raw_hard_mask_block3":"[0.0, 1.0, 0.0, 1.0, 1.0, 1.0, 1.0, 1.0, 1.0, 1.0, 0.0, 1.0, 1.0, 0.0, 1.0, 0.0, 1.0, 1.0, 0.0, 1.0, 1.0, 0.0, 1.0, 1.0, 1.0, 0.0, 1.0, 1.0, 1.0, 1.0, 1.0, 1.0, 1.0, 1.0, 0.0, 1.0, 1.0, 0.0, 1.0, 1.0, 1.0, 1.0, 1.0, 0.0, 0.0, 0.0, 1.0, 0.0, 1.0, 1.0, 1.0, 1.0, 1.0, 1.0, 1.0, 1.0, 1.0, 1.0, 0.0, 1.0, 1.0, 1.0, 1.0, 1.0, 1.0, 1.0, 1.0, 1.0, 1.0, 1.0, 0.0, 1.0, 1.0, 0.0, 1.0, 1.0, 1.0, 1.0, 1.0, 1.0, 0.0, 1.0, 1.0, 0.0, 0.0, 0.0, 1.0, 0.0, 0.0, 1.0, 0.0, 1.0, 1.0, 0.0, 0.0, 1.0, 1.0, 0.0, 1.0, 0.0, 1.0, 0.0, 1.0, 1.0, 0.0, 1.0, 1.0, 1.0, 1.0, 0.0, 1.0, 1.0, 1.0, 1.0, 1.0, 0.0, 1.0, 1.0, 0.0, 1.0, 1.0, 1.0, 1.0, 1.0, 1.0, 1.0, 1.0, 1.0]","stage_1_separableconvcnn/confusion_matrix_table":{"_latest_artifact_path":"wandb-client-artifact://40e77lthtggqejjh7xzdfm4h6h1nmasnlzhb2hedvpz837awv682t9o7yugmgwwbg6fowbpgn3f3who3k9lkkyvcwxizmh5yrp9zgnmjildqmuyui543rv98i3e4azi6:latest/stage_1_separableconvcnn/confusion_matrix_table.table.json","ncols":3,"size":2015,"path":"media/table/stage_1_separableconvcnn/confusion_matrix_table_1_13a6fd04346ff8692523.table.json","log_mode":"IMMUTABLE","nrows":64,"_type":"table-file","sha256":"13a6fd04346ff8692523df6a8391b86b0466d0dd42cf76f6a300cdb2b1cf9bfa","artifact_path":"wandb-client-artifact://b7y83m0e19nzsvvc97mk79pamgqu23inw4z1l6ca8keezcg9blg112uz6mhy5d32oyzrf0bh1vfu76p9fwtrruji145146uophl6umc2jipgmvyfzecf2gxqszb1uhev/stage_1_separableconvcnn/confusion_matrix_table.table.json"},"stage2/stage_number":2,"stage2_test_acc":78.36166924265842,"block4_Pruned_%":12.5,"stage2/block3_Pruned_%":25.78125,"stage3_test_loss":0.6653558268029932,"stage2/lr_gumbel":0.001,"train_loss":0.5536554462573877,"stage3_test_f1":0.6862264333491542,"stage1_test_f1":0.6647315251494192,"stage_3_prunedseparableconvcnn/confusion_matrix_table":{"ncols":3,"sha256":"5a81d7e2e8b115206f94fd92dee79495276068709c33ecca41424b1511e7e420","path":"media/table/stage_3_prunedseparableconvcnn/confusion_matrix_table_59_5a81d7e2e8b115206f94.table.json","_type":"table-file","size":2015,"nrows":64,"log_mode":"IMMUTABLE","artifact_path":"wandb-client-artifact://yfo8lff9up3s4fkrheni5al2vjdh4jqgx8z713jdcym7xgznv7tgfwqsmi44poixwtrxiw9135ra9crgk6l8lak6jy8q6zi32cmxxsdc3tkf1m9wqcuzo7utr4a3yhg8/stage_3_prunedseparableconvcnn/confusion_matrix_table.table.json","_latest_artifact_path":"wandb-client-artifact://0hxm7c828ipxtd8inzrid8gsnf94u8f2n49h1usxeh8gmlzcshk3195ha6v2p7jq5l3t6oy85x8dx4ah4hbziec6yl5y1cyrpmvaqwebzv5y5ozc6y3qf8i52taduogk:latest/stage_3_prunedseparableconvcnn/confusion_matrix_table.table.json"},"stage2_test_loss":0.6361442667443166,"train_acc":70.44067394868351,"stage1_test_acc":72.7253992787223}