{"stage1_test_loss":0.4559599839993571,"_wandb":{"runtime":4},"stage1/test_acc":89.85408890397014,"_timestamp":1.776614157757309e+09,"stage1/use_pretrain_model":false,"epoch":5,"stage_1_separableconvcnn/confusion_matrix_table":{"ncols":3,"log_mode":"IMMUTABLE","path":"media/table/stage_1_separableconvcnn/confusion_matrix_table_1_02c5a6fac2b98a2cce23.table.json","artifact_path":"wandb-client-artifact://oysc1za62mwbikt8pih7qt53m5mescoylcxmi8c3togt19thvgoiukltxgiyd9zjtvsz24u57komxyd6rhzmcl7z5vkg6c9ziaaritd0y2mjz9pg5eeuzatlsp9aqw8a/stage_1_separableconvcnn/confusion_matrix_table.table.json","_type":"table-file","sha256":"02c5a6fac2b98a2cce23216035c71184f8282e95afab8b7a4923ed0654b10cea","nrows":36,"_latest_artifact_path":"wandb-client-artifact://f45tflrq1c2el7hkzduem6cmmkvebqer33vwgjc8cv0xpw4b778yxf0rgh3jjr4anddutukkc9ab5q3bwzjgbz1f525qybm7ve477b91fcj04spiz6lsg68pycrv2fxy:latest/stage_1_separableconvcnn/confusion_matrix_table.table.json","size":1368},"stage":2,"_runtime":4,"train_acc":90.91427756382826,"stage1/test_f1":0.8992012196111356,"best_val_loss":0.2816148598260544,"val_loss":0.2954131173751047,"stage1_test_acc":89.85408890397014,"stage1_test_f1":0.8992012196111356,"lr_gumbel_bin":0.001,"train_loss":0.5250129960790848,"mask_l1":0.46875,"_step":2,"val_acc":87.68328445747801,"lr_backbone":0.0001,"stage1/test_loss":0.4559599839993571}