{"stage1_test_f1":0.8970913604633416,"stage2/val_acc":79.2507204610951,"stage2/final_mask_keep_ratio_block2":0.828125,"stage2/final_mask_keep_ratio_block3":0.6328125,"final_channel_mask_block4":[1,1,1,1,1,1,1,1,1,1,1,1,0,1,1,0,1,1,1,1,0,1,1,1,1,1,1,1,0,1,0,1,1,0,1,1,0,0,1,1,1,0,1,0,0,1,1,1,0,0,0,1,0,1,0,1,1,0,0,0,1,1,0,0,0,0,1,1,1,1,0,0,1,1,0,1,1,0,0,0,1,1,1,1,1,1,1,1,0,0,0,1,1,1,0,1,0,1,0,1,1,0,1,1,1,1,1,1,1,1,1,0,1,1,1,0,0,0,0,0,0,0,1,1,1,1,1,0],"val_loss":0.2655903086366846,"stage1/test_acc":89.71835765184935,"stage2/epoch":50,"stage1_test_loss":0.333903368065058,"_runtime":70,"stage2/lr_gumbel":0.001,"stage1/test_f1":0.8970913604633416,"hard_bin_mask":[1,1,1,1,1,1,1,1,1,1,1,1,1,1,1,1,1,1,1,1,1,0,0,1,1,1,0,1,1,1,0,1,0,1,1,0,1,1,1,0,1,0,0,0,0,0,0,0,1,1,1,0,1,0,1,1,1,0,0,0,0,0,0,1,0],"stage_1_separableconvcnn/confusion_matrix_table":{"nrows":36,"_type":"table-file","path":"media/table/stage_1_separableconvcnn/confusion_matrix_table_1_afe147d38f01e1852de8.table.json","sha256":"afe147d38f01e1852de86fb6603c33be46cdb43576857b41a32c382468e7b269","ncols":3,"log_mode":"IMMUTABLE","size":1366,"_latest_artifact_path":"wandb-client-artifact://mb3kmu5k52whrqb5maqrh7it0dacsok5z9742iohkaebnlv5bpdgnjdxdzmpywr9ovd1jgyp50ej993wtbcs1w6nhm1jtx4j9aesedglluu3ucengzwirmahkrji69kh:latest/stage_1_separableconvcnn/confusion_matrix_table.table.json","artifact_path":"wandb-client-artifact://n0vpj61ja4v42gbczcehwwy6kc6mjobljo4kfl0bs1w7uy24rh7p0thlp23ktubxk6si4ry2tqd666b3gjp3nm007tc0bgg9b1o9ak0eubj5j19giv1q4n1esmdquf2b/stage_1_separableconvcnn/confusion_matrix_table.table.json"},"_wandb":{"runtime":70},"stage1_test_acc":89.71835765184935,"stage2/best_val_loss":0.44470988183955984,"stage2/stage_number":2,"stage2/test_f1":0.8837929307603657,"stage2/block4_Pruned_%":35.15625,"mask_l1":0.5230768918991089,"lr_gumbel_bin":0.001,"lr_backbone":0.0001,"stage1/use_pretrain_model":false,"stage2/train_loss":0.43772947557222663,"stage2/raw_hard_mask_block4":"[1.0, 1.0, 1.0, 1.0, 1.0, 1.0, 1.0, 1.0, 1.0, 1.0, 1.0, 1.0, 0.0, 1.0, 1.0, 0.0, 1.0, 1.0, 1.0, 1.0, 0.0, 1.0, 1.0, 1.0, 1.0, 1.0, 1.0, 1.0, 0.0, 1.0, 0.0, 1.0, 1.0, 0.0, 1.0, 1.0, 0.0, 0.0, 1.0, 1.0, 1.0, 0.0, 1.0, 0.0, 0.0, 1.0, 1.0, 1.0, 0.0, 0.0, 0.0, 1.0, 0.0, 1.0, 0.0, 1.0, 1.0, 0.0, 0.0, 0.0, 1.0, 1.0, 0.0, 0.0, 0.0, 0.0, 1.0, 1.0, 1.0, 1.0, 0.0, 0.0, 1.0, 1.0, 0.0, 1.0, 1.0, 0.0, 0.0, 0.0, 1.0, 1.0, 1.0, 1.0, 1.0, 1.0, 1.0, 1.0, 0.0, 0.0, 0.0, 1.0, 1.0, 1.0, 0.0, 1.0, 0.0, 1.0, 0.0, 1.0, 1.0, 0.0, 1.0, 1.0, 1.0, 1.0, 1.0, 1.0, 1.0, 1.0, 1.0, 0.0, 1.0, 1.0, 1.0, 0.0, 0.0, 0.0, 0.0, 0.0, 0.0, 0.0, 1.0, 1.0, 1.0, 1.0, 1.0, 0.0]","stage2/block3_Pruned_%":36.71875,"_timestamp":1.77670123195131e+09,"final_channel_mask_block2":[1,1,1,1,1,1,1,0,1,1,1,1,0,1,1,1,1,0,1,1,0,1,1,1,1,1,1,1,1,1,1,1,1,1,1,1,1,0,0,1,1,1,1,1,1,0,1,1,1,1,0,1,0,1,1,1,1,1,1,1,1,1,0,0],"stage":5,"model_param_count_dense":36868,"stage_5_prunedseparableconvcnn/confusion_matrix_table":{"sha256":"1fbddc85d99a979c01dbd7b2676dac693a7b900d40f0fc1dbe13ebe51a18c9c9","_type":"table-file","artifact_path":"wandb-client-artifact://icdfftogjzq7e7xh3senrhsfvd8f2tmfzkwnr9wsfowt1mydnibwm3cbp6rslq64c5tiq9ck4s1olc7fe5sxyyn6dt0hhjn2mxg3e1ynq6rjejuefyebtardeyqhq6mu/stage_5_prunedseparableconvcnn/confusion_matrix_table.table.json","_latest_artifact_path":"wandb-client-artifact://mfkbgv2xbftn19v6fg4gnr27f47olu4j0019sq3m0dy70sl8yd0uxis42mbspl63tu5m6zilt4pu6v5kissuwyqyjo34dwv0p1sp93w7a1r0rdgzrflb35s4yu99evyn:latest/stage_5_prunedseparableconvcnn/confusion_matrix_table.table.json","ncols":3,"path":"media/table/stage_5_prunedseparableconvcnn/confusion_matrix_table_27_1fbddc85d99a979c01db.table.json","log_mode":"IMMUTABLE","nrows":36,"size":1367},"model_param_count_pruned":19696,"stage2/purpose":"train channel-pruning model with masking","stage2/train_acc":85.83868665239115,"final_channel_mask_block3":[1,0,0,0,1,0,0,1,0,0,0,1,1,1,1,0,0,1,0,0,0,0,1,1,0,0,1,1,1,1,1,1,1,1,1,0,1,0,0,1,1,1,1,1,0,0,1,1,1,1,0,0,0,1,1,1,1,1,1,1,0,1,1,1,1,1,1,1,1,1,1,1,1,1,1,1,1,1,1,0,0,0,0,0,1,0,0,1,1,1,0,1,0,1,1,1,1,0,0,1,0,1,1,0,1,1,0,1,0,1,0,0,0,1,1,0,1,1,1,0,1,1,1,1,1,0,0,1],"model_param_reduction_pct":46.57697732450906,"stage1/test_loss":0.333903368065058,"epoch":45,"stage2/mask_l1":0.5493360757827759,"stage2/Total_Pruned_%":32.1875,"lr":0.001,"stage2/lr_backbone":0.0001,"stage2/raw_hard_mask_block3":"[1.0, 0.0, 0.0, 0.0, 1.0, 0.0, 0.0, 1.0, 0.0, 0.0, 0.0, 1.0, 1.0, 1.0, 1.0, 0.0, 0.0, 1.0, 0.0, 0.0, 0.0, 0.0, 1.0, 1.0, 0.0, 0.0, 1.0, 1.0, 1.0, 1.0, 1.0, 1.0, 1.0, 1.0, 1.0, 0.0, 1.0, 0.0, 0.0, 1.0, 1.0, 1.0, 1.0, 1.0, 0.0, 0.0, 1.0, 1.0, 1.0, 1.0, 0.0, 0.0, 0.0, 1.0, 1.0, 1.0, 1.0, 1.0, 1.0, 1.0, 0.0, 1.0, 1.0, 1.0, 1.0, 1.0, 1.0, 1.0, 1.0, 1.0, 1.0, 1.0, 1.0, 1.0, 1.0, 1.0, 1.0, 1.0, 1.0, 0.0, 0.0, 0.0, 0.0, 0.0, 1.0, 0.0, 0.0, 1.0, 1.0, 1.0, 0.0, 1.0, 0.0, 1.0, 1.0, 1.0, 1.0, 0.0, 0.0, 1.0, 0.0, 1.0, 1.0, 0.0, 1.0, 1.0, 0.0, 1.0, 0.0, 1.0, 0.0, 0.0, 0.0, 1.0, 1.0, 0.0, 1.0, 1.0, 1.0, 0.0, 1.0, 1.0, 1.0, 1.0, 1.0, 0.0, 0.0, 1.0]","stage5_test_loss":0.4079178532182255,"train_acc":93.24768022840829,"_step":28,"stage2/final_mask_keep_ratio_block4":0.6484375,"stage2/val_loss":0.4951983372484916,"stage2/test_loss":0.38364990311919694,"lr_loaded_weights":0.0001,"stage2/raw_hard_mask_block2":"[1.0, 1.0, 1.0, 1.0, 1.0, 1.0, 1.0, 0.0, 1.0, 1.0, 1.0, 1.0, 0.0, 1.0, 1.0, 1.0, 1.0, 0.0, 1.0, 1.0, 0.0, 1.0, 1.0, 1.0, 1.0, 1.0, 1.0, 1.0, 1.0, 1.0, 1.0, 1.0, 1.0, 1.0, 1.0, 1.0, 1.0, 0.0, 0.0, 1.0, 1.0, 1.0, 1.0, 1.0, 1.0, 0.0, 1.0, 1.0, 1.0, 1.0, 0.0, 1.0, 0.0, 1.0, 1.0, 1.0, 1.0, 1.0, 1.0, 1.0, 1.0, 1.0, 0.0, 0.0]","stage2/block2_Pruned_%":17.1875,"stage5_test_f1":0.8897565984418571,"stage_3_separableconvcnn/confusion_matrix_table":{"ncols":3,"log_mode":"IMMUTABLE","size":1366,"_type":"table-file","artifact_path":"wandb-client-artifact://05dvlnnrr0rnsdj8vhsr54o3n5xb66f3y161dhjtjsi5avj35cwy40ct22sr2em4ce3l379hsox5qhlv6xei68h09ey70jnc30vgywjfn5xqa4iktgom764bxdxm1jr1/stage_3_separableconvcnn/confusion_matrix_table.table.json","sha256":"a4b0df22b0f1e588a750b728e5c1210378da6f0bb428b52dbf59481b6e4bf668","_latest_artifact_path":"wandb-client-artifact://qbi9dchteole19wijaci2nl6pgmm0hcsle01df7b7u76pd7pbooa58btnemqthst3wfxdfzpbnga11mcqor01v3s1mkvabkkuek40e7vgdq0vs37496eab1rrzrhg6fm:latest/stage_3_separableconvcnn/confusion_matrix_table.table.json","path":"media/table/stage_3_separableconvcnn/confusion_matrix_table_6_a4b0df22b0f1e588a750.table.json","nrows":36},"stage2/best_epoch":42,"stage2/test_acc":88.22531387852052,"val_acc":87.89625360230548,"stage5_test_acc":89.00576857821514,"train_loss":0.15687852350836734,"best_val_loss":0.2623041458535263}