{"lr_gumbel_bin":0.001,"val_acc":86.51026392961877,"_step":9,"best_val_loss":0.30104210596979536,"stage2_test_acc":85.71428571428571,"stage2_hard_bin_mask_str":"[0.0, 0.0, 0.0, 0.0, 0.0, 0.0, 0.0, 0.0, 1.0, 1.0, 1.0, 1.0, 1.0, 1.0, 1.0, 1.0, 0.0, 1.0, 1.0, 1.0, 1.0, 1.0, 1.0, 0.0, 0.0, 1.0, 1.0, 1.0, 0.0, 1.0, 1.0, 1.0, 1.0, 1.0, 1.0, 1.0, 1.0, 1.0, 1.0, 0.0, 0.0, 1.0, 1.0, 1.0, 1.0, 1.0, 1.0, 1.0, 1.0, 1.0, 1.0, 1.0, 1.0, 1.0, 1.0, 1.0, 1.0, 0.0, 0.0, 1.0, 1.0, 0.0, 0.0, 1.0, 0.0, 0.0, 0.0, 0.0, 0.0, 0.0, 0.0, 0.0, 0.0, 0.0, 0.0, 0.0, 0.0, 0.0, 0.0, 0.0, 0.0, 0.0, 0.0, 0.0, 0.0, 0.0, 0.0, 0.0, 0.0, 0.0, 0.0, 0.0, 0.0, 0.0, 0.0, 0.0, 0.0, 0.0, 0.0, 0.0, 0.0, 0.0, 0.0, 0.0, 0.0, 0.0, 0.0, 0.0, 0.0, 0.0, 0.0, 0.0, 0.0, 0.0, 0.0, 0.0, 0.0, 0.0, 0.0, 0.0, 0.0, 0.0, 0.0, 0.0, 0.0, 0.0, 0.0, 0.0]","stage2_test_loss":0.5267077248036598,"_timestamp":1.776429368035819e+09,"_runtime":15,"lr_backbone":0.0001,"train_acc":95.00784481529026,"stage1_test_f1":0.8992012196111356,"_wandb":{"runtime":15},"stage3_test_f1":0.854934720677632,"stage":3,"stage3_test_loss":0.5639492166893822,"stage1/test_acc":89.85408890397014,"val_loss":0.4228082821865585,"bin_keep_ratio":0.359375,"stage3_test_acc":85.17136070580251,"stage1_test_acc":89.85408890397014,"epoch":20,"train_loss":0.11928520646334681,"stage1/use_pretrain_model":false,"stage1/test_f1":0.8992012196111356,"stage_1_separableconvcnn/confusion_matrix_table":{"sha256":"02c5a6fac2b98a2cce23216035c71184f8282e95afab8b7a4923ed0654b10cea","path":"media/table/stage_1_separableconvcnn/confusion_matrix_table_1_02c5a6fac2b98a2cce23.table.json","nrows":36,"ncols":3,"log_mode":"IMMUTABLE","size":1368,"artifact_path":"wandb-client-artifact://1w75rcbmccri2qn1hf9pehkwyd6z1owbvk0lgykgkeu02w1jk99qh0lh5rcc8obcrp33ztsu5ywwlh1xk20a6kly8foks94xgbxjfu6yirf6typ1ksf4iizotwl1yyxh/stage_1_separableconvcnn/confusion_matrix_table.table.json","_type":"table-file","_latest_artifact_path":"wandb-client-artifact://axkvfis8gemgq46wm9mxfgfb9yx3vurexzn3iyzykurdljy9m32rbk7cfojdj9rbo368cwvdlgtmfop71pf2m2ipno3wgwzx9zh3yd2w89j9x87gohuf5aub8gpzt7fn:latest/stage_1_separableconvcnn/confusion_matrix_table.table.json"},"stage1_test_loss":0.4559599839993571,"stage2_test_f1":0.859718039273814,"mask_l1":0.2578125,"stage1/test_loss":0.4559599839993571,"stage_3_separableconvcnn/confusion_matrix_table":{"log_mode":"IMMUTABLE","artifact_path":"wandb-client-artifact://9d9h2ft22u1gbuimm6yw6okgvgjp3m8j5tj3pbdlq679y699deioh3n6t9l3t646mezytle3egyoc29syal0q2y8uv7vwo14dn6bhccwgfiw52lbvbgqzvwi91fzw8vv/stage_3_separableconvcnn/confusion_matrix_table.table.json","sha256":"0f327d7340ac16988d8205c961e0756159054f2dbb31cdfc3ff2af353df9fa94","path":"media/table/stage_3_separableconvcnn/confusion_matrix_table_8_0f327d7340ac16988d82.table.json","nrows":36,"ncols":3,"_type":"table-file","_latest_artifact_path":"wandb-client-artifact://i4gq57xd5lzfbi1wp7le6h7oz6rig8b9ntu2qeifcghlqy4pri1d5g6ob97795fgn0rhbdkpoqsbajpo15a2v4eai3jt1vd72pyld9ercdqmisz54eus8ydn2c5dncg2:latest/stage_3_separableconvcnn/confusion_matrix_table.table.json","size":1368},"lr":0.001}