{"stage3_test_loss":0.47115695558330833,"stage3_test_f1":0.8515929565569346,"_runtime":16,"bin_keep_ratio":0.28125,"epoch":15,"stage_3_separableconvcnn/confusion_matrix_table":{"_type":"table-file","nrows":36,"path":"media/table/stage_3_separableconvcnn/confusion_matrix_table_8_8b057bc1ec52e18c6d8b.table.json","sha256":"8b057bc1ec52e18c6d8bdf539cb37a28d2c83f0add35bc76db223d22736fe5bd","_latest_artifact_path":"wandb-client-artifact://t7j8se7gf2rna9t23n28rs60klmp6p97bo2fgr1okofvuvpp0xfjq3u2za8id5ce1g96ojqbgsqhlwvufxu1ozytahs8btntdqdl7sgngu88kdi9gmgikketbc6xzc50:latest/stage_3_separableconvcnn/confusion_matrix_table.table.json","artifact_path":"wandb-client-artifact://j5qum4h5bo6ob6zb5bi9tif7ue0vqhi5hfjxioh419dm0maz1az2jo14ugeaqtyszypealo9nh1pde6javlkuknzw7if1ytniqny4qli9l8h8r5u4pmhbff78kmywnqz/stage_3_separableconvcnn/confusion_matrix_table.table.json","log_mode":"IMMUTABLE","size":1368,"ncols":3},"stage1_test_loss":0.3393576698681941,"stage":3,"_step":9,"best_val_loss":0.16060810776133658,"lr_gumbel_bin":0.001,"stage1/test_f1":0.9144772340727608,"lr_backbone":0.0001,"train_acc":93.97539244802715,"stage2_test_acc":90.56667797760434,"stage1_test_acc":91.24533423820834,"stage1_test_f1":0.9144772340727608,"train_loss":0.1406119311568997,"_wandb":{"runtime":16},"stage1/test_loss":0.3393576698681941,"_timestamp":1.7757773051291625e+09,"stage_1_separableconvcnn/confusion_matrix_table":{"_latest_artifact_path":"wandb-client-artifact://fnsg6dfabmqe7kx9a67ov9pziagvvggr1nt0rnz4bfjk2694sqxuvfktsbr6zoyj0zv6a8d2hxvl2jw0r54j0ysyqsz2otju36ouko5puqnkzpml6e2b4u82b7ohf4a3:latest/stage_1_separableconvcnn/confusion_matrix_table.table.json","log_mode":"IMMUTABLE","artifact_path":"wandb-client-artifact://uapxtvremvj73vykkos89hhhbyg88hc8iodrmqszpis9jt0757f2cyxi0q1bqetyhjq168hzml7mpzil2q26900z5s9foiqvzwsric2n891flcyrsao03cz89f8ara22/stage_1_separableconvcnn/confusion_matrix_table.table.json","_type":"table-file","nrows":36,"sha256":"664cf793b2fa786236774bb749846c1cb5ed9bdb1154b6b86916ab2731fb7a5c","ncols":3,"size":1365,"path":"media/table/stage_1_separableconvcnn/confusion_matrix_table_1_664cf793b2fa78623677.table.json"},"val_loss":0.3981424589671221,"lr":0.001,"stage2_test_loss":0.33185839659327715,"stage1/test_acc":91.24533423820834,"stage2_test_f1":0.9073289523002606,"mask_l1":0.1171875,"stage3_test_acc":84.79809976247031,"stage2_hard_bin_mask_str":"[0.0, 0.0, 0.0, 1.0, 0.0, 1.0, 1.0, 0.0, 1.0, 0.0, 0.0, 0.0, 1.0, 0.0, 0.0, 1.0, 1.0, 1.0, 0.0, 1.0, 0.0, 1.0, 1.0, 1.0, 0.0, 1.0, 0.0, 0.0, 0.0, 0.0, 1.0, 0.0, 0.0, 1.0, 1.0, 1.0, 1.0, 1.0, 1.0, 1.0, 0.0, 1.0, 1.0, 1.0, 0.0, 1.0, 1.0, 1.0, 0.0, 0.0, 1.0, 1.0, 1.0, 1.0, 1.0, 1.0, 0.0, 0.0, 1.0, 1.0, 0.0, 0.0, 0.0, 1.0, 0.0, 0.0, 0.0, 0.0, 0.0, 0.0, 0.0, 0.0, 0.0, 0.0, 0.0, 0.0, 0.0, 0.0, 0.0, 0.0, 0.0, 0.0, 0.0, 0.0, 0.0, 0.0, 0.0, 0.0, 0.0, 0.0, 0.0, 0.0, 0.0, 0.0, 0.0, 0.0, 0.0, 0.0, 0.0, 0.0, 0.0, 0.0, 0.0, 0.0, 0.0, 0.0, 0.0, 0.0, 0.0, 0.0, 0.0, 0.0, 0.0, 0.0, 0.0, 0.0, 0.0, 0.0, 0.0, 0.0, 0.0, 0.0, 0.0, 0.0, 0.0, 0.0, 0.0, 0.0]","val_acc":84.34163701067615,"stage1/use_pretrain_model":false}