{"stage2/test_f1":0.6275599702308802,"epoch":20,"model_param_reduction_pct":46.850927633720296,"stage2/best_epoch":3,"stage2/lr_backbone":0.0001,"stage2/block3_Pruned_%":32.03125,"stage2/epoch":10,"stage1/test_acc":89.82015609093993,"stage2/purpose":"train channel-pruning model with masking","stage2/test_acc":65.38853070919579,"stage2/train_acc":65.922107674685,"stage_1_separableconvcnn/confusion_matrix_table":{"path":"media/table/stage_1_separableconvcnn/confusion_matrix_table_1_ffc61f2a9a5c6083869d.table.json","nrows":36,"artifact_path":"wandb-client-artifact://az9w4tkcngxxoz5oee2wfq0n9stkfjhafc6g476c3rfbcdcxpnyzxzlgoodbxqoj43qmg3vy9hlalxql9mi01260s8vgdsm09c6u16l9g5s7yhrufi4cbm76y37eeg2e/stage_1_separableconvcnn/confusion_matrix_table.table.json","_latest_artifact_path":"wandb-client-artifact://hx88nji63j0vp2xuwcs9r7zeecgjpxyqerctk4xfvdtxn4sizypqj1z8thx1cpwdnjly1xaji7yja0hverkly9zzcpzwpuguyiujnwkud9047b7gabpqf2j2m1cbw0mu:latest/stage_1_separableconvcnn/confusion_matrix_table.table.json","ncols":3,"size":1367,"sha256":"ffc61f2a9a5c6083869d95063a11e8d57c336a91bbbee1f83da10e2cd86b1d25","_type":"table-file","log_mode":"IMMUTABLE"},"stage2/best_val_loss":0.6357984738829343,"stage1/test_f1":0.8995361926906478,"mask_l1":0.4000000059604645,"stage5_test_loss":0.2571349279127896,"_runtime":38,"final_channel_mask_block2":[1,1,1,1,1,1,1,1,1,0,0,0,1,1,0,1,1,1,1,1,0,0,1,1,1,1,1,1,1,0,1,1,1,1,1,1,1,0,1,1,1,1,1,1,1,1,1,1,1,1,1,0,1,0,1,1,1,1,1,1,1,1,1,1],"stage2/val_acc":62.5,"model_param_count_pruned":19595,"stage2/Total_Pruned_%":32.1875,"_timestamp":1.7767023256621585e+09,"stage1/use_pretrain_model":false,"stage1_test_f1":0.8995361926906478,"_step":17,"stage2/test_loss":0.67150219986673,"stage2/mask_l1":0.5076711773872375,"stage2/block2_Pruned_%":15.625,"final_channel_mask_block4":[0,0,1,1,0,1,1,1,0,1,1,1,0,0,0,1,1,0,0,1,1,0,1,0,0,0,0,1,1,0,1,1,1,1,1,0,0,0,1,0,1,0,1,1,0,1,1,1,1,1,0,1,0,1,1,1,1,0,0,1,1,1,0,1,1,1,0,0,0,1,0,0,1,0,1,1,1,0,1,1,1,0,1,0,0,1,1,0,0,1,0,0,1,1,1,1,1,0,1,1,1,1,1,1,0,1,1,0,0,0,0,1,1,0,1,1,1,1,1,0,0,1,0,1,1,0,1,0],"stage":5,"stage2/raw_hard_mask_block4":"[0.0, 0.0, 1.0, 1.0, 0.0, 1.0, 1.0, 1.0, 0.0, 1.0, 1.0, 1.0, 0.0, 0.0, 0.0, 1.0, 1.0, 0.0, 0.0, 1.0, 1.0, 0.0, 1.0, 0.0, 0.0, 0.0, 0.0, 1.0, 1.0, 0.0, 1.0, 1.0, 1.0, 1.0, 1.0, 0.0, 0.0, 0.0, 1.0, 0.0, 1.0, 0.0, 1.0, 1.0, 0.0, 1.0, 1.0, 1.0, 1.0, 1.0, 0.0, 1.0, 0.0, 1.0, 1.0, 1.0, 1.0, 0.0, 0.0, 1.0, 1.0, 1.0, 0.0, 1.0, 1.0, 1.0, 0.0, 0.0, 0.0, 1.0, 0.0, 0.0, 1.0, 0.0, 1.0, 1.0, 1.0, 0.0, 1.0, 1.0, 1.0, 0.0, 1.0, 0.0, 0.0, 1.0, 1.0, 0.0, 0.0, 1.0, 0.0, 0.0, 1.0, 1.0, 1.0, 1.0, 1.0, 0.0, 1.0, 1.0, 1.0, 1.0, 1.0, 1.0, 0.0, 1.0, 1.0, 0.0, 0.0, 0.0, 0.0, 1.0, 1.0, 0.0, 1.0, 1.0, 1.0, 1.0, 1.0, 0.0, 0.0, 1.0, 0.0, 1.0, 1.0, 0.0, 1.0, 0.0]","stage1/test_loss":0.2596978127236172,"val_acc":81.25,"model_param_count_dense":36868,"stage2/block4_Pruned_%":40.625,"hard_bin_mask":[1,1,1,1,1,1,1,1,1,1,1,1,1,1,1,1,1,0,0,1,0,0,1,1,1,1,1,1,1,0,0,1,0,0,0,1,0,0,0,0,0,0,0,1,0,0,1,0,0,0,0,0,0,0,0,0,0,0,0,0,0,0,0,0,0],"stage2/final_mask_keep_ratio_block3":0.6796875,"stage1_test_loss":0.2596978127236172,"final_channel_mask_block3":[1,1,1,0,0,1,1,1,1,1,1,1,1,1,1,1,0,1,0,1,1,0,1,1,1,1,1,1,1,1,0,1,0,1,1,0,0,0,1,1,1,0,1,1,0,0,1,1,0,1,0,1,1,0,1,1,0,1,0,1,1,1,1,1,0,1,0,1,0,0,1,1,0,0,1,1,1,1,1,1,0,0,1,1,1,0,1,0,0,1,1,0,1,1,0,1,0,1,1,1,1,1,0,1,1,1,0,1,1,1,0,1,1,1,1,0,0,1,1,1,1,0,1,1,0,0,1,0],"stage2/raw_hard_mask_block2":"[1.0, 1.0, 1.0, 1.0, 1.0, 1.0, 1.0, 1.0, 1.0, 0.0, 0.0, 0.0, 1.0, 1.0, 0.0, 1.0, 1.0, 1.0, 1.0, 1.0, 0.0, 0.0, 1.0, 1.0, 1.0, 1.0, 1.0, 1.0, 1.0, 0.0, 1.0, 1.0, 1.0, 1.0, 1.0, 1.0, 1.0, 0.0, 1.0, 1.0, 1.0, 1.0, 1.0, 1.0, 1.0, 1.0, 1.0, 1.0, 1.0, 1.0, 1.0, 0.0, 1.0, 0.0, 1.0, 1.0, 1.0, 1.0, 1.0, 1.0, 1.0, 1.0, 1.0, 1.0]","stage2/final_mask_keep_ratio_block2":0.84375,"stage2/val_loss":0.6471579625757168,"stage2/train_loss":0.7442767427549329,"stage5_test_acc":90.36308109942314,"stage_5_prunedseparableconvcnn/confusion_matrix_table":{"log_mode":"IMMUTABLE","_latest_artifact_path":"wandb-client-artifact://v7wszi25s5kmjmnzgx2buxfmmhuryf9ts9oa0n5q2hdmn8mqogewv1rj24yplbm6myl390x0p87946giwrryrf3t6mar428gxwmf8wfjyfapcaf2k6llkkjc2abmulol:latest/stage_5_prunedseparableconvcnn/confusion_matrix_table.table.json","sha256":"ef09da37c6cc296d03698bccc6f2777817829c9ce8a23e20d8b39ffb1e47eb92","size":1367,"ncols":3,"path":"media/table/stage_5_prunedseparableconvcnn/confusion_matrix_table_16_ef09da37c6cc296d0369.table.json","nrows":36,"artifact_path":"wandb-client-artifact://9lprxtf8x6p3j4blqaa4brp7khjq3ixbkqkyd46b1zmicwwnp12v6kek51xpfwb83dzk7l3nofw795jrzyximt81wnjkkemf8ysaptatwcz9f8bbkpepai9i1l06iup2/stage_5_prunedseparableconvcnn/confusion_matrix_table.table.json","_type":"table-file"},"lr_backbone":0.0001,"stage2/stage_number":2,"lr":0.001,"lr_gumbel_bin":0.001,"stage2/final_mask_keep_ratio_block4":0.59375,"stage2/lr_gumbel":0.001,"val_loss":0.5620773060490256,"stage1_test_acc":89.82015609093993,"stage_3_separableconvcnn/confusion_matrix_table":{"ncols":3,"sha256":"b788557bc0930e08f58e935e825a57e9fe358210e4e1e1b01854e0d939aaca35","size":1366,"_latest_artifact_path":"wandb-client-artifact://k9qbj8o7n32vw4jf43pov1hb3nmzuwqrb6peob5wim1x5zy9hx2ai0raw5h7m9z1k1z0knf7lkjwtein653v7z8kb98xfg6jhpb7aww1ji47z7woruch5bsb8f0y2aj1:latest/stage_3_separableconvcnn/confusion_matrix_table.table.json","log_mode":"IMMUTABLE","path":"media/table/stage_3_separableconvcnn/confusion_matrix_table_8_b788557bc0930e08f58e.table.json","nrows":36,"_type":"table-file","artifact_path":"wandb-client-artifact://1788m3y747nn7lb891ju8r3u2araf2sv9k3589veglq7n8a55mobmmefaij4pqe0ev85nzch9kypwu6t9zfzsn1j58hc3xmqd3vuf4m1twyh4l73d695xnfokqp19ngi/stage_3_separableconvcnn/confusion_matrix_table.table.json"},"lr_loaded_weights":0.0001,"best_val_loss":0.540192618885118,"stage2/raw_hard_mask_block3":"[1.0, 1.0, 1.0, 0.0, 0.0, 1.0, 1.0, 1.0, 1.0, 1.0, 1.0, 1.0, 1.0, 1.0, 1.0, 1.0, 0.0, 1.0, 0.0, 1.0, 1.0, 0.0, 1.0, 1.0, 1.0, 1.0, 1.0, 1.0, 1.0, 1.0, 0.0, 1.0, 0.0, 1.0, 1.0, 0.0, 0.0, 0.0, 1.0, 1.0, 1.0, 0.0, 1.0, 1.0, 0.0, 0.0, 1.0, 1.0, 0.0, 1.0, 0.0, 1.0, 1.0, 0.0, 1.0, 1.0, 0.0, 1.0, 0.0, 1.0, 1.0, 1.0, 1.0, 1.0, 0.0, 1.0, 0.0, 1.0, 0.0, 0.0, 1.0, 1.0, 0.0, 0.0, 1.0, 1.0, 1.0, 1.0, 1.0, 1.0, 0.0, 0.0, 1.0, 1.0, 1.0, 0.0, 1.0, 0.0, 0.0, 1.0, 1.0, 0.0, 1.0, 1.0, 0.0, 1.0, 0.0, 1.0, 1.0, 1.0, 1.0, 1.0, 0.0, 1.0, 1.0, 1.0, 0.0, 1.0, 1.0, 1.0, 0.0, 1.0, 1.0, 1.0, 1.0, 0.0, 0.0, 1.0, 1.0, 1.0, 1.0, 0.0, 1.0, 1.0, 0.0, 0.0, 1.0, 0.0]","train_loss":0.16560927557013289,"train_acc":92.94100801832761,"_wandb":{"runtime":38},"stage5_test_f1":0.9047593353503709}