{"_runtime":19,"stage1/test_loss":0.25057173036076164,"bin_keep_ratio":0.2421875,"stage1/test_f1":0.9190924499938599,"stage":3,"stage1/use_pretrain_model":false,"stage1_test_f1":0.9190924499938599,"_timestamp":1.7764219542983568e+09,"stage1_test_loss":0.25057173036076164,"mask_l1":0,"_step":11,"train_acc":92.1770164168451,"val_loss":0.38350311225388867,"stage2_test_acc":86.15541228367832,"stage1_test_acc":91.72039362063116,"stage_1_separableconvcnn/confusion_matrix_table":{"_type":"table-file","log_mode":"IMMUTABLE","sha256":"ba1709b9ded253dca6f14b8d1a777336f0cb86899167c45d58f90d5e787020ac","path":"media/table/stage_1_separableconvcnn/confusion_matrix_table_1_ba1709b9ded253dca6f1.table.json","size":1366,"_latest_artifact_path":"wandb-client-artifact://eyg3tulkdyt5zutb6sdajcnr3n38g0xxsyz67uo4gske8797a224mf1y4teouultomui9khwk9de1x1yc2kn9v5texmljyvcvt3ipn2tup6yzi9au6il6ikucp8gngvc:latest/stage_1_separableconvcnn/confusion_matrix_table.table.json","artifact_path":"wandb-client-artifact://mp6pycpwfo8ep6le182e6ye2icla871wkomuq1o274lklf4jm5ympebzn1g15w2ty7i24ikszb35lxqo9akvzsn33cec3wxnna1rbm456sm6by85hzi4niwu1cgg2opp/stage_1_separableconvcnn/confusion_matrix_table.table.json","nrows":36,"ncols":3},"train_loss":0.16415516525230434,"stage3_test_acc":87.98778418730913,"stage1/test_acc":91.72039362063116,"stage2_test_f1":0.8633838172387142,"lr":0.001,"epoch":30,"stage3_test_loss":0.4668701010778868,"lr_backbone":0.0001,"stage3_test_f1":0.879662144581182,"best_val_loss":0.27972601363515903,"lr_gumbel_bin":0.001,"stage2_hard_bin_mask_str":"[0.0, 0.0, 0.0, 0.0, 0.0, 1.0, 0.0, 1.0, 1.0, 0.0, 0.0, 0.0, 0.0, 0.0, 1.0, 1.0, 1.0, 0.0, 1.0, 1.0, 1.0, 0.0, 1.0, 1.0, 1.0, 0.0, 1.0, 1.0, 0.0, 1.0, 1.0, 0.0, 0.0, 1.0, 0.0, 1.0, 1.0, 1.0, 0.0, 0.0, 0.0, 0.0, 1.0, 0.0, 1.0, 1.0, 0.0, 0.0, 1.0, 1.0, 1.0, 1.0, 1.0, 0.0, 0.0, 0.0, 1.0, 1.0, 0.0, 0.0, 0.0, 0.0, 0.0, 1.0, 0.0, 0.0, 0.0, 0.0, 0.0, 0.0, 0.0, 0.0, 0.0, 0.0, 0.0, 0.0, 0.0, 0.0, 0.0, 0.0, 0.0, 0.0, 0.0, 0.0, 0.0, 0.0, 0.0, 0.0, 0.0, 0.0, 0.0, 0.0, 0.0, 0.0, 0.0, 0.0, 0.0, 0.0, 0.0, 0.0, 0.0, 0.0, 0.0, 0.0, 0.0, 0.0, 0.0, 0.0, 0.0, 0.0, 0.0, 0.0, 0.0, 0.0, 0.0, 0.0, 0.0, 0.0, 0.0, 0.0, 0.0, 0.0, 0.0, 0.0, 0.0, 0.0, 0.0, 0.0]","val_acc":86.74351585014409,"stage2_test_loss":0.42167039597098466,"stage_3_separableconvcnn/confusion_matrix_table":{"sha256":"d54a551896fab9c9df171249e6b8bc43b31eb6b221b0cea81896cea28e8bbae4","nrows":36,"log_mode":"IMMUTABLE","artifact_path":"wandb-client-artifact://f7kt29onuzum89xy09l43txsop5nukb9kl8sqc2q0qdim8z453s7w8z9eba1f5mcf02r3uye0x9t8g73x10nv60hie7w0wue8xzepfvwqdqbs6xvikhlp1oausr5ufvs/stage_3_separableconvcnn/confusion_matrix_table.table.json","_latest_artifact_path":"wandb-client-artifact://tzpodhiovotyr2y7mw8sii17dixlb298wdykuo58e7st9ng8884ppgdq3golk6ypc6imzo8xjc9931rbdujdojgccz8rfdoofrlz1wtj85rop82tv2vb8iiieemg8thl:latest/stage_3_separableconvcnn/confusion_matrix_table.table.json","size":1368,"ncols":3,"path":"media/table/stage_3_separableconvcnn/confusion_matrix_table_10_d54a551896fab9c9df17.table.json","_type":"table-file"},"_wandb":{"runtime":19}}