{"block3_Pruned_%":75,"stage2/raw_hard_mask_block3":"[0.0, 0.0, 1.0, 0.0, 0.0, 1.0, 0.0, 0.0, 0.0, 0.0, 0.0, 0.0, 0.0, 0.0, 0.0, 0.0, 0.0, 0.0, 0.0, 0.0, 0.0, 1.0, 0.0, 0.0, 0.0, 0.0, 1.0, 1.0, 0.0, 0.0, 1.0, 0.0, 1.0, 0.0, 0.0, 1.0, 0.0, 0.0, 0.0, 0.0, 0.0, 0.0, 0.0, 1.0, 1.0, 0.0, 1.0, 0.0, 0.0, 0.0, 1.0, 0.0, 1.0, 0.0, 0.0, 1.0, 0.0, 0.0, 1.0, 1.0, 0.0, 0.0, 0.0, 0.0, 1.0, 1.0, 0.0, 0.0, 1.0, 1.0, 0.0, 0.0, 0.0, 0.0, 0.0, 1.0, 0.0, 0.0, 0.0, 0.0, 0.0, 0.0, 0.0, 0.0, 0.0, 0.0, 0.0, 1.0, 1.0, 0.0, 0.0, 0.0, 0.0, 0.0, 0.0, 0.0, 1.0, 1.0, 0.0, 1.0, 0.0, 0.0, 1.0, 0.0, 1.0, 0.0, 1.0, 0.0, 0.0, 0.0, 0.0, 0.0, 0.0, 0.0, 1.0, 0.0, 0.0, 0.0, 0.0, 0.0, 0.0, 1.0, 1.0, 0.0, 0.0, 0.0, 0.0, 0.0]","stage2_test_f1":0.5877525161772958,"val_loss":1.6493293984171824,"stage2/final_mask_keep_ratio_block2":0.359375,"block4_Pruned_%":57.8125,"_runtime":118,"model_param_count_dense":36998,"stage2_test_acc":72.80783101494075,"stage2/lr_gumbel":0.001,"stage2/train_loss":1.3156009930800607,"stage2/test_loss":0.8599299630266314,"epoch":15,"lr_loaded_weights":0.0001,"_step":11,"stage2_test_loss":0.8599299630266314,"stage2/best_epoch":6,"stage2/block3_Pruned_%":75,"val_acc":42.05006765899865,"stage":3,"stage2/block4_Pruned_%":57.8125,"stage1/test_acc":78.78413189077794,"model_param_count":8005,"train_loss":0.7629050829358974,"stage2/epoch":15,"stage2/lr_backbone":0.0001,"stage2/block2_Pruned_%":64.0625,"model_param_count_pruned":8005,"_wandb":{"runtime":118},"final_summary_log_path":"/home/qphan/master-thesis/models/wear_best_model_three_stage_channel_subject10_val_final_summary_val_10.txt","stage2/Total_Pruned_%":65.9375,"stage2/raw_hard_mask_block2":"[0.0, 0.0, 0.0, 1.0, 0.0, 0.0, 1.0, 0.0, 0.0, 0.0, 0.0, 1.0, 1.0, 0.0, 0.0, 1.0, 0.0, 0.0, 0.0, 0.0, 1.0, 1.0, 0.0, 0.0, 0.0, 0.0, 0.0, 0.0, 1.0, 1.0, 1.0, 0.0, 0.0, 1.0, 1.0, 0.0, 1.0, 0.0, 0.0, 0.0, 0.0, 0.0, 0.0, 0.0, 1.0, 1.0, 1.0, 1.0, 0.0, 1.0, 0.0, 0.0, 1.0, 0.0, 0.0, 1.0, 0.0, 0.0, 0.0, 1.0, 1.0, 0.0, 0.0, 1.0]","_timestamp":1.775383253522395e+09,"stage1_test_f1":0.6800136476036338,"stage_1_separableconvcnn/confusion_matrix_table":{"sha256":"22c73a0123b0ad491f7a329715df7bd98ee64ccdfae8a04eeedeedfdab902393","log_mode":"IMMUTABLE","_type":"table-file","path":"media/table/stage_1_separableconvcnn/confusion_matrix_table_1_22c73a0123b0ad491f7a.table.json","ncols":3,"artifact_path":"wandb-client-artifact://lmnm0n92gpkjldoajvaa09ez6evpnrna5n41ybzaknpshr48srpmol357ub1o82xj9ear4swxyyt3ynopq9mc7cujlnut2j6fsnt34t3kp6nl46jxwe9j0cwtpu6kpls/stage_1_separableconvcnn/confusion_matrix_table.table.json","_latest_artifact_path":"wandb-client-artifact://sdyaqhi473wg3uk5ip9av15gq2x2ywscilo71cn12fccrr6ek4oezba7dbp335ju2j73iynjzfyn0j30k1nb6ksons865pzo3wv2px9bwviscal5tlxxuvni83xc8nax:latest/stage_1_separableconvcnn/confusion_matrix_table.table.json","size":2014,"nrows":64},"stage3_test_loss":0.696745881384516,"stage2/raw_hard_mask_block4":"[1.0, 0.0, 1.0, 0.0, 1.0, 0.0, 0.0, 0.0, 0.0, 1.0, 1.0, 0.0, 1.0, 1.0, 0.0, 1.0, 0.0, 0.0, 1.0, 1.0, 1.0, 0.0, 0.0, 0.0, 1.0, 0.0, 1.0, 0.0, 1.0, 1.0, 0.0, 0.0, 1.0, 0.0, 1.0, 0.0, 0.0, 0.0, 0.0, 1.0, 0.0, 1.0, 0.0, 0.0, 1.0, 0.0, 1.0, 0.0, 0.0, 0.0, 1.0, 1.0, 0.0, 0.0, 0.0, 1.0, 0.0, 0.0, 1.0, 0.0, 0.0, 0.0, 0.0, 0.0, 1.0, 1.0, 1.0, 0.0, 0.0, 0.0, 0.0, 0.0, 0.0, 1.0, 0.0, 0.0, 0.0, 0.0, 1.0, 0.0, 1.0, 0.0, 0.0, 0.0, 0.0, 0.0, 1.0, 1.0, 1.0, 1.0, 1.0, 1.0, 1.0, 0.0, 0.0, 0.0, 0.0, 0.0, 0.0, 1.0, 1.0, 1.0, 0.0, 0.0, 0.0, 0.0, 1.0, 1.0, 0.0, 1.0, 0.0, 1.0, 1.0, 0.0, 1.0, 1.0, 1.0, 1.0, 0.0, 1.0, 0.0, 1.0, 0.0, 0.0, 0.0, 1.0, 1.0, 0.0]","stage2/val_loss":2.087772622160079,"stage3_test_f1":0.6637615005835487,"stage2/test_acc":72.80783101494075,"stage_3_prunedseparableconvcnn/confusion_matrix_table":{"nrows":64,"_type":"table-file","path":"media/table/stage_3_prunedseparableconvcnn/confusion_matrix_table_9_8468a631a42ff985b7f4.table.json","artifact_path":"wandb-client-artifact://8enaaqgvccapbcp66t75fy1yldtoleoo0o0mepdhforlrflrzhjwb3njcit5o8qrb6lit8qqj9pgf3lj2civrsxgnrpayfh4fmjuzf85lo82w45m0puc492bzp5diwrv/stage_3_prunedseparableconvcnn/confusion_matrix_table.table.json","log_mode":"IMMUTABLE","ncols":3,"_latest_artifact_path":"wandb-client-artifact://c4iljar7x3ch9pyvr4pdxepyp9o5dtbc9um46gd9pz9whqtpwh3bccyyp1izhaq8bqvgaak4eay45axkw0kn5wcg0znuqt3vkvz330gpayni7a36kxdt97me1wexs8ld:latest/stage_3_prunedseparableconvcnn/confusion_matrix_table.table.json","size":2016,"sha256":"8468a631a42ff985b7f438af7cdc70552cd760b1a4d74d9f82a03c23f01f08b6"},"stage2/final_mask_keep_ratio_block4":0.421875,"stage2/val_acc":32.71312584573748,"stage2/mask_l1":0.3975341022014618,"stage1/test_f1":0.6800136476036338,"model_param_reduction_pct":78.36369533488296,"stage1_test_loss":0.6567373658043401,"Total_Pruned_%":65.9375,"stage3_test_acc":78.05255023183926,"stage2/train_acc":50.69176414702215,"stage1_test_acc":78.78413189077794,"train_acc":60.83367971023098,"stage2/best_val_loss":1.7064022738814193,"stage1/use_pretrain_model":false,"stage2/purpose":"train channel-pruning model with masking","block2_Pruned_%":64.0625,"best_val_loss":1.6441934778177367,"stage2/stage_number":2,"stage1/test_loss":0.6567373658043401,"stage2/test_f1":0.5877525161772958,"stage2/final_mask_keep_ratio_block3":0.25}