{"stage1_test_acc":91.07567017305735,"stage3_test_acc":87.91991856124872,"_runtime":19,"train_acc":93.21170980059398,"lr_gumbel_bin":0.001,"stage1/test_acc":91.07567017305735,"_step":12,"mask_l1":0.13846153020858765,"stage_1_separableconvcnn/confusion_matrix_table":{"artifact_path":"wandb-client-artifact://fabbpjhkfh06v69gvw6owgx80au6glv0ssh2hb61nhminoged0fs3dbcvaxsay3ie755kiyl1kqn1es7f38jnldub024tp90pyhicxuvk8blvdi4ff1axthgduclicv5/stage_1_separableconvcnn/confusion_matrix_table.table.json","log_mode":"IMMUTABLE","nrows":36,"sha256":"0147b1874f3b7525ec1b1bfbd9b0c58ee6ae5eb7303007ed62f276849052c008","ncols":3,"size":1367,"_type":"table-file","path":"media/table/stage_1_separableconvcnn/confusion_matrix_table_1_0147b1874f3b7525ec1b.table.json","_latest_artifact_path":"wandb-client-artifact://f0siiiho7fgegmv0he3w0q70xtlkeluoz4r85fli96cwn4hb3jd9igpmbns4zikzv9dsrnbrf129uv1005z57pixcun78lcxnjbd14xc7j595awjruwnhcypnfbue969:latest/stage_1_separableconvcnn/confusion_matrix_table.table.json"},"stage1_test_f1":0.9114895456985148,"val_loss":0.3615112814694325,"stage1/use_pretrain_model":false,"lr_backbone":0.0001,"_wandb":{"runtime":19},"stage1/test_f1":0.9114895456985148,"stage1/test_loss":0.2812598028334321,"stage_3_separableconvcnn/confusion_matrix_table":{"_latest_artifact_path":"wandb-client-artifact://i7l9xcyu4kcsjl158rnz2gg65264wfcfg3nwno190q4kgtazgow6o7xk2ars6qzj5en883phm7s0x1fku844nmm1jeeseg50q6zjttc6begwvphyopcq6mdt8413c1rg:latest/stage_3_separableconvcnn/confusion_matrix_table.table.json","ncols":3,"log_mode":"IMMUTABLE","nrows":36,"size":1366,"_type":"table-file","path":"media/table/stage_3_separableconvcnn/confusion_matrix_table_11_bf7f700882b9f02bf8ac.table.json","sha256":"bf7f700882b9f02bf8ac36998d1bce4e4388c7c2f0c080391b6f1f90376645ca","artifact_path":"wandb-client-artifact://bjbpc6re42en4kb7lcrry7mwe4uqxq5o73q2i7s9s0oxnzayks48armckqlczue3chfca953lui04q4w0iowolwbda1a0dwot90hfh6g6p3as0vvnkp7uvqyrqio3rdl/stage_3_separableconvcnn/confusion_matrix_table.table.json"},"stage3_test_loss":0.3648256752589445,"bin_keep_ratio":0.1846153885126114,"train_loss":0.15803689537289337,"stage2_test_acc":85.37495758398371,"best_val_loss":0.2546579944611166,"_timestamp":1.7757725359855971e+09,"stage":3,"stage3_test_f1":0.8809952389897505,"val_acc":87.54448398576513,"lr":0.001,"stage2_test_f1":0.8535725180724142,"stage2_hard_bin_mask_str":"[1.0, 1.0, 1.0, 1.0, 1.0, 1.0, 1.0, 1.0, 1.0, 1.0, 1.0, 1.0, 0.0, 0.0, 0.0, 0.0, 0.0, 0.0, 0.0, 0.0, 0.0, 0.0, 0.0, 0.0, 0.0, 0.0, 0.0, 0.0, 0.0, 0.0, 0.0, 0.0, 0.0, 0.0, 0.0, 0.0, 0.0, 0.0, 0.0, 0.0, 0.0, 0.0, 0.0, 0.0, 0.0, 0.0, 0.0, 0.0, 0.0, 0.0, 0.0, 0.0, 0.0, 0.0, 0.0, 0.0, 0.0, 0.0, 0.0, 0.0, 0.0, 0.0, 0.0, 0.0, 0.0]","stage2_test_loss":0.41264935376322953,"stage1_test_loss":0.2812598028334321,"epoch":25}