{"stage1_test_f1":0.9234805938029708,"_step":17,"stage1_test_acc":92.16152019002375,"stage":3,"stage2/epoch":30,"stage2/test_loss":0.6258072179758275,"stage2/purpose":"train channel-pruning model with masking","stage2/val_loss":0.5326517250371345,"stage_1_separableconvcnn/confusion_matrix_table":{"size":1366,"_type":"table-file","artifact_path":"wandb-client-artifact://by5v04oeuya8h3cm3tey0kysxdn27x92tqofcxkiripdl7b82fi4ujp45w4eq2lkjxfu99pqjc5uqh9s8fbidczyne6ft2ui67a0merxfa3n1xbb04fb5e4id6atzlci/stage_1_separableconvcnn/confusion_matrix_table.table.json","nrows":36,"path":"media/table/stage_1_separableconvcnn/confusion_matrix_table_1_25482284baaa5eb30fa9.table.json","log_mode":"IMMUTABLE","_latest_artifact_path":"wandb-client-artifact://rgygs1i7vyoykv3r1n8zpswqofexkxsa6ttmbyr6oknguyu0qpxfcjk9qwgpl64y546vf5339jvh1buy89l285zyqf8poitlfjctf9ht487ko394hdj3x3l646o4d4ib:latest/stage_1_separableconvcnn/confusion_matrix_table.table.json","sha256":"25482284baaa5eb30fa9c912c7be22db2572d96f41dc608e804dfc7cdb1d56b3","ncols":3},"stage1_test_loss":0.23159057173223507,"stage2_test_f1":0.5762753382752298,"stage2/block3_Pruned_%":61.71875,"stage2/final_mask_keep_ratio_block3":0.3828125,"stage2/final_mask_keep_ratio_block2":0.484375,"stage2/lr_backbone":0.0001,"train_acc":91.67742861242645,"block4_Pruned_%":43.75,"train_loss":0.1893785800113964,"stage2/best_epoch":21,"stage3_test_f1":0.8908968524963625,"_runtime":30,"stage2/test_f1":0.5762753382752298,"stage2_test_loss":0.6258072179758275,"final_summary_log_path":"/home/qphan/master-thesis/models/uci_best_model_three_stage_channel_subject30_val_final_summary_val_30.txt","stage2/test_acc":62.436375975568374,"best_val_loss":0.1443627457863617,"stage3_test_acc":88.80217170003394,"model_param_reduction_pct":67.37821416946946,"model_param_count":12027,"block3_Pruned_%":61.71875,"model_param_count_pruned":12027,"lr_loaded_weights":0.0001,"stage1/use_pretrain_model":false,"stage2/block2_Pruned_%":51.5625,"stage2/train_acc":61.15655043765246,"stage2/raw_hard_mask_block2":"[0.0, 1.0, 0.0, 0.0, 1.0, 1.0, 1.0, 0.0, 1.0, 0.0, 1.0, 1.0, 1.0, 0.0, 0.0, 1.0, 0.0, 0.0, 0.0, 1.0, 1.0, 1.0, 1.0, 0.0, 0.0, 1.0, 0.0, 0.0, 1.0, 1.0, 1.0, 0.0, 0.0, 0.0, 0.0, 1.0, 0.0, 1.0, 1.0, 1.0, 0.0, 0.0, 1.0, 0.0, 1.0, 0.0, 0.0, 0.0, 1.0, 1.0, 0.0, 0.0, 0.0, 0.0, 0.0, 1.0, 1.0, 1.0, 0.0, 0.0, 0.0, 1.0, 1.0, 1.0]","stage2/train_loss":0.8418103984292088,"stage2/raw_hard_mask_block4":"[1.0, 1.0, 1.0, 1.0, 0.0, 1.0, 0.0, 0.0, 1.0, 1.0, 1.0, 0.0, 0.0, 0.0, 0.0, 0.0, 0.0, 0.0, 0.0, 1.0, 1.0, 0.0, 0.0, 0.0, 1.0, 0.0, 1.0, 1.0, 0.0, 1.0, 1.0, 1.0, 1.0, 1.0, 0.0, 0.0, 1.0, 1.0, 0.0, 1.0, 0.0, 1.0, 0.0, 1.0, 0.0, 1.0, 0.0, 1.0, 0.0, 1.0, 0.0, 0.0, 0.0, 0.0, 0.0, 1.0, 1.0, 1.0, 1.0, 1.0, 1.0, 0.0, 1.0, 0.0, 1.0, 0.0, 1.0, 1.0, 1.0, 0.0, 0.0, 0.0, 1.0, 0.0, 0.0, 1.0, 0.0, 1.0, 0.0, 1.0, 1.0, 1.0, 0.0, 1.0, 1.0, 1.0, 0.0, 0.0, 1.0, 0.0, 1.0, 1.0, 1.0, 0.0, 1.0, 1.0, 0.0, 0.0, 0.0, 1.0, 0.0, 1.0, 1.0, 1.0, 0.0, 1.0, 1.0, 1.0, 1.0, 0.0, 1.0, 0.0, 1.0, 1.0, 0.0, 1.0, 1.0, 1.0, 0.0, 1.0, 1.0, 1.0, 1.0, 1.0, 0.0, 0.0, 1.0, 0.0]","stage2/mask_l1":0.4605659246444702,"block2_Pruned_%":51.5625,"stage2/stage_number":2,"stage2/raw_hard_mask_block3":"[1.0, 1.0, 1.0, 0.0, 0.0, 0.0, 0.0, 1.0, 0.0, 0.0, 1.0, 1.0, 1.0, 1.0, 0.0, 0.0, 1.0, 0.0, 0.0, 0.0, 0.0, 1.0, 1.0, 0.0, 1.0, 0.0, 0.0, 1.0, 1.0, 1.0, 0.0, 0.0, 0.0, 0.0, 1.0, 0.0, 0.0, 1.0, 0.0, 0.0, 0.0, 0.0, 0.0, 1.0, 0.0, 0.0, 0.0, 0.0, 0.0, 1.0, 0.0, 1.0, 0.0, 0.0, 1.0, 0.0, 0.0, 0.0, 0.0, 0.0, 1.0, 1.0, 1.0, 1.0, 1.0, 1.0, 0.0, 0.0, 1.0, 0.0, 0.0, 0.0, 0.0, 0.0, 1.0, 1.0, 1.0, 0.0, 1.0, 1.0, 0.0, 0.0, 0.0, 0.0, 1.0, 0.0, 0.0, 1.0, 1.0, 0.0, 0.0, 0.0, 1.0, 0.0, 1.0, 0.0, 0.0, 0.0, 0.0, 0.0, 0.0, 0.0, 0.0, 1.0, 1.0, 0.0, 1.0, 1.0, 0.0, 1.0, 0.0, 0.0, 0.0, 0.0, 1.0, 0.0, 0.0, 0.0, 0.0, 1.0, 0.0, 0.0, 0.0, 1.0, 0.0, 1.0, 1.0, 1.0]","model_param_count_dense":36868,"stage2/final_mask_keep_ratio_block4":0.5625,"Total_Pruned_%":52.5,"_timestamp":1.7758718249635255e+09,"stage1/test_f1":0.9234805938029708,"stage1/test_acc":92.16152019002375,"stage2/best_val_loss":0.5318556367945505,"epoch":30,"stage2/lr_gumbel":0.001,"stage2/Total_Pruned_%":52.5,"stage1/test_loss":0.23159057173223507,"stage2/val_acc":66.57963446475196,"_wandb":{"runtime":30},"stage3_test_loss":0.3078530834836212,"stage2/block4_Pruned_%":43.75,"val_loss":0.15569062696080765,"stage_3_prunedseparableconvcnn/confusion_matrix_table":{"log_mode":"IMMUTABLE","sha256":"6567d3148b60d4440dcd40ce6b79fbca80ef98dbc089536242ce115db31a2758","path":"media/table/stage_3_prunedseparableconvcnn/confusion_matrix_table_15_6567d3148b60d4440dcd.table.json","artifact_path":"wandb-client-artifact://q4xjrvm8ntp1vj8p9jtipc9hikzwxroeuo135knsh88al8g1n0vhdbvspudq0b1drjwubv8qnx8yngpbbt3accf5189ysaogclr5r7pcfkbm99rfsq63q2d30sbc5k4l/stage_3_prunedseparableconvcnn/confusion_matrix_table.table.json","size":1367,"_latest_artifact_path":"wandb-client-artifact://g89yit9nn3nrss81bvv9061afgba15jdly6chzsvnspzci2ieaxtfflih3q2bbj19utar3tv9oxmt9xza50epq34dxu5rsq03ichsz3w83n6a0e51f4q2s1yi6g7t8u4:latest/stage_3_prunedseparableconvcnn/confusion_matrix_table.table.json","_type":"table-file","nrows":36,"ncols":3},"val_acc":93.73368146214099,"stage2_test_acc":62.436375975568374}