{"stage":3,"stage1_test_f1":0.6862220458406068,"stage2_hard_bin_mask_str":"[1.0, 1.0, 0.0, 1.0, 1.0, 1.0, 1.0, 1.0, 1.0, 1.0, 0.0, 0.0, 0.0, 0.0, 0.0, 0.0, 0.0, 0.0, 0.0, 0.0, 0.0, 0.0, 0.0, 0.0, 0.0, 0.0, 0.0, 0.0, 0.0, 0.0, 0.0, 0.0, 0.0, 0.0, 0.0, 0.0, 0.0, 0.0, 0.0, 0.0, 0.0, 0.0, 0.0, 0.0, 0.0, 0.0, 0.0, 0.0, 0.0, 0.0, 0.0]","_wandb":{"runtime":188},"train_acc":62.13325540619521,"stage3_test_f1":0.6725324027296824,"lr":0.001,"lr_backbone":0.0001,"bin_keep_ratio":0.1764705926179886,"epoch":25,"stage2_test_loss":0.7965059870668811,"train_loss":0.6743210865093583,"_runtime":188,"stage2_test_f1":0.6103309623387108,"stage_1_separableconvcnn/confusion_matrix_table":{"sha256":"6d42cb29b0df787ab41725e58e23f5398ace45566311fb8f15a12fceb5e6c38c","ncols":3,"size":2013,"_latest_artifact_path":"wandb-client-artifact://qx5lrxns1n7qagw33i57i8gbhr5u61gwnh76vk5rrt4s8k65wkm9m57aj3sbw94qgn67b3as8krlndlkngolsvna1w8x5miojjeopf87z264w8m8cjknkcn0c5tkjgus:latest/stage_1_separableconvcnn/confusion_matrix_table.table.json","_type":"table-file","nrows":64,"artifact_path":"wandb-client-artifact://7i8d1ilfx919lbh66zn4pplg24gm8pzgupf4009z3maw4tzbsq5rsl72rkqe4idtoebwvcutrw44ov8brbbcvtfs5u5zsx4lysht9xf1luxw004e9q3t50ebxd5evlhx/stage_1_separableconvcnn/confusion_matrix_table.table.json","log_mode":"IMMUTABLE","path":"media/table/stage_1_separableconvcnn/confusion_matrix_table_0_6d42cb29b0df787ab417.table.json"},"stage1_test_acc":78.887171561051,"val_loss":0.7430271492649534,"mask_l1":0.09803921729326248,"val_acc":66.96137738483016,"_step":10,"lr_gumbel_bin":0.001,"stage1_test_loss":0.6333714375555485,"stage_3_separableconvcnn/confusion_matrix_table":{"nrows":64,"log_mode":"IMMUTABLE","ncols":3,"_type":"table-file","path":"media/table/stage_3_separableconvcnn/confusion_matrix_table_9_42b34582bec90a53ea24.table.json","_latest_artifact_path":"wandb-client-artifact://0ts7nsr7sjua5f3grg1ijb70dpwc6dnk0hq4nki2q77od1pdhhrqnectafdwbx8ukoj766hdch5nmq8lgjnpvndo5f4usmk8tpy529cq9qpzo5qzlb6r5saqscpn07yz:latest/stage_3_separableconvcnn/confusion_matrix_table.table.json","artifact_path":"wandb-client-artifact://3e4gkp8rm6gp1cafgjo4p8qabiwasefftxyyab73379fl8gxnnc099wbjljc7g1cjw8xyfznqzgn7z5hr61kz7hsqf15v7m7o8h4p6jlgaiuc8jmsss4xkvrqd40rqyb/stage_3_separableconvcnn/confusion_matrix_table.table.json","size":2017,"sha256":"42b34582bec90a53ea243c2c32411953d6593c1956191dc3fbefbf4e21561857"},"best_val_loss":0.7354287682105464,"stage2_test_acc":73.20968572900567,"stage3_test_acc":78.49562081401339,"_timestamp":1.77589860457188e+09,"stage3_test_loss":0.6915395610268615}