{"val_loss":0.16764115018714779,"stage":3,"stage1_test_loss":0.22055789638881276,"stage3_test_acc":91.78825924669155,"_runtime":26,"_wandb":{"runtime":26},"lr_backbone":0.0001,"stage1_test_f1":0.9239060078892737,"bin_keep_ratio":0.2421875,"val_acc":92.16710182767623,"_timestamp":1.775779223540109e+09,"stage2_test_acc":89.58262639972854,"stage3_test_f1":0.9183682056404442,"stage1/test_f1":0.9239060078892737,"best_val_loss":0.12580745916005115,"lr":0.001,"train_acc":95.8817620892524,"epoch":30,"mask_l1":0.2109375149011612,"_step":15,"stage2_hard_bin_mask_str":"[1.0, 1.0, 1.0, 1.0, 1.0, 1.0, 1.0, 1.0, 1.0, 1.0, 1.0, 1.0, 1.0, 1.0, 1.0, 1.0, 1.0, 1.0, 1.0, 1.0, 1.0, 1.0, 1.0, 1.0, 1.0, 1.0, 1.0, 0.0, 0.0, 0.0, 0.0, 0.0, 0.0, 0.0, 0.0, 0.0, 1.0, 0.0, 0.0, 0.0, 0.0, 0.0, 0.0, 0.0, 0.0, 0.0, 1.0, 1.0, 0.0, 1.0, 0.0, 0.0, 0.0, 0.0, 0.0, 0.0, 0.0, 0.0, 0.0, 0.0, 0.0, 0.0, 0.0, 0.0, 0.0, 0.0, 0.0, 0.0, 0.0, 0.0, 0.0, 0.0, 0.0, 0.0, 0.0, 0.0, 0.0, 0.0, 0.0, 0.0, 0.0, 0.0, 0.0, 0.0, 0.0, 0.0, 0.0, 0.0, 0.0, 0.0, 0.0, 0.0, 0.0, 0.0, 0.0, 0.0, 0.0, 0.0, 0.0, 0.0, 0.0, 0.0, 0.0, 0.0, 0.0, 0.0, 0.0, 0.0, 0.0, 0.0, 0.0, 0.0, 0.0, 0.0, 0.0, 0.0, 0.0, 0.0, 0.0, 0.0, 0.0, 0.0, 0.0, 0.0, 0.0, 0.0, 0.0, 0.0]","stage1/test_loss":0.22055789638881276,"stage2_test_loss":0.27636183051406343,"stage_3_separableconvcnn/confusion_matrix_table":{"nrows":36,"log_mode":"IMMUTABLE","size":1367,"ncols":3,"_type":"table-file","sha256":"548996952511125fef019aa9b6b94d511a626597890e31f3a016c2f2766ed11b","path":"media/table/stage_3_separableconvcnn/confusion_matrix_table_14_548996952511125fef01.table.json","artifact_path":"wandb-client-artifact://e8nbznux4iskzd1qtgb2r069h9z50t4x8qnp69a6azr15b83bgrlvb8otoqx74z7qvh78c4jw35qa55meipx3vz61l8d7p3r7jxnhw5yfboxg994mp90bz3tvt51tgtf/stage_3_separableconvcnn/confusion_matrix_table.table.json","_latest_artifact_path":"wandb-client-artifact://cy2n5op7hvy54mcnd3gfx4fqf3fuacl1tx6sm1tg15iao36ihrq1wxztrwwmuswlomw30pb1ixszbr5qaal3mmwb7jpv539vd8k2yfuu9keuj8xw0le5893cojhc8jiz:latest/stage_3_separableconvcnn/confusion_matrix_table.table.json"},"lr_gumbel_bin":0.001,"stage1/test_acc":92.33118425517475,"stage2_test_f1":0.8966619723258781,"train_loss":0.10288435968663022,"stage3_test_loss":0.27364768962396996,"stage1_test_acc":92.33118425517475,"stage1/use_pretrain_model":false,"stage_1_separableconvcnn/confusion_matrix_table":{"_latest_artifact_path":"wandb-client-artifact://tbkqxwpuykc8a6oarmrw8j1gjois0q3my9udrzc3vw3vp417cj1ukgv845f77s58pdxi8bqppwoo8qbhwbmeowuh7ffn1tm42x00hdpteah44nsupolbzbfnvtd48qh5:latest/stage_1_separableconvcnn/confusion_matrix_table.table.json","path":"media/table/stage_1_separableconvcnn/confusion_matrix_table_1_cc7b9f814993e0a95cb9.table.json","log_mode":"IMMUTABLE","sha256":"cc7b9f814993e0a95cb917ba11f19db645c604b66bb7ffecd44ad2ccf6147a1e","size":1368,"ncols":3,"artifact_path":"wandb-client-artifact://wa1u0jwnjf217oad7y8zak3cbswwbjzfa57jl5qrkyvyh4pjtwbf7uwf4diyc3gefyvpzu7hej011bb5jwrqcv3334mjzxpk6pqesz14wu7hzy98z9n3cr2ddv22l86t/stage_1_separableconvcnn/confusion_matrix_table.table.json","_type":"table-file","nrows":36}}