{"best_val_loss":0.4164707429941423,"lr_backbone":0.0001,"stage1/test_acc":89.75229046487954,"bin_keep_ratio":0.1875,"train_loss":0.1665174963795547,"val_loss":0.6704450747035197,"stage1/use_pretrain_model":false,"lr_gumbel_bin":0.001,"_step":19,"lr":0.001,"stage1_test_f1":0.8986571403146842,"stage2_hard_bin_mask_str":"[1.0, 1.0, 1.0, 1.0, 1.0, 1.0, 1.0, 1.0, 1.0, 1.0, 1.0, 1.0, 1.0, 1.0, 1.0, 1.0, 1.0, 1.0, 1.0, 1.0, 1.0, 1.0, 1.0, 1.0, 0.0, 0.0, 0.0, 0.0, 0.0, 0.0, 0.0, 0.0, 0.0, 0.0, 0.0, 0.0, 0.0, 0.0, 0.0, 0.0, 0.0, 0.0, 0.0, 0.0, 0.0, 0.0, 0.0, 0.0, 0.0, 0.0, 0.0, 0.0, 0.0, 0.0, 0.0, 0.0, 0.0, 0.0, 0.0, 0.0, 0.0, 0.0, 0.0, 0.0, 0.0, 0.0, 0.0, 0.0, 0.0, 0.0, 0.0, 0.0, 0.0, 0.0, 0.0, 0.0, 0.0, 0.0, 0.0, 0.0, 0.0, 0.0, 0.0, 0.0, 0.0, 0.0, 0.0, 0.0, 0.0, 0.0, 0.0, 0.0, 0.0, 0.0, 0.0, 0.0, 0.0, 0.0, 0.0, 0.0, 0.0, 0.0, 0.0, 0.0, 0.0, 0.0, 0.0, 0.0, 0.0, 0.0, 0.0, 0.0, 0.0, 0.0, 0.0, 0.0, 0.0, 0.0, 0.0, 0.0, 0.0, 0.0, 0.0, 0.0, 0.0, 0.0, 0.0, 0.0]","_wandb":{"runtime":34},"epoch":20,"stage1/test_loss":0.268587467844987,"train_acc":92.97872340425532,"stage_3_separableconvcnn/confusion_matrix_table":{"artifact_path":"wandb-client-artifact://4ycnm60353ufn8qwly1r14qbr6bfwod41wy34u3jbwo66b2w4pt98jy251tyjo6y8balzlr31athmi4k2pe02bu9mkg7039oq2p5jalyecr3o7kkxlsjlw2nafnlb1ee/stage_3_separableconvcnn/confusion_matrix_table.table.json","path":"media/table/stage_3_separableconvcnn/confusion_matrix_table_18_f6f044aff8ab7b9a55ac.table.json","ncols":3,"_type":"table-file","log_mode":"IMMUTABLE","sha256":"f6f044aff8ab7b9a55ace8aa9029a853fc921613a067fc9f19a9356bcbad9e66","_latest_artifact_path":"wandb-client-artifact://ledy2u6eypo83ki1ipl8iveu8himah9yn19dy3qb7388k1xd8by71mqh7g6gw30rtcpwt188cc1zybnwp0jmuvx2xk2b4ojz531t5kdofpqihmnpr68jkxbc051hr2i3:latest/stage_3_separableconvcnn/confusion_matrix_table.table.json","nrows":36,"size":1366},"stage1_test_acc":89.75229046487954,"stage2_test_f1":0.9138186323316916,"stage3_test_f1":0.9136472200836026,"stage1_test_loss":0.268587467844987,"stage2_test_acc":91.41499830335935,"stage_1_separableconvcnn/confusion_matrix_table":{"path":"media/table/stage_1_separableconvcnn/confusion_matrix_table_1_03dfbd2c4e1796b6f14c.table.json","_type":"table-file","nrows":36,"artifact_path":"wandb-client-artifact://ouq0efawbljbc1lvbg4ef1q0pm9x7ob83gah1nzcqdxgj06pzd0pnh50tvox8ohv77tpbovrv4hxq8lswgxujjl51x41bdjtmfvfpll1f3ybq3f04njl7g9epbzjcubg/stage_1_separableconvcnn/confusion_matrix_table.table.json","ncols":3,"size":1367,"sha256":"03dfbd2c4e1796b6f14c9c6ff1c6762d4bce54ff6391a5bae0814e1d8b095def","_latest_artifact_path":"wandb-client-artifact://k0u404r4dtzpg1lest9wmg2jsqnvld2ow4144ietspoy0vlc4zx4p0l6dbmnzeecy61jnftvn6gvx9t4918v2ec84m6d7fgdq0eb1am69chjx60m7jshl9u6du3etj3s:latest/stage_1_separableconvcnn/confusion_matrix_table.table.json","log_mode":"IMMUTABLE"},"stage":3,"val_acc":77.48344370860927,"_runtime":34,"stage3_test_acc":91.31319986426875,"stage3_test_loss":0.3031400567723958,"mask_l1":0.1875,"stage2_test_loss":0.23109482862194353,"_timestamp":1.7757798170212994e+09,"stage1/test_f1":0.8986571403146842}