{"stage":3,"stage_1_separableconvcnn/confusion_matrix_table":{"size":1368,"artifact_path":"wandb-client-artifact://a95yktbb0tf5xvbzj54taqg6aqblil0brmr5d3cmqdamu6gsqolecspecla864jw1hnv90dg6ik35y2vmcj600cyl3bxbdbw1umqb0a9j3j9wb723d5qrzf9q369putn/stage_1_separableconvcnn/confusion_matrix_table.table.json","sha256":"7564a7f0cb013ffdab37b14a0d596fcd5b0e85878f66aeb5e1b86ab4c6ab1b99","path":"media/table/stage_1_separableconvcnn/confusion_matrix_table_1_7564a7f0cb013ffdab37.table.json","_latest_artifact_path":"wandb-client-artifact://bztvcubz5r1kjftnq1fdzqxg27hedseuo7vfjoh5hmgpdtst3coxnqeg40etg3fquf12d8khmpb9nc1isyci6n56tjb339qdezr99x2yczpddzl8v7h6ao0682g4p98p:latest/stage_1_separableconvcnn/confusion_matrix_table.table.json","_type":"table-file","log_mode":"IMMUTABLE","ncols":3,"nrows":36},"stage3_test_f1":0.8990964358240582,"lr":0.001,"stage_3_separableconvcnn/confusion_matrix_table":{"log_mode":"IMMUTABLE","_type":"table-file","nrows":36,"ncols":3,"artifact_path":"wandb-client-artifact://btk46jitawz5nw9sqq5d7en8dhky87cnr8fwjnnq7flopqg8olbpnoyu3lgsmy1jngw73001dhmpa9acyg2a4q2bwy4f1etw6s3y1o77rl62jmnl0gcjkjxrvpmaco30/stage_3_separableconvcnn/confusion_matrix_table.table.json","size":1368,"sha256":"099a4f1105b223a45b1b36a68ebe5c6c87e6a2fe42c8847de5c6a36a35031ea3","_latest_artifact_path":"wandb-client-artifact://kyjj2l6lp6mt32jddtum10yz2x6xvlk01llse1qbh49z5phm2fmnnkscpzk5edeawfbd9si9gnxzywsyyp71mgjg72clj91rx2n5kyci94unu5dmsm0etar48nnhn9lf:latest/stage_3_separableconvcnn/confusion_matrix_table.table.json","path":"media/table/stage_3_separableconvcnn/confusion_matrix_table_12_099a4f1105b223a45b1b.table.json"},"_timestamp":1.7766026845410795e+09,"stage1_test_acc":90.09161859518154,"stage1/test_acc":90.09161859518154,"val_loss":0.41360059642579916,"stage1_test_f1":0.903082410668676,"stage2_test_acc":87.78418730912793,"mask_l1":0.446153849363327,"val_acc":84.80392156862744,"_step":13,"stage2_hard_bin_mask_str":"[1.0, 1.0, 1.0, 1.0, 1.0, 1.0, 1.0, 1.0, 1.0, 1.0, 1.0, 1.0, 1.0, 1.0, 1.0, 1.0, 1.0, 1.0, 1.0, 0.0, 1.0, 1.0, 0.0, 1.0, 1.0, 0.0, 1.0, 0.0, 1.0, 1.0, 1.0, 0.0, 1.0, 0.0, 0.0, 0.0, 0.0, 0.0, 1.0, 0.0, 0.0, 0.0, 0.0, 0.0, 0.0, 0.0, 1.0, 0.0, 0.0, 0.0, 0.0, 1.0, 0.0, 0.0, 0.0, 0.0, 0.0, 0.0, 0.0, 0.0, 0.0, 0.0, 0.0, 0.0, 0.0]","_runtime":24,"stage2_test_f1":0.878556249378664,"stage1_test_loss":0.2619451821396462,"bin_keep_ratio":0.4769230782985687,"stage2_test_loss":0.325907849015565,"train_loss":0.0826768326457195,"stage1/test_loss":0.2619451821396462,"epoch":35,"_wandb":{"runtime":24},"lr_gumbel_bin":0.001,"best_val_loss":0.24104530265664353,"stage1/use_pretrain_model":false,"stage3_test_acc":89.71835765184935,"lr_backbone":0.0001,"train_acc":96.64458525345623,"stage3_test_loss":0.3446112220780118,"stage1/test_f1":0.903082410668676}