{"stage1/test_acc":89.85408890397014,"stage1_test_loss":0.4559599839993571,"_runtime":14,"train_loss":0.14045870952778952,"_wandb":{"runtime":14},"val_loss":1.0441959124724887,"val_acc":77.12609970674487,"stage1/use_pretrain_model":false,"stage":3,"lr":0.001,"stage1_test_acc":89.85408890397014,"stage1/test_loss":0.4559599839993571,"_step":8,"stage_1_separableconvcnn/confusion_matrix_table":{"_type":"table-file","sha256":"02c5a6fac2b98a2cce23216035c71184f8282e95afab8b7a4923ed0654b10cea","artifact_path":"wandb-client-artifact://anqz2odzxpdo4tcsrz28yajnrixt8g22i9niwy9xin9carf4ew2incib61jkkbmtfvhquw9qw3vx0km96lvsl2715p425frzt1sabrlbe38vz9chjkwfg1yvcilrxh8c/stage_1_separableconvcnn/confusion_matrix_table.table.json","ncols":3,"nrows":36,"_latest_artifact_path":"wandb-client-artifact://qwykb3tdqra7anzggsvcd18j3vs1sab6klkuninzfz6wq4qimq1rx8m2625puay468pjsfcdou9lfipa2dbensffkjfx1ip0h5y5rndy0p6yfin0kii1929aszhu5821:latest/stage_1_separableconvcnn/confusion_matrix_table.table.json","size":1368,"log_mode":"IMMUTABLE","path":"media/table/stage_1_separableconvcnn/confusion_matrix_table_1_02c5a6fac2b98a2cce23.table.json"},"train_acc":93.5672514619883,"best_val_loss":0.3069221516333717,"stage2_test_loss":0.45821432889386804,"stage1/test_f1":0.8992012196111356,"lr_backbone":0.0001,"stage3_test_loss":0.455237968106195,"stage3_test_f1":0.8885554716928322,"stage2_hard_bin_mask_str":"[0.0, 0.0, 0.0, 1.0, 0.0, 0.0, 0.0, 1.0, 1.0, 1.0, 1.0, 1.0, 1.0, 1.0, 1.0, 1.0, 1.0, 1.0, 1.0, 1.0, 1.0, 1.0, 1.0, 1.0, 1.0, 1.0, 1.0, 1.0, 1.0, 1.0, 0.0, 1.0, 0.0, 1.0, 0.0, 1.0, 1.0, 1.0, 1.0, 1.0, 0.0, 1.0, 1.0, 1.0, 1.0, 1.0, 0.0, 1.0, 1.0, 1.0, 1.0, 1.0, 1.0, 1.0, 1.0, 1.0, 1.0, 1.0, 1.0, 1.0, 0.0, 0.0, 0.0, 0.0, 0.0, 0.0, 0.0, 0.0, 0.0, 0.0, 0.0, 0.0, 0.0, 0.0, 0.0, 0.0, 0.0, 0.0, 0.0, 0.0, 0.0, 0.0, 0.0, 0.0, 0.0, 0.0, 0.0, 0.0, 0.0, 0.0, 0.0, 0.0, 0.0, 0.0, 0.0, 0.0, 0.0, 0.0, 0.0, 0.0, 0.0, 0.0, 0.0, 0.0, 0.0, 0.0, 0.0, 0.0, 0.0, 0.0, 0.0, 0.0, 0.0, 0.0, 0.0, 0.0, 0.0, 0.0, 0.0, 0.0, 0.0, 0.0, 0.0, 0.0, 0.0, 0.0, 0.0, 0.0]","stage2_test_f1":0.8844020733054346,"stage2_test_acc":88.32711231761112,"epoch":10,"lr_gumbel_bin":0.001,"stage3_test_acc":88.70037326094334,"bin_keep_ratio":0.3828125,"stage1_test_f1":0.8992012196111356,"mask_l1":0.1796875,"stage_3_separableconvcnn/confusion_matrix_table":{"path":"media/table/stage_3_separableconvcnn/confusion_matrix_table_7_9443d69d1e46fe4f64cb.table.json","log_mode":"IMMUTABLE","sha256":"9443d69d1e46fe4f64cb9d8e5b0bff3aaa17f09a063929990de0d1cd31cf31ab","artifact_path":"wandb-client-artifact://q72r5zdy07ggo4pio9vu6qloxmz0c7i4zaq7crveaull9lvt6npq1vgwe3xpug1nzzf76lcr6d3dmijj575x0h7nbtp7fagqhxa57y4cd1rnwdeg1i6d6emsshuwntm4/stage_3_separableconvcnn/confusion_matrix_table.table.json","_type":"table-file","nrows":36,"_latest_artifact_path":"wandb-client-artifact://t16514u7q9go8p3l4ltt1f6lmv5xqpdo09tre648r7djs5fajofqylzkzwbj8xp8rakm8hepgwhgz945pl5b4krm4zt2ianptwdvbe2687yc9591z3kqqbn0sirez9f0:latest/stage_3_separableconvcnn/confusion_matrix_table.table.json","size":1367,"ncols":3},"_timestamp":1.7764287814550083e+09}