{"lr":0.001,"bin_keep_ratio":0.390625,"_timestamp":1.776424541440077e+09,"_runtime":20,"train_loss":0.07878306055992243,"lr_gumbel_bin":0.001,"stage3_test_f1":0.8807271989577544,"stage1_test_f1":0.8992012196111356,"_step":12,"stage1/test_f1":0.8992012196111356,"best_val_loss":0.20981094066348593,"stage3_test_acc":87.98778418730913,"val_acc":82.69794721407625,"stage2_test_f1":0.8895062528430563,"stage2_test_loss":0.45028499726043,"_wandb":{"runtime":20},"stage1/test_loss":0.4559599839993571,"epoch":30,"mask_l1":0.1640625,"train_acc":96.847810583369,"stage1_test_acc":89.85408890397014,"stage":3,"val_loss":0.5369080180995974,"stage_1_separableconvcnn/confusion_matrix_table":{"path":"media/table/stage_1_separableconvcnn/confusion_matrix_table_1_02c5a6fac2b98a2cce23.table.json","_type":"table-file","nrows":36,"size":1368,"log_mode":"IMMUTABLE","sha256":"02c5a6fac2b98a2cce23216035c71184f8282e95afab8b7a4923ed0654b10cea","artifact_path":"wandb-client-artifact://jw0bdansll1bjsbfypte4fz5xq6jmaj2cgdzvjbfu24d7dsfsaty4eexbiji2o6pfll8nqkqgtysc5itogjcihlavdoovjvle8hcoqjd4ut6sh22l80j4tol98iw5z0q/stage_1_separableconvcnn/confusion_matrix_table.table.json","_latest_artifact_path":"wandb-client-artifact://e1vrlm7a2bw4braducey91qvmw6d4mr1e5mvzplh72pg0fozrsmbbpw4da2z77om2rb9lfvu5fordigp2go344h31279u7beaadkiv5eufal4ezj99n8s1z253l3tg20:latest/stage_1_separableconvcnn/confusion_matrix_table.table.json","ncols":3},"stage1_test_loss":0.4559599839993571,"stage_3_separableconvcnn/confusion_matrix_table":{"artifact_path":"wandb-client-artifact://q1xllxp2mhj9l2z8nuxp609p9n4knpuwe3xbn61zzi0x1rr66zaxr208nlkjz068i6e37907d4c3g9ijjx3f0sggr1pig7hy5hny30qzyajjuhab1d4d3y45hxgmg8hh/stage_3_separableconvcnn/confusion_matrix_table.table.json","log_mode":"IMMUTABLE","sha256":"df6326d7b48a33e196c681a737e4972772b5383b40c1d604b3f218e7fdf39523","path":"media/table/stage_3_separableconvcnn/confusion_matrix_table_11_df6326d7b48a33e196c6.table.json","_latest_artifact_path":"wandb-client-artifact://voeacf84p8kqfb1nrktm80sa0a3doy4rkbkdf2m7sstx57t4vxt40fgzrrqzz3cnzq33rw72dgitd357wam1gzcus78zoyjisswem0kbyzjfmsufcslj2rb2506bdqwg:latest/stage_3_separableconvcnn/confusion_matrix_table.table.json","size":1367,"ncols":3,"_type":"table-file","nrows":36},"stage1/use_pretrain_model":false,"stage2_test_acc":88.80217170003394,"stage3_test_loss":0.554152916759424,"lr_backbone":0.0001,"stage1/test_acc":89.85408890397014,"stage2_hard_bin_mask_str":"[0.0, 0.0, 0.0, 0.0, 0.0, 0.0, 1.0, 1.0, 1.0, 1.0, 1.0, 1.0, 1.0, 1.0, 1.0, 1.0, 0.0, 1.0, 1.0, 1.0, 1.0, 1.0, 1.0, 1.0, 1.0, 1.0, 0.0, 1.0, 1.0, 1.0, 1.0, 1.0, 1.0, 1.0, 0.0, 1.0, 1.0, 1.0, 1.0, 1.0, 1.0, 1.0, 1.0, 1.0, 0.0, 1.0, 1.0, 1.0, 1.0, 1.0, 1.0, 1.0, 1.0, 1.0, 1.0, 1.0, 1.0, 1.0, 0.0, 1.0, 0.0, 0.0, 0.0, 1.0, 0.0, 0.0, 0.0, 0.0, 0.0, 0.0, 0.0, 0.0, 0.0, 0.0, 0.0, 0.0, 0.0, 0.0, 0.0, 0.0, 0.0, 0.0, 0.0, 0.0, 0.0, 0.0, 0.0, 0.0, 0.0, 0.0, 0.0, 0.0, 0.0, 0.0, 0.0, 0.0, 0.0, 0.0, 0.0, 0.0, 0.0, 0.0, 0.0, 0.0, 0.0, 0.0, 0.0, 0.0, 0.0, 0.0, 0.0, 0.0, 0.0, 0.0, 0.0, 0.0, 0.0, 0.0, 0.0, 0.0, 0.0, 0.0, 0.0, 0.0, 0.0, 0.0, 0.0, 0.0]"}