{"stage2_test_f1":0.8368517088959875,"train_loss":0.19476495864006726,"stage_3_separableconvcnn/confusion_matrix_table":{"path":"media/table/stage_3_separableconvcnn/confusion_matrix_table_8_6bf8ea308aec50ce9aa6.table.json","_latest_artifact_path":"wandb-client-artifact://gso5fw3sletnmr4pfxwy8kjzdxpy3ev3rs6f6wgxybjxbfzh0hzvctikystqti3san8jmxl3im8dvyfufgyne33dimta6vwowjjln0hxrk05owegl7srp70sd6osim0v:latest/stage_3_separableconvcnn/confusion_matrix_table.table.json","size":1369,"_type":"table-file","log_mode":"IMMUTABLE","ncols":3,"artifact_path":"wandb-client-artifact://r8abheyjq53y7ywurj823b0tsi5ysaqa77ale1et5y3n6gild18pn3izd4u4d6lexujadjsdzfo07wn54o0e9j49ufxucclvqot15fztcw36msiqebmy53n5zf7glulj/stage_3_separableconvcnn/confusion_matrix_table.table.json","nrows":36,"sha256":"6bf8ea308aec50ce9aa67095cb3d144b8d432fbeabff66365c38dc9a7f06e470"},"stage1_test_loss":0.25057173036076164,"stage1_test_f1":0.9190924499938599,"stage1/use_pretrain_model":false,"stage1/test_loss":0.25057173036076164,"train_acc":90.87794432548179,"_step":9,"stage3_test_f1":0.8542611177323418,"_wandb":{"runtime":16},"val_loss":0.6958963900902818,"bin_keep_ratio":0.2265625,"lr_gumbel_bin":0.001,"lr":0.001,"val_acc":77.23342939481267,"stage_1_separableconvcnn/confusion_matrix_table":{"nrows":36,"artifact_path":"wandb-client-artifact://yflal31udwcq1kz14q2ndrok4qbek5b1beq9y9gpgt48wzow94z3ouspcfb862qawchnd1go6t3ymrrnmkitydc9p134airz3p7cnge7dtkzh45haphy8d1uki4iz007/stage_1_separableconvcnn/confusion_matrix_table.table.json","_latest_artifact_path":"wandb-client-artifact://173m4awfcdda8fphroipi7ga3fhh1ict19ocw2h59mwamj5jly5t14xqixavyfaawblsabs487wmqjcm71nwcxtsfyjyj678gn1sjgghzqudf9ku73a6apk72cvnlsnb:latest/stage_1_separableconvcnn/confusion_matrix_table.table.json","ncols":3,"_type":"table-file","size":1366,"path":"media/table/stage_1_separableconvcnn/confusion_matrix_table_1_ba1709b9ded253dca6f1.table.json","log_mode":"IMMUTABLE","sha256":"ba1709b9ded253dca6f14b8d1a777336f0cb86899167c45d58f90d5e787020ac"},"epoch":20,"stage2_test_acc":83.7801153715643,"stage":3,"mask_l1":0,"stage2_test_loss":0.4924100218742105,"best_val_loss":0.29390963795349545,"_runtime":16,"stage3_test_acc":85.06956226671191,"stage2_hard_bin_mask_str":"[0.0, 0.0, 0.0, 0.0, 0.0, 0.0, 0.0, 0.0, 0.0, 0.0, 0.0, 0.0, 1.0, 0.0, 1.0, 1.0, 0.0, 0.0, 1.0, 1.0, 1.0, 1.0, 1.0, 0.0, 1.0, 1.0, 1.0, 0.0, 1.0, 1.0, 0.0, 0.0, 0.0, 1.0, 1.0, 0.0, 1.0, 0.0, 1.0, 1.0, 1.0, 1.0, 1.0, 0.0, 1.0, 1.0, 0.0, 1.0, 0.0, 1.0, 1.0, 1.0, 0.0, 0.0, 0.0, 0.0, 0.0, 0.0, 0.0, 1.0, 1.0, 0.0, 0.0, 0.0, 0.0, 0.0, 0.0, 0.0, 0.0, 0.0, 0.0, 0.0, 0.0, 0.0, 0.0, 0.0, 0.0, 0.0, 0.0, 0.0, 0.0, 0.0, 0.0, 0.0, 0.0, 0.0, 0.0, 0.0, 0.0, 0.0, 0.0, 0.0, 0.0, 0.0, 0.0, 0.0, 0.0, 0.0, 0.0, 0.0, 0.0, 0.0, 0.0, 0.0, 0.0, 0.0, 0.0, 0.0, 0.0, 0.0, 0.0, 0.0, 0.0, 0.0, 0.0, 0.0, 0.0, 0.0, 0.0, 0.0, 0.0, 0.0, 0.0, 0.0, 0.0, 0.0, 0.0, 0.0]","stage1_test_acc":91.72039362063116,"stage3_test_loss":0.4619648757710509,"lr_backbone":0.0001,"stage1/test_f1":0.9190924499938599,"_timestamp":1.7764187387601774e+09,"stage1/test_acc":91.72039362063116}