{"stage1/purpose":"train baseline model","best_val_loss":0.5944618407415846,"stage1/test_acc":83.4068544282321,"stage1/val_acc":68.11145510835914,"stage1/test_f1":0.8308489119377521,"_timestamp":1.7757564986031153e+09,"_wandb":{"runtime":6},"stage1/epoch":10,"stage_1_separableconvcnn/confusion_matrix_table":{"artifact_path":"wandb-client-artifact://5rfa48hdk7t5x8hw31v508fz76uweihnvdy4bzthi4lws4bltsk76vrqel3cc76ucrcsj6z8ga9bhdmtdvydylz66cjq70yay6lzu0ymxa2sfzl6v27sdeovder5nta5/stage_1_separableconvcnn/confusion_matrix_table.table.json","sha256":"f3aab2e547084ad044047dca3b6d12867565d0f6e1e08201762dfdc92f954e70","nrows":36,"_latest_artifact_path":"wandb-client-artifact://j9fhn3x2k6f1cbqtq2b4fcph9ejexgqwy46m8mdjzh1d9dz9jwwfckpysd0j88g1du4bhgxpq89viyuu565l0ky911mws076qry7lwsf19v3rdyg0blo1qltipy1u3gh:latest/stage_1_separableconvcnn/confusion_matrix_table.table.json","path":"media/table/stage_1_separableconvcnn/confusion_matrix_table_4_f3aab2e547084ad04404.table.json","_type":"table-file","ncols":3,"size":1365,"log_mode":"IMMUTABLE"},"stage1_test_f1":0.8308489119377521,"_runtime":6,"stage1/test_loss":0.4129540924705828,"stage1/use_pretrain_model":false,"best_epoch":3,"stage1/stage_number":1,"test_acc":83.4068544282321,"_step":4,"stage1/lr":0.001,"stage1_test_acc":83.4068544282321,"stage1/best_val_loss":0.5944618407415846,"test_loss":0.4129540924705828,"test_f1_macro":0.8308489119377521,"stage1_test_loss":0.4129540924705828,"stage1/val_loss":1.2081467481588815,"stage1/train_acc":93.49836392089914,"stage1/train_loss":0.15142920764759638}