{"epoch":25,"val_acc":83.05555555555556,"stage3_test_loss":0.3562043521317327,"stage2_test_loss":0.29560605025669157,"mask_l1":0.20000000298023224,"lr_gumbel_bin":0.001,"stage1/use_pretrain_model":false,"stage2_test_acc":88.36104513064133,"stage1/test_acc":91.10960298608755,"_timestamp":1.7757687660334852e+09,"train_acc":92.83466819221968,"stage2_hard_bin_mask_str":"[1.0, 1.0, 1.0, 1.0, 1.0, 1.0, 1.0, 1.0, 1.0, 1.0, 1.0, 1.0, 1.0, 0.0, 0.0, 0.0, 0.0, 0.0, 0.0, 0.0, 0.0, 0.0, 0.0, 0.0, 0.0, 0.0, 0.0, 0.0, 0.0, 0.0, 0.0, 0.0, 0.0, 0.0, 0.0, 0.0, 0.0, 0.0, 0.0, 0.0, 0.0, 0.0, 0.0, 0.0, 0.0, 0.0, 0.0, 0.0, 0.0, 0.0, 0.0, 0.0, 0.0, 0.0, 0.0, 0.0, 0.0, 0.0, 0.0, 0.0, 0.0, 0.0, 0.0, 0.0, 0.0]","stage":3,"lr":0.001,"stage1/test_loss":0.2688890604723705,"val_loss":0.4320185657383667,"stage1_test_loss":0.2688890604723705,"stage2_test_f1":0.8824423123237713,"bin_keep_ratio":0.20000000298023224,"_wandb":{"runtime":29},"stage3_test_acc":89.24329826942653,"stage_1_separableconvcnn/confusion_matrix_table":{"ncols":3,"log_mode":"IMMUTABLE","size":1367,"_latest_artifact_path":"wandb-client-artifact://t66x5bq4t4yb16qz8bz11tc2z4smd453sfgqdxu3pc9mj1kw50ury71368rk8m1a64qh5qad1r5blbr2fam7q6g0o7vdt6lg3we1v7r2zwr6l6ec290c0giab2wvd7rj:latest/stage_1_separableconvcnn/confusion_matrix_table.table.json","sha256":"2180e6138c7361445c2ccc979650fa542740b5b09523a9773b4daf632d7bf2f7","path":"media/table/stage_1_separableconvcnn/confusion_matrix_table_1_2180e6138c7361445c2c.table.json","nrows":36,"artifact_path":"wandb-client-artifact://f4ioyvkhk8jw5mkjeo3xhwquexiyyn1fngdobardy7e3503fgw35vyq2lriqgnxhq931o5jww4qq07uieez164anbup2o5qkeg1km1wuifhgt0fdf5zbyhl81pksrogn/stage_1_separableconvcnn/confusion_matrix_table.table.json","_type":"table-file"},"best_val_loss":0.3314858966403537,"stage1/test_f1":0.911348335334011,"stage1_test_f1":0.911348335334011,"stage1_test_acc":91.10960298608755,"_step":17,"train_loss":0.1679733571526115,"_runtime":29,"stage3_test_f1":0.8926904150346114,"lr_backbone":0.0001,"stage_3_separableconvcnn/confusion_matrix_table":{"sha256":"e7f2403fd19c28c76b866d11104ca2306e549c8504ce3e97062c9138a16cfd95","log_mode":"IMMUTABLE","nrows":36,"size":1366,"ncols":3,"path":"media/table/stage_3_separableconvcnn/confusion_matrix_table_16_e7f2403fd19c28c76b86.table.json","_type":"table-file","_latest_artifact_path":"wandb-client-artifact://6xrsm5tx49mbfxvng74mp6i58sn1o82mu9t16623ti40ud2h4sfq9vd7wrcidzo8aw5pav0d0ae1bzwv0p234jqzjz8gyeb5u45x95vyfc5dn2haqp0vtao0dwxely9h:latest/stage_3_separableconvcnn/confusion_matrix_table.table.json","artifact_path":"wandb-client-artifact://edicdwzpyjizvq5ho5481g4y1pw0lrzsgobo0oi7tsemnxlkj2owj8ej8u8lgba44w5zzgdpt49zqslt97ds6j9edw4lk2707ek6uxwos2oio67lck0hzwf4eaik3l42/stage_3_separableconvcnn/confusion_matrix_table.table.json"}}