{"train_loss":0.24363238066477522,"best_val_loss":0.6424650142753059,"val_loss":0.7217007220768538,"lr":0.001,"val_acc":70.49180327868852,"lr_backbone":0.0001,"stage3_test_loss":0.6294385716248028,"stage2_test_loss":0.5367033074963566,"_wandb":{"runtime":17},"stage1/test_acc":68.00135731252121,"stage_1_separableconvcnn/confusion_matrix_table":{"ncols":3,"path":"media/table/stage_1_separableconvcnn/confusion_matrix_table_1_b67f3fa1745bd39b788a.table.json","size":1367,"_latest_artifact_path":"wandb-client-artifact://jj9xn9ag103sog79ty5ne9ecpeodty06bmhx66z998i42kd7rtqw4anxbal3o50v7rlb0lbd3bdvhlw1mhsa0uo6qs2w4gpnwjpbvhynvy9qlrgikn7eay99ogxotq2s:latest/stage_1_separableconvcnn/confusion_matrix_table.table.json","sha256":"b67f3fa1745bd39b788a90d2420bc5303bab6fc67e8638c290e0a2d2210940a7","nrows":36,"artifact_path":"wandb-client-artifact://5mbay0xd3xwlagg1jkas9wb818rrsv9xdrfodp2itpflq3hm76dggo9cie2omixlzxadp2ot4yoawwf79c8rhjk3mmiuqw93k1fni1hwvbr4fm70aaavfsolcby2uypn/stage_1_separableconvcnn/confusion_matrix_table.table.json","log_mode":"IMMUTABLE","_type":"table-file"},"bin_keep_ratio":0.234375,"mask_l1":0.2109375,"stage2_hard_bin_mask_str":"[0.0, 0.0, 0.0, 0.0, 0.0, 0.0, 0.0, 0.0, 0.0, 0.0, 1.0, 0.0, 1.0, 0.0, 1.0, 1.0, 1.0, 0.0, 1.0, 1.0, 0.0, 1.0, 1.0, 1.0, 0.0, 0.0, 1.0, 1.0, 1.0, 0.0, 0.0, 0.0, 0.0, 0.0, 1.0, 0.0, 1.0, 1.0, 1.0, 1.0, 1.0, 0.0, 1.0, 0.0, 0.0, 0.0, 0.0, 0.0, 1.0, 0.0, 1.0, 1.0, 1.0, 1.0, 1.0, 1.0, 1.0, 0.0, 1.0, 1.0, 0.0, 0.0, 0.0, 0.0, 0.0, 0.0, 0.0, 0.0, 0.0, 0.0, 0.0, 0.0, 0.0, 0.0, 0.0, 0.0, 0.0, 0.0, 0.0, 0.0, 0.0, 0.0, 0.0, 0.0, 0.0, 0.0, 0.0, 0.0, 0.0, 0.0, 0.0, 0.0, 0.0, 0.0, 0.0, 0.0, 0.0, 0.0, 0.0, 0.0, 0.0, 0.0, 0.0, 0.0, 0.0, 0.0, 0.0, 0.0, 0.0, 0.0, 0.0, 0.0, 0.0, 0.0, 0.0, 0.0, 0.0, 0.0, 0.0, 0.0, 0.0, 0.0, 0.0, 0.0, 0.0, 0.0, 0.0, 0.0]","_runtime":17,"stage3_test_f1":0.7831022778248542,"stage":3,"stage1_test_acc":68.00135731252121,"epoch":15,"stage3_test_acc":78.35086528673227,"lr_gumbel_bin":0.001,"stage2_test_acc":80.62436375975568,"stage1/test_loss":0.618815944941849,"_step":10,"stage1_test_loss":0.618815944941849,"_timestamp":1.7757751129828808e+09,"train_acc":88.70598339536215,"stage2_test_f1":0.8097427282336708,"stage1/test_f1":0.6590848048703898,"stage_3_separableconvcnn/confusion_matrix_table":{"log_mode":"IMMUTABLE","sha256":"624ff6866f2f560ad09c04b03d51526b3212bf3af2518a86404c1cd3cf16fa14","ncols":3,"nrows":36,"size":1369,"path":"media/table/stage_3_separableconvcnn/confusion_matrix_table_9_624ff6866f2f560ad09c.table.json","_latest_artifact_path":"wandb-client-artifact://f4qrdf4f7w0wkcxzrby58wg74j8gjwa9n3oqny1tzicx59fyw64i7gfqbqxf3pa5jjtidijd1182ijhlsgqthi0xo4whioaufvcssz4f0fw0xea0r2m08t5d7u4262zc:latest/stage_3_separableconvcnn/confusion_matrix_table.table.json","_type":"table-file","artifact_path":"wandb-client-artifact://s1pcckoqejc0vcnftdbyvmpblmgqtsw0zu6a21fo2hqfribt72l63mgl4oyvi5kas7dzr6rhjat301oqk981994ms4t2hnx2rxuc40dgzca4ww57y59u1fv11yufrw9x/stage_3_separableconvcnn/confusion_matrix_table.table.json"},"stage1/use_pretrain_model":false,"stage1_test_f1":0.6590848048703898}