{"_step":6,"stage1/test_loss":0.6269439860733129,"stage1/test_f1":0.6935009593010455,"test_acc":79.40236991241628,"_runtime":65,"stage1/use_pretrain_model":false,"stage1/train_acc":72.1632342335123,"_timestamp":1.776367056473712e+09,"stage1/test_acc":79.40236991241628,"stage1/purpose":"train baseline model","stage1_test_loss":0.6269439860733129,"stage1_test_f1":0.6935009593010455,"stage1/epoch":20,"stage1_test_acc":79.40236991241628,"stage1/val_acc":65.9275891103003,"best_epoch":11,"test_f1_macro":0.6935009593010455,"stage1/best_val_loss":0.6661593268970208,"stage1/val_loss":0.7024558942839232,"best_val_loss":0.6661593268970208,"test_loss":0.6269439860733129,"stage_1_separableconvcnn/confusion_matrix_table":{"artifact_path":"wandb-client-artifact://aqy2kz6lh5xisechl5vqg9vyt88nk4pu80g117os552gvodra4itv999xmt4rnmq6j7sypjuluiwyzj24tv9ksk5vm8qughp4ocg2849mg43ljaoayf4f8e8o9hwyhsr/stage_1_separableconvcnn/confusion_matrix_table.table.json","log_mode":"IMMUTABLE","ncols":3,"nrows":64,"sha256":"ffef6862f04606842b20e027139415e76ad73e96928328d52c9093171cd7985b","_latest_artifact_path":"wandb-client-artifact://9b9op1hh7pd3j8u0pvpkmsankzpmf3jchd27cc0h9evkfmz89hot87mz8jthgkgggyfxk2o4vf86j2qy6tvosfj27ye6j2klifsdncvrgx379dxfafkv1idzrov8ljwm:latest/stage_1_separableconvcnn/confusion_matrix_table.table.json","_type":"table-file","path":"media/table/stage_1_separableconvcnn/confusion_matrix_table_6_ffef6862f04606842b20.table.json","size":2015},"stage1/stage_number":1,"stage1/lr":0.001,"_wandb":{"runtime":65},"stage1/train_loss":0.5116498285603166}