{"stage2_test_acc":79.90726429675425,"stage2/test_acc":79.90726429675425,"stage2_test_f1":0.6881900786235184,"stage2/block3_Pruned_%":31.25,"_wandb":{"runtime":375},"stage2/train_acc":65.67703268570521,"_runtime":375,"stage2/train_loss":0.6987414597724476,"stage2/stage_number":2,"stage1_test_f1":0.6920721084359487,"stage2/test_f1":0.6881900786235184,"train_loss":0.43944952332229914,"epoch":60,"block2_Pruned_%":6.25,"stage1_test_loss":0.6478838852843263,"val_acc":70,"stage2/lr_gumbel":0.001,"model_param_reduction_pct":32.22336342505,"train_acc":73.8613586298597,"stage2/raw_hard_mask_block3":"[0.0, 1.0, 1.0, 1.0, 0.0, 0.0, 0.0, 1.0, 1.0, 1.0, 1.0, 1.0, 1.0, 1.0, 0.0, 1.0, 1.0, 1.0, 1.0, 0.0, 0.0, 1.0, 1.0, 1.0, 0.0, 1.0, 1.0, 1.0, 1.0, 0.0, 1.0, 1.0, 1.0, 1.0, 0.0, 1.0, 0.0, 1.0, 1.0, 1.0, 1.0, 1.0, 1.0, 1.0, 1.0, 1.0, 0.0, 0.0, 1.0, 1.0, 1.0, 1.0, 0.0, 1.0, 1.0, 1.0, 1.0, 1.0, 1.0, 1.0, 1.0, 1.0, 0.0, 0.0, 1.0, 1.0, 0.0, 1.0, 0.0, 1.0, 0.0, 1.0, 1.0, 1.0, 1.0, 1.0, 0.0, 0.0, 0.0, 1.0, 0.0, 1.0, 0.0, 1.0, 0.0, 1.0, 1.0, 1.0, 1.0, 1.0, 1.0, 1.0, 0.0, 1.0, 1.0, 0.0, 1.0, 0.0, 0.0, 1.0, 0.0, 0.0, 1.0, 1.0, 1.0, 0.0, 0.0, 1.0, 1.0, 1.0, 0.0, 0.0, 0.0, 1.0, 1.0, 0.0, 1.0, 1.0, 0.0, 1.0, 1.0, 1.0, 0.0, 1.0, 1.0, 1.0, 0.0, 1.0]","block3_Pruned_%":31.25,"Total_Pruned_%":20.937499999999996,"stage1/test_loss":0.6478838852843263,"_step":125,"stage2/block4_Pruned_%":17.96875,"stage2/purpose":"train channel-pruning model with masking","stage2/val_loss":0.7403039483721202,"stage2/final_mask_keep_ratio_block3":0.6875,"val_loss":0.6733682202579134,"stage2/Total_Pruned_%":20.937499999999996,"stage2/best_epoch":52,"stage":3,"_timestamp":1.77532501617034e+09,"model_param_count":25076,"block4_Pruned_%":17.96875,"stage2/epoch":60,"stage1/use_pretrain_model":false,"stage_3_prunedseparableconvcnn/confusion_matrix_table":{"_type":"table-file","log_mode":"IMMUTABLE","sha256":"4905d1b4c1a48205a09434efca3cf1c0d3a1c1d8f384add5695710bcc513f73a","artifact_path":"wandb-client-artifact://8qtskjuddlkbw3lsq1nyrj85a51aoppdkeyiqopbzwbr9x1jvnkmemp6b6j2w4jrcioiin2w7f9olwd9x7hcxbcn4q18dllwkr22wzs50erg4i1qgwhjudhq56byjvg6/stage_3_prunedseparableconvcnn/confusion_matrix_table.table.json","path":"media/table/stage_3_prunedseparableconvcnn/confusion_matrix_table_123_4905d1b4c1a48205a094.table.json","ncols":3,"nrows":64,"size":2013,"_latest_artifact_path":"wandb-client-artifact://jl8dt0w54u8e34dwf5ud4x49x4iebnjdkwi3ytnd2b4y8hte0jphwe9jcwtlmvb0rsefiy6mwmuhi24iri5opokj56re01f56d08vah2s8sn9essvohd5onmjeszso4b:latest/stage_3_prunedseparableconvcnn/confusion_matrix_table.table.json"},"stage2/lr_backbone":0.0001,"stage2/final_mask_keep_ratio_block2":0.9375,"stage3_test_acc":78.6810922205049,"stage2/block2_Pruned_%":6.25,"stage_1_separableconvcnn/confusion_matrix_table":{"ncols":3,"path":"media/table/stage_1_separableconvcnn/confusion_matrix_table_1_4963589bef1f9396b5e4.table.json","log_mode":"IMMUTABLE","sha256":"4963589bef1f9396b5e4b672611eb0c0e428254fe4f2a3b722c654e2eb9e2167","nrows":64,"_latest_artifact_path":"wandb-client-artifact://o7zjhksjq69m0zzuyprvqk1j8kzap3tscrrkghv5ck0562i8sxbi59pul9xfjh0uqztficy85ood60kfjl13kx786vrwo7qlez9gocohcrpqtaheny97bz7pg1hkrv32:latest/stage_1_separableconvcnn/confusion_matrix_table.table.json","size":2012,"_type":"table-file","artifact_path":"wandb-client-artifact://5wboj072iibalp5nxlzrtbh2h2u9p8fcexhwzygmw6a9w2f5od52k0io1qkku2el841u4nxcldh6ol7v8htvu0c2ydomgyo6c7gtt1l7z025lrupfkzqpxgbv5yfrf7p/stage_1_separableconvcnn/confusion_matrix_table.table.json"},"stage1/test_acc":78.8768675940237,"stage3_test_loss":0.6717591124211065,"stage2/best_val_loss":0.7184258685576878,"stage1/test_f1":0.6920721084359487,"stage2/test_loss":0.632084148721496,"lr_loaded_weights":0.0001,"stage2_test_loss":0.632084148721496,"model_param_count_dense":36998,"final_summary_log_path":"/home/qphan/master-thesis/models/wear_best_model_three_stage_channel_subject17_val_final_summary_val_17.txt","stage1_test_acc":78.8768675940237,"stage2/val_acc":56.601941747572816,"stage2/final_mask_keep_ratio_block4":0.8203125,"model_param_count_pruned":25076,"best_val_loss":0.6733682202579134,"stage2/raw_hard_mask_block4":"[1.0, 0.0, 0.0, 1.0, 0.0, 0.0, 0.0, 1.0, 1.0, 1.0, 1.0, 1.0, 1.0, 1.0, 0.0, 1.0, 1.0, 1.0, 1.0, 1.0, 1.0, 1.0, 1.0, 1.0, 1.0, 1.0, 1.0, 1.0, 0.0, 0.0, 1.0, 0.0, 1.0, 1.0, 0.0, 0.0, 1.0, 0.0, 1.0, 1.0, 1.0, 1.0, 1.0, 0.0, 1.0, 1.0, 1.0, 1.0, 1.0, 1.0, 1.0, 1.0, 1.0, 0.0, 1.0, 1.0, 1.0, 1.0, 0.0, 1.0, 1.0, 1.0, 1.0, 1.0, 1.0, 1.0, 1.0, 1.0, 1.0, 1.0, 1.0, 1.0, 0.0, 1.0, 1.0, 1.0, 1.0, 1.0, 1.0, 0.0, 1.0, 1.0, 0.0, 1.0, 0.0, 1.0, 1.0, 1.0, 1.0, 1.0, 1.0, 0.0, 1.0, 1.0, 0.0, 1.0, 1.0, 1.0, 1.0, 0.0, 1.0, 1.0, 1.0, 0.0, 1.0, 1.0, 1.0, 1.0, 1.0, 1.0, 1.0, 1.0, 1.0, 1.0, 1.0, 1.0, 1.0, 1.0, 1.0, 1.0, 1.0, 1.0, 1.0, 1.0, 1.0, 1.0, 1.0, 1.0]","stage3_test_f1":0.6941173048460225,"stage2/mask_l1":0.74639892578125,"stage2/raw_hard_mask_block2":"[1.0, 1.0, 1.0, 1.0, 1.0, 0.0, 1.0, 1.0, 1.0, 1.0, 1.0, 1.0, 1.0, 1.0, 1.0, 1.0, 1.0, 1.0, 1.0, 1.0, 1.0, 1.0, 1.0, 1.0, 1.0, 1.0, 1.0, 1.0, 1.0, 1.0, 1.0, 1.0, 1.0, 1.0, 0.0, 1.0, 1.0, 1.0, 1.0, 1.0, 0.0, 1.0, 1.0, 1.0, 1.0, 1.0, 1.0, 1.0, 1.0, 1.0, 1.0, 1.0, 1.0, 0.0, 1.0, 1.0, 1.0, 1.0, 1.0, 1.0, 1.0, 1.0, 1.0, 1.0]"}