{"stage1_test_acc":91.78825924669155,"stage1/purpose":"train baseline model","stage1/epoch":20,"stage1/test_f1":0.9179047292942429,"stage1/val_acc":90.48991354466858,"stage1/train_loss":0.10826961845691335,"stage1/test_acc":91.78825924669155,"_timestamp":1.7757578136228821e+09,"stage1/val_loss":0.23996390676077572,"stage1/test_loss":0.22927524928606524,"test_loss":0.22927524928606524,"stage1_test_loss":0.22927524928606524,"best_val_loss":0.18772356298024784,"stage1/train_acc":95.63169164882227,"stage1/lr":0.001,"best_epoch":11,"stage1_test_f1":0.9179047292942429,"stage_1_separableconvcnn/confusion_matrix_table":{"nrows":36,"sha256":"da651b89dc20a7f5b03a039d016b8d87d29f40a0bdf44d654785764fc4d37a97","_latest_artifact_path":"wandb-client-artifact://kspkhwfjaibbh4o83gfw0g91721l1t21ie1suzvclgpseobvop5co1lrie4eody0y81slmuk7i0bk98vzoc57xir5o781wa4nqkr35z9ufbw4pc308ctn4m1ib7u2a0a:latest/stage_1_separableconvcnn/confusion_matrix_table.table.json","ncols":3,"path":"media/table/stage_1_separableconvcnn/confusion_matrix_table_6_da651b89dc20a7f5b03a.table.json","log_mode":"IMMUTABLE","artifact_path":"wandb-client-artifact://3bagdflm17tvxz8mqplwrwpg8rzp79jby651axayo2l9iyy22cahtoooa5e2433vqaxrge7ufsgl6igp39sp48gaf6jehvb7mrz2z0dv9mdgocyx6i3pzd3otohleopx/stage_1_separableconvcnn/confusion_matrix_table.table.json","_type":"table-file","size":1366},"test_acc":91.78825924669155,"test_f1_macro":0.9179047292942429,"_wandb":{"runtime":10},"stage1/stage_number":1,"stage1/use_pretrain_model":false,"stage1/best_val_loss":0.18772356298024784,"_step":6,"_runtime":10}