{"best_val_loss":0.28420203286182144,"val_acc":81.2316715542522,"stage":3,"stage2_test_f1":0.8870101911416673,"_timestamp":1.7764274102044764e+09,"lr_gumbel_bin":0.001,"stage_3_separableconvcnn/confusion_matrix_table":{"_latest_artifact_path":"wandb-client-artifact://dadt2hc97tyxsj8rp3aew36mwpbrqcg444kw1b7ftihw2rdl5lfejp78b0ojd3ccb9din79zu9yu6yg0dwsjpeyld2yj7va4ce7lxwy8klc9v643wfx8yfao86n2khzb:latest/stage_3_separableconvcnn/confusion_matrix_table.table.json","log_mode":"IMMUTABLE","size":1366,"artifact_path":"wandb-client-artifact://v9gpy1bs2ys613eihvrjl539e0vkzo82fw2pd8i0f7cxx6l34nau3r7syl8w207vgiore4wwbqrfq8ek5sgldfc8zwkjuc3tgxtrw6sylzx3ynqwzhvjboam44xzr3oj/stage_3_separableconvcnn/confusion_matrix_table.table.json","path":"media/table/stage_3_separableconvcnn/confusion_matrix_table_6_760ec43a274ee064bf71.table.json","sha256":"760ec43a274ee064bf71751c2f34b1b65f2661e315f37e1a298cd509a2564828","_type":"table-file","nrows":36,"ncols":3},"stage1_test_loss":0.4559599839993571,"val_loss":0.699674962492676,"stage1_test_f1":0.8992012196111356,"stage3_test_f1":0.8742783475658754,"stage2_test_loss":0.49711025267975956,"stage1/test_acc":89.85408890397014,"stage1/test_f1":0.8992012196111356,"mask_l1":0.2578125,"stage2_hard_bin_mask_str":"[0.0, 0.0, 0.0, 0.0, 0.0, 1.0, 1.0, 0.0, 1.0, 1.0, 1.0, 1.0, 1.0, 1.0, 1.0, 1.0, 1.0, 1.0, 1.0, 0.0, 1.0, 1.0, 1.0, 1.0, 1.0, 1.0, 1.0, 1.0, 1.0, 1.0, 1.0, 1.0, 1.0, 1.0, 1.0, 1.0, 1.0, 1.0, 1.0, 1.0, 1.0, 0.0, 1.0, 1.0, 1.0, 1.0, 1.0, 1.0, 1.0, 1.0, 1.0, 1.0, 1.0, 1.0, 1.0, 1.0, 1.0, 1.0, 0.0, 1.0, 0.0, 1.0, 0.0, 1.0, 0.0, 0.0, 0.0, 0.0, 0.0, 0.0, 0.0, 0.0, 0.0, 0.0, 0.0, 0.0, 0.0, 0.0, 0.0, 0.0, 0.0, 0.0, 0.0, 0.0, 0.0, 0.0, 0.0, 0.0, 0.0, 0.0, 0.0, 0.0, 0.0, 0.0, 0.0, 0.0, 0.0, 0.0, 0.0, 0.0, 0.0, 0.0, 0.0, 0.0, 0.0, 0.0, 0.0, 0.0, 0.0, 0.0, 0.0, 0.0, 0.0, 0.0, 0.0, 0.0, 0.0, 0.0, 0.0, 0.0, 0.0, 0.0, 0.0, 0.0, 0.0, 0.0, 0.0, 0.0]","epoch":10,"train_acc":94.90800171159606,"_step":7,"stage1/test_loss":0.4559599839993571,"stage2_test_acc":88.59857482185274,"bin_keep_ratio":0.4140625,"stage3_test_acc":87.37699355276553,"stage1/use_pretrain_model":false,"_runtime":13,"train_loss":0.12056349366456971,"stage3_test_loss":0.557933959573617,"stage1_test_acc":89.85408890397014,"lr_backbone":0.0001,"stage_1_separableconvcnn/confusion_matrix_table":{"sha256":"02c5a6fac2b98a2cce23216035c71184f8282e95afab8b7a4923ed0654b10cea","artifact_path":"wandb-client-artifact://lpywy1xnk2gpeyhng3wgg1yi8uj61t13wt1mu3qh04dbo6wfm3h0lg1goerj10jh77es3br05d9hynoddnlddgixbn0fxglsza0r7ha59nis0hvb6hud2sidx3ltu7xc/stage_1_separableconvcnn/confusion_matrix_table.table.json","log_mode":"IMMUTABLE","nrows":36,"_type":"table-file","ncols":3,"size":1368,"path":"media/table/stage_1_separableconvcnn/confusion_matrix_table_1_02c5a6fac2b98a2cce23.table.json","_latest_artifact_path":"wandb-client-artifact://6k4mkxcmc087cs418brckfhisnvhmh78v4iaxtjda2yosvxc4yttxwihgivbu7ykrmblmkm9xtg78c00n5z96ezfiklq5676re1ozycykgl2t5mquj5rtablfyyq07bf:latest/stage_1_separableconvcnn/confusion_matrix_table.table.json"},"lr":0.001,"_wandb":{"runtime":13}}