{"stage1_test_loss":0.2603429108367938,"stage2/final_mask_keep_ratio_block2":0.28125,"stage":3,"stage2/Total_Pruned_%":71.25,"stage2/lr_backbone":0.0001,"stage2/block3_Pruned_%":76.5625,"stage2/val_loss":0.6170716047267981,"_wandb":{"runtime":54},"model_param_count":6416,"train_acc":89.683908045977,"stage3_test_loss":0.38008464087521465,"stage2/val_acc":63.52040816326531,"stage2/block2_Pruned_%":71.875,"stage2/epoch":60,"val_acc":86.73469387755102,"model_param_count_dense":36868,"stage2_test_f1":0.6227732226337289,"stage2/train_loss":0.7068602934650992,"stage1_test_f1":0.9243712680307502,"stage2/final_mask_keep_ratio_block3":0.234375,"stage1_test_acc":92.22938581608415,"stage2/raw_hard_mask_block2":"[0.0, 1.0, 0.0, 0.0, 0.0, 0.0, 0.0, 0.0, 0.0, 1.0, 0.0, 0.0, 1.0, 0.0, 1.0, 0.0, 0.0, 1.0, 0.0, 0.0, 0.0, 0.0, 1.0, 0.0, 0.0, 1.0, 1.0, 0.0, 1.0, 1.0, 0.0, 0.0, 1.0, 0.0, 1.0, 0.0, 1.0, 0.0, 0.0, 1.0, 0.0, 0.0, 0.0, 0.0, 1.0, 1.0, 0.0, 0.0, 1.0, 0.0, 0.0, 0.0, 0.0, 0.0, 0.0, 0.0, 0.0, 0.0, 0.0, 0.0, 0.0, 1.0, 0.0, 0.0]","lr_loaded_weights":0.0001,"stage2/purpose":"train channel-pruning model with masking","stage2/best_val_loss":0.6170716047267981,"stage2/train_acc":64.66954022988506,"_step":29,"stage3_test_f1":0.8943749807395484,"stage1/use_pretrain_model":false,"stage2_test_loss":0.6207067247666539,"stage2/best_epoch":60,"stage2/final_mask_keep_ratio_block4":0.34375,"stage3_test_acc":89.24329826942653,"stage_3_prunedseparableconvcnn/confusion_matrix_table":{"_type":"table-file","_latest_artifact_path":"wandb-client-artifact://gw8muj6zpkmdklqwl8eavnyrks710x5lvb7m9480ebr4hyesu91okr92wd3j3ub270ebpyqnfq1u2snbq8lowkzc0zayre0bsqezaitbhzy979xtefvfbgl4js6qvxaf:latest/stage_3_prunedseparableconvcnn/confusion_matrix_table.table.json","size":1365,"ncols":3,"log_mode":"IMMUTABLE","nrows":36,"path":"media/table/stage_3_prunedseparableconvcnn/confusion_matrix_table_27_1649dc7f3d0e5f731cf0.table.json","sha256":"1649dc7f3d0e5f731cf051dc68105ce419c0bc379f5d66bfa48db397781f3bb1","artifact_path":"wandb-client-artifact://y57r0v9vhzmc0dqu8kvldn3fuxokfhnwau052ygnphn40hfyf83znwz2fiy4ikjbig4231mziyxw9auqn7qzq7jd5bz8p35872g8katbfs95kfoknludy8bsohncn4uz/stage_3_prunedseparableconvcnn/confusion_matrix_table.table.json"},"stage2/test_acc":64.30268069222939,"stage2/test_loss":0.6207067247666539,"train_loss":0.2293649848850294,"stage2/stage_number":2,"stage_1_separableconvcnn/confusion_matrix_table":{"path":"media/table/stage_1_separableconvcnn/confusion_matrix_table_1_c4ae4bf249d288cf435b.table.json","nrows":36,"_latest_artifact_path":"wandb-client-artifact://yxaefukxnbjqr6wxm7alrlfupblmvzxwluuvgqlsrer3xt4aftgvjw6px8o8p5mcmq52aqt0i1o3mozecsazgzq03053obsolirt4b2wy4jebyjwqqbxcmlsghgtz651:latest/stage_1_separableconvcnn/confusion_matrix_table.table.json","log_mode":"IMMUTABLE","_type":"table-file","artifact_path":"wandb-client-artifact://nsa814scetng6f57mxws72v6s6mt4u9obwrbh5vs3y7rvujt907tela81bzmjcnqg1m6pf7nq1nj3gdw0r5nkrcodvwrgbkrbfl7i7x4xpwu27qeo0to0uhpsyijhswl/stage_1_separableconvcnn/confusion_matrix_table.table.json","size":1364,"ncols":3,"sha256":"c4ae4bf249d288cf435b71c426dfffb1ac3897a54aa19e24f5ed1ade62ba1fca"},"Total_Pruned_%":71.25,"block2_Pruned_%":71.875,"_runtime":54,"model_param_reduction_pct":82.59737441683845,"stage1/test_f1":0.9243712680307502,"model_param_count_pruned":6416,"stage2/mask_l1":0.30970340967178345,"stage2_test_acc":64.30268069222939,"stage2/raw_hard_mask_block3":"[0.0, 1.0, 0.0, 0.0, 0.0, 0.0, 0.0, 0.0, 0.0, 1.0, 0.0, 1.0, 0.0, 0.0, 1.0, 1.0, 0.0, 0.0, 0.0, 0.0, 1.0, 0.0, 0.0, 0.0, 0.0, 0.0, 0.0, 1.0, 0.0, 0.0, 0.0, 1.0, 0.0, 0.0, 0.0, 0.0, 0.0, 0.0, 0.0, 0.0, 1.0, 0.0, 1.0, 0.0, 0.0, 0.0, 0.0, 0.0, 0.0, 0.0, 0.0, 1.0, 0.0, 0.0, 0.0, 0.0, 1.0, 1.0, 0.0, 0.0, 1.0, 0.0, 0.0, 0.0, 0.0, 0.0, 0.0, 0.0, 1.0, 0.0, 0.0, 0.0, 1.0, 0.0, 0.0, 0.0, 0.0, 1.0, 0.0, 0.0, 0.0, 0.0, 0.0, 0.0, 0.0, 0.0, 1.0, 0.0, 0.0, 1.0, 0.0, 0.0, 1.0, 1.0, 0.0, 0.0, 1.0, 0.0, 0.0, 0.0, 0.0, 1.0, 1.0, 0.0, 0.0, 1.0, 0.0, 1.0, 0.0, 0.0, 0.0, 0.0, 0.0, 0.0, 0.0, 0.0, 0.0, 1.0, 0.0, 1.0, 0.0, 1.0, 1.0, 0.0, 0.0, 0.0, 0.0, 0.0]","best_val_loss":0.14205327400300957,"final_summary_log_path":"/home/qphan/master-thesis/models/uci_best_model_three_stage_channel_subject26_val_final_summary_val_26.txt","block3_Pruned_%":76.5625,"stage1/test_loss":0.2603429108367938,"stage1/test_acc":92.22938581608415,"stage2/lr_gumbel":0.001,"val_loss":0.28270794323655035,"stage2/raw_hard_mask_block4":"[0.0, 0.0, 1.0, 0.0, 1.0, 1.0, 1.0, 0.0, 0.0, 0.0, 0.0, 0.0, 1.0, 0.0, 0.0, 1.0, 1.0, 0.0, 0.0, 1.0, 0.0, 0.0, 0.0, 0.0, 1.0, 1.0, 0.0, 1.0, 0.0, 0.0, 1.0, 0.0, 1.0, 1.0, 0.0, 0.0, 0.0, 0.0, 0.0, 1.0, 0.0, 0.0, 0.0, 1.0, 0.0, 0.0, 0.0, 1.0, 0.0, 0.0, 0.0, 0.0, 0.0, 1.0, 0.0, 1.0, 0.0, 0.0, 0.0, 0.0, 1.0, 0.0, 0.0, 0.0, 0.0, 0.0, 0.0, 0.0, 0.0, 1.0, 1.0, 0.0, 0.0, 0.0, 0.0, 0.0, 1.0, 0.0, 0.0, 0.0, 1.0, 0.0, 0.0, 1.0, 0.0, 0.0, 0.0, 1.0, 0.0, 0.0, 0.0, 0.0, 1.0, 0.0, 1.0, 1.0, 1.0, 0.0, 0.0, 0.0, 1.0, 1.0, 0.0, 0.0, 1.0, 0.0, 1.0, 0.0, 1.0, 0.0, 0.0, 1.0, 1.0, 0.0, 0.0, 1.0, 1.0, 0.0, 1.0, 0.0, 0.0, 1.0, 1.0, 1.0, 0.0, 0.0, 0.0, 1.0]","stage2/block4_Pruned_%":65.625,"epoch":60,"_timestamp":1.77587078699454e+09,"block4_Pruned_%":65.625,"stage2/test_f1":0.6227732226337289}