{"stage1_test_acc":90.53274516457414,"train_acc":94.80353075170842,"epoch":20,"stage2_test_acc":90.70240922972515,"stage1_test_f1":0.9071037964379681,"stage1/use_pretrain_model":false,"_step":9,"stage1/test_loss":0.2553598440432617,"stage1_test_loss":0.2553598440432617,"lr":0.001,"stage1/test_f1":0.9071037964379681,"stage3_test_acc":91.34713267729894,"_timestamp":1.775768142133342e+09,"mask_l1":0.3384615480899811,"lr_backbone":0.0001,"val_acc":87.5,"stage3_test_f1":0.9144526651322362,"stage":3,"stage_3_separableconvcnn/confusion_matrix_table":{"log_mode":"IMMUTABLE","_type":"table-file","nrows":36,"sha256":"22c7a4e31f82cdd899d1933809aa15cac91124aa3e6e250661bb24af92145439","path":"media/table/stage_3_separableconvcnn/confusion_matrix_table_8_22c7a4e31f82cdd899d1.table.json","_latest_artifact_path":"wandb-client-artifact://lntzq0c9afu27mx0nhh3szmg5pt964dufibrjx7xfr2wm0aga7qk7bl1duy11vnljhifwif96yt739rplrsp3p9d65tg7lssokenetejw1qyapjkv5qwugi30nos3961:latest/stage_3_separableconvcnn/confusion_matrix_table.table.json","ncols":3,"artifact_path":"wandb-client-artifact://nvizyeetbyzumm4ld69cekn1syq4iuksu589dg24zgalm26bvmzcdck8k0qgi7ykwte0hr1zao3yryiw40kq70b6j2l24lk05zps7l99c48xluer3ael7ispx8tpw53x/stage_3_separableconvcnn/confusion_matrix_table.table.json","size":1365},"bin_keep_ratio":0.38461539149284363,"val_loss":0.38412236113373827,"lr_gumbel_bin":0.001,"stage3_test_loss":0.27988345033628537,"stage2_test_f1":0.9083662209738691,"_wandb":{"runtime":15},"stage_1_separableconvcnn/confusion_matrix_table":{"_latest_artifact_path":"wandb-client-artifact://5hijzvzoimifoaugym9grla9an0p20hll0owpa974br79oxx2v9hhfte8pfpkachf8rgiawgvez8jgfe7fan1v0jni3gltaojrnj1qo4jkkgo9kdd6xk2se8go985qcz:latest/stage_1_separableconvcnn/confusion_matrix_table.table.json","_type":"table-file","ncols":3,"path":"media/table/stage_1_separableconvcnn/confusion_matrix_table_1_18b0f530909609d4ff27.table.json","log_mode":"IMMUTABLE","sha256":"18b0f530909609d4ff27e26acf179e1255bfc4509f120dcc836d17d4c5e69a72","size":1365,"nrows":36,"artifact_path":"wandb-client-artifact://8j853bi260m33lyfu57o7l79emsfgmk5avk2ji6yzsstsfd1ffix9hpo4yb9cw1xzamtilvis5wcong5opdvkk97uxtqk4mg3sk499234soitqtto38a9ng2p99fx3ka/stage_1_separableconvcnn/confusion_matrix_table.table.json"},"stage2_test_loss":0.24205594183774773,"_runtime":15,"stage2_hard_bin_mask_str":"[1.0, 1.0, 1.0, 1.0, 1.0, 1.0, 1.0, 1.0, 1.0, 1.0, 1.0, 1.0, 1.0, 0.0, 1.0, 1.0, 0.0, 1.0, 1.0, 1.0, 0.0, 1.0, 0.0, 1.0, 0.0, 0.0, 0.0, 1.0, 0.0, 0.0, 1.0, 0.0, 0.0, 0.0, 1.0, 0.0, 0.0, 0.0, 0.0, 1.0, 1.0, 0.0, 0.0, 0.0, 0.0, 0.0, 0.0, 0.0, 0.0, 0.0, 0.0, 0.0, 0.0, 0.0, 0.0, 0.0, 0.0, 0.0, 0.0, 0.0, 0.0, 0.0, 0.0, 0.0, 0.0]","stage1/test_acc":90.53274516457414,"train_loss":0.11672068621479569,"best_val_loss":0.29073880592455326}