{"stage1_test_acc":89.61655921275874,"stage3_test_f1":0.9211560690930849,"_step":7,"stage1_test_f1":0.8961242757189599,"stage1_test_loss":0.30762790839500526,"stage2_test_acc":90.93993892093654,"epoch":10,"stage1/use_pretrain_model":false,"best_val_loss":0.13918218586543188,"bin_keep_ratio":0.78125,"val_loss":0.346205762489481,"stage3_test_acc":91.92399049881236,"_timestamp":1.7757740763123198e+09,"_wandb":{"runtime":12},"stage2_hard_bin_mask_str":"[0.0, 1.0, 1.0, 1.0, 1.0, 1.0, 1.0, 1.0, 1.0, 1.0, 1.0, 1.0, 1.0, 1.0, 1.0, 1.0, 1.0, 1.0, 1.0, 1.0, 1.0, 1.0, 1.0, 1.0, 1.0, 1.0, 1.0, 1.0, 1.0, 1.0, 1.0, 1.0, 1.0, 1.0, 1.0, 1.0, 1.0, 1.0, 1.0, 1.0, 1.0, 1.0, 1.0, 1.0, 1.0, 1.0, 1.0, 1.0, 1.0, 1.0, 1.0, 1.0, 1.0, 1.0, 1.0, 1.0, 1.0, 1.0, 1.0, 1.0, 1.0, 1.0, 1.0, 1.0, 0.0, 0.0, 0.0, 0.0, 1.0, 1.0, 0.0, 1.0, 1.0, 1.0, 0.0, 0.0, 1.0, 1.0, 1.0, 1.0, 1.0, 1.0, 1.0, 0.0, 1.0, 0.0, 0.0, 1.0, 1.0, 0.0, 1.0, 1.0, 0.0, 0.0, 1.0, 1.0, 1.0, 1.0, 1.0, 1.0, 0.0, 0.0, 1.0, 1.0, 1.0, 1.0, 1.0, 1.0, 1.0, 1.0, 0.0, 0.0, 1.0, 1.0, 0.0, 1.0, 1.0, 0.0, 0.0, 1.0, 1.0, 0.0, 0.0, 0.0, 0.0, 0.0, 0.0, 0.0]","val_acc":88.29113924050633,"stage_3_separableconvcnn/confusion_matrix_table":{"nrows":36,"ncols":3,"artifact_path":"wandb-client-artifact://r7bm3wyfr9beyzrn6fvd9s2rai309nku0tsg1cxtgmyzeu68893cax7t93hqvfqmv7po3177uve2h18ulvdry0zdq6t1pi0g2zt3xqrjmp53hzq2ait3v7wpl68dgq49/stage_3_separableconvcnn/confusion_matrix_table.table.json","_type":"table-file","size":1366,"path":"media/table/stage_3_separableconvcnn/confusion_matrix_table_6_76f0e470e0d2d1a6d832.table.json","log_mode":"IMMUTABLE","_latest_artifact_path":"wandb-client-artifact://dmmyivfagj2lhm7rdf0n3a2e7ornoiag8dns3b76xyxctxk2z3sjgnb79dbzac5rdyk79aiuezmed5vianootsr35rzk4294atciaawmd4x6d58mbxa77tudpkituih7:latest/stage_3_separableconvcnn/confusion_matrix_table.table.json","sha256":"76f0e470e0d2d1a6d832e3e412e206a39223820daf9fce4c67b569e40069b938"},"_runtime":12,"lr_gumbel_bin":0.001,"lr":0.001,"stage":3,"lr_backbone":0.0001,"train_acc":94.8408186469585,"mask_l1":0.6015625596046448,"stage3_test_loss":0.26949060157779053,"stage2_test_f1":0.9110970680561102,"stage1/test_acc":89.61655921275874,"train_loss":0.11746550738523466,"stage1/test_loss":0.30762790839500526,"stage_1_separableconvcnn/confusion_matrix_table":{"log_mode":"IMMUTABLE","_type":"table-file","sha256":"6e0f583a980f4a62f8a486c70ad35b762f0b913d7d32e7115e69715abc10ca24","nrows":36,"path":"media/table/stage_1_separableconvcnn/confusion_matrix_table_1_6e0f583a980f4a62f8a4.table.json","ncols":3,"size":1367,"_latest_artifact_path":"wandb-client-artifact://wuaag94ab1226odycdmqgjilhs1m7vgf663aa80r3ohotxgmy4kysl9syljxhom7fnjy7vexd85lqpmixe7sk9i43wb7tqs3nwqwqe3m7m0ms5mmc7gpdfed2bs8nkjx:latest/stage_1_separableconvcnn/confusion_matrix_table.table.json","artifact_path":"wandb-client-artifact://819qdfn3fwun45dgjntkyfpx8mn3qlqojn3ov5nwngj9i83c8q1ett5ys7dzogias0wfyae8xjp7ktgvazzafjgitrczzlpb0ovmn3162sbifhcldtkqi8u521eg2u4w/stage_1_separableconvcnn/confusion_matrix_table.table.json"},"stage2_test_loss":0.3368100470714534,"stage1/test_f1":0.8961242757189599}