{"epoch":25,"stage_3_separableconvcnn/confusion_matrix_table":{"sha256":"6a04a1cd22d7cab6eaf1a8c3365c4a6140f0bcd91d070c153041cb2c45cf6422","ncols":3,"nrows":64,"path":"media/table/stage_3_separableconvcnn/confusion_matrix_table_10_6a04a1cd22d7cab6eaf1.table.json","_latest_artifact_path":"wandb-client-artifact://wd4h6a3ohzgn4y5wog8hhoxbfhi6qwoteh6svhubjlwcw4mtdwx576fe0evth8syjzpt5allfs7a4aod0gyy1vfzogr9nqdo48cmc845xcbjubpwq4373g9a6fucii5k:latest/stage_3_separableconvcnn/confusion_matrix_table.table.json","log_mode":"IMMUTABLE","size":2021,"artifact_path":"wandb-client-artifact://qcaf78wl9arljhkltygzqsoip0934huvrlodnywtz0oysdlq77bxb6cz0m182ycjmu2yhqxf9oxr94h2itbh8kta8d78m265cl37aca0nnzxnow37kdt8l1us6ck7235/stage_3_separableconvcnn/confusion_matrix_table.table.json","_type":"table-file"},"stage3_test_acc":74.49768160741885,"stage2_test_f1":0.6058952434599154,"stage3_test_f1":0.6364531915989277,"lr_gumbel_bin":0.001,"stage3_test_loss":0.7732309966680624,"mask_l1":0.05882352963089943,"lr":0.001,"stage1_test_f1":0.6788417622107312,"stage_1_separableconvcnn/confusion_matrix_table":{"artifact_path":"wandb-client-artifact://7sn3lq62u17t54tcmmig6ulx6t2355if5e3xquvfsiuq1o2fq2y2jeay93ur6s1taqjor5sf182sfmr3od0co37ria3vp94kswuyx1zkn6y2bm35yj1qxt8x1zm3sn5y/stage_1_separableconvcnn/confusion_matrix_table.table.json","_latest_artifact_path":"wandb-client-artifact://h4jtsyti5d7swdrzijhwwap5vdlw3xp71st01v89fif956mbdubqvahay0luasul3f5xbw02te0pgrfq6d8s65k701fgzwn226dnhhu3f2mvzaw2dtfsqry03u1gkwlj:latest/stage_1_separableconvcnn/confusion_matrix_table.table.json","_type":"table-file","sha256":"a9e697e2119585023eba2e26192d1547a0ce353f171d14a3bf5a2c82a6538330","size":2014,"path":"media/table/stage_1_separableconvcnn/confusion_matrix_table_0_a9e697e2119585023eba.table.json","ncols":3,"log_mode":"IMMUTABLE","nrows":64},"stage1_test_acc":78.37197320968573,"bin_keep_ratio":0.09803921729326248,"val_loss":0.9250863840428627,"lr_backbone":0.0001,"train_loss":0.7721980682997667,"best_val_loss":0.8627154432079481,"stage1_test_loss":0.6435405399859535,"val_acc":61.68392615938766,"stage2_test_loss":0.8310088411887119,"_step":11,"_timestamp":1.7758964625933633e+09,"stage2_hard_bin_mask_str":"[1.0, 1.0, 1.0, 1.0, 1.0, 0.0, 0.0, 0.0, 0.0, 0.0, 0.0, 0.0, 0.0, 0.0, 0.0, 0.0, 0.0, 0.0, 0.0, 0.0, 0.0, 0.0, 0.0, 0.0, 0.0, 0.0, 0.0, 0.0, 0.0, 0.0, 0.0, 0.0, 0.0, 0.0, 0.0, 0.0, 0.0, 0.0, 0.0, 0.0, 0.0, 0.0, 0.0, 0.0, 0.0, 0.0, 0.0, 0.0, 0.0, 0.0, 0.0]","stage2_test_acc":72.5399278722308,"_wandb":{"runtime":201},"train_acc":58.3577197705724,"_runtime":201,"stage":3}