{"val_loss":0.17527744240021403,"stage2_test_acc":84.96776382762131,"_runtime":15,"stage_1_separableconvcnn/confusion_matrix_table":{"_latest_artifact_path":"wandb-client-artifact://xzsymigt1vz64erufxk53g8dwabbyp4i4vm5bmm111lypebs19a6r0ljh6xtptg2low3kk71rtmf9tqyox0vrpdm67l5mzx45p2vyxhhyu1j7oscds9qsxk0c3hshslp:latest/stage_1_separableconvcnn/confusion_matrix_table.table.json","log_mode":"IMMUTABLE","sha256":"84f9356409fc54f6f28b7424a2c79a3cf9248f923c36ab37f05a50a02449fca0","artifact_path":"wandb-client-artifact://zw3qnr9yym6jfi0jnlbih9du1ovkcof75jf7a2g9vvllar2ukpthpt8awve6kjlqbojqf4ovkysk2vdiblvj6f2m0zobwli16j5acsagbrhvsrkhpyi1eh5jotsdapde/stage_1_separableconvcnn/confusion_matrix_table.table.json","path":"media/table/stage_1_separableconvcnn/confusion_matrix_table_1_84f9356409fc54f6f28b.table.json","size":1368,"nrows":36,"_type":"table-file","ncols":3},"stage1_test_loss":0.24706797573488623,"stage1_test_f1":0.912668262878972,"stage1_test_acc":91.17746861214795,"best_val_loss":0.16494695946008345,"stage3_test_loss":0.3098161691550259,"stage1/test_f1":0.912668262878972,"val_acc":95.25316455696202,"epoch":20,"mask_l1":0.1562500149011612,"lr_backbone":0.0001,"stage2_test_loss":0.5725059885472088,"stage":3,"stage3_test_acc":91.61859518154056,"stage1/test_acc":91.17746861214795,"train_loss":0.14381013781831914,"stage2_test_f1":0.8468610482492189,"_step":9,"stage_3_separableconvcnn/confusion_matrix_table":{"artifact_path":"wandb-client-artifact://fmrh9xy33ghhj8mmrsj861zvvwevcd0nznju9c2goncfskxod9zx8pgvt2e2str2jw3z66zug9ru50kiim487y3nsq6r8tsgiwmp1ux8as24jwlbe4n02fkip6httrmp/stage_3_separableconvcnn/confusion_matrix_table.table.json","_type":"table-file","path":"media/table/stage_3_separableconvcnn/confusion_matrix_table_8_dc285ce799718b037be2.table.json","nrows":36,"size":1367,"_latest_artifact_path":"wandb-client-artifact://r3uc1g4utt04v2zsjv5en3e9pknhkzcjtxjh1m8tgaewdgnm3bm3kpopah3kt507rrgmshzxro8xbtkackpzrlkfpf4y5f0w89iivmc7vz1oqlfweldckg7qjvv0pjtg:latest/stage_3_separableconvcnn/confusion_matrix_table.table.json","sha256":"dc285ce799718b037be2b7e15ec8f2d9aa7ecacde7a0c9476c42cb40361e5e95","log_mode":"IMMUTABLE","ncols":3},"lr":0.001,"_timestamp":1.7757826914582188e+09,"stage2_hard_bin_mask_str":"[1.0, 1.0, 1.0, 1.0, 1.0, 1.0, 1.0, 1.0, 1.0, 1.0, 1.0, 1.0, 1.0, 1.0, 1.0, 1.0, 0.0, 0.0, 1.0, 1.0, 1.0, 1.0, 0.0, 1.0, 1.0, 0.0, 1.0, 1.0, 0.0, 1.0, 1.0, 1.0, 1.0, 0.0, 0.0, 0.0, 0.0, 0.0, 0.0, 0.0, 0.0, 0.0, 0.0, 0.0, 0.0, 0.0, 1.0, 0.0, 0.0, 0.0, 0.0, 0.0, 0.0, 0.0, 0.0, 0.0, 0.0, 0.0, 0.0, 0.0, 0.0, 0.0, 0.0, 0.0, 0.0, 0.0, 0.0, 0.0, 0.0, 0.0, 0.0, 0.0, 0.0, 0.0, 0.0, 0.0, 0.0, 0.0, 0.0, 0.0, 0.0, 0.0, 0.0, 0.0, 0.0, 0.0, 0.0, 0.0, 0.0, 0.0, 0.0, 0.0, 0.0, 0.0, 0.0, 0.0, 0.0, 0.0, 0.0, 0.0, 0.0, 0.0, 0.0, 0.0, 0.0, 0.0, 0.0, 0.0, 0.0, 0.0, 0.0, 0.0, 0.0, 0.0, 0.0, 0.0, 0.0, 0.0, 0.0, 0.0, 0.0, 0.0, 0.0, 0.0, 0.0, 0.0, 0.0, 0.0]","train_acc":93.66117111995452,"stage1/use_pretrain_model":false,"bin_keep_ratio":0.2265625,"stage3_test_f1":0.9162738243526217,"stage1/test_loss":0.24706797573488623,"_wandb":{"runtime":15},"lr_gumbel_bin":0.001}