{"_timestamp":1.7755025798282452e+09,"model_param_reduction_pct":32.17471214660252,"stage2/lr_backbone":0.0001,"block2_Pruned_%":12.5,"stage2/final_mask_keep_ratio_block4":1,"stage2/test_f1":0.717839520940894,"stage1_test_loss":0.6137868468683032,"stage2/block2_Pruned_%":12.5,"stage2/test_acc":79.52601751674395,"stage2/Total_Pruned_%":19.999999999999996,"stage2_test_acc":79.52601751674395,"train_loss":0.4835682648641554,"stage2/best_val_loss":0.869498412204491,"val_loss":1.1213997620854104,"stage2/final_mask_keep_ratio_block3":0.5625,"Total_Pruned_%":19.999999999999996,"stage2_test_f1":0.717839520940894,"stage1_test_acc":77.24884080370943,"train_acc":72.24998518577044,"stage2/epoch":55,"block4_Pruned_%":0,"stage2/train_loss":0.6274401133965634,"stage2/raw_hard_mask_block4":"[1.0, 1.0, 1.0, 1.0, 1.0, 1.0, 1.0, 1.0, 1.0, 1.0, 1.0, 1.0, 1.0, 1.0, 1.0, 1.0, 1.0, 1.0, 1.0, 1.0, 1.0, 1.0, 1.0, 1.0, 1.0, 1.0, 1.0, 1.0, 1.0, 1.0, 1.0, 1.0, 1.0, 1.0, 1.0, 1.0, 1.0, 1.0, 1.0, 1.0, 1.0, 1.0, 1.0, 1.0, 1.0, 1.0, 1.0, 1.0, 1.0, 1.0, 1.0, 1.0, 1.0, 1.0, 1.0, 1.0, 1.0, 1.0, 1.0, 1.0, 1.0, 1.0, 1.0, 1.0, 1.0, 1.0, 1.0, 1.0, 1.0, 1.0, 1.0, 1.0, 1.0, 1.0, 1.0, 1.0, 1.0, 1.0, 1.0, 1.0, 1.0, 1.0, 1.0, 1.0, 1.0, 1.0, 1.0, 1.0, 1.0, 1.0, 1.0, 1.0, 1.0, 1.0, 1.0, 1.0, 1.0, 1.0, 1.0, 1.0, 1.0, 1.0, 1.0, 1.0, 1.0, 1.0, 1.0, 1.0, 1.0, 1.0, 1.0, 1.0, 1.0, 1.0, 1.0, 1.0, 1.0, 1.0, 1.0, 1.0, 1.0, 1.0, 1.0, 1.0, 1.0, 1.0, 1.0, 1.0]","stage1/test_acc":77.24884080370943,"stage":3,"stage2/final_mask_keep_ratio_block2":0.875,"stage2/lr_gumbel":0.001,"model_param_count_pruned":25094,"_wandb":{"runtime":260},"stage3_test_loss":0.5512232308039449,"stage2_test_loss":0.5426113542679857,"model_param_count_dense":36998,"stage3_test_acc":81.79289026275116,"stage1/test_f1":0.7038299728794193,"val_acc":56.83730715287518,"_step":19,"model_param_count":25094,"_runtime":260,"block3_Pruned_%":43.75,"stage2/mask_l1":0.6905601024627686,"final_summary_log_path":"/home/qphan/master-thesis/models/wear_best_model_three_stage_channel_subject7_val_final_summary_val_7.txt","epoch":15,"stage2/val_loss":0.9256659318153521,"stage2/test_loss":0.5426113542679857,"stage_3_prunedseparableconvcnn/confusion_matrix_table":{"size":2012,"nrows":64,"ncols":3,"sha256":"93d57b0d6c1ed556226fc236d86ba875c3e0e1f7bad9a8fcddad36db19dcad94","log_mode":"IMMUTABLE","artifact_path":"wandb-client-artifact://0jzagmhij7nh4nairuk396yk5ovc6ygbgnns4lluovk8mmr4axt4zz68mmq2k06a1wt2detnsueeajna5opzhvu4ry2vdgp7q7stf53n3c2s2cxpapfvshqd3okpuw34/stage_3_prunedseparableconvcnn/confusion_matrix_table.table.json","_type":"table-file","path":"media/table/stage_3_prunedseparableconvcnn/confusion_matrix_table_17_93d57b0d6c1ed556226f.table.json","_latest_artifact_path":"wandb-client-artifact://5e6ngdek8qog93ap68konodec16tjvbrs4mvfwqxaz45iu7eh6sgw54ns58vpfpvhnzalu6sxjlzmwc7d6b4isccakddsrnciko9ld9969l0mr8p0b4z1ain882f7dxf:latest/stage_3_prunedseparableconvcnn/confusion_matrix_table.table.json"},"stage3_test_f1":0.7228918864700524,"stage2/block4_Pruned_%":0,"best_val_loss":0.993528583357411,"stage2/raw_hard_mask_block3":"[0.0, 1.0, 1.0, 1.0, 0.0, 1.0, 1.0, 0.0, 0.0, 0.0, 1.0, 0.0, 1.0, 0.0, 1.0, 1.0, 1.0, 1.0, 1.0, 1.0, 1.0, 0.0, 0.0, 1.0, 1.0, 0.0, 1.0, 1.0, 1.0, 0.0, 1.0, 0.0, 1.0, 1.0, 0.0, 1.0, 0.0, 0.0, 1.0, 0.0, 1.0, 0.0, 0.0, 1.0, 1.0, 0.0, 1.0, 1.0, 0.0, 1.0, 0.0, 0.0, 1.0, 1.0, 0.0, 0.0, 0.0, 0.0, 1.0, 0.0, 0.0, 1.0, 1.0, 1.0, 1.0, 1.0, 0.0, 1.0, 0.0, 1.0, 1.0, 0.0, 0.0, 1.0, 0.0, 1.0, 0.0, 0.0, 1.0, 0.0, 1.0, 0.0, 0.0, 1.0, 1.0, 1.0, 1.0, 0.0, 1.0, 1.0, 1.0, 1.0, 0.0, 0.0, 1.0, 1.0, 1.0, 0.0, 1.0, 0.0, 0.0, 1.0, 0.0, 1.0, 0.0, 0.0, 1.0, 1.0, 1.0, 1.0, 0.0, 0.0, 1.0, 1.0, 1.0, 1.0, 1.0, 0.0, 0.0, 1.0, 1.0, 0.0, 1.0, 0.0, 0.0, 0.0, 0.0, 1.0]","stage2/purpose":"train channel-pruning model with masking","stage2/val_acc":60.79943899018233,"stage2/stage_number":2,"stage2/block3_Pruned_%":43.75,"stage2/raw_hard_mask_block2":"[1.0, 1.0, 1.0, 1.0, 1.0, 1.0, 1.0, 0.0, 0.0, 1.0, 1.0, 1.0, 1.0, 0.0, 1.0, 1.0, 1.0, 1.0, 1.0, 1.0, 1.0, 1.0, 1.0, 0.0, 1.0, 1.0, 1.0, 1.0, 1.0, 1.0, 1.0, 0.0, 1.0, 1.0, 1.0, 1.0, 1.0, 1.0, 1.0, 1.0, 1.0, 1.0, 1.0, 1.0, 1.0, 1.0, 1.0, 1.0, 1.0, 1.0, 1.0, 1.0, 1.0, 0.0, 0.0, 1.0, 1.0, 1.0, 1.0, 1.0, 1.0, 0.0, 1.0, 1.0]","stage_1_separableconvcnn/confusion_matrix_table":{"_latest_artifact_path":"wandb-client-artifact://ogdh5lby0hadpecv7y9h3921krv3bh0y8sqa478bcf72ziokclysu7xr0thqn9ptw6ftnxo2c1a7hw594n761z98ow5le3i5c93fqzkfe4gmum1825dz9w8z9r7urkuh:latest/stage_1_separableconvcnn/confusion_matrix_table.table.json","sha256":"dcbebac601eb1290884c6d695e3deaabca3da563fcf5b6a0d206e0f33c58fb2c","ncols":3,"nrows":64,"artifact_path":"wandb-client-artifact://0hjc9lc48h6lelg6wehyt8h6jhl76bigbzwja53uo5ugzejdqhbwwshoshhyw0r8zipwu0702sk3lh9iq6cme2h61kg9mo7yk75p3zmbwf3fb1znxxk9xduqxndotc7r/stage_1_separableconvcnn/confusion_matrix_table.table.json","_type":"table-file","log_mode":"IMMUTABLE","size":2015,"path":"media/table/stage_1_separableconvcnn/confusion_matrix_table_1_dcbebac601eb1290884c.table.json"},"stage1/use_pretrain_model":false,"stage1/test_loss":0.6137868468683032,"stage1_test_f1":0.7038299728794193,"lr_loaded_weights":0.0001,"stage2/train_acc":69.24960989195489,"stage2/best_epoch":45}