{"stage1_test_acc":72.7253992787223,"stage_3_separableconvcnn/confusion_matrix_table":{"_latest_artifact_path":"wandb-client-artifact://2hzuz45vhrvjos636vxjd5amasevpv7i5qcgpaphxxgo80prng3qv7zimzwg65t9qcm5thytn7qss0pcd58pmezru24b0vna52fcofdjkhtcox2pg1jec7qjgaqd4t38:latest/stage_3_separableconvcnn/confusion_matrix_table.table.json","size":2026,"artifact_path":"wandb-client-artifact://t1hig8l0tbjnwdlu9k8kaezb4sbcdi2sgotqjt9qngcgi0bt9ije7ghkj490bis5e6tlnrzv9mta0kjxdfiujuup5ee3x2coivkua99kem2ipkrb4ayp0m83w9dxrlnb/stage_3_separableconvcnn/confusion_matrix_table.table.json","nrows":64,"ncols":3,"log_mode":"IMMUTABLE","sha256":"c1ebebcb1063342c49af080a806e807d1e613d917a797cafa1a702a363d40350","path":"media/table/stage_3_separableconvcnn/confusion_matrix_table_8_c1ebebcb1063342c49af.table.json","_type":"table-file"},"stage2_test_loss":0.9732866993858175,"stage_1_separableconvcnn/confusion_matrix_table":{"_type":"table-file","artifact_path":"wandb-client-artifact://ztzn058htyeb3yjdrrxp9rb3g8ajzk4u52uxwucxvgkjqjtcx28xrxr4csv1wb1a2tesn554fdxkbp6flof9nan8pfn6wd9lbb06bn5zsts5781sad51g7lc8a1rkjod/stage_1_separableconvcnn/confusion_matrix_table.table.json","size":2015,"ncols":3,"path":"media/table/stage_1_separableconvcnn/confusion_matrix_table_0_13a6fd04346ff8692523.table.json","_latest_artifact_path":"wandb-client-artifact://re2lqynfnw2eutojd8swcktp4tk71ggj4ivd01986iz5vtscz4hs7iossrwuj361hg0194qookdf4ghs9e26swvarkjbfo1ks7romvjbr5yr3dqwgdhnunq5o1g8tc3u:latest/stage_1_separableconvcnn/confusion_matrix_table.table.json","nrows":64,"sha256":"13a6fd04346ff8692523df6a8391b86b0466d0dd42cf76f6a300cdb2b1cf9bfa","log_mode":"IMMUTABLE"},"_timestamp":1.7759019353000202e+09,"stage3_test_f1":0.6160094277224828,"bin_keep_ratio":0.0784313753247261,"best_val_loss":1.0550664317223333,"_wandb":{"runtime":153},"train_acc":58.087581725166416,"stage3_test_loss":0.8267039684737115,"mask_l1":0.039215683937072754,"_step":9,"stage2_test_f1":0.5811558857011253,"lr":0.001,"_runtime":153,"stage2_test_acc":67.59402369912416,"lr_backbone":0.0001,"stage":3,"stage1_test_loss":0.6905957118221806,"stage3_test_acc":71.57135497166409,"train_loss":0.7976863944325867,"val_acc":54.067321178120615,"stage1_test_f1":0.6647315251494192,"stage2_hard_bin_mask_str":"[1.0, 1.0, 1.0, 0.0, 1.0, 0.0, 0.0, 0.0, 0.0, 0.0, 0.0, 0.0, 0.0, 0.0, 0.0, 0.0, 0.0, 0.0, 0.0, 0.0, 0.0, 0.0, 0.0, 0.0, 0.0, 0.0, 0.0, 0.0, 0.0, 0.0, 0.0, 0.0, 0.0, 0.0, 0.0, 0.0, 0.0, 0.0, 0.0, 0.0, 0.0, 0.0, 0.0, 0.0, 0.0, 0.0, 0.0, 0.0, 0.0, 0.0, 0.0]","val_loss":1.1259539234353984,"epoch":20,"lr_gumbel_bin":0.001}