{"_runtime":12,"epoch":10,"stage2_test_acc":85.03562945368171,"lr_gumbel_bin":0.001,"_wandb":{"runtime":12},"stage":3,"stage2_test_f1":0.8506164831228493,"lr_backbone":0.0001,"train_acc":91.24910778015703,"val_acc":91.06628242074927,"lr":0.001,"stage1_test_acc":91.72039362063116,"val_loss":0.28500224950405306,"stage3_test_acc":85.95181540549711,"bin_keep_ratio":0.2734375,"_step":7,"best_val_loss":0.2640229447151639,"stage1/use_pretrain_model":false,"_timestamp":1.7764228445726354e+09,"stage3_test_loss":0.4315399709174949,"stage3_test_f1":0.8609754216053255,"mask_l1":0.0234375,"stage1_test_loss":0.25057173036076164,"stage_1_separableconvcnn/confusion_matrix_table":{"log_mode":"IMMUTABLE","artifact_path":"wandb-client-artifact://t6aauhwjzn017u886nmrnlhe9aknx25fux414rkgoeuwvmg7pryomgdn1deobkvawnuhw6r5ce2s0wri0s86abj277tizpf32hc9fwmdpaswkgxehvmqpxc27hof4y9f/stage_1_separableconvcnn/confusion_matrix_table.table.json","sha256":"ba1709b9ded253dca6f14b8d1a777336f0cb86899167c45d58f90d5e787020ac","nrows":36,"size":1366,"_type":"table-file","ncols":3,"_latest_artifact_path":"wandb-client-artifact://9doti3auy69ugplyphqipkzec7jhenqiwzjmxb1ihzeswhkzctwero09vp871ed0fr6qbfq4nr1qkorw4odksmce8f9mvbw8rkphawleid1h3sqli9lcpyhyz36pe9y0:latest/stage_1_separableconvcnn/confusion_matrix_table.table.json","path":"media/table/stage_1_separableconvcnn/confusion_matrix_table_1_ba1709b9ded253dca6f1.table.json"},"stage_3_separableconvcnn/confusion_matrix_table":{"path":"media/table/stage_3_separableconvcnn/confusion_matrix_table_6_fe68dc80ce519e615c5c.table.json","nrows":36,"size":1370,"log_mode":"IMMUTABLE","ncols":3,"artifact_path":"wandb-client-artifact://3py06yvnjt1b3xjvmvpcknwmjktjdd7muo6d3st1ikpatbttlnpmnctsbhhk8wpdkoue7ij58op7r460wxsylk1j97fosis5uo0xrjl0i1ysjcjfemiouxfj9d6otldb/stage_3_separableconvcnn/confusion_matrix_table.table.json","sha256":"fe68dc80ce519e615c5c0e01887a408281f7b16147051b522097687e277ff38a","_latest_artifact_path":"wandb-client-artifact://74gk9hnbnb868byyv37l65wb0wjfwl8koru7fnasoyfig1kz10utshyywr6r9o3uegu3997ys6clu83l6hmc891vrgzwo7dviqp1e64tqsi1j95os0hqxgq9l58xesna:latest/stage_3_separableconvcnn/confusion_matrix_table.table.json","_type":"table-file"},"stage2_test_loss":0.4760773078392158,"stage1/test_f1":0.9190924499938599,"train_loss":0.19489975259782244,"stage1/test_acc":91.72039362063116,"stage2_hard_bin_mask_str":"[0.0, 0.0, 0.0, 1.0, 1.0, 1.0, 1.0, 0.0, 0.0, 0.0, 0.0, 1.0, 0.0, 0.0, 1.0, 0.0, 1.0, 1.0, 1.0, 1.0, 0.0, 0.0, 0.0, 0.0, 1.0, 1.0, 1.0, 1.0, 1.0, 1.0, 0.0, 1.0, 1.0, 1.0, 1.0, 1.0, 1.0, 1.0, 0.0, 0.0, 0.0, 1.0, 0.0, 0.0, 1.0, 1.0, 0.0, 1.0, 1.0, 1.0, 1.0, 1.0, 1.0, 1.0, 1.0, 0.0, 0.0, 0.0, 0.0, 0.0, 0.0, 0.0, 1.0, 0.0, 0.0, 0.0, 0.0, 0.0, 0.0, 0.0, 0.0, 0.0, 0.0, 0.0, 0.0, 0.0, 0.0, 0.0, 0.0, 0.0, 0.0, 0.0, 0.0, 0.0, 0.0, 0.0, 0.0, 0.0, 0.0, 0.0, 0.0, 0.0, 0.0, 0.0, 0.0, 0.0, 0.0, 0.0, 0.0, 0.0, 0.0, 0.0, 0.0, 0.0, 0.0, 0.0, 0.0, 0.0, 0.0, 0.0, 0.0, 0.0, 0.0, 0.0, 0.0, 0.0, 0.0, 0.0, 0.0, 0.0, 0.0, 0.0, 0.0, 0.0, 0.0, 0.0, 0.0, 0.0]","stage1/test_loss":0.25057173036076164,"stage1_test_f1":0.9190924499938599}