{"val_acc":79.21760391198045,"stage1/test_acc":91.75432643366135,"stage2_test_acc":88.36104513064133,"best_val_loss":0.4570521893171015,"_wandb":{"runtime":14},"stage3_test_f1":0.9275436174259749,"stage1/use_pretrain_model":false,"_step":8,"lr_gumbel_bin":0.001,"stage2_test_f1":0.8851064254911317,"_timestamp":1.775768309876434e+09,"stage1_test_acc":91.75432643366135,"stage3_test_acc":92.63657957244655,"stage1_test_f1":0.9197352496137098,"stage2_test_loss":0.3016193793270602,"val_loss":0.7914942691081561,"train_acc":92.79850208843439,"stage_3_separableconvcnn/confusion_matrix_table":{"nrows":36,"ncols":3,"path":"media/table/stage_3_separableconvcnn/confusion_matrix_table_7_fd62ed9cf9658833ab4c.table.json","_latest_artifact_path":"wandb-client-artifact://7wlot75ihs4hz1ygmh6up87743s4i7z40iffop2o4davj6rcfolox8lirf3fj99xchus03t565h1me805rls3dyaelvangf4ypo4ic1fyc35hmku6oddzes9wx4xrw6b:latest/stage_3_separableconvcnn/confusion_matrix_table.table.json","size":1367,"log_mode":"IMMUTABLE","artifact_path":"wandb-client-artifact://27z00ingtpwuvqp4hdxoox8abkx2d5rkshspblo7kq3k8ltr0zbeusehfuxiu51ozea4aohm2jbgsoewz6alsroc4cqqchu009qnho2a907cu1jsi6hry5fclxp3hu35/stage_3_separableconvcnn/confusion_matrix_table.table.json","_type":"table-file","sha256":"fd62ed9cf9658833ab4c75b69a59554a7cff274db2d21bd138a49e17734bb1a0"},"stage1/test_f1":0.9197352496137098,"epoch":10,"lr":0.001,"stage1_test_loss":0.22306190427325723,"train_loss":0.16315181758756445,"lr_backbone":0.0001,"stage1/test_loss":0.22306190427325723,"stage_1_separableconvcnn/confusion_matrix_table":{"_type":"table-file","log_mode":"IMMUTABLE","size":1366,"_latest_artifact_path":"wandb-client-artifact://3tzs33zf7p8pfs4h3s1r9dazj6ig4upjxii8w2w6h1c02ds9tfccus8i0qyqaaw3urdgzg7qr0kgokwjxiplsaoc5y0pkqq2nrxpkk1cuba5y36ena8dngldi9dj5d15:latest/stage_1_separableconvcnn/confusion_matrix_table.table.json","path":"media/table/stage_1_separableconvcnn/confusion_matrix_table_1_2b3b07e28ea0905122ac.table.json","sha256":"2b3b07e28ea0905122ac401c49b592fc20691227510774fa51c55f0ff17409cc","ncols":3,"artifact_path":"wandb-client-artifact://hzdnk79b5nxowf0qigs5p0om8dgjk40ols58qqznr9b66nbbmnp45emnka9myjguqpcwihh3ded5mi9zf8syc7ee0blja83ef0zutovkdw2947ihgsirodnlsfmmp2oy/stage_1_separableconvcnn/confusion_matrix_table.table.json","nrows":36},"stage2_hard_bin_mask_str":"[1.0, 1.0, 1.0, 1.0, 1.0, 1.0, 1.0, 1.0, 1.0, 1.0, 1.0, 1.0, 1.0, 1.0, 0.0, 0.0, 1.0, 1.0, 0.0, 1.0, 1.0, 1.0, 1.0, 1.0, 1.0, 0.0, 0.0, 1.0, 1.0, 0.0, 1.0, 0.0, 1.0, 0.0, 0.0, 1.0, 0.0, 0.0, 0.0, 0.0, 0.0, 0.0, 0.0, 0.0, 0.0, 0.0, 0.0, 0.0, 0.0, 0.0, 0.0, 0.0, 0.0, 0.0, 0.0, 0.0, 0.0, 0.0, 0.0, 0.0, 0.0, 0.0, 0.0, 0.0, 0.0]","stage3_test_loss":0.2160385135961946,"stage":3,"mask_l1":0.2769230604171753,"_runtime":14,"bin_keep_ratio":0.4153846204280853}