{"best_val_loss":0.30433375213590186,"_wandb":{"runtime":18},"stage2_hard_bin_mask_str":"[0.0, 0.0, 0.0, 0.0, 0.0, 0.0, 1.0, 1.0, 1.0, 1.0, 1.0, 0.0, 1.0, 0.0, 0.0, 1.0, 1.0, 1.0, 1.0, 1.0, 0.0, 1.0, 1.0, 1.0, 1.0, 1.0, 1.0, 1.0, 0.0, 1.0, 0.0, 1.0, 1.0, 1.0, 1.0, 1.0, 0.0, 0.0, 1.0, 1.0, 1.0, 1.0, 1.0, 1.0, 1.0, 1.0, 1.0, 0.0, 1.0, 1.0, 1.0, 1.0, 1.0, 1.0, 1.0, 1.0, 1.0, 1.0, 1.0, 1.0, 0.0, 0.0, 0.0, 0.0, 0.0, 0.0, 0.0, 0.0, 0.0, 0.0, 0.0, 0.0, 0.0, 0.0, 0.0, 0.0, 0.0, 0.0, 0.0, 0.0, 0.0, 0.0, 0.0, 0.0, 0.0, 0.0, 0.0, 0.0, 0.0, 0.0, 0.0, 0.0, 0.0, 0.0, 0.0, 0.0, 0.0, 0.0, 0.0, 0.0, 0.0, 0.0, 0.0, 0.0, 0.0, 0.0, 0.0, 0.0, 0.0, 0.0, 0.0, 0.0, 0.0, 0.0, 0.0, 0.0, 0.0, 0.0, 0.0, 0.0, 0.0, 0.0, 0.0, 0.0, 0.0, 0.0, 0.0, 0.0]","lr":0.001,"val_acc":85.92375366568915,"stage1/use_pretrain_model":false,"mask_l1":0.1640625,"stage":3,"stage1_test_acc":89.85408890397014,"stage3_test_loss":0.49892947681949446,"lr_gumbel_bin":0.001,"train_acc":95.05063471687349,"stage1_test_loss":0.4559599839993571,"stage2_test_f1":0.8750699954080177,"bin_keep_ratio":0.3515625,"epoch":20,"stage3_test_f1":0.8722267477444663,"stage1/test_f1":0.8992012196111356,"stage2_test_acc":87.37699355276553,"_step":10,"train_loss":0.11791235738372925,"stage_3_separableconvcnn/confusion_matrix_table":{"log_mode":"IMMUTABLE","size":1368,"artifact_path":"wandb-client-artifact://4ve1vqxck1gfnszgs5w3ycl94b79jqspepe1a6mu6s1s7cdgk49tamjety56j0msf3yqetwpgtpxy5t4c83lv2so2vh72h9lqifl29vnd0mh0qakkzg222h79fsiod3b/stage_3_separableconvcnn/confusion_matrix_table.table.json","_latest_artifact_path":"wandb-client-artifact://sk5rwwpgh40nerl7r5kvn9nqrnqwb31254mbwy2asddtcyzkj5i9prp2a1m0j5dn99zdt7xdisrvorizxuddha3sks3atrhp7gg1tl48rmz58vv8lgewk7ltzfoqsdsn:latest/stage_3_separableconvcnn/confusion_matrix_table.table.json","ncols":3,"nrows":36,"path":"media/table/stage_3_separableconvcnn/confusion_matrix_table_9_98140cba0e16f24004a4.table.json","sha256":"98140cba0e16f24004a4cde10935378fae01fadfadaa83790cc4b5ac6290546b","_type":"table-file"},"_runtime":18,"val_loss":0.40766483702617656,"stage1/test_acc":89.85408890397014,"_timestamp":1.7764280654279497e+09,"stage2_test_loss":0.4849112879212524,"stage1/test_loss":0.4559599839993571,"stage3_test_acc":87.10553104852393,"lr_backbone":0.0001,"stage_1_separableconvcnn/confusion_matrix_table":{"sha256":"02c5a6fac2b98a2cce23216035c71184f8282e95afab8b7a4923ed0654b10cea","nrows":36,"size":1368,"log_mode":"IMMUTABLE","_latest_artifact_path":"wandb-client-artifact://gxhyq9k2llah7qp65wcze8ok54kqwpq3c8j1w3psakcwsblbx8dq8hm0842i878ubxmc9blllnokfctqmogh2wyewbav1cm08b943m02wnyumzfyttouplnbz8zjiyqt:latest/stage_1_separableconvcnn/confusion_matrix_table.table.json","path":"media/table/stage_1_separableconvcnn/confusion_matrix_table_1_02c5a6fac2b98a2cce23.table.json","_type":"table-file","ncols":3,"artifact_path":"wandb-client-artifact://tvzi8jk1ria1e1iqq12607rgzcuwk5j178yqrwenb8gxkhcvullx5f50m0vb1q5s86xqtu01qdjxwg4mfyxl6bonxlzy8oiorfehng8uydim1wa0hetrasgygvarhaet/stage_1_separableconvcnn/confusion_matrix_table.table.json"},"stage1_test_f1":0.8992012196111356}