{"stage1/test_loss":0.2390684281721116,"val_loss":0.5597715014236764,"train_acc":81.6146056197404,"best_val_loss":0.4701072713496748,"epoch":25,"mask_l1":0.07692307978868484,"stage1_test_loss":0.2390684281721116,"_step":6,"_timestamp":1.7766109985061588e+09,"stage1_test_f1":0.9108162276968897,"stage1_test_acc":90.97387173396675,"stage1/test_f1":0.9108162276968897,"stage1/use_pretrain_model":false,"stage_1_separableconvcnn/confusion_matrix_table":{"size":1368,"ncols":3,"sha256":"229f633e2f2ecf27ed30b24fb7f00befb11ff430a609ab630cf60411c308e839","log_mode":"IMMUTABLE","_type":"table-file","_latest_artifact_path":"wandb-client-artifact://w5oyc1spsqcikvnzvs33f4wf28k1qdqngv2up2in77wwgmdj9j4yindpxf9yvzu0w0f3gu95pg3mk8rrqhglhzkkbfrxccm98ymg340yqywcd3oadq45f0ff9uasmfh6:latest/stage_1_separableconvcnn/confusion_matrix_table.table.json","path":"media/table/stage_1_separableconvcnn/confusion_matrix_table_1_229f633e2f2ecf27ed30.table.json","artifact_path":"wandb-client-artifact://w94ow7a6h6pnzzrgkdhroxitxzqsymbl4jppw6s5te7djv8vwauefd5zff6rbnv0xf87c5hsf1pq6h092djsnsgfgk3ia3jxpehsk1f8ksyuibmnnd0cp85qsqpwy8r9/stage_1_separableconvcnn/confusion_matrix_table.table.json","nrows":36},"_runtime":13,"val_acc":79.17888563049853,"_wandb":{"runtime":13},"train_loss":0.7149066408152179,"lr_gumbel_bin":0.001,"lr_backbone":0.0001,"stage":2,"stage1/test_acc":90.97387173396675}