{"stage2/val_loss":0.8199861195096945,"epoch":60,"_step":21,"stage_3_prunedseparableconvcnn/confusion_matrix_table":{"ncols":3,"size":1365,"nrows":36,"log_mode":"IMMUTABLE","sha256":"f92d1656f813db99fce20c0778753a64a0d2e63c73c94cc1df32eba185595b63","artifact_path":"wandb-client-artifact://zf72b4uiswzh2wleba5s4ij5mxaotikz5szg1iq8wzd6nj68kutxlw4gvtvvtdao44ujk46fmq9lydina3upuaklvxvmvrxzxv4m9q9vsf2njnkt7bmmnjm9ezwlgtbk/stage_3_prunedseparableconvcnn/confusion_matrix_table.table.json","_type":"table-file","path":"media/table/stage_3_prunedseparableconvcnn/confusion_matrix_table_19_f92d1656f813db99fce2.table.json","_latest_artifact_path":"wandb-client-artifact://4frsxdeytxt240vq0b8mvnw4hvaxwfxraoohmew3yxjkzs7dpteeyya7on69z826uu0k3rs8fdla8bt0x37gyw30ifhwi55ml1pbm7bpopptqpkz68930stc3e83ch4i:latest/stage_3_prunedseparableconvcnn/confusion_matrix_table.table.json"},"_timestamp":1.7758745898313627e+09,"stage2/test_f1":0.4978379820721133,"train_loss":0.1617902945556225,"stage":3,"Total_Pruned_%":58.4375,"stage2/Total_Pruned_%":58.4375,"model_param_count_dense":36868,"stage1/test_f1":0.9083884028424908,"stage2/final_mask_keep_ratio_block3":0.4375,"stage2/val_acc":58.776595744680854,"val_acc":95.2127659574468,"stage1/use_pretrain_model":false,"stage2/block4_Pruned_%":67.1875,"stage2/train_loss":1.048241363206041,"stage1/test_acc":90.70240922972515,"stage1_test_loss":0.344244056778843,"stage2/block2_Pruned_%":45.3125,"stage2/raw_hard_mask_block3":"[0.0, 1.0, 0.0, 0.0, 1.0, 1.0, 0.0, 0.0, 1.0, 1.0, 1.0, 1.0, 1.0, 0.0, 1.0, 1.0, 0.0, 1.0, 0.0, 0.0, 0.0, 0.0, 0.0, 1.0, 1.0, 0.0, 0.0, 1.0, 1.0, 1.0, 1.0, 0.0, 0.0, 0.0, 0.0, 1.0, 0.0, 0.0, 0.0, 0.0, 1.0, 0.0, 1.0, 0.0, 0.0, 0.0, 0.0, 1.0, 1.0, 1.0, 0.0, 1.0, 1.0, 0.0, 0.0, 0.0, 1.0, 1.0, 0.0, 0.0, 0.0, 1.0, 0.0, 1.0, 0.0, 0.0, 0.0, 0.0, 1.0, 1.0, 0.0, 0.0, 0.0, 1.0, 0.0, 0.0, 0.0, 0.0, 1.0, 1.0, 0.0, 0.0, 0.0, 0.0, 0.0, 1.0, 0.0, 1.0, 1.0, 0.0, 1.0, 0.0, 0.0, 0.0, 0.0, 0.0, 0.0, 1.0, 1.0, 1.0, 0.0, 1.0, 1.0, 0.0, 1.0, 0.0, 1.0, 0.0, 0.0, 0.0, 1.0, 0.0, 0.0, 1.0, 1.0, 0.0, 1.0, 0.0, 1.0, 1.0, 1.0, 0.0, 0.0, 1.0, 1.0, 0.0, 1.0, 1.0]","lr_loaded_weights":0.0001,"stage2/test_acc":56.70173057346454,"stage2_test_acc":56.70173057346454,"model_param_count_pruned":9495,"stage2_test_f1":0.4978379820721133,"stage2/stage_number":2,"stage2/lr_gumbel":0.001,"stage_1_separableconvcnn/confusion_matrix_table":{"sha256":"beec763689a3ade99de0f94dc00571c79732049db16ef5d22d8483d7a1255bae","_latest_artifact_path":"wandb-client-artifact://ctfwjxn7b8zdrebdp2o1ehly9sr9ybcapj25b6dp4sfke6ndwh1y2bf9cegey1jyav2zpvayd3qawmqmj5o4pzc6otpejp02a8sddghpfhqluj59gfof2y64kgeedmws:latest/stage_1_separableconvcnn/confusion_matrix_table.table.json","ncols":3,"_type":"table-file","size":1367,"log_mode":"IMMUTABLE","artifact_path":"wandb-client-artifact://xvr69z1vzaukgr39k5c1i9g7aj91ku8e3k1dwhkhvolc7vk8rz96777mj2p5iylg6m18k2o62t14dvq4089hqwesctm9xd2qgob7dpan7vci46s9mvhxex31g0sei91y/stage_1_separableconvcnn/confusion_matrix_table.table.json","nrows":36,"path":"media/table/stage_1_separableconvcnn/confusion_matrix_table_1_beec763689a3ade99de0.table.json"},"stage2/final_mask_keep_ratio_block4":0.328125,"block4_Pruned_%":67.1875,"_runtime":33,"stage2/lr_backbone":0.0001,"stage3_test_f1":0.9192612994987259,"stage3_test_loss":0.27962463757026623,"block2_Pruned_%":45.3125,"best_val_loss":0.12183157672738394,"stage2/train_acc":60.98050458715596,"stage2/mask_l1":0.4795704782009125,"stage2/block3_Pruned_%":56.25,"stage2/raw_hard_mask_block2":"[0.0, 1.0, 1.0, 1.0, 1.0, 1.0, 0.0, 1.0, 1.0, 0.0, 0.0, 1.0, 1.0, 0.0, 0.0, 1.0, 0.0, 1.0, 1.0, 1.0, 0.0, 0.0, 1.0, 0.0, 1.0, 0.0, 1.0, 0.0, 0.0, 1.0, 0.0, 0.0, 0.0, 0.0, 0.0, 1.0, 1.0, 1.0, 1.0, 0.0, 1.0, 0.0, 0.0, 1.0, 1.0, 1.0, 1.0, 1.0, 1.0, 1.0, 0.0, 0.0, 1.0, 1.0, 1.0, 0.0, 1.0, 0.0, 0.0, 1.0, 0.0, 0.0, 1.0, 0.0]","stage2/epoch":20,"_wandb":{"runtime":33},"train_acc":92.94724770642202,"val_loss":0.12907248668396162,"stage2/best_epoch":10,"stage1_test_f1":0.9083884028424908,"stage3_test_acc":91.78825924669155,"stage2/purpose":"train channel-pruning model with masking","final_summary_log_path":"/home/qphan/master-thesis/models/uci_best_model_three_stage_channel_subject27_val_final_summary_val_27.txt","stage2_test_loss":0.9048357914828591,"stage2/best_val_loss":0.7146218812212031,"block3_Pruned_%":56.25,"stage1/test_loss":0.344244056778843,"stage2/test_loss":0.9048357914828591,"stage1_test_acc":90.70240922972515,"model_param_count":9495,"stage2/raw_hard_mask_block4":"[0.0, 0.0, 1.0, 1.0, 1.0, 1.0, 0.0, 1.0, 0.0, 1.0, 0.0, 0.0, 0.0, 0.0, 0.0, 1.0, 1.0, 0.0, 1.0, 0.0, 1.0, 0.0, 0.0, 0.0, 0.0, 1.0, 0.0, 0.0, 0.0, 0.0, 1.0, 0.0, 0.0, 0.0, 1.0, 0.0, 0.0, 0.0, 0.0, 0.0, 0.0, 0.0, 0.0, 0.0, 1.0, 1.0, 0.0, 1.0, 1.0, 1.0, 1.0, 1.0, 1.0, 0.0, 0.0, 0.0, 0.0, 1.0, 0.0, 1.0, 0.0, 0.0, 1.0, 0.0, 0.0, 0.0, 0.0, 0.0, 0.0, 0.0, 0.0, 0.0, 0.0, 0.0, 0.0, 0.0, 1.0, 0.0, 0.0, 0.0, 1.0, 0.0, 0.0, 0.0, 0.0, 0.0, 0.0, 1.0, 0.0, 0.0, 0.0, 0.0, 0.0, 0.0, 1.0, 0.0, 1.0, 0.0, 0.0, 1.0, 1.0, 1.0, 0.0, 0.0, 1.0, 0.0, 0.0, 1.0, 1.0, 0.0, 0.0, 1.0, 0.0, 1.0, 0.0, 0.0, 0.0, 1.0, 0.0, 1.0, 0.0, 0.0, 0.0, 0.0, 1.0, 1.0, 1.0, 0.0]","model_param_reduction_pct":74.24595855484431,"stage2/final_mask_keep_ratio_block2":0.546875}