{"lr_backbone":0.0001,"train_acc":90.22815325010762,"_runtime":24,"stage1/use_pretrain_model":false,"_wandb":{"runtime":24},"stage2_hard_bin_mask_str":"[1.0, 1.0, 1.0, 1.0, 1.0, 1.0, 1.0, 1.0, 1.0, 0.0, 1.0, 0.0, 0.0, 0.0, 0.0, 0.0, 0.0, 0.0, 0.0, 0.0, 0.0, 0.0, 0.0, 0.0, 0.0, 0.0, 0.0, 0.0, 0.0, 0.0, 0.0, 0.0, 0.0, 0.0, 0.0, 0.0, 0.0, 0.0, 0.0, 0.0, 0.0, 0.0, 0.0, 0.0, 0.0, 0.0, 0.0, 0.0, 0.0, 0.0, 0.0, 0.0, 0.0, 0.0, 0.0, 0.0, 0.0, 0.0, 0.0, 0.0, 0.0, 0.0, 0.0, 0.0, 0.0]","stage1_test_f1":0.9252008010887307,"stage":3,"stage2_test_f1":0.8888769587642028,"stage3_test_acc":89.34509670851713,"stage3_test_f1":0.8948065730092569,"best_val_loss":0.22520328876769108,"val_acc":88.25065274151436,"stage_1_separableconvcnn/confusion_matrix_table":{"ncols":3,"_latest_artifact_path":"wandb-client-artifact://0bg9w7e42xl8qw2mo6risgb0opa3k2txt5qwk77hkw66j1xo22tt0cacsttzhk2pd4pktuya2e1i91sofnpsdwkp8p3pm3lr84ffqc39xzxfoxrvsqobg69pi018k9b6:latest/stage_1_separableconvcnn/confusion_matrix_table.table.json","log_mode":"IMMUTABLE","_type":"table-file","path":"media/table/stage_1_separableconvcnn/confusion_matrix_table_1_fbad1ffa9e4a698441e6.table.json","nrows":36,"sha256":"fbad1ffa9e4a698441e6c4034ec7cba260dd5a39d3fe7b34b8c33c001509fe53","size":1366,"artifact_path":"wandb-client-artifact://r8v7qxqvwgicgbl0s157s02dea5sounclemjl8p1so53dsf7a28hwgtaqnxoscyjz3dx3apo81txg9uzm85tvcb9txk594vno728ea1izzvvg1e3tuqc7lnu3jqzz1qw/stage_1_separableconvcnn/confusion_matrix_table.table.json"},"stage1/test_f1":0.9252008010887307,"_timestamp":1.7757723984604585e+09,"stage1_test_loss":0.20342029849058735,"stage1/test_acc":92.36511706820495,"bin_keep_ratio":0.1538461595773697,"lr":0.001,"stage3_test_loss":0.30013576993994906,"epoch":20,"stage1_test_acc":92.36511706820495,"stage2_test_acc":88.90397013912454,"_step":14,"stage2_test_loss":0.29677873460511467,"stage_3_separableconvcnn/confusion_matrix_table":{"_type":"table-file","log_mode":"IMMUTABLE","ncols":3,"nrows":36,"artifact_path":"wandb-client-artifact://666qw7ljlke2bjxcp332ljg9gped9a27sbkgt590fyojd1v2p4kp0p5eqlq1qxizasmsafgwskz0h3haok8cp9nqhs6zfyy556ub7xfpk9xcd31an0mwtmjmb29nvefq/stage_3_separableconvcnn/confusion_matrix_table.table.json","path":"media/table/stage_3_separableconvcnn/confusion_matrix_table_13_6cde9b3725c5fd190ae3.table.json","size":1367,"_latest_artifact_path":"wandb-client-artifact://9wpdazpun86nybn70ax8o2wma20xl3bl5694ugcyllk1kpuqn9fht4oc7l1iphjcgkyefikuzaee1xl76gmpd8uu0ry3scvfgrk3s1al7bj7l82n9uw5j9vjfzjq6d55:latest/stage_3_separableconvcnn/confusion_matrix_table.table.json","sha256":"6cde9b3725c5fd190ae39326ca426726c8a5c1356ebe56d40dc9c1edfc864b80"},"val_loss":0.2934869123092675,"mask_l1":0.13846154510974884,"lr_gumbel_bin":0.001,"stage1/test_loss":0.20342029849058735,"train_loss":0.2166717691313059}