{"stage_3_separableconvcnn/confusion_matrix_table":{"sha256":"82f96251508e7c9cf94088a16e585e32bcaf1dc9e5443159e986d0e0fdd7c1ec","nrows":36,"_type":"table-file","size":1368,"ncols":3,"log_mode":"IMMUTABLE","path":"media/table/stage_3_separableconvcnn/confusion_matrix_table_6_82f96251508e7c9cf940.table.json","_latest_artifact_path":"wandb-client-artifact://irove2mt3ver6nt1fkma0rfkilg9i5izgmg6xo640tmwmutk4ysld54cbrapb2tpe7xjvgdynuj15ozc2sfx40l99ssbdjkuphvpmcoaafhrzdtdq7fd7820b7wc922s:latest/stage_3_separableconvcnn/confusion_matrix_table.table.json","artifact_path":"wandb-client-artifact://52y2dd45fr123n1wruza4xp791nsbbukjgyq2lqtccjzi8rjiej7fe0h3bt00irpig78upz8j11k8zw2t52mvtzo2aflos4l09urp0ulpk74dnj702qc9wywmj4aqecs/stage_3_separableconvcnn/confusion_matrix_table.table.json"},"bin_keep_ratio":0.6461538672447205,"stage1/test_f1":0.8970913604633416,"stage2_test_acc":86.73227010519172,"stage1/test_loss":0.333903368065058,"mask_l1":0.6615384221076965,"stage2_test_f1":0.8663516443624429,"train_acc":96.01713062098501,"stage1/use_pretrain_model":false,"stage1_test_f1":0.8970913604633416,"stage1_test_acc":89.71835765184935,"stage_1_separableconvcnn/confusion_matrix_table":{"size":1366,"log_mode":"IMMUTABLE","sha256":"afe147d38f01e1852de86fb6603c33be46cdb43576857b41a32c382468e7b269","nrows":36,"_latest_artifact_path":"wandb-client-artifact://zmx6ooeqyor5zzn31hpi1jhb5d4lmb5p9if7xz49xa1bpn72vkcttjm76oq213a0bry5rkcj1tv4rit8o2j4fmjxs4m33kt8n7w4dv8scc8atm5bpxy05b1eqyadaywo:latest/stage_1_separableconvcnn/confusion_matrix_table.table.json","artifact_path":"wandb-client-artifact://xpvj7zgpho2jf52ie3cqj9j0liw7c5alh8ufb7nxbo995137r279s89dofe3ot5m1vx2n2zw1dhi8a97vsl0vewjf0af3mzg0dkpn9eo8wkz2n5qrprgcsfdds3tnjbt/stage_1_separableconvcnn/confusion_matrix_table.table.json","path":"media/table/stage_1_separableconvcnn/confusion_matrix_table_1_afe147d38f01e1852de8.table.json","ncols":3,"_type":"table-file"},"stage1_test_loss":0.333903368065058,"val_loss":0.2033544461368999,"stage3_test_loss":0.33400963965651664,"stage3_test_f1":0.9000015432748544,"epoch":10,"stage3_test_acc":89.88802171700034,"_wandb":{"runtime":11},"stage":3,"lr_gumbel_bin":0.001,"_runtime":11,"best_val_loss":0.1952102372005676,"stage2_hard_bin_mask_str":"[1.0, 1.0, 1.0, 1.0, 1.0, 1.0, 1.0, 1.0, 1.0, 1.0, 1.0, 1.0, 1.0, 1.0, 1.0, 1.0, 1.0, 1.0, 1.0, 1.0, 1.0, 0.0, 1.0, 0.0, 1.0, 0.0, 1.0, 0.0, 1.0, 1.0, 0.0, 1.0, 1.0, 1.0, 1.0, 1.0, 0.0, 0.0, 0.0, 0.0, 0.0, 0.0, 0.0, 1.0, 1.0, 1.0, 1.0, 0.0, 0.0, 0.0, 1.0, 0.0, 1.0, 0.0, 0.0, 1.0, 1.0, 0.0, 1.0, 0.0, 0.0, 0.0, 1.0, 0.0, 1.0]","stage2_test_loss":0.42711346339520345,"_timestamp":1.7757659566336079e+09,"_step":7,"stage1/test_acc":89.71835765184935,"lr_backbone":0.0001,"val_acc":91.35446685878962,"lr":0.001,"train_loss":0.09671615807394059}