{"_wandb":{"runtime":179},"stage2/best_epoch":20,"_step":15,"stage1/test_loss":0.5653489989658461,"train_acc":70.21708822943637,"stage2/test_loss":0.5938310668924185,"stage2/raw_hard_mask_block4":"[1.0, 0.0, 1.0, 1.0, 1.0, 1.0, 1.0, 1.0, 1.0, 1.0, 1.0, 1.0, 1.0, 0.0, 1.0, 0.0, 1.0, 1.0, 0.0, 1.0, 1.0, 1.0, 1.0, 1.0, 1.0, 1.0, 1.0, 1.0, 0.0, 1.0, 1.0, 1.0, 1.0, 1.0, 1.0, 1.0, 1.0, 1.0, 1.0, 0.0, 1.0, 1.0, 1.0, 1.0, 1.0, 1.0, 1.0, 1.0, 0.0, 1.0, 1.0, 1.0, 1.0, 1.0, 1.0, 1.0, 1.0, 1.0, 0.0, 1.0, 1.0, 1.0, 1.0, 1.0, 1.0, 1.0, 1.0, 1.0, 1.0, 1.0, 1.0, 1.0, 1.0, 1.0, 1.0, 1.0, 1.0, 1.0, 1.0, 1.0, 1.0, 1.0, 1.0, 1.0, 1.0, 1.0, 1.0, 1.0, 1.0, 1.0, 1.0, 1.0, 1.0, 1.0, 1.0, 1.0, 1.0, 1.0, 1.0, 0.0, 1.0, 1.0, 1.0, 1.0, 1.0, 1.0, 1.0, 1.0, 0.0, 1.0, 1.0, 1.0, 1.0, 0.0, 1.0, 1.0, 0.0, 1.0, 1.0, 1.0, 1.0, 1.0, 1.0, 0.0, 0.0, 1.0, 1.0, 1.0]","stage2_test_acc":81.20556414219475,"block2_Pruned_%":48.4375,"stage2/train_acc":58.852818163712406,"stage1/test_f1":0.7228151704926542,"model_param_count_dense":36998,"stage2/purpose":"train channel-pruning model with masking","stage2/raw_hard_mask_block2":"[0.0, 0.0, 0.0, 1.0, 1.0, 0.0, 1.0, 1.0, 1.0, 1.0, 1.0, 0.0, 1.0, 0.0, 0.0, 1.0, 0.0, 1.0, 0.0, 0.0, 0.0, 0.0, 1.0, 0.0, 0.0, 1.0, 1.0, 1.0, 0.0, 1.0, 0.0, 0.0, 0.0, 1.0, 1.0, 1.0, 0.0, 1.0, 1.0, 1.0, 1.0, 1.0, 1.0, 1.0, 0.0, 0.0, 1.0, 1.0, 0.0, 0.0, 1.0, 1.0, 0.0, 0.0, 0.0, 0.0, 0.0, 1.0, 0.0, 1.0, 0.0, 1.0, 0.0, 1.0]","epoch":20,"stage2/stage_number":2,"stage2_test_f1":0.7025858869493555,"model_param_count_pruned":17615,"final_summary_log_path":"/home/qphan/master-thesis/models/wear_best_model_three_stage_channel_subject12_val_final_summary_val_12.txt","train_loss":0.545131622583974,"lr_loaded_weights":0.0001,"best_val_loss":0.6695212004344446,"stage2/test_acc":81.20556414219475,"stage1/use_pretrain_model":false,"stage1_test_f1":0.7228151704926542,"stage2/final_mask_keep_ratio_block2":0.515625,"_runtime":179,"stage":3,"stage1/test_acc":81.3086038124678,"val_loss":0.6875275811422633,"stage2/mask_l1":0.4688953161239624,"stage_1_separableconvcnn/confusion_matrix_table":{"_latest_artifact_path":"wandb-client-artifact://zu13iqsn4tppparkmrqu6hcfj5159kh3u3yey0185m2f6i7qy8u91lx0qoxvu3p0m4c99b0yviibfsuoa8exxiy9jg12lt5oxl85eqla4muqerkdiffxhwkb9wnyaq1i:latest/stage_1_separableconvcnn/confusion_matrix_table.table.json","sha256":"14d96d6b1954bd431fb550cbb534334d5fce5a1a1a82172355e06f6791e30080","ncols":3,"path":"media/table/stage_1_separableconvcnn/confusion_matrix_table_1_14d96d6b1954bd431fb5.table.json","_type":"table-file","artifact_path":"wandb-client-artifact://12n6mcr1vdktzv3d1ixf30pk0hyhrb694gb659vu2ufu5wqi91pfcgq3jmzzeyj6wx85fapb9tal54mr1g6vzuwie9h5zemyttk1t3pajeuvd8ckdavzqx5aobipd87d/stage_1_separableconvcnn/confusion_matrix_table.table.json","size":2013,"log_mode":"IMMUTABLE","nrows":64},"stage2_test_loss":0.5938310668924185,"stage2/epoch":30,"model_param_count":17615,"val_acc":68.73661670235546,"stage2/block3_Pruned_%":59.375,"stage2/final_mask_keep_ratio_block4":0.890625,"stage2/lr_backbone":0.0001,"stage2/val_acc":58.09115937595595,"stage2/final_mask_keep_ratio_block3":0.40625,"stage2/block2_Pruned_%":48.4375,"stage3_test_f1":0.7096451868927516,"stage2/lr_gumbel":0.001,"stage1_test_acc":81.3086038124678,"Total_Pruned_%":37.81250000000001,"stage_3_prunedseparableconvcnn/confusion_matrix_table":{"_latest_artifact_path":"wandb-client-artifact://pb0nvvxpix09jdpngqnnfdjn5agldtmv6dh62di1ly8cw2ouzg4ijfyerb74q5yu4bu0n6pq3rc321ke8pn1mmxrkccgr19ugvruf1fvcsmms0xmubizhegjhl6m7r8g:latest/stage_3_prunedseparableconvcnn/confusion_matrix_table.table.json","ncols":3,"_type":"table-file","nrows":64,"path":"media/table/stage_3_prunedseparableconvcnn/confusion_matrix_table_13_f14b897574c7bc1e469b.table.json","size":2016,"sha256":"f14b897574c7bc1e469b48db82437ed3c4cb87310f6f9b613188c3cceee37ca6","log_mode":"IMMUTABLE","artifact_path":"wandb-client-artifact://5n8fc1ip0e8lja809952uogejppklg3euqsydbm9998jxkirtc4spvus5zf1xgh0upl2tiqqj0ty7cg870lwwl9eqep2ucwz0jkbpxte3ses1zznuktbb71u68khr814/stage_3_prunedseparableconvcnn/confusion_matrix_table.table.json"},"_timestamp":1.776878949496934e+09,"stage2/raw_hard_mask_block3":"[0.0, 0.0, 1.0, 1.0, 0.0, 0.0, 0.0, 0.0, 0.0, 1.0, 0.0, 1.0, 1.0, 1.0, 0.0, 0.0, 1.0, 0.0, 0.0, 0.0, 1.0, 1.0, 0.0, 0.0, 0.0, 1.0, 0.0, 0.0, 1.0, 1.0, 1.0, 1.0, 0.0, 1.0, 0.0, 0.0, 1.0, 1.0, 0.0, 0.0, 1.0, 0.0, 0.0, 0.0, 0.0, 1.0, 1.0, 0.0, 0.0, 0.0, 0.0, 0.0, 0.0, 1.0, 1.0, 0.0, 0.0, 0.0, 0.0, 1.0, 0.0, 1.0, 0.0, 1.0, 0.0, 0.0, 0.0, 1.0, 0.0, 0.0, 0.0, 0.0, 0.0, 0.0, 1.0, 0.0, 1.0, 0.0, 0.0, 0.0, 0.0, 0.0, 1.0, 0.0, 1.0, 1.0, 0.0, 0.0, 0.0, 0.0, 1.0, 0.0, 1.0, 1.0, 1.0, 1.0, 1.0, 0.0, 1.0, 0.0, 0.0, 1.0, 0.0, 1.0, 1.0, 0.0, 1.0, 0.0, 1.0, 1.0, 1.0, 1.0, 1.0, 0.0, 1.0, 1.0, 1.0, 0.0, 1.0, 0.0, 0.0, 0.0, 0.0, 1.0, 0.0, 0.0, 0.0, 0.0]","stage2/val_loss":0.7258824830246322,"stage3_test_loss":0.5850947548277842,"stage2/train_loss":0.9123171014297629,"stage1_test_loss":0.5653489989658461,"block4_Pruned_%":10.9375,"stage2/block4_Pruned_%":10.9375,"stage2/test_f1":0.7025858869493555,"stage2/best_val_loss":0.7264292551202853,"model_param_reduction_pct":52.389318341531975,"block3_Pruned_%":59.375,"stage2/Total_Pruned_%":37.81250000000001,"stage3_test_acc":80.15455950540958}