{"stage2/val_acc":68.32740213523131,"stage2/raw_hard_mask_block2":"[1.0, 1.0, 1.0, 1.0, 1.0, 1.0, 0.0, 1.0, 1.0, 1.0, 0.0, 0.0, 1.0, 0.0, 1.0, 0.0, 1.0, 1.0, 0.0, 0.0, 1.0, 0.0, 1.0, 0.0, 1.0, 0.0, 0.0, 1.0, 0.0, 0.0, 0.0, 1.0, 1.0, 1.0, 1.0, 0.0, 1.0, 0.0, 1.0, 1.0, 0.0, 0.0, 1.0, 0.0, 0.0, 0.0, 0.0, 0.0, 1.0, 1.0, 0.0, 0.0, 0.0, 1.0, 1.0, 0.0, 1.0, 1.0, 1.0, 1.0, 1.0, 0.0, 1.0, 1.0]","stage_1_separableconvcnn/confusion_matrix_table":{"log_mode":"IMMUTABLE","ncols":3,"artifact_path":"wandb-client-artifact://s9qpigl8xr13uugdduaivh1g66ixqngba1tvoy2c28stp6d049xjbayv73maipzw6wb6n4iszpxdyw7omwqhpcbw561p3szpg0qa42ecl9adc7o26enffzebvg6ms85g/stage_1_separableconvcnn/confusion_matrix_table.table.json","nrows":36,"sha256":"664cf793b2fa786236774bb749846c1cb5ed9bdb1154b6b86916ab2731fb7a5c","size":1365,"path":"media/table/stage_1_separableconvcnn/confusion_matrix_table_1_664cf793b2fa78623677.table.json","_type":"table-file","_latest_artifact_path":"wandb-client-artifact://4vmuv5ci9n7hq6mw9vb2x6rd63c3t3jyh6dsiv4ti8rtvlbspre46e5fms6auz0j564r7ccd8nz5rosvwdf5ug8nvu6z9s1y6hv8ukve2ifflnpxhwdu0x568nw9u4i4:latest/stage_1_separableconvcnn/confusion_matrix_table.table.json"},"stage2/block4_Pruned_%":46.875,"_runtime":44,"stage2/purpose":"train channel-pruning model with masking","stage2/final_mask_keep_ratio_block3":0.4296875,"val_loss":0.10385954927716927,"stage3_test_f1":0.9084105896586968,"stage2/test_f1":0.5843512439898751,"stage2/mask_l1":0.46736544370651245,"stage1_test_acc":91.24533423820834,"block4_Pruned_%":46.875,"stage1_test_loss":0.3393576698681941,"model_param_reduction_pct":65.68568948681784,"stage2/final_mask_keep_ratio_block4":0.53125,"model_param_count":12651,"stage2/best_epoch":33,"stage2/stage_number":2,"stage3_test_acc":90.63454360366474,"stage1/use_pretrain_model":false,"stage2_test_loss":0.74312162810671,"stage1/test_acc":91.24533423820834,"train_acc":92.74501484938482,"lr_loaded_weights":0.0001,"stage2/block3_Pruned_%":57.03125,"stage2/train_loss":0.7205359748626696,"block3_Pruned_%":57.03125,"best_val_loss":0.09991080916644732,"stage2/final_mask_keep_ratio_block2":0.5625,"train_loss":0.16734395493857174,"stage2/val_loss":0.5869421604562681,"stage1/test_f1":0.9144772340727608,"val_acc":95.72953736654804,"stage_3_prunedseparableconvcnn/confusion_matrix_table":{"log_mode":"IMMUTABLE","_latest_artifact_path":"wandb-client-artifact://ysg9c1wvkturlgs39ff0x00mt35pivynap6luqaa6tzm4idmcftcvq40y9caoij48lxwfnr8h4k1b6cdwfffr1lqya9bik8ic7w0g68465zfdy1opslf8qierk736wu4:latest/stage_3_prunedseparableconvcnn/confusion_matrix_table.table.json","nrows":36,"size":1364,"artifact_path":"wandb-client-artifact://wio3bymzc7abrlbikasy1ggb3f1fowhqvoxvblek5wwuv9motrkhqb8qnre3xtaz8ztgkwtwaok9kb26hfxciih7v6xut1xi3awg2wnnw365i6c8d398po5pgu5m2koj/stage_3_prunedseparableconvcnn/confusion_matrix_table.table.json","ncols":3,"sha256":"1aeae499df0a19a9ef6ea729992083e1a1c429d22a1e187c5399256f65e208fe","path":"media/table/stage_3_prunedseparableconvcnn/confusion_matrix_table_22_1aeae499df0a19a9ef6e.table.json","_type":"table-file"},"stage2/test_loss":0.74312162810671,"stage3_test_loss":0.31154153883131086,"stage2/raw_hard_mask_block4":"[0.0, 1.0, 0.0, 0.0, 1.0, 0.0, 0.0, 1.0, 1.0, 1.0, 0.0, 0.0, 0.0, 0.0, 1.0, 1.0, 0.0, 0.0, 1.0, 0.0, 0.0, 1.0, 1.0, 0.0, 1.0, 0.0, 0.0, 0.0, 1.0, 0.0, 1.0, 1.0, 0.0, 0.0, 0.0, 0.0, 1.0, 1.0, 1.0, 0.0, 1.0, 1.0, 1.0, 1.0, 1.0, 0.0, 0.0, 0.0, 1.0, 0.0, 0.0, 1.0, 1.0, 1.0, 1.0, 1.0, 0.0, 0.0, 1.0, 1.0, 1.0, 0.0, 1.0, 0.0, 1.0, 0.0, 0.0, 1.0, 1.0, 0.0, 0.0, 1.0, 1.0, 1.0, 0.0, 1.0, 1.0, 1.0, 1.0, 1.0, 0.0, 0.0, 1.0, 1.0, 1.0, 1.0, 1.0, 0.0, 0.0, 1.0, 0.0, 0.0, 0.0, 0.0, 0.0, 0.0, 0.0, 1.0, 0.0, 1.0, 1.0, 1.0, 1.0, 1.0, 0.0, 1.0, 0.0, 0.0, 1.0, 1.0, 0.0, 1.0, 0.0, 1.0, 1.0, 1.0, 1.0, 1.0, 0.0, 0.0, 0.0, 0.0, 0.0, 0.0, 1.0, 1.0, 1.0, 1.0]","stage2/epoch":40,"epoch":55,"stage2/test_acc":63.42042755344418,"stage2/best_val_loss":0.5819262143057774,"stage2/raw_hard_mask_block3":"[1.0, 0.0, 1.0, 1.0, 1.0, 0.0, 1.0, 0.0, 0.0, 1.0, 0.0, 1.0, 0.0, 1.0, 0.0, 1.0, 0.0, 0.0, 1.0, 1.0, 0.0, 0.0, 0.0, 0.0, 1.0, 1.0, 1.0, 0.0, 1.0, 0.0, 0.0, 0.0, 0.0, 0.0, 0.0, 0.0, 0.0, 0.0, 1.0, 1.0, 1.0, 1.0, 0.0, 0.0, 0.0, 0.0, 1.0, 0.0, 0.0, 0.0, 0.0, 0.0, 0.0, 0.0, 1.0, 0.0, 1.0, 0.0, 1.0, 1.0, 0.0, 0.0, 0.0, 0.0, 1.0, 0.0, 0.0, 1.0, 0.0, 0.0, 1.0, 0.0, 1.0, 0.0, 1.0, 1.0, 0.0, 1.0, 1.0, 1.0, 0.0, 0.0, 1.0, 0.0, 0.0, 1.0, 1.0, 1.0, 0.0, 1.0, 1.0, 0.0, 1.0, 0.0, 1.0, 1.0, 0.0, 1.0, 0.0, 0.0, 0.0, 1.0, 0.0, 1.0, 1.0, 0.0, 1.0, 1.0, 0.0, 1.0, 0.0, 1.0, 0.0, 0.0, 1.0, 0.0, 0.0, 0.0, 0.0, 1.0, 1.0, 0.0, 0.0, 0.0, 1.0, 1.0, 0.0, 0.0]","stage2/train_acc":64.17762692688446,"stage1_test_f1":0.9144772340727608,"stage":3,"stage2/lr_backbone":0.0001,"stage2_test_acc":63.42042755344418,"_timestamp":1.7758694919190626e+09,"stage2/Total_Pruned_%":50.31250000000001,"final_summary_log_path":"/home/qphan/master-thesis/models/uci_best_model_three_stage_channel_subject8_val_final_summary_val_8.txt","stage2/lr_gumbel":0.001,"_step":24,"stage2/block2_Pruned_%":43.75,"model_param_count_pruned":12651,"_wandb":{"runtime":44},"Total_Pruned_%":50.31250000000001,"block2_Pruned_%":43.75,"model_param_count_dense":36868,"stage2_test_f1":0.5843512439898751,"stage1/test_loss":0.3393576698681941}