{"stage2_test_loss":0.46006792970010774,"train_acc":95.10760401721664,"stage1/test_acc":81.5744825246013,"stage3_test_f1":0.8804804115244358,"stage":3,"_runtime":17,"stage2_hard_bin_mask_str":"[0.0, 0.0, 1.0, 1.0, 1.0, 1.0, 1.0, 1.0, 1.0, 1.0, 1.0, 1.0, 1.0, 1.0, 1.0, 1.0, 1.0, 1.0, 1.0, 1.0, 1.0, 1.0, 1.0, 1.0, 1.0, 1.0, 1.0, 1.0, 1.0, 1.0, 1.0, 1.0, 1.0, 1.0, 1.0, 1.0, 1.0, 1.0, 1.0, 1.0, 1.0, 1.0, 1.0, 1.0, 1.0, 1.0, 1.0, 1.0, 1.0, 1.0, 1.0, 1.0, 1.0, 1.0, 1.0, 1.0, 1.0, 1.0, 1.0, 1.0, 1.0, 1.0, 1.0, 1.0, 0.0, 0.0, 0.0, 0.0, 0.0, 0.0, 0.0, 0.0, 0.0, 0.0, 0.0, 0.0, 0.0, 0.0, 0.0, 0.0, 0.0, 0.0, 0.0, 0.0, 0.0, 1.0, 0.0, 0.0, 0.0, 0.0, 0.0, 1.0, 0.0, 0.0, 1.0, 0.0, 0.0, 0.0, 0.0, 0.0, 0.0, 0.0, 0.0, 0.0, 1.0, 0.0, 1.0, 0.0, 0.0, 0.0, 0.0, 0.0, 0.0, 0.0, 0.0, 1.0, 0.0, 0.0, 0.0, 0.0, 0.0, 0.0, 0.0, 0.0, 0.0, 0.0, 0.0, 0.0]","stage1/test_f1":0.821396404588998,"best_val_loss":0.2996960804957399,"val_acc":86.38743455497382,"mask_l1":0.4921875,"stage1/test_loss":0.44262730964180746,"lr_gumbel_bin":0.001,"lr_backbone":0.0001,"stage1/use_pretrain_model":false,"stage_1_separableconvcnn/confusion_matrix_table":{"_latest_artifact_path":"wandb-client-artifact://r3g3tu0qon5iu0a9bf2cmgxtwdo198wiudctbc8ymenhmilv55tjyjongfh4uer7o613155vueox7p059jqtgc4v0etnco10de22jjfwhbyy0w3icpwut3p33tsscrqd:latest/stage_1_separableconvcnn/confusion_matrix_table.table.json","nrows":36,"sha256":"6c2812e57fc145c7e6ad554c8338b2f7a3e0be826ded9bccff33b24ae35287e9","artifact_path":"wandb-client-artifact://21m4pvclkrhw4agexymwh0vpgkkmh55zfu08wjpzy7tkq0avfnbo8rmk8lrvf3pr5yy2k21kuq7grhsvq4aukverfohhoic3plqsqbrokxzren8aaqphjbbmu6ycnjk9/stage_1_separableconvcnn/confusion_matrix_table.table.json","size":1368,"log_mode":"IMMUTABLE","path":"media/table/stage_1_separableconvcnn/confusion_matrix_table_1_6c2812e57fc145c7e6ad.table.json","ncols":3,"_type":"table-file"},"stage2_test_acc":85.03562945368171,"stage3_test_loss":0.46777255267314005,"stage2_test_f1":0.854185797941431,"train_loss":0.11566322303057743,"val_loss":0.459011799856534,"epoch":20,"stage1_test_f1":0.821396404588998,"stage1_test_acc":81.5744825246013,"stage3_test_acc":87.64845605700712,"_wandb":{"runtime":17},"stage_3_separableconvcnn/confusion_matrix_table":{"size":1367,"_type":"table-file","artifact_path":"wandb-client-artifact://y9a8pz7xw1estb80zl5hwky9inxghvv7re8c5jja8970skv7omt5ahhytbctefndia6jv63sgcect78a4ngqt9antdbwqltbsy4yc01g1tfyfkgluca70226jp74l42f/stage_3_separableconvcnn/confusion_matrix_table.table.json","log_mode":"IMMUTABLE","_latest_artifact_path":"wandb-client-artifact://0vu6t459tm3z7lim53y32vbbbmxaov6ucby8nzg8i0xt6xlrrdobywd35r8lvmo3qgiyep7gcs33frlu1twl5wja0i6a89lebupglx3jrene5c1z6ktj4egi6ghramvf:latest/stage_3_separableconvcnn/confusion_matrix_table.table.json","path":"media/table/stage_3_separableconvcnn/confusion_matrix_table_9_c78607e680fa30bd8364.table.json","sha256":"c78607e680fa30bd836426364ac8ca96bd90f18f2fcfbfc4fc62e46019b97e12","nrows":36,"ncols":3},"_timestamp":1.77577433876235e+09,"stage1_test_loss":0.44262730964180746,"lr":0.001,"bin_keep_ratio":0.53125,"_step":10}