{"_step":8,"stage":3,"val_acc":84.14985590778097,"_runtime":13,"stage1/test_loss":0.25057173036076164,"stage1/test_acc":91.72039362063116,"stage1/use_pretrain_model":false,"train_acc":88.99357601713062,"stage1_test_f1":0.9190924499938599,"lr_backbone":0.0001,"stage1_test_loss":0.25057173036076164,"train_loss":0.2402236567404677,"stage2_hard_bin_mask_str":"[0.0, 0.0, 1.0, 0.0, 0.0, 0.0, 1.0, 0.0, 0.0, 0.0, 0.0, 0.0, 1.0, 1.0, 1.0, 1.0, 0.0, 0.0, 0.0, 0.0, 1.0, 0.0, 1.0, 1.0, 0.0, 1.0, 1.0, 1.0, 1.0, 0.0, 1.0, 1.0, 1.0, 0.0, 0.0, 1.0, 0.0, 0.0, 0.0, 1.0, 0.0, 0.0, 1.0, 0.0, 0.0, 1.0, 0.0, 0.0, 0.0, 0.0, 0.0, 0.0, 0.0, 1.0, 1.0, 0.0, 0.0, 0.0, 0.0, 0.0, 0.0, 0.0, 0.0, 1.0, 0.0, 0.0, 0.0, 0.0, 0.0, 0.0, 0.0, 0.0, 0.0, 0.0, 0.0, 0.0, 0.0, 0.0, 0.0, 0.0, 0.0, 0.0, 0.0, 0.0, 0.0, 0.0, 0.0, 0.0, 0.0, 0.0, 0.0, 0.0, 0.0, 0.0, 0.0, 0.0, 0.0, 0.0, 0.0, 0.0, 0.0, 0.0, 0.0, 0.0, 0.0, 0.0, 0.0, 0.0, 0.0, 0.0, 0.0, 0.0, 0.0, 0.0, 0.0, 0.0, 0.0, 0.0, 0.0, 0.0, 0.0, 0.0, 0.0, 0.0, 0.0, 0.0, 0.0, 0.0]","stage3_test_loss":0.5543816250859225,"stage_3_separableconvcnn/confusion_matrix_table":{"log_mode":"IMMUTABLE","ncols":3,"nrows":36,"path":"media/table/stage_3_separableconvcnn/confusion_matrix_table_7_bf66b31875bc65d5dbe4.table.json","sha256":"bf66b31875bc65d5dbe492cb7ac94c9c6e490ae31cf318598f66eac769e4cef9","artifact_path":"wandb-client-artifact://rtfxny8fzj2di0mgj4c8gy0cohnqmiovgrrilu4m7qtuz5ihaspumslf6dog16tdo1wbrcjpfrgapi7ntuo012kam4to4yyubw9tktkqup8b6xu890dg8jnkogolbr1y/stage_3_separableconvcnn/confusion_matrix_table.table.json","_type":"table-file","size":1370,"_latest_artifact_path":"wandb-client-artifact://xfzw13h91iw4y4lkjeqi1hnqc8z0rd2zeva3waz2800vu36wcxb6zn9rz53mah7kzz4c3c08rw15ffq0n6o550wd1fx6fsillefwrhaqel0bjobqnnwzvfsnjfhnkqzo:latest/stage_3_separableconvcnn/confusion_matrix_table.table.json"},"stage1/test_f1":0.9190924499938599,"epoch":15,"stage1_test_acc":91.72039362063116,"best_val_loss":0.42669723251625163,"val_loss":0.4942330631752222,"_wandb":{"runtime":13},"lr_gumbel_bin":0.001,"bin_keep_ratio":0.1796875,"mask_l1":0.0078125,"lr":0.001,"_timestamp":1.7764242283369253e+09,"stage_1_separableconvcnn/confusion_matrix_table":{"log_mode":"IMMUTABLE","artifact_path":"wandb-client-artifact://cz7c587yx5dl66xsnnjbov6ptunasbhttmttopn0vyiug9k6u8u90ytkfhhydwi0872uongdx4pm5a2w9q6c3wlr6egt2aa5jevng54zlhu2rnc6brijewctladfozy2/stage_1_separableconvcnn/confusion_matrix_table.table.json","nrows":36,"_type":"table-file","sha256":"ba1709b9ded253dca6f14b8d1a777336f0cb86899167c45d58f90d5e787020ac","size":1366,"ncols":3,"_latest_artifact_path":"wandb-client-artifact://t0ifm9i8r6c6mp5pc2f7vz3z09ye3nyr6mzbafcek0wpah3u7rmctn4pvekme1lq98lf143276hu1ja5l0gouxsnv4nsqr01zy0xw1djjust09cegqu1gk054um7qivt:latest/stage_1_separableconvcnn/confusion_matrix_table.table.json","path":"media/table/stage_1_separableconvcnn/confusion_matrix_table_1_ba1709b9ded253dca6f1.table.json"},"stage2_test_loss":0.43406247250005114,"stage2_test_f1":0.84503930000814,"stage3_test_acc":80.59043094672549,"stage2_test_acc":84.3569731930777,"stage3_test_f1":0.8083744108230633}