{"stage":3,"train_loss":0.08023419154278182,"stage1_test_acc":90.70240922972515,"stage1/test_loss":0.344244056778843,"stage1_test_f1":0.9083884028424908,"best_val_loss":0.12810857757263644,"bin_keep_ratio":0.6171875,"stage2_test_f1":0.9039866606782461,"_timestamp":1.7757752871418774e+09,"stage3_test_f1":0.9130008014283083,"val_acc":91.75531914893617,"train_acc":96.73165137614679,"_runtime":11,"stage1/test_acc":90.70240922972515,"_wandb":{"runtime":11},"mask_l1":0.4765625298023224,"lr":0.001,"stage2_test_acc":90.29521547336275,"lr_gumbel_bin":0.001,"stage_1_separableconvcnn/confusion_matrix_table":{"_latest_artifact_path":"wandb-client-artifact://bmcbnehy39qp1s8xud1onx3epd2btlruhgowj7j4h1qh5u6jywkoyqh53e9cg0januluo4fz8egmmqakcxq1eu5l1mndpsvqspqb4b1ptux7ycx1hgp6yk0t56xq64n5:latest/stage_1_separableconvcnn/confusion_matrix_table.table.json","nrows":36,"artifact_path":"wandb-client-artifact://7y69w1x3ththhyauy6mxbwvq1gkb6ak2fueb9phm0l6lppven1j44t8lwonwqqnt5it7ippdi86tfftieix5tsfmc5bqc5ur1jhqm43ifz8b5fox6lkveuu8oh03lvot/stage_1_separableconvcnn/confusion_matrix_table.table.json","log_mode":"IMMUTABLE","_type":"table-file","ncols":3,"sha256":"beec763689a3ade99de0f94dc00571c79732049db16ef5d22d8483d7a1255bae","size":1367,"path":"media/table/stage_1_separableconvcnn/confusion_matrix_table_1_beec763689a3ade99de0.table.json"},"epoch":10,"stage3_test_loss":0.3401700265706899,"stage1/test_f1":0.9083884028424908,"stage3_test_acc":91.14353579911774,"val_loss":0.21377516760796736,"stage1/use_pretrain_model":false,"stage2_test_loss":0.4304578715640183,"stage1_test_loss":0.344244056778843,"stage2_hard_bin_mask_str":"[0.0, 1.0, 1.0, 1.0, 1.0, 1.0, 1.0, 1.0, 1.0, 1.0, 1.0, 1.0, 1.0, 1.0, 1.0, 1.0, 1.0, 1.0, 1.0, 1.0, 1.0, 1.0, 1.0, 1.0, 1.0, 1.0, 1.0, 1.0, 1.0, 1.0, 1.0, 1.0, 1.0, 1.0, 1.0, 1.0, 1.0, 1.0, 1.0, 1.0, 1.0, 1.0, 1.0, 1.0, 1.0, 1.0, 1.0, 1.0, 1.0, 1.0, 1.0, 1.0, 1.0, 1.0, 1.0, 1.0, 1.0, 1.0, 1.0, 0.0, 1.0, 0.0, 0.0, 1.0, 0.0, 0.0, 0.0, 0.0, 0.0, 1.0, 0.0, 0.0, 0.0, 1.0, 1.0, 1.0, 0.0, 0.0, 0.0, 0.0, 1.0, 1.0, 0.0, 0.0, 1.0, 0.0, 0.0, 0.0, 1.0, 0.0, 0.0, 1.0, 0.0, 1.0, 1.0, 0.0, 0.0, 0.0, 0.0, 1.0, 0.0, 0.0, 1.0, 0.0, 0.0, 0.0, 1.0, 0.0, 1.0, 0.0, 0.0, 1.0, 0.0, 0.0, 1.0, 1.0, 0.0, 0.0, 0.0, 0.0, 0.0, 1.0, 0.0, 0.0, 0.0, 0.0, 0.0, 0.0]","_step":7,"lr_backbone":0.0001,"stage_3_separableconvcnn/confusion_matrix_table":{"nrows":36,"_type":"table-file","artifact_path":"wandb-client-artifact://urv5c6e7b1em8ax4dczj6bpykz139zrkn1ex9i5dqe697lebm5fbpwyijct4lprv7m9hqd57c144a1bpsgw47oic9wutxex5t3l74kq07qjzdjycdzmr4k12vclx7ent/stage_3_separableconvcnn/confusion_matrix_table.table.json","log_mode":"IMMUTABLE","sha256":"f1eab9b807a2195134f0dfc8c23ff85bf72155a7f1fe9a274e94c6c0a7a4689a","_latest_artifact_path":"wandb-client-artifact://y6yudc39hsrsi2lgvz04t1dca5sx92bqqk79866e082ntjgedlwhvpr99kbpd1u3kpckthug249gd14teogxd7g1zyxu4wzo9p2jdu7ckve9nm4femewq3w74ajhbrws:latest/stage_3_separableconvcnn/confusion_matrix_table.table.json","ncols":3,"size":1366,"path":"media/table/stage_3_separableconvcnn/confusion_matrix_table_6_f1eab9b807a2195134f0.table.json"}}