{"bin_keep_ratio":0.421875,"_timestamp":1.7764285382769272e+09,"stage3_test_loss":0.5367087389175468,"stage1/use_pretrain_model":false,"stage_3_separableconvcnn/confusion_matrix_table":{"ncols":3,"_type":"table-file","nrows":36,"path":"media/table/stage_3_separableconvcnn/confusion_matrix_table_7_6d0e768a2f7a1bb2528a.table.json","log_mode":"IMMUTABLE","artifact_path":"wandb-client-artifact://682cz8wmlzzd9wm9gxna9gr9qw86nqpidryqbdofr69emtlbmrcfmzlmmpxogxu29e3yqa6g2oam1g6k1b1mlwvh4qdq1z0sioxn4nabh0e4zsxz9wpd3ow1t1e0ep1h/stage_3_separableconvcnn/confusion_matrix_table.table.json","sha256":"6d0e768a2f7a1bb2528ad7ac64d73b787d7673cebf5ca3241f7b7ee162107e23","_latest_artifact_path":"wandb-client-artifact://3to3s0wowc5bzkw2mllcx2x8vb75sv2b3zpdav44imf0abo0s18dm3hmi7rwvm5hrni7pa30yweexrij03pc798ee84mj6m6dv50uvlruxx3hb3qc1kzyosoe127ykwu:latest/stage_3_separableconvcnn/confusion_matrix_table.table.json","size":1368},"stage2_hard_bin_mask_str":"[0.0, 0.0, 1.0, 1.0, 0.0, 1.0, 1.0, 1.0, 1.0, 1.0, 0.0, 1.0, 1.0, 1.0, 1.0, 1.0, 1.0, 1.0, 1.0, 1.0, 1.0, 1.0, 1.0, 1.0, 1.0, 1.0, 0.0, 1.0, 1.0, 1.0, 1.0, 1.0, 1.0, 1.0, 0.0, 1.0, 1.0, 1.0, 0.0, 0.0, 1.0, 1.0, 1.0, 1.0, 1.0, 1.0, 1.0, 1.0, 1.0, 1.0, 1.0, 1.0, 1.0, 1.0, 1.0, 1.0, 1.0, 1.0, 1.0, 1.0, 1.0, 0.0, 0.0, 1.0, 0.0, 0.0, 0.0, 0.0, 0.0, 0.0, 0.0, 0.0, 0.0, 0.0, 0.0, 0.0, 0.0, 0.0, 0.0, 0.0, 0.0, 0.0, 0.0, 0.0, 0.0, 0.0, 0.0, 0.0, 0.0, 0.0, 0.0, 0.0, 0.0, 0.0, 0.0, 0.0, 0.0, 0.0, 0.0, 0.0, 0.0, 0.0, 0.0, 0.0, 0.0, 0.0, 0.0, 0.0, 0.0, 0.0, 0.0, 0.0, 0.0, 0.0, 0.0, 0.0, 0.0, 0.0, 0.0, 0.0, 0.0, 0.0, 0.0, 0.0, 0.0, 0.0, 0.0, 0.0]","epoch":15,"stage1_test_loss":0.4559599839993571,"stage3_test_f1":0.8940349624761756,"lr_backbone":0.0001,"stage1/test_acc":89.85408890397014,"mask_l1":0.28125,"_wandb":{"runtime":14},"stage2_test_loss":0.5263724486105913,"stage3_test_acc":89.27723108245674,"stage1_test_f1":0.8992012196111356,"best_val_loss":0.2517508888983132,"stage2_test_acc":88.36104513064133,"val_loss":0.2908698413029444,"train_loss":0.0925128131641537,"lr":0.001,"_step":8,"stage_1_separableconvcnn/confusion_matrix_table":{"artifact_path":"wandb-client-artifact://8x1xt1l43i2usyj8emkirxuezov2z77m4a3zz5rxcoeyx9ajv96g8q6b1v2nc0lz26gc6zi4c15sazle8z8w67fiay1d15zraagfb5ggb19vnqbyom6iqd41uckze23e/stage_1_separableconvcnn/confusion_matrix_table.table.json","log_mode":"IMMUTABLE","ncols":3,"size":1368,"sha256":"02c5a6fac2b98a2cce23216035c71184f8282e95afab8b7a4923ed0654b10cea","path":"media/table/stage_1_separableconvcnn/confusion_matrix_table_1_02c5a6fac2b98a2cce23.table.json","_latest_artifact_path":"wandb-client-artifact://7g6vmufwt5g8kiowv3m508v1v0bzjd1zevwsvrnv1ejuna2kkyx1ypj65939adq4onc24ci875m1c743j8274acpu65gepk5l61omi9h4juo71s58q9vx5dan6gmjbuh:latest/stage_1_separableconvcnn/confusion_matrix_table.table.json","_type":"table-file","nrows":36},"_runtime":14,"stage1_test_acc":89.85408890397014,"lr_gumbel_bin":0.001,"stage":3,"stage1/test_loss":0.4559599839993571,"stage2_test_f1":0.8844825806977942,"train_acc":96.29154186278704,"stage1/test_f1":0.8992012196111356,"val_acc":88.56304985337243}