{"train_acc":93.01927194860814,"stage_1_separableconvcnn/confusion_matrix_table":{"log_mode":"IMMUTABLE","size":1366,"path":"media/table/stage_1_separableconvcnn/confusion_matrix_table_1_afe147d38f01e1852de8.table.json","_type":"table-file","ncols":3,"artifact_path":"wandb-client-artifact://909tqb7jev2zky321jx9mvdnl6yps7gn92rwnw51c93pbgzul48t0gxefec1t510wzatib9qbux3trt4udp624wosc15drininrb3ov122o5oonnbhmercmwwx0doyd7/stage_1_separableconvcnn/confusion_matrix_table.table.json","sha256":"afe147d38f01e1852de86fb6603c33be46cdb43576857b41a32c382468e7b269","nrows":36,"_latest_artifact_path":"wandb-client-artifact://u1yf8j6d2ngorju78tg720kar1pv02cuy3gik5d3mlkb3tq3wan271q26bq681juygi8qno27a820lt65ufzjo88qeo26kdtk0jjo572mnhuaiwlagw15u0bq7qvjwo0:latest/stage_1_separableconvcnn/confusion_matrix_table.table.json"},"stage2/train_acc":70.32119914346895,"_timestamp":1.7758517669898338e+09,"stage2/stage_number":2,"stage2_test_acc":63.59009161859518,"stage2_test_loss":0.651396870255675,"stage":3,"stage2/final_mask_keep_ratio_block4":0.609375,"best_val_loss":0.24225858939537825,"stage2/final_mask_keep_ratio_block3":0.5390625,"stage2/best_epoch":21,"_wandb":{"runtime":40},"stage2/block4_Pruned_%":39.0625,"stage1/test_loss":0.333903368065058,"stage2/best_val_loss":0.5296249091625214,"stage3_test_f1":0.8979121561919204,"stage2/epoch":30,"stage3_test_loss":0.3300288175847375,"stage1/test_acc":89.71835765184935,"stage2/lr_gumbel":0.001,"block3_Pruned_%":46.09375,"block2_Pruned_%":35.9375,"epoch":60,"stage2/block2_Pruned_%":35.9375,"model_param_count_pruned":16057,"model_param_count_dense":36868,"stage2/test_loss":0.651396870255675,"stage2/raw_hard_mask_block4":"[1.0, 1.0, 1.0, 1.0, 1.0, 1.0, 1.0, 1.0, 1.0, 1.0, 1.0, 1.0, 0.0, 1.0, 0.0, 1.0, 1.0, 1.0, 1.0, 1.0, 0.0, 1.0, 1.0, 1.0, 0.0, 1.0, 1.0, 1.0, 0.0, 1.0, 0.0, 0.0, 1.0, 0.0, 1.0, 1.0, 0.0, 0.0, 1.0, 0.0, 1.0, 0.0, 1.0, 0.0, 0.0, 1.0, 1.0, 1.0, 0.0, 0.0, 0.0, 0.0, 0.0, 1.0, 1.0, 1.0, 1.0, 0.0, 0.0, 0.0, 1.0, 1.0, 0.0, 0.0, 0.0, 0.0, 1.0, 1.0, 1.0, 1.0, 0.0, 0.0, 1.0, 1.0, 0.0, 1.0, 1.0, 0.0, 0.0, 0.0, 1.0, 0.0, 1.0, 1.0, 1.0, 1.0, 1.0, 0.0, 0.0, 0.0, 0.0, 1.0, 1.0, 1.0, 0.0, 0.0, 1.0, 1.0, 0.0, 1.0, 1.0, 0.0, 1.0, 1.0, 1.0, 0.0, 1.0, 1.0, 1.0, 1.0, 1.0, 0.0, 1.0, 0.0, 1.0, 0.0, 0.0, 1.0, 0.0, 1.0, 0.0, 0.0, 1.0, 1.0, 1.0, 1.0, 1.0, 0.0]","stage2/test_f1":0.5850347200587332,"val_loss":0.2533407624172159,"model_param_count":16057,"stage3_test_acc":89.82015609093993,"stage1_test_acc":89.71835765184935,"stage2_test_f1":0.5850347200587332,"stage2/purpose":"train channel-pruning model with masking","_runtime":40,"stage2/Total_Pruned_%":41.25,"_step":23,"stage1/use_pretrain_model":false,"val_acc":88.76080691642652,"stage_3_prunedseparableconvcnn/confusion_matrix_table":{"path":"media/table/stage_3_prunedseparableconvcnn/confusion_matrix_table_21_647ec5c8a0f9e051d8e1.table.json","log_mode":"IMMUTABLE","sha256":"647ec5c8a0f9e051d8e1b49e836467387ac0f09f08c8aff6f810987e7ee3ebc3","_type":"table-file","nrows":36,"ncols":3,"artifact_path":"wandb-client-artifact://qtgh80uieor5dfinyxh499pdle0kp508uixergupgcc8qm6zl8guaoq6v6mygqrfs15femce8i8rvdzkt35t5n8pg3cr8iayvzckmwm8j7sutscnb07hlkr19axl1o27/stage_3_prunedseparableconvcnn/confusion_matrix_table.table.json","size":1366,"_latest_artifact_path":"wandb-client-artifact://pc0t6x644qb7w14w9jfrp7vyjwh33e3fh8mozdoofnfh3p8csqm9iphaxje7owmilb5rz6cqxpf8z0evclfly1c9k3lv4d8lxvyiwxvo2mv61yd8bquh2myedu2xunr6:latest/stage_3_prunedseparableconvcnn/confusion_matrix_table.table.json"},"stage2/train_loss":0.7229092423359382,"stage2/val_acc":74.35158501440922,"stage2/lr_backbone":0.0001,"stage2/raw_hard_mask_block2":"[1.0, 1.0, 0.0, 1.0, 1.0, 0.0, 0.0, 0.0, 1.0, 1.0, 1.0, 0.0, 0.0, 1.0, 0.0, 1.0, 0.0, 0.0, 1.0, 1.0, 0.0, 1.0, 1.0, 1.0, 1.0, 1.0, 0.0, 1.0, 1.0, 1.0, 1.0, 1.0, 1.0, 0.0, 1.0, 1.0, 1.0, 0.0, 0.0, 1.0, 1.0, 1.0, 1.0, 1.0, 0.0, 0.0, 1.0, 1.0, 1.0, 1.0, 0.0, 1.0, 0.0, 1.0, 0.0, 1.0, 0.0, 1.0, 0.0, 1.0, 1.0, 1.0, 0.0, 0.0]","train_loss":0.1607148834822605,"lr_loaded_weights":0.0001,"Total_Pruned_%":41.25,"stage2/mask_l1":0.49623560905456543,"stage1/test_f1":0.8970913604633416,"stage1_test_loss":0.333903368065058,"stage2/block3_Pruned_%":46.09375,"model_param_reduction_pct":56.44732559401107,"block4_Pruned_%":39.0625,"stage2/raw_hard_mask_block3":"[0.0, 0.0, 0.0, 0.0, 1.0, 1.0, 0.0, 1.0, 0.0, 0.0, 0.0, 1.0, 1.0, 1.0, 0.0, 0.0, 0.0, 1.0, 1.0, 0.0, 0.0, 0.0, 1.0, 0.0, 0.0, 0.0, 1.0, 0.0, 1.0, 1.0, 1.0, 0.0, 0.0, 1.0, 1.0, 0.0, 0.0, 0.0, 1.0, 1.0, 1.0, 1.0, 0.0, 0.0, 0.0, 0.0, 1.0, 0.0, 0.0, 0.0, 0.0, 0.0, 0.0, 1.0, 1.0, 1.0, 1.0, 0.0, 0.0, 1.0, 0.0, 1.0, 1.0, 0.0, 0.0, 1.0, 1.0, 1.0, 0.0, 1.0, 1.0, 0.0, 1.0, 1.0, 1.0, 1.0, 1.0, 0.0, 1.0, 0.0, 0.0, 1.0, 0.0, 1.0, 1.0, 1.0, 0.0, 1.0, 1.0, 1.0, 0.0, 1.0, 1.0, 1.0, 1.0, 1.0, 1.0, 0.0, 1.0, 1.0, 0.0, 1.0, 1.0, 0.0, 1.0, 0.0, 0.0, 1.0, 0.0, 1.0, 0.0, 0.0, 0.0, 1.0, 1.0, 1.0, 1.0, 1.0, 1.0, 0.0, 1.0, 1.0, 0.0, 1.0, 1.0, 1.0, 0.0, 0.0]","stage1_test_f1":0.8970913604633416,"stage2/test_acc":63.59009161859518,"stage2/final_mask_keep_ratio_block2":0.640625,"stage2/val_loss":0.5446109430762464,"final_summary_log_path":"/home/qphan/master-thesis/models/uci_best_model_three_stage_channel_subject1_val_final_summary_val_1.txt"}