{"lr_backbone":0.0001,"lr_gumbel_bin":0.001,"_step":10,"stage2_test_f1":0.8836180851167218,"best_val_loss":0.16724147155663865,"stage1/test_acc":89.71835765184935,"bin_keep_ratio":0.6461538672447205,"stage1/test_loss":0.333903368065058,"stage2_test_acc":88.39497794367153,"stage1/use_pretrain_model":false,"stage3_test_f1":0.9092838922912745,"train_loss":0.07629157001103443,"lr":0.001,"stage_1_separableconvcnn/confusion_matrix_table":{"sha256":"afe147d38f01e1852de86fb6603c33be46cdb43576857b41a32c382468e7b269","log_mode":"IMMUTABLE","size":1366,"path":"media/table/stage_1_separableconvcnn/confusion_matrix_table_1_afe147d38f01e1852de8.table.json","nrows":36,"ncols":3,"artifact_path":"wandb-client-artifact://n2exsrjquwi2puprcferc8zjxvi18cg0bvx0lzmah4up01znfrai7i5lkdnobuit9ufkcin3xrf9hchpyhb6j627mbygxi8wazjlb3m7w9ah43jeuc9yf8caosa8r94i/stage_1_separableconvcnn/confusion_matrix_table.table.json","_latest_artifact_path":"wandb-client-artifact://89eago95gyw9jt5b2ylm22kyanlsu7xprb8bacwnw5kk589j8llvjoqijq8fsbmv300aob44ihbatl3kky0co8rcdgavt4hh7heoix6e1zsx6ywbi4x4wdda174trg8p:latest/stage_1_separableconvcnn/confusion_matrix_table.table.json","_type":"table-file"},"stage":3,"mask_l1":0.5999999642372131,"stage1_test_loss":0.333903368065058,"_wandb":{"runtime":17},"stage2_test_loss":0.31921297168181556,"stage1_test_acc":89.71835765184935,"_runtime":17,"_timestamp":1.775765694814575e+09,"epoch":20,"val_acc":91.06628242074927,"stage1/test_f1":0.8970913604633416,"stage3_test_acc":90.93993892093654,"train_acc":96.78800856531049,"stage3_test_loss":0.3087912255298937,"stage1_test_f1":0.8970913604633416,"stage2_hard_bin_mask_str":"[1.0, 1.0, 1.0, 1.0, 1.0, 1.0, 1.0, 1.0, 1.0, 1.0, 1.0, 1.0, 1.0, 1.0, 1.0, 1.0, 1.0, 1.0, 1.0, 1.0, 1.0, 1.0, 1.0, 1.0, 1.0, 1.0, 1.0, 1.0, 1.0, 1.0, 1.0, 1.0, 1.0, 0.0, 1.0, 1.0, 0.0, 1.0, 0.0, 0.0, 0.0, 0.0, 1.0, 0.0, 0.0, 1.0, 0.0, 0.0, 1.0, 1.0, 0.0, 0.0, 1.0, 1.0, 0.0, 0.0, 0.0, 0.0, 0.0, 0.0, 0.0, 0.0, 0.0, 0.0, 0.0]","stage_3_separableconvcnn/confusion_matrix_table":{"artifact_path":"wandb-client-artifact://zy7lfggfx1zmvjjc054fagukal6kipcq50j0b1r4mn2d4x8kuuqyzehdgc9yc4chxzs0ww9m5dg14k6ilcrj907cb4p5qscqog5b41vzfvthl4hbg5fk8w25x2174xia/stage_3_separableconvcnn/confusion_matrix_table.table.json","_latest_artifact_path":"wandb-client-artifact://apo9oqrxlrvqnnymmcs3qqt2fkixtucq69yn64aoknzgfgfkpa1kx2wjf3plvn5eeikt0ct8nlw5r1nejudduf6oyo17160w4h8jrr08zgn1b1df261wnfooflhl9bev:latest/stage_3_separableconvcnn/confusion_matrix_table.table.json","size":1365,"nrows":36,"ncols":3,"path":"media/table/stage_3_separableconvcnn/confusion_matrix_table_9_9e162a1023ebb87388ce.table.json","_type":"table-file","log_mode":"IMMUTABLE","sha256":"9e162a1023ebb87388ce7a9eb8f7c6d65aa8a68997b3361bd36a643af7c49d9f"},"val_loss":0.262106539804008}