{"lr_loaded_weights":0.0001,"stage3_test_f1":0.9156716929228615,"stage2/best_epoch":1,"stage2/best_val_loss":1.4244772211297767,"model_param_count_pruned":4399,"block2_Pruned_%":70.3125,"stage_3_prunedseparableconvcnn/confusion_matrix_table":{"ncols":3,"artifact_path":"wandb-client-artifact://ibsl3151tj9xrdc2b5cbj5tv2gb9v06oiwjd70iidgxrrlvfcu3arpx7hqyg0ac9q9ch564iyrn0djvflpn0qo9fo2k3c23v2jew011ucd90i6c4c6s6i75voaccs5tv/stage_3_prunedseparableconvcnn/confusion_matrix_table.table.json","sha256":"1fd42cb6c568bc80a15825e9e19709adfbdce4b34c78f8ac2924faaafd10d3fc","path":"media/table/stage_3_prunedseparableconvcnn/confusion_matrix_table_13_1fd42cb6c568bc80a158.table.json","_latest_artifact_path":"wandb-client-artifact://lhzr606518hh1c66vkrurlxpl3xmivy65pke5j7p30hioq529jqqzjc0bp2zxkugx3ghy7evuqe77lrzqe4l8idfmhzlaf4112x5j3635gi2ypjo1m1vqxyeiixgzx8w:latest/stage_3_prunedseparableconvcnn/confusion_matrix_table.table.json","size":1363,"_type":"table-file","log_mode":"IMMUTABLE","nrows":36},"stage1/use_pretrain_model":false,"best_val_loss":0.14000936249624818,"epoch":40,"stage2/block4_Pruned_%":84.375,"block3_Pruned_%":72.65625,"stage1_test_acc":93.28130302002036,"_runtime":22,"Total_Pruned_%":76.875,"stage2/train_loss":1.8041393408918842,"stage1_test_f1":0.9318696701657935,"val_loss":0.18587812768331693,"stage2/val_acc":49.02597402597402,"stage2/test_f1":0.40701488329546137,"stage1/test_f1":0.9318696701657935,"train_acc":95.81203861442363,"final_summary_log_path":"/home/qphan/master-thesis/models/uci_best_model_three_stage_channel_subject7_val_final_summary_val_7.txt","stage2/raw_hard_mask_block4":"[0.0, 1.0, 1.0, 0.0, 0.0, 0.0, 0.0, 0.0, 0.0, 0.0, 0.0, 0.0, 0.0, 0.0, 0.0, 1.0, 0.0, 0.0, 0.0, 0.0, 0.0, 0.0, 0.0, 0.0, 0.0, 0.0, 1.0, 0.0, 0.0, 0.0, 0.0, 1.0, 0.0, 0.0, 0.0, 0.0, 0.0, 0.0, 0.0, 1.0, 0.0, 0.0, 0.0, 0.0, 0.0, 0.0, 1.0, 0.0, 0.0, 0.0, 0.0, 0.0, 0.0, 0.0, 1.0, 1.0, 0.0, 0.0, 0.0, 0.0, 0.0, 0.0, 1.0, 0.0, 0.0, 0.0, 0.0, 1.0, 0.0, 0.0, 1.0, 0.0, 0.0, 0.0, 0.0, 0.0, 1.0, 0.0, 1.0, 0.0, 0.0, 0.0, 0.0, 0.0, 0.0, 0.0, 0.0, 0.0, 0.0, 0.0, 0.0, 0.0, 0.0, 0.0, 0.0, 1.0, 0.0, 0.0, 0.0, 0.0, 0.0, 1.0, 0.0, 0.0, 0.0, 0.0, 0.0, 1.0, 1.0, 1.0, 0.0, 0.0, 0.0, 1.0, 0.0, 0.0, 0.0, 0.0, 0.0, 0.0, 0.0, 0.0, 0.0, 0.0, 0.0, 0.0, 0.0, 0.0]","stage2_test_acc":48.761452324397695,"stage2/val_loss":2.547804429933622,"stage2/Total_Pruned_%":76.875,"stage_1_separableconvcnn/confusion_matrix_table":{"nrows":36,"artifact_path":"wandb-client-artifact://h9ur1ndn12pqqwjvpez26hzfodpdwahw64e2r8xukkxo77uko3lfzbzdp5vcimrbht2uqt1blqacdwpv9f0dsnr3pd26ppk6uz64bjpthkpb0u8av6ymxj39yxpwqxps/stage_1_separableconvcnn/confusion_matrix_table.table.json","path":"media/table/stage_1_separableconvcnn/confusion_matrix_table_1_a75650323a3f6d158cae.table.json","log_mode":"IMMUTABLE","_type":"table-file","sha256":"a75650323a3f6d158cae8f23b10025d5d98142865c40332b29e91810365f25c6","size":1364,"_latest_artifact_path":"wandb-client-artifact://k0gxh9cfudj9wmxjzjf3ik9ch82yfn0m7r7a7xn4f1hd7gwuu243st0fq2aqlfhmy20frh7wrqbw8kgg49nsyusjpcwovlseufnjr30iei5m0vcgvmi7eqxnofkhwswj:latest/stage_1_separableconvcnn/confusion_matrix_table.table.json","ncols":3},"stage2/test_acc":48.761452324397695,"stage2/raw_hard_mask_block2":"[0.0, 1.0, 0.0, 0.0, 1.0, 1.0, 0.0, 0.0, 0.0, 0.0, 0.0, 0.0, 0.0, 1.0, 0.0, 0.0, 0.0, 0.0, 1.0, 0.0, 0.0, 1.0, 1.0, 1.0, 0.0, 0.0, 0.0, 0.0, 1.0, 0.0, 0.0, 0.0, 0.0, 0.0, 0.0, 0.0, 1.0, 1.0, 1.0, 1.0, 0.0, 0.0, 0.0, 0.0, 0.0, 0.0, 1.0, 1.0, 1.0, 0.0, 0.0, 0.0, 0.0, 0.0, 0.0, 0.0, 0.0, 1.0, 1.0, 0.0, 0.0, 0.0, 1.0, 0.0]","stage2/final_mask_keep_ratio_block4":0.15625,"stage2/mask_l1":0.48194611072540283,"stage1/test_loss":0.19997249008898452,"stage2/train_acc":78.71947756956274,"stage2_test_loss":1.3866442526483034,"_wandb":{"runtime":22},"model_param_count":4399,"model_param_reduction_pct":88.06824346316589,"stage2/raw_hard_mask_block3":"[0.0, 0.0, 0.0, 0.0, 1.0, 0.0, 1.0, 1.0, 1.0, 0.0, 0.0, 0.0, 0.0, 1.0, 1.0, 0.0, 0.0, 0.0, 0.0, 0.0, 0.0, 0.0, 0.0, 0.0, 1.0, 0.0, 0.0, 1.0, 1.0, 1.0, 1.0, 0.0, 1.0, 1.0, 0.0, 0.0, 0.0, 0.0, 0.0, 1.0, 0.0, 0.0, 0.0, 1.0, 0.0, 0.0, 0.0, 1.0, 0.0, 0.0, 0.0, 0.0, 0.0, 1.0, 0.0, 0.0, 1.0, 0.0, 0.0, 0.0, 0.0, 0.0, 0.0, 0.0, 0.0, 0.0, 0.0, 0.0, 1.0, 1.0, 1.0, 1.0, 0.0, 0.0, 0.0, 0.0, 1.0, 0.0, 0.0, 0.0, 0.0, 0.0, 0.0, 0.0, 0.0, 0.0, 1.0, 0.0, 0.0, 0.0, 0.0, 0.0, 1.0, 0.0, 0.0, 0.0, 0.0, 0.0, 0.0, 0.0, 0.0, 0.0, 0.0, 1.0, 0.0, 0.0, 1.0, 0.0, 0.0, 1.0, 0.0, 1.0, 1.0, 1.0, 0.0, 0.0, 0.0, 0.0, 0.0, 0.0, 1.0, 0.0, 1.0, 0.0, 0.0, 1.0, 1.0, 0.0]","train_loss":0.10978996332931559,"stage3_test_acc":91.55072955548015,"stage2/lr_gumbel":0.001,"stage3_test_loss":0.23112357785496424,"model_param_count_dense":36868,"_step":15,"stage2_test_f1":0.40701488329546137,"val_acc":85.71428571428571,"stage2/final_mask_keep_ratio_block3":0.2734375,"stage1/test_acc":93.28130302002036,"stage":3,"stage2/purpose":"train channel-pruning model with masking","_timestamp":1.7768015324490294e+09,"stage2/block3_Pruned_%":72.65625,"stage1_test_loss":0.19997249008898452,"stage2/epoch":10,"stage2/test_loss":1.3866442526483034,"stage2/stage_number":2,"stage2/block2_Pruned_%":70.3125,"block4_Pruned_%":84.375,"stage2/final_mask_keep_ratio_block2":0.296875,"stage2/lr_backbone":0.0001}