{"_step":16,"stage2_test_f1":0.9043093644401584,"stage1/test_f1":0.9162070276481109,"_wandb":{"runtime":29},"stage3_test_loss":0.31029901963210543,"_runtime":29,"_timestamp":1.7757829049715052e+09,"val_loss":0.27520519662126186,"lr_backbone":0.0001,"lr_gumbel_bin":0.001,"lr":0.001,"stage2_test_acc":90.43094672548354,"val_acc":91.58878504672897,"train_loss":0.169428847023356,"stage_3_separableconvcnn/confusion_matrix_table":{"size":1366,"path":"media/table/stage_3_separableconvcnn/confusion_matrix_table_15_51065d3656da173828b8.table.json","_latest_artifact_path":"wandb-client-artifact://c1riu0qyawrb248ofvlu495xtj2lfyrhjgakt2kbk8acqkx4tjlnwoguqlyppkqtafh54jc22kspsqqtcrefhj5gikm41yr0x5u2n47riv6jp75pa9k06ps102iidzc9:latest/stage_3_separableconvcnn/confusion_matrix_table.table.json","ncols":3,"_type":"table-file","artifact_path":"wandb-client-artifact://rwukdpfigb3ktwefzc4aa3dhx7vydlvsxkpm32n7wd4fy2o9cf1sexs624yanay81i387p1lo65dze0i47lwhfoeu5i0v30u11r56osvvcvk6wl7cdyd4kf44px65cdp/stage_3_separableconvcnn/confusion_matrix_table.table.json","log_mode":"IMMUTABLE","sha256":"51065d3656da173828b85fd444a255982d7c310aa5eb14953c692aa3d34d78c5","nrows":36},"stage1/test_acc":91.58466236851035,"bin_keep_ratio":0.15625,"stage2_hard_bin_mask_str":"[1.0, 1.0, 1.0, 1.0, 1.0, 1.0, 1.0, 1.0, 1.0, 1.0, 1.0, 1.0, 1.0, 1.0, 1.0, 1.0, 1.0, 0.0, 1.0, 1.0, 1.0, 0.0, 0.0, 0.0, 0.0, 0.0, 0.0, 0.0, 0.0, 0.0, 0.0, 0.0, 0.0, 0.0, 0.0, 0.0, 0.0, 0.0, 0.0, 0.0, 0.0, 0.0, 0.0, 0.0, 0.0, 0.0, 0.0, 0.0, 0.0, 0.0, 0.0, 0.0, 0.0, 0.0, 0.0, 0.0, 0.0, 0.0, 0.0, 0.0, 0.0, 0.0, 0.0, 0.0, 0.0, 0.0, 0.0, 0.0, 0.0, 0.0, 0.0, 0.0, 0.0, 0.0, 0.0, 0.0, 0.0, 0.0, 0.0, 0.0, 0.0, 0.0, 0.0, 0.0, 0.0, 0.0, 0.0, 0.0, 0.0, 0.0, 0.0, 0.0, 0.0, 0.0, 0.0, 0.0, 0.0, 0.0, 0.0, 0.0, 0.0, 0.0, 0.0, 0.0, 0.0, 0.0, 0.0, 0.0, 0.0, 0.0, 0.0, 0.0, 0.0, 0.0, 0.0, 0.0, 0.0, 0.0, 0.0, 0.0, 0.0, 0.0, 0.0, 0.0, 0.0, 0.0, 0.0, 0.0]","stage3_test_acc":89.51476077366814,"stage1/use_pretrain_model":false,"stage2_test_loss":0.2554689532087077,"stage3_test_f1":0.8951179808427661,"stage1_test_acc":91.58466236851035,"epoch":15,"stage1_test_f1":0.9162070276481109,"stage1/test_loss":0.23018159522674345,"stage_1_separableconvcnn/confusion_matrix_table":{"path":"media/table/stage_1_separableconvcnn/confusion_matrix_table_1_dbaa27acdd290deac1c6.table.json","sha256":"dbaa27acdd290deac1c66e96bacda50b5885355b3f82be287fb4b98c928a4c5f","_latest_artifact_path":"wandb-client-artifact://b0dam89e8tneecxh6eq4xrteyrpeop6w75lbxznl0m5z8e2gqdbj2avnmt1mclffb935ywksqpx7p6orepm49u66cdxuv27v0sy43f9xweb9rl3bqoct58ini79yt3h6:latest/stage_1_separableconvcnn/confusion_matrix_table.table.json","_type":"table-file","log_mode":"IMMUTABLE","size":1368,"artifact_path":"wandb-client-artifact://ribe0dnyvc4nb1srmlu7v5frznixl11lkgo3bv77x2loi3amnvfwybq1h0xhrskckc1o4id2lzs6nx5f9k3od1aq3o0e8bvw06oa4627o51y2efn2lugkfploczvazhk/stage_1_separableconvcnn/confusion_matrix_table.table.json","nrows":36,"ncols":3},"mask_l1":0.1484375,"best_val_loss":0.16943199779385715,"train_acc":92.77485421703882,"stage1_test_loss":0.23018159522674345,"stage":3}