{"_timestamp":1.7764234747288299e+09,"epoch":30,"mask_l1":0.0234375,"val_acc":88.47262247838617,"lr_backbone":0.0001,"_runtime":17,"stage1_test_loss":0.25057173036076164,"stage2_test_loss":0.614212187541308,"stage1/test_loss":0.25057173036076164,"train_acc":92.54817987152035,"stage1_test_f1":0.9190924499938599,"_wandb":{"runtime":17},"_step":11,"stage_1_separableconvcnn/confusion_matrix_table":{"path":"media/table/stage_1_separableconvcnn/confusion_matrix_table_1_ba1709b9ded253dca6f1.table.json","log_mode":"IMMUTABLE","_type":"table-file","nrows":36,"size":1366,"artifact_path":"wandb-client-artifact://uu4p4buyy67svdijojw6awmdwt7dee88wxrtg6pxd8c7jlin5yrhe52h0796g7jiwy86s6uasdyw7p096p1270o7ncgyh9ljsq187pllzc9n3y7abtkhjxbrl8mxrw6l/stage_1_separableconvcnn/confusion_matrix_table.table.json","sha256":"ba1709b9ded253dca6f14b8d1a777336f0cb86899167c45d58f90d5e787020ac","_latest_artifact_path":"wandb-client-artifact://25j07dp8784usi9xmm62hzb9maq7r5ehqoypzwzv4z25f5h1gxp5ij9z6brq9xuq66v6v7l94szfvornixgo52qfvb5ev4kfjf9ixl724e20zec6wcgg1p569xojym44:latest/stage_1_separableconvcnn/confusion_matrix_table.table.json","ncols":3},"stage3_test_acc":86.22327790973871,"stage1/use_pretrain_model":false,"stage3_test_loss":0.46282580244305144,"stage1_test_acc":91.72039362063116,"bin_keep_ratio":0.2421875,"stage2_test_acc":81.5744825246013,"train_loss":0.1653086403250524,"stage2_test_f1":0.8122389473165282,"best_val_loss":0.310333300376531,"lr":0.001,"stage":3,"lr_gumbel_bin":0.001,"stage_3_separableconvcnn/confusion_matrix_table":{"_type":"table-file","size":1370,"log_mode":"IMMUTABLE","path":"media/table/stage_3_separableconvcnn/confusion_matrix_table_10_ad6b4712b5ff3cb93ffd.table.json","artifact_path":"wandb-client-artifact://19yiexu07iew427zima1q0owsr11nwnswaivpt2gbj0yi4v3y1kxkqg15no8rsvfb7t7u5lv3zoxdo5fb50b4p6ezor9igyxddgrfriekbdhidfrq1t7ua3emfqwasiq/stage_3_separableconvcnn/confusion_matrix_table.table.json","sha256":"ad6b4712b5ff3cb93ffd429077726b46a01a8e19151cf65491faadcd62e3c74d","_latest_artifact_path":"wandb-client-artifact://2cw0jgu6c9a8swfr30j8mgggo0709etcmc38pgucra4cfwje4ashoz1khvbgu1vq9ihzul5k97now320510s0sifzc0xaljmwco23kf2b4qp9pmask5ep9pazu67save:latest/stage_3_separableconvcnn/confusion_matrix_table.table.json","ncols":3,"nrows":36},"stage1/test_f1":0.9190924499938599,"stage1/test_acc":91.72039362063116,"stage2_hard_bin_mask_str":"[0.0, 0.0, 0.0, 0.0, 1.0, 1.0, 1.0, 0.0, 1.0, 1.0, 0.0, 1.0, 1.0, 0.0, 1.0, 0.0, 1.0, 1.0, 1.0, 0.0, 0.0, 0.0, 1.0, 0.0, 0.0, 0.0, 1.0, 1.0, 0.0, 0.0, 1.0, 0.0, 0.0, 0.0, 0.0, 1.0, 1.0, 1.0, 1.0, 0.0, 0.0, 1.0, 0.0, 0.0, 0.0, 1.0, 1.0, 1.0, 0.0, 1.0, 1.0, 1.0, 1.0, 1.0, 1.0, 0.0, 1.0, 0.0, 0.0, 0.0, 0.0, 0.0, 0.0, 0.0, 0.0, 0.0, 0.0, 0.0, 0.0, 0.0, 0.0, 0.0, 0.0, 0.0, 0.0, 0.0, 0.0, 0.0, 0.0, 0.0, 0.0, 0.0, 0.0, 0.0, 0.0, 0.0, 0.0, 0.0, 0.0, 1.0, 0.0, 0.0, 0.0, 0.0, 0.0, 0.0, 0.0, 0.0, 0.0, 0.0, 0.0, 0.0, 0.0, 0.0, 0.0, 0.0, 0.0, 0.0, 0.0, 0.0, 0.0, 0.0, 0.0, 0.0, 0.0, 0.0, 0.0, 0.0, 0.0, 0.0, 0.0, 0.0, 0.0, 0.0, 0.0, 0.0, 0.0, 0.0]","stage3_test_f1":0.8623235602841596,"val_loss":0.31236833307129847}