{"stage2_test_f1":0.9118218952498642,"lr":0.001,"stage3_test_loss":0.264792598759162,"stage1/test_loss":0.26241459981148063,"epoch":20,"stage3_test_f1":0.9158469248701109,"_step":16,"lr_gumbel_bin":0.001,"stage1/test_f1":0.9114597953604786,"stage1_test_acc":91.00780454699695,"stage1/test_acc":91.00780454699695,"stage1_test_f1":0.9114597953604786,"val_loss":0.3354558910044623,"lr_backbone":0.0001,"stage2_hard_bin_mask_str":"[1.0, 1.0, 1.0, 1.0, 1.0, 1.0, 1.0, 1.0, 1.0, 1.0, 1.0, 1.0, 1.0, 1.0, 1.0, 1.0, 1.0, 1.0, 1.0, 1.0, 1.0, 1.0, 1.0, 1.0, 1.0, 1.0, 0.0, 1.0, 1.0, 0.0, 0.0, 0.0, 0.0, 0.0, 0.0, 0.0, 0.0, 0.0, 0.0, 0.0, 0.0, 0.0, 0.0, 0.0, 0.0, 0.0, 0.0, 0.0, 0.0, 0.0, 0.0, 0.0, 0.0, 0.0, 0.0, 0.0, 0.0, 0.0, 0.0, 0.0, 0.0, 0.0, 0.0, 0.0, 0.0]","bin_keep_ratio":0.4307692348957062,"_runtime":27,"train_acc":95.69063926940639,"mask_l1":0.4000000059604645,"stage3_test_acc":91.55072955548015,"stage_3_separableconvcnn/confusion_matrix_table":{"ncols":3,"size":1366,"_type":"table-file","sha256":"d7b8f3f8f9ca3b734b7e3d6ba607d95207d42f71c6ff2b7e634c5394050fef19","artifact_path":"wandb-client-artifact://cwsp0xl46qppqqy90f5kcjcdtolaiamd8zmfbacuyywsuqo7txpvlznjxllex1b7n6xxt5wism83tet83ulmfwb2z8xlrwaatpty7qetc8dkw8g9o68d9rstly9sfl6d/stage_3_separableconvcnn/confusion_matrix_table.table.json","_latest_artifact_path":"wandb-client-artifact://scmc87d8snvifa3zm0pkevsc05jhpoqa0m1x31uc1bhrm5giultmfhu6k6ip9ye73ligpklbtz7vg090g5t3wksg1q9isvbumin7tnqs9hyuobypb0pom80jhjn3nt3e:latest/stage_3_separableconvcnn/confusion_matrix_table.table.json","log_mode":"IMMUTABLE","path":"media/table/stage_3_separableconvcnn/confusion_matrix_table_15_d7b8f3f8f9ca3b734b7e.table.json","nrows":36},"best_val_loss":0.2020918390777207,"train_loss":0.10250796510340417,"stage1/use_pretrain_model":false,"stage1_test_loss":0.26241459981148063,"_wandb":{"runtime":27},"_timestamp":1.77576790964952e+09,"stage_1_separableconvcnn/confusion_matrix_table":{"path":"media/table/stage_1_separableconvcnn/confusion_matrix_table_1_c00c763d302031feb986.table.json","ncols":3,"nrows":36,"artifact_path":"wandb-client-artifact://d0jijmazeooo0eq67m13tsrpb8k383c6pcseyjujbsqny0hh2qsagqv5oiq55oap3i72e79t4ky6t4oe51nz6yszp4kpu4uhzddmqpm6d6d9at8v4zdbwgh53eaa7a2b/stage_1_separableconvcnn/confusion_matrix_table.table.json","sha256":"c00c763d302031feb9866229d0b7c28247ab821837d7399a92ca32ebb691d192","log_mode":"IMMUTABLE","size":1367,"_type":"table-file","_latest_artifact_path":"wandb-client-artifact://hwpl7f3b6dsy7a38pl4dzcw83rxacblp35h2tttdho157k8132xsix6nt1hafc39owvu8zfbqosssgl225c0kbpve3cvgep2j516rji7byw5ph3zb1grxj3v24477hzr:latest/stage_1_separableconvcnn/confusion_matrix_table.table.json"},"stage2_test_loss":0.2274432735278075,"stage":3,"val_acc":91.86046511627907,"stage2_test_acc":91.10960298608755}