{"val_loss":0.41017300591168815,"stage2_test_loss":0.9025186306598189,"stage_3_prunedseparableconvcnn/confusion_matrix_table":{"ncols":3,"artifact_path":"wandb-client-artifact://vyy0yhnifx00oiygv6owhj4dd8qq6nn6ffrn0ad36n56u5u6epk7q5dy3lxx3g0mcdvpr2ioh98cn1cqidkuvjulua5leprcnoqelm2yzr1kwnsn1oyg0o5i8a79ia7v/stage_3_prunedseparableconvcnn/confusion_matrix_table.table.json","size":1368,"sha256":"159ae22ec3c9e7f2bd8fa3489791acb4bdb6c076de307281552f56a92aaf860e","_latest_artifact_path":"wandb-client-artifact://ljkdu26mtb16lp0am9qmohav98mpvykdx1wfj607rkrsiphi53xjajz0eb3yquhlhfjnhqk8mgxnnujn8odl9sfbf164cc2lkcuqhcsluecihs6nq34g4wtzyu58uu2d:latest/stage_3_prunedseparableconvcnn/confusion_matrix_table.table.json","nrows":36,"log_mode":"IMMUTABLE","path":"media/table/stage_3_prunedseparableconvcnn/confusion_matrix_table_11_159ae22ec3c9e7f2bd8f.table.json","_type":"table-file"},"stage2/final_mask_keep_ratio_block3":0.5078125,"stage2/block3_Pruned_%":49.21875,"stage1/test_acc":89.75229046487954,"stage2/best_val_loss":1.1173271493406485,"final_summary_log_path":"/home/qphan/master-thesis/models/uci_best_model_three_stage_channel_subject5_val_final_summary_val_5.txt","model_param_count_pruned":13669,"stage2/raw_hard_mask_block4":"[1.0, 1.0, 1.0, 0.0, 0.0, 1.0, 1.0, 1.0, 1.0, 1.0, 1.0, 0.0, 0.0, 0.0, 0.0, 0.0, 1.0, 0.0, 1.0, 1.0, 0.0, 0.0, 0.0, 0.0, 0.0, 0.0, 0.0, 1.0, 0.0, 1.0, 1.0, 0.0, 1.0, 1.0, 0.0, 1.0, 0.0, 0.0, 0.0, 0.0, 1.0, 0.0, 1.0, 1.0, 0.0, 1.0, 1.0, 1.0, 0.0, 1.0, 1.0, 1.0, 0.0, 0.0, 0.0, 0.0, 0.0, 0.0, 1.0, 0.0, 1.0, 1.0, 0.0, 1.0, 0.0, 0.0, 1.0, 1.0, 1.0, 1.0, 1.0, 0.0, 1.0, 1.0, 0.0, 1.0, 0.0, 1.0, 1.0, 1.0, 0.0, 0.0, 1.0, 0.0, 0.0, 0.0, 1.0, 1.0, 0.0, 1.0, 1.0, 1.0, 0.0, 1.0, 0.0, 1.0, 0.0, 1.0, 0.0, 1.0, 1.0, 0.0, 0.0, 1.0, 0.0, 0.0, 1.0, 0.0, 0.0, 0.0, 0.0, 0.0, 0.0, 1.0, 0.0, 1.0, 0.0, 0.0, 1.0, 1.0, 0.0, 0.0, 0.0, 1.0, 0.0, 0.0, 1.0, 1.0]","_wandb":{"runtime":19},"val_acc":84.76821192052981,"stage2/block2_Pruned_%":32.8125,"stage2/val_loss":1.196872025925592,"stage1/test_f1":0.8986571403146842,"block3_Pruned_%":49.21875,"stage2/test_acc":54.97115710892433,"stage2/train_acc":59.0354609929078,"block4_Pruned_%":51.5625,"model_param_reduction_pct":62.92448736031246,"stage2/final_mask_keep_ratio_block4":0.484375,"model_param_count":13669,"train_loss":0.23045270730629036,"stage2/final_mask_keep_ratio_block2":0.671875,"stage2/lr_backbone":0.0001,"epoch":25,"stage1_test_f1":0.8986571403146842,"_runtime":19,"stage2_test_acc":54.97115710892433,"stage1/use_pretrain_model":false,"_step":13,"stage3_test_loss":0.3038834776721603,"stage2/val_acc":44.370860927152314,"stage2/test_loss":0.9025186306598189,"stage":3,"stage2/train_loss":0.976938020472831,"Total_Pruned_%":46.875,"best_val_loss":0.3619099675326158,"stage2_test_f1":0.4987243976246721,"stage2/lr_gumbel":0.001,"stage3_test_acc":89.14149983033593,"stage3_test_f1":0.8923529768349718,"stage2/block4_Pruned_%":51.5625,"stage2/purpose":"train channel-pruning model with masking","block2_Pruned_%":32.8125,"stage2/Total_Pruned_%":46.875,"stage2/stage_number":2,"train_acc":90.41134751773049,"_timestamp":1.7758621282702732e+09,"stage2/mask_l1":0.49220454692840576,"stage2/test_f1":0.4987243976246721,"stage_1_separableconvcnn/confusion_matrix_table":{"ncols":3,"_type":"table-file","sha256":"03dfbd2c4e1796b6f14c9c6ff1c6762d4bce54ff6391a5bae0814e1d8b095def","nrows":36,"log_mode":"IMMUTABLE","artifact_path":"wandb-client-artifact://0ji8rr6neq3a2jornicyzgt0pq84hgs3szl8glu9kn5j2m335wo01ilq7uiqrp9v53t2vvyobuhsbdm8kngu7jxf689cs6xryyxl04fkapguffjedukaopz40l5947aw/stage_1_separableconvcnn/confusion_matrix_table.table.json","_latest_artifact_path":"wandb-client-artifact://4rhs16qjqzhfvsjmscryizc6uuf29i4z4xth1oncqrdwdze6na7afkab6gs4i7f4nsphwnrga0lrk48dot89vr5pdnxrp6g1f66ryrmjj3lq347kxeo84coa1xx4t6lv:latest/stage_1_separableconvcnn/confusion_matrix_table.table.json","path":"media/table/stage_1_separableconvcnn/confusion_matrix_table_1_03dfbd2c4e1796b6f14c.table.json","size":1367},"lr_loaded_weights":0.0001,"stage1_test_acc":89.75229046487954,"stage2/raw_hard_mask_block3":"[0.0, 1.0, 0.0, 0.0, 0.0, 1.0, 1.0, 1.0, 1.0, 0.0, 1.0, 0.0, 0.0, 1.0, 0.0, 0.0, 1.0, 0.0, 1.0, 0.0, 1.0, 0.0, 1.0, 0.0, 0.0, 0.0, 1.0, 1.0, 1.0, 0.0, 0.0, 1.0, 0.0, 1.0, 1.0, 0.0, 0.0, 1.0, 1.0, 0.0, 1.0, 1.0, 1.0, 0.0, 0.0, 0.0, 1.0, 0.0, 0.0, 0.0, 1.0, 1.0, 1.0, 1.0, 1.0, 0.0, 0.0, 0.0, 0.0, 1.0, 0.0, 1.0, 0.0, 1.0, 0.0, 1.0, 1.0, 1.0, 1.0, 1.0, 0.0, 1.0, 1.0, 0.0, 0.0, 1.0, 1.0, 1.0, 0.0, 1.0, 0.0, 1.0, 1.0, 1.0, 1.0, 0.0, 0.0, 0.0, 0.0, 1.0, 0.0, 0.0, 0.0, 0.0, 1.0, 0.0, 0.0, 0.0, 1.0, 1.0, 0.0, 0.0, 1.0, 1.0, 1.0, 0.0, 1.0, 0.0, 1.0, 1.0, 1.0, 0.0, 0.0, 1.0, 0.0, 1.0, 1.0, 0.0, 0.0, 0.0, 1.0, 1.0, 1.0, 0.0, 1.0, 0.0, 1.0, 0.0]","stage2/raw_hard_mask_block2":"[0.0, 1.0, 1.0, 0.0, 1.0, 1.0, 0.0, 1.0, 0.0, 1.0, 1.0, 1.0, 1.0, 1.0, 0.0, 1.0, 1.0, 0.0, 0.0, 1.0, 0.0, 1.0, 1.0, 1.0, 1.0, 1.0, 0.0, 0.0, 1.0, 0.0, 1.0, 0.0, 1.0, 0.0, 0.0, 0.0, 0.0, 1.0, 1.0, 1.0, 1.0, 0.0, 1.0, 1.0, 0.0, 1.0, 1.0, 1.0, 1.0, 0.0, 1.0, 1.0, 0.0, 1.0, 0.0, 1.0, 1.0, 1.0, 1.0, 1.0, 1.0, 1.0, 1.0, 1.0]","stage1_test_loss":0.268587467844987,"stage1/test_loss":0.268587467844987,"stage2/epoch":15,"model_param_count_dense":36868,"stage2/best_epoch":5}