{"stage1_test_loss":0.2567275946231102,"stage2_hard_bin_mask_str":"[1.0, 1.0, 1.0, 1.0, 1.0, 1.0, 1.0, 1.0, 1.0, 0.0, 1.0, 1.0, 1.0, 1.0, 1.0, 1.0, 1.0, 1.0, 1.0, 1.0, 1.0, 1.0, 1.0, 1.0, 1.0, 0.0, 1.0, 0.0, 0.0, 0.0, 0.0, 1.0, 0.0, 1.0, 1.0, 0.0, 1.0, 1.0, 1.0, 1.0, 0.0, 0.0, 0.0, 0.0, 0.0, 1.0, 1.0, 1.0, 0.0, 1.0, 0.0, 0.0, 0.0, 0.0, 0.0, 0.0, 0.0, 0.0, 0.0, 0.0, 0.0, 1.0, 0.0, 0.0, 0.0, 0.0, 0.0, 1.0, 0.0, 0.0, 0.0, 0.0, 0.0, 0.0, 0.0, 0.0, 0.0, 0.0, 0.0, 0.0, 0.0, 0.0, 0.0, 0.0, 0.0, 0.0, 0.0, 0.0, 0.0, 0.0, 0.0, 0.0, 0.0, 0.0, 0.0, 0.0, 0.0, 0.0, 0.0, 0.0, 0.0, 0.0, 0.0, 0.0, 0.0, 0.0, 0.0, 0.0, 0.0, 0.0, 0.0, 0.0, 0.0, 0.0, 0.0, 0.0, 0.0, 0.0, 0.0, 0.0, 0.0, 0.0, 0.0, 0.0, 0.0, 0.0, 0.0, 0.0]","_wandb":{"runtime":16},"_step":10,"stage3_test_f1":0.876566585182801,"stage1/test_loss":0.2567275946231102,"lr":0.001,"stage":3,"stage2_test_acc":86.05361384458772,"_timestamp":1.7757799127150977e+09,"val_acc":74.30340557275542,"train_acc":94.93526817470479,"stage3_test_loss":0.330121897692974,"stage1/test_f1":0.9091560980317142,"stage3_test_acc":87.78418730912793,"stage_1_separableconvcnn/confusion_matrix_table":{"ncols":3,"_type":"table-file","sha256":"dce11c1ce596658f0c995b6eedc54b0b523786f15cf09b6af4e36d071156d8df","nrows":36,"size":1366,"artifact_path":"wandb-client-artifact://y4mnu7qagth2z5esqkzegk0jfo3262vycrmzxwdnp0462jkucsaf7oog8105t0jx0f1grbyk9vo3e5qud6jlzixo03apiv0hltbf49cy4kvxyk0m3jnjjfa3285twkg2/stage_1_separableconvcnn/confusion_matrix_table.table.json","path":"media/table/stage_1_separableconvcnn/confusion_matrix_table_1_dce11c1ce596658f0c99.table.json","_latest_artifact_path":"wandb-client-artifact://9n8meiy7x0p7nqrd4omlysszsk83r4wks7z0ivcqj7hnuelg1pchkbtpvkvka80qoykwcdxrvt637oud05l51k6pfcv0wfjvcfy9mb5fu77g7y7ltmo65dk4sr4ut6v5:latest/stage_1_separableconvcnn/confusion_matrix_table.table.json","log_mode":"IMMUTABLE"},"train_loss":0.11877874920969074,"lr_backbone":0.0001,"epoch":25,"_runtime":16,"stage2_test_loss":0.42740882016227916,"stage1/test_acc":90.73634204275534,"stage_3_separableconvcnn/confusion_matrix_table":{"_latest_artifact_path":"wandb-client-artifact://nom352c3ser2sl9tbpjlcxi354qeu0h2jwxp0ljt7zt07h3fw7rqa3neflx61jqherc21u4d0ivhw3jyh1oivwpt39b0ilmsdzmpfw4a2tcbh7ff9gmirqd7cn6rj8ak:latest/stage_3_separableconvcnn/confusion_matrix_table.table.json","log_mode":"IMMUTABLE","sha256":"97474244f1bdc91f460cd33b196da33194bfcdea20ebdd24009c540dab89d2b8","size":1367,"ncols":3,"artifact_path":"wandb-client-artifact://ag65fhtrom8w4livqb4zjxpbsj3dnlzoe3740qfbewo1qyku8g6zegyumbzi0cwaupe0qs35kdxr5cni08vpyzc8b0q4b6dikes0lt6afov0k2e6qvwb237gklej4ffl/stage_3_separableconvcnn/confusion_matrix_table.table.json","nrows":36,"path":"media/table/stage_3_separableconvcnn/confusion_matrix_table_9_97474244f1bdc91f460c.table.json","_type":"table-file"},"bin_keep_ratio":0.296875,"stage1_test_f1":0.9091560980317142,"val_loss":1.7925244558706372,"stage2_test_f1":0.8619294732329559,"stage1/use_pretrain_model":false,"lr_gumbel_bin":0.001,"best_val_loss":0.9770229091585236,"mask_l1":0.203125,"stage1_test_acc":90.73634204275534}