{"stage2_test_f1":0.862593086274622,"val_loss":0.6548734144621755,"best_val_loss":0.2742738801319578,"stage3_test_f1":0.8857836722760638,"stage1_test_loss":0.4559599839993571,"stage1/test_loss":0.4559599839993571,"train_loss":0.08856242475254086,"_timestamp":1.7764263793151352e+09,"stage1_test_acc":89.85408890397014,"stage1/use_pretrain_model":false,"stage2_test_acc":86.05361384458772,"stage1/test_acc":89.85408890397014,"stage3_test_loss":0.4245859868535419,"epoch":20,"stage":3,"lr_gumbel_bin":0.001,"_runtime":15,"mask_l1":0.2578125,"lr":0.001,"val_acc":82.40469208211144,"stage1/test_f1":0.8992012196111356,"stage_3_separableconvcnn/confusion_matrix_table":{"sha256":"83f22cdd2a10e466484e73bf7c3149edbd953a75689691ea86090cb37c04a7cd","size":1368,"path":"media/table/stage_3_separableconvcnn/confusion_matrix_table_8_83f22cdd2a10e466484e.table.json","ncols":3,"nrows":36,"_type":"table-file","_latest_artifact_path":"wandb-client-artifact://l2i0goc01njpo960o7r3vfczsijmc1k0ca6x5at8m976utmmwiv53xb62r132ir96kn5yrq2w4rub085wnce8rn7v3to7rne6j28xuc3aykfap6wxmtwc5r2uiqx9byg:latest/stage_3_separableconvcnn/confusion_matrix_table.table.json","log_mode":"IMMUTABLE","artifact_path":"wandb-client-artifact://7php6c0z976dvxm7cht0blyj78tz4zrir64v1e93bqc5mi9s9le5kfjgi6tzdjbhgybrjgp6g9yxsf40kd6emaorarmyh3uaapo8uhihuptc16y7xn8o9vf2m7mhjlps/stage_3_separableconvcnn/confusion_matrix_table.table.json"},"stage3_test_acc":88.59857482185274,"train_acc":96.2059620596206,"stage_1_separableconvcnn/confusion_matrix_table":{"sha256":"02c5a6fac2b98a2cce23216035c71184f8282e95afab8b7a4923ed0654b10cea","path":"media/table/stage_1_separableconvcnn/confusion_matrix_table_1_02c5a6fac2b98a2cce23.table.json","_latest_artifact_path":"wandb-client-artifact://bmk6x32sgx4iz6vrbh52ooeo59aqo22e9443e8khz9diuqr0ipvhvih1u7o0yvabqn3j617nbml9pnautkllrlrhx14d0dlaxahcgov43z6w66hzfw8wpm826a0vbo8y:latest/stage_1_separableconvcnn/confusion_matrix_table.table.json","_type":"table-file","ncols":3,"artifact_path":"wandb-client-artifact://t55hdjjig2rs4vvgme3jf9hh57rbkiohutykvb8jktu5z8ncx4i0rlh2a19c0q1fgm3p3p2qn0zq90a017w9yusuosle2ki5l87y7747jby8bsuar6gy6ukdj0iq663p/stage_1_separableconvcnn/confusion_matrix_table.table.json","nrows":36,"size":1368,"log_mode":"IMMUTABLE"},"bin_keep_ratio":0.3828125,"lr_backbone":0.0001,"stage2_hard_bin_mask_str":"[0.0, 0.0, 1.0, 1.0, 0.0, 1.0, 1.0, 1.0, 1.0, 1.0, 1.0, 1.0, 1.0, 1.0, 1.0, 1.0, 1.0, 1.0, 1.0, 1.0, 1.0, 1.0, 1.0, 1.0, 1.0, 0.0, 0.0, 1.0, 1.0, 1.0, 1.0, 1.0, 1.0, 1.0, 1.0, 1.0, 1.0, 1.0, 1.0, 0.0, 0.0, 1.0, 1.0, 1.0, 1.0, 1.0, 0.0, 0.0, 1.0, 0.0, 1.0, 1.0, 1.0, 1.0, 1.0, 1.0, 1.0, 1.0, 0.0, 1.0, 0.0, 0.0, 0.0, 0.0, 0.0, 0.0, 0.0, 0.0, 0.0, 0.0, 0.0, 0.0, 0.0, 0.0, 0.0, 0.0, 0.0, 0.0, 0.0, 0.0, 0.0, 0.0, 0.0, 0.0, 0.0, 0.0, 0.0, 0.0, 0.0, 0.0, 0.0, 0.0, 0.0, 0.0, 0.0, 0.0, 0.0, 0.0, 0.0, 0.0, 0.0, 0.0, 0.0, 0.0, 0.0, 0.0, 0.0, 0.0, 0.0, 0.0, 0.0, 0.0, 0.0, 0.0, 0.0, 0.0, 0.0, 0.0, 0.0, 0.0, 0.0, 0.0, 0.0, 0.0, 0.0, 0.0, 0.0, 0.0]","stage2_test_loss":0.552589424932897,"stage1_test_f1":0.8992012196111356,"_step":9,"_wandb":{"runtime":15}}