{"_wandb":{"runtime":71},"params_before_pruning":36998,"channels_block4":77,"channels_block3":77,"train_acc":79.26709005561911,"stage1_test_acc":78.7017001545595,"stage3_final_mask_json":"{\"block2\": [0.0, 1.0, 1.0, 1.0, 0.0, 1.0, 1.0, 1.0, 1.0, 1.0, 1.0, 1.0, 0.0, 0.0, 1.0, 0.0, 0.0, 1.0, 0.0, 1.0, 1.0, 0.0, 0.0, 1.0, 1.0, 1.0, 0.0, 1.0, 1.0, 1.0, 1.0, 1.0, 1.0, 0.0, 1.0, 1.0, 0.0, 1.0, 1.0, 1.0, 0.0, 1.0, 0.0, 0.0, 0.0, 0.0, 1.0, 0.0, 1.0, 1.0, 0.0, 1.0, 0.0, 0.0, 0.0, 1.0, 1.0, 1.0, 1.0, 0.0, 0.0, 0.0, 1.0, 0.0], \"block3\": [0.0, 1.0, 0.0, 1.0, 1.0, 1.0, 1.0, 1.0, 0.0, 1.0, 1.0, 1.0, 0.0, 1.0, 1.0, 1.0, 1.0, 0.0, 1.0, 1.0, 1.0, 1.0, 1.0, 0.0, 1.0, 0.0, 1.0, 1.0, 1.0, 1.0, 1.0, 1.0, 0.0, 1.0, 1.0, 1.0, 0.0, 0.0, 0.0, 0.0, 1.0, 0.0, 0.0, 0.0, 0.0, 0.0, 1.0, 0.0, 1.0, 0.0, 0.0, 0.0, 1.0, 1.0, 0.0, 1.0, 1.0, 0.0, 1.0, 1.0, 0.0, 1.0, 1.0, 0.0, 1.0, 1.0, 0.0, 1.0, 0.0, 0.0, 0.0, 1.0, 1.0, 0.0, 0.0, 0.0, 1.0, 1.0, 1.0, 1.0, 1.0, 0.0, 1.0, 1.0, 0.0, 0.0, 1.0, 1.0, 1.0, 0.0, 0.0, 0.0, 1.0, 1.0, 1.0, 1.0, 1.0, 1.0, 1.0, 1.0, 0.0, 0.0, 1.0, 1.0, 0.0, 1.0, 0.0, 1.0, 0.0, 1.0, 1.0, 1.0, 0.0, 0.0, 0.0, 1.0, 1.0, 0.0, 0.0, 1.0, 0.0, 1.0, 0.0, 1.0, 0.0, 1.0, 1.0, 1.0], \"block4\": [0.0, 1.0, 0.0, 1.0, 1.0, 1.0, 1.0, 0.0, 1.0, 0.0, 1.0, 1.0, 1.0, 1.0, 0.0, 0.0, 1.0, 1.0, 0.0, 0.0, 1.0, 0.0, 1.0, 0.0, 0.0, 0.0, 1.0, 0.0, 0.0, 0.0, 1.0, 1.0, 1.0, 1.0, 1.0, 1.0, 1.0, 1.0, 0.0, 0.0, 1.0, 0.0, 0.0, 1.0, 1.0, 0.0, 1.0, 1.0, 1.0, 1.0, 1.0, 0.0, 0.0, 0.0, 1.0, 1.0, 1.0, 1.0, 0.0, 1.0, 0.0, 1.0, 1.0, 1.0, 0.0, 0.0, 0.0, 1.0, 0.0, 0.0, 1.0, 1.0, 0.0, 1.0, 0.0, 1.0, 1.0, 0.0, 0.0, 1.0, 0.0, 1.0, 1.0, 0.0, 0.0, 1.0, 0.0, 1.0, 1.0, 1.0, 1.0, 1.0, 1.0, 1.0, 0.0, 1.0, 1.0, 0.0, 1.0, 1.0, 0.0, 1.0, 1.0, 0.0, 1.0, 1.0, 0.0, 0.0, 1.0, 1.0, 1.0, 0.0, 1.0, 0.0, 0.0, 1.0, 1.0, 1.0, 1.0, 0.0, 0.0, 1.0, 1.0, 1.0, 1.0, 0.0, 1.0, 0.0]}","lr":0.001,"stage3_test_f1":0.6649468603292561,"val_acc":67.15880446525027,"stage3_channel_metadata_json":"{\"block2\": {\"kept_indices\": [1, 2, 3, 5, 6, 7, 8, 9, 10, 11, 14, 17, 19, 20, 23, 24, 25, 27, 28, 29, 30, 31, 32, 34, 35, 37, 38, 39, 41, 46, 48, 49, 51, 55, 56, 57, 58, 62], \"pruned_indices\": [0, 4, 12, 13, 15, 16, 18, 21, 22, 26, 33, 36, 40, 42, 43, 44, 45, 47, 50, 52, 53, 54, 59, 60, 61, 63], \"kept_count\": 38, \"pruned_count\": 26, \"total_channels\": 64}, \"block3\": {\"kept_indices\": [1, 3, 4, 5, 6, 7, 9, 10, 11, 13, 14, 15, 16, 18, 19, 20, 21, 22, 24, 26, 27, 28, 29, 30, 31, 33, 34, 35, 40, 46, 48, 52, 53, 55, 56, 58, 59, 61, 62, 64, 65, 67, 71, 72, 76, 77, 78, 79, 80, 82, 83, 86, 87, 88, 92, 93, 94, 95, 96, 97, 98, 99, 102, 103, 105, 107, 109, 110, 111, 115, 116, 119, 121, 123, 125, 126, 127], \"pruned_indices\": [0, 2, 8, 12, 17, 23, 25, 32, 36, 37, 38, 39, 41, 42, 43, 44, 45, 47, 49, 50, 51, 54, 57, 60, 63, 66, 68, 69, 70, 73, 74, 75, 81, 84, 85, 89, 90, 91, 100, 101, 104, 106, 108, 112, 113, 114, 117, 118, 120, 122, 124], \"kept_count\": 77, \"pruned_count\": 51, \"total_channels\": 128}, \"block4\": {\"kept_indices\": [1, 3, 4, 5, 6, 8, 10, 11, 12, 13, 16, 17, 20, 22, 26, 30, 31, 32, 33, 34, 35, 36, 37, 40, 43, 44, 46, 47, 48, 49, 50, 54, 55, 56, 57, 59, 61, 62, 63, 67, 70, 71, 73, 75, 76, 79, 81, 82, 85, 87, 88, 89, 90, 91, 92, 93, 95, 96, 98, 99, 101, 102, 104, 105, 108, 109, 110, 112, 115, 116, 117, 118, 121, 122, 123, 124, 126], \"pruned_indices\": [0, 2, 7, 9, 14, 15, 18, 19, 21, 23, 24, 25, 27, 28, 29, 38, 39, 41, 42, 45, 51, 52, 53, 58, 60, 64, 65, 66, 68, 69, 72, 74, 77, 78, 80, 83, 84, 86, 94, 97, 100, 103, 106, 107, 111, 113, 114, 119, 120, 125, 127], \"kept_count\": 77, \"pruned_count\": 51, \"total_channels\": 128}}","_timestamp":1.7754310207019768e+09,"train_loss":0.5660364713268089,"_step":7,"stage_1_separableconvcnn/confusion_matrix_table":{"nrows":64,"artifact_path":"wandb-client-artifact://1v3tekzabkq79nyyjmoct1pesbkphl6kbbaci43nqsokforrws4xdhzsx98qlaetw17zg6rs4l55891ia4f7ed5f0av7h6ezpcsvirxwzy6wtunzindtfgyvnb46e53e/stage_1_separableconvcnn/confusion_matrix_table.table.json","path":"media/table/stage_1_separableconvcnn/confusion_matrix_table_0_6b5920f7eaf9da6e880b.table.json","sha256":"6b5920f7eaf9da6e880b6c5a9bd2bc2d3ed87b55ba1b5511761e1c5b3b00df0f","size":2015,"_latest_artifact_path":"wandb-client-artifact://ibykqpv2b08lllr4b49fvd17np5fk46xn2vtzhwuvuay819rl7i8dlhov0bbs6g94b190ehkcslh8b4jatsr7oro9knlsq11scr67yga746nmpmnn87r6nmnfb7istra:latest/stage_1_separableconvcnn/confusion_matrix_table.table.json","ncols":3,"_type":"table-file","log_mode":"IMMUTABLE"},"channels_block2":38,"params_after_pruning":16694,"stage3_test_acc":70.25244719216899,"stage1_test_f1":0.6782045044792259,"best_val_loss":0.8459057888196534,"epoch":19,"stage":3,"_runtime":71,"val_loss":0.881076444041012,"stage_3_prunedseparableconvcnn/confusion_matrix_table":{"_type":"table-file","log_mode":"IMMUTABLE","path":"media/table/stage_3_prunedseparableconvcnn/confusion_matrix_table_6_577c3448679804705e4f.table.json","artifact_path":"wandb-client-artifact://unzmyxv6vk8sodp85f4w9wbglplu0kqme88lnakr54d242v38qwyft5lcjsr0qetz5p2h1co7djpofuyr91caffzsfujw2utmi7qt4attxb4p8s3jfp89k2lru11e99j/stage_3_prunedseparableconvcnn/confusion_matrix_table.table.json","ncols":3,"_latest_artifact_path":"wandb-client-artifact://0a692su1pf8sc3qsfdz9ij79p0vgj14bldtiv1ceap8utjhn83076nxkb1rh7tzd4783vqxbgiloweiu79r5n71pgso016w00c7e1wcp7dgqoh7ckvcje6f3dj3vof5r:latest/stage_3_prunedseparableconvcnn/confusion_matrix_table.table.json","nrows":64,"size":2011,"sha256":"577c3448679804705e4fd2b154c4b336040e718b7bcd5f255b7bb0fae1776a29"}}