{"lr_backbone":0.0001,"stage3_test_loss":0.38911459317819863,"bin_keep_ratio":0.28125,"val_loss":0.4657084662787425,"lr_gumbel_bin":0.001,"lr":0.001,"epoch":15,"stage3_test_f1":0.8747514575121415,"val_acc":82.13256484149856,"stage2_test_loss":0.4632163056114104,"_step":8,"stage_1_separableconvcnn/confusion_matrix_table":{"nrows":36,"path":"media/table/stage_1_separableconvcnn/confusion_matrix_table_1_ba1709b9ded253dca6f1.table.json","ncols":3,"_type":"table-file","log_mode":"IMMUTABLE","_latest_artifact_path":"wandb-client-artifact://afqj0cyy8qaxalui1p6vvud9g6nf0zgn7w8rjefi3tktfdy5bu35r6zxhgcn04jes8kb75t1q939di3ayu3k1hsqn86dy0b0jvb4v2qlw9ykaxv36ymy3l675il572p2:latest/stage_1_separableconvcnn/confusion_matrix_table.table.json","artifact_path":"wandb-client-artifact://nom1x9giqabqqlfeo88hl768b7s22or2ebgii04dqhkih7hr6bioyt17gsnges47r9z9gu0ocv409m93kplpnvua32nh871pqbym0zsenci94kf1ed8ofq3qr30gnie0/stage_1_separableconvcnn/confusion_matrix_table.table.json","size":1366,"sha256":"ba1709b9ded253dca6f14b8d1a777336f0cb86899167c45d58f90d5e787020ac"},"stage2_test_acc":85.20529351883272,"mask_l1":0,"stage1/use_pretrain_model":false,"train_acc":92.24839400428266,"stage1/test_loss":0.25057173036076164,"train_loss":0.17401785786282922,"_wandb":{"runtime":13},"stage_3_separableconvcnn/confusion_matrix_table":{"_type":"table-file","log_mode":"IMMUTABLE","sha256":"ad35e9715293b682f6395533f0d35a28e52f13db691c6efdca3155e5da8325e0","size":1369,"nrows":36,"_latest_artifact_path":"wandb-client-artifact://sr8rglmmapb358p5xjne2qvdisrxb0ysg5toqsz01klrhv875ubgz032upga9tjvyvnq4khaii7s7rw85845wmpr14vi1w5vtc3ebdemm0ltbir2zydjllxxn3s00v3y:latest/stage_3_separableconvcnn/confusion_matrix_table.table.json","artifact_path":"wandb-client-artifact://1om5hsme1uxfew1jgweizg8gmtxkq4u158z75l0uds21ire5ld4myxkcb5yryemc3txfo0m11j5mq5s96l9jpne6s7xnw5avfq7ooahyfgjw4dqrhwsyvfa0p4bl9dyu/stage_3_separableconvcnn/confusion_matrix_table.table.json","path":"media/table/stage_3_separableconvcnn/confusion_matrix_table_7_ad35e9715293b682f639.table.json","ncols":3},"_runtime":13,"stage3_test_acc":87.17339667458432,"stage1/test_acc":91.72039362063116,"stage1_test_acc":91.72039362063116,"stage2_test_f1":0.8533455677428051,"stage2_hard_bin_mask_str":"[0.0, 0.0, 0.0, 0.0, 0.0, 0.0, 1.0, 1.0, 1.0, 0.0, 1.0, 0.0, 1.0, 1.0, 1.0, 0.0, 1.0, 0.0, 0.0, 1.0, 1.0, 1.0, 1.0, 0.0, 1.0, 1.0, 1.0, 1.0, 0.0, 0.0, 1.0, 1.0, 1.0, 1.0, 1.0, 1.0, 1.0, 1.0, 1.0, 0.0, 0.0, 0.0, 0.0, 0.0, 1.0, 1.0, 1.0, 0.0, 1.0, 0.0, 1.0, 1.0, 1.0, 1.0, 1.0, 0.0, 0.0, 0.0, 1.0, 1.0, 0.0, 0.0, 0.0, 0.0, 0.0, 0.0, 0.0, 0.0, 0.0, 0.0, 0.0, 0.0, 0.0, 0.0, 0.0, 0.0, 0.0, 0.0, 0.0, 0.0, 0.0, 0.0, 0.0, 0.0, 0.0, 0.0, 0.0, 0.0, 0.0, 0.0, 0.0, 0.0, 0.0, 0.0, 0.0, 0.0, 0.0, 0.0, 0.0, 0.0, 0.0, 0.0, 0.0, 0.0, 0.0, 0.0, 0.0, 0.0, 0.0, 0.0, 0.0, 0.0, 0.0, 0.0, 0.0, 0.0, 0.0, 0.0, 0.0, 0.0, 0.0, 0.0, 0.0, 0.0, 0.0, 0.0, 0.0, 0.0]","stage1/test_f1":0.9190924499938599,"stage1_test_loss":0.25057173036076164,"stage1_test_f1":0.9190924499938599,"stage":3,"_timestamp":1.7764234922525103e+09,"best_val_loss":0.340795891375552}