{"train_acc":91.27765881513204,"_runtime":14,"stage1_test_loss":0.25057173036076164,"lr":0.001,"best_val_loss":0.287273734555679,"stage3_test_loss":0.4852049427413478,"_wandb":{"runtime":14},"stage1_test_f1":0.9190924499938599,"stage2_test_acc":79.97964031218189,"stage1/test_loss":0.25057173036076164,"mask_l1":0.0234375,"stage2_test_loss":0.6126054497299799,"lr_backbone":0.0001,"_step":9,"epoch":20,"stage_1_separableconvcnn/confusion_matrix_table":{"path":"media/table/stage_1_separableconvcnn/confusion_matrix_table_1_ba1709b9ded253dca6f1.table.json","_type":"table-file","sha256":"ba1709b9ded253dca6f14b8d1a777336f0cb86899167c45d58f90d5e787020ac","artifact_path":"wandb-client-artifact://5j0k8dq32hvpbfr24nn5b7ij5tec44y9xhqula1cv2athwfekhv4ds6qb19fhvtndvtsd6wj1h04rfvk9p15zkrz8b8uifm1tf01eerhibaoes6unzmai7u57lqvbn4g/stage_1_separableconvcnn/confusion_matrix_table.table.json","log_mode":"IMMUTABLE","ncols":3,"_latest_artifact_path":"wandb-client-artifact://8o72318k8avym71giafirzgp968cpk2iwbkqj9bjtsbuxfpjgkjtm0i4kob5vffsw86mr3tugw18datrbiiz4pnifqxk51j40xtwetszxkt33hh66xgwbf9rypk763ys:latest/stage_1_separableconvcnn/confusion_matrix_table.table.json","nrows":36,"size":1366},"stage_3_separableconvcnn/confusion_matrix_table":{"nrows":36,"path":"media/table/stage_3_separableconvcnn/confusion_matrix_table_8_7b3c3cab85b3c249f093.table.json","artifact_path":"wandb-client-artifact://3twtrglrfks2kquxt6uv34g5yzk2jbr62xpwetd9f4h1zgp01aqmldm31p9xgbfrrwuhej0mc9wge005rxzsw8fyz6hagkt8ooh8iheessmoem49cboceatkz8kgsq1p/stage_3_separableconvcnn/confusion_matrix_table.table.json","_type":"table-file","sha256":"7b3c3cab85b3c249f09396a5a4547c568befe4fc4c48e1755417cba6282c20ac","_latest_artifact_path":"wandb-client-artifact://v119fwgya2txd80eh6vu1dnmatnqts8eo78d89xlqokujv08tli3f2cpr8ffvqu12h5k0rp4v12s76qhaf2a1t1uap1njzdrf1fkqk5j3wbl9dgedb82brwz68zddvfj:latest/stage_3_separableconvcnn/confusion_matrix_table.table.json","size":1368,"log_mode":"IMMUTABLE","ncols":3},"stage1_test_acc":91.72039362063116,"stage3_test_f1":0.8675749959445563,"stage":3,"stage2_test_f1":0.7934748603030498,"lr_gumbel_bin":0.001,"train_loss":0.1912874546649199,"_timestamp":1.776422474747323e+09,"stage1/test_f1":0.9190924499938599,"val_loss":0.46243225877919375,"val_acc":87.60806916426513,"stage1/test_acc":91.72039362063116,"stage2_hard_bin_mask_str":"[0.0, 0.0, 0.0, 0.0, 1.0, 0.0, 0.0, 0.0, 0.0, 0.0, 0.0, 1.0, 0.0, 0.0, 0.0, 1.0, 1.0, 1.0, 1.0, 1.0, 1.0, 1.0, 1.0, 1.0, 1.0, 0.0, 0.0, 0.0, 1.0, 1.0, 0.0, 0.0, 0.0, 1.0, 1.0, 0.0, 1.0, 1.0, 1.0, 1.0, 1.0, 1.0, 1.0, 0.0, 1.0, 0.0, 0.0, 1.0, 1.0, 0.0, 1.0, 1.0, 0.0, 0.0, 1.0, 1.0, 0.0, 0.0, 0.0, 0.0, 0.0, 0.0, 0.0, 0.0, 0.0, 0.0, 0.0, 0.0, 0.0, 0.0, 0.0, 0.0, 0.0, 0.0, 0.0, 0.0, 0.0, 0.0, 0.0, 0.0, 0.0, 0.0, 0.0, 0.0, 0.0, 0.0, 0.0, 0.0, 0.0, 0.0, 0.0, 0.0, 0.0, 0.0, 0.0, 0.0, 0.0, 0.0, 0.0, 0.0, 0.0, 0.0, 0.0, 0.0, 0.0, 0.0, 0.0, 0.0, 0.0, 0.0, 0.0, 0.0, 0.0, 0.0, 0.0, 0.0, 0.0, 0.0, 0.0, 0.0, 0.0, 0.0, 0.0, 0.0, 0.0, 0.0, 0.0, 0.0]","stage1/use_pretrain_model":false,"bin_keep_ratio":0.234375,"stage3_test_acc":86.59653885307092}