{"val_acc":85.30259365994236,"_runtime":15,"lr_backbone":0.0001,"stage1/test_f1":0.9190924499938599,"lr":0.001,"stage2_test_acc":84.9338310145911,"best_val_loss":0.30721218063783234,"stage2_test_f1":0.8502222530431657,"lr_gumbel_bin":0.001,"train_acc":91.27765881513204,"stage3_test_f1":0.8537128427555859,"stage3_test_acc":85.23922633186291,"bin_keep_ratio":0.21875,"mask_l1":0.0234375,"stage1_test_loss":0.25057173036076164,"epoch":20,"stage1/test_acc":91.72039362063116,"_timestamp":1.7764195842105892e+09,"stage1_test_acc":91.72039362063116,"stage":3,"_wandb":{"runtime":15},"stage1/test_loss":0.25057173036076164,"stage2_test_loss":0.48175509425887,"stage_3_separableconvcnn/confusion_matrix_table":{"_type":"table-file","ncols":3,"size":1370,"path":"media/table/stage_3_separableconvcnn/confusion_matrix_table_8_4518e2e142b6ad942671.table.json","_latest_artifact_path":"wandb-client-artifact://psbdektv1z4fw7t5bgc5h8rbqmmnsll486h8y01yrykwzt39ltcn3x6ub57tt9cdygv3ucv52slvdjzk1hf36q8gwo0uyy9ifuisrv3h599thccfalg13yna9nad4bgy:latest/stage_3_separableconvcnn/confusion_matrix_table.table.json","sha256":"4518e2e142b6ad942671f2090e69e737949112e911783fd15b407a13d3b99167","nrows":36,"artifact_path":"wandb-client-artifact://wp3tdtgs81wl9nq1k3adzki7owznuxae09pcqcn5ew7yupm1x4moulvxmg54f0iryhw4s2ny9fx88wfqon1nkrcjyornq5e3jdj6pdgw5bzm53ppocuegj8yd597owjc/stage_3_separableconvcnn/confusion_matrix_table.table.json","log_mode":"IMMUTABLE"},"stage2_hard_bin_mask_str":"[0.0, 0.0, 0.0, 0.0, 0.0, 0.0, 1.0, 1.0, 0.0, 1.0, 1.0, 0.0, 0.0, 1.0, 1.0, 1.0, 0.0, 0.0, 0.0, 0.0, 1.0, 1.0, 1.0, 1.0, 1.0, 0.0, 1.0, 0.0, 1.0, 0.0, 0.0, 0.0, 0.0, 0.0, 0.0, 0.0, 1.0, 1.0, 0.0, 0.0, 1.0, 1.0, 1.0, 1.0, 0.0, 1.0, 1.0, 1.0, 0.0, 0.0, 1.0, 1.0, 0.0, 1.0, 1.0, 0.0, 0.0, 0.0, 0.0, 0.0, 0.0, 0.0, 0.0, 1.0, 0.0, 0.0, 0.0, 0.0, 0.0, 0.0, 0.0, 0.0, 0.0, 0.0, 0.0, 0.0, 0.0, 0.0, 0.0, 0.0, 0.0, 0.0, 0.0, 0.0, 0.0, 0.0, 0.0, 0.0, 0.0, 0.0, 0.0, 0.0, 0.0, 0.0, 0.0, 0.0, 0.0, 0.0, 0.0, 0.0, 0.0, 0.0, 0.0, 0.0, 0.0, 0.0, 0.0, 0.0, 0.0, 0.0, 0.0, 0.0, 0.0, 0.0, 0.0, 0.0, 0.0, 0.0, 0.0, 0.0, 0.0, 0.0, 0.0, 0.0, 0.0, 0.0, 0.0, 0.0]","_step":9,"val_loss":0.41060639716019204,"train_loss":0.19180449550276055,"stage3_test_loss":0.47619293687228853,"stage_1_separableconvcnn/confusion_matrix_table":{"log_mode":"IMMUTABLE","artifact_path":"wandb-client-artifact://73q4c0lwpo53u7d9uhnjy6ngfhdujs0y4e6oa16vl5owqxq04gj7bce9ywndkogqgd57qlx6ektbegnf1r07rld0qq6hud7i6he2mit8n1wo65nftyakbrj31gwtfqlp/stage_1_separableconvcnn/confusion_matrix_table.table.json","_latest_artifact_path":"wandb-client-artifact://jhsugwakozwk9ptx27x82tb3knh2w2t32xiipptpep56hyf0d8jq6m6zrax15oojk3ndldaa4gqeyuqd1iiuhvj74w85p3nxloora0nvnmzbrj4z3wfp0iiqu0kbodrg:latest/stage_1_separableconvcnn/confusion_matrix_table.table.json","nrows":36,"path":"media/table/stage_1_separableconvcnn/confusion_matrix_table_1_ba1709b9ded253dca6f1.table.json","ncols":3,"sha256":"ba1709b9ded253dca6f14b8d1a777336f0cb86899167c45d58f90d5e787020ac","_type":"table-file","size":1366},"stage1_test_f1":0.9190924499938599,"stage1/use_pretrain_model":false}