{"_step":26,"stage2/stage_number":2,"stage2/Total_Pruned_%":77.5,"stage2/test_loss":0.7093699110040936,"train_acc":83.92241379310344,"stage2/final_mask_keep_ratio_block3":0.1796875,"_timestamp":1.7758662042956092e+09,"model_param_reduction_pct":86.4570901594879,"stage2/test_f1":0.5710073108210929,"stage2_test_loss":0.7093699110040936,"train_loss":0.371608497904635,"val_acc":90.05102040816327,"stage2_test_acc":60.90939938920936,"stage3_test_loss":0.4265120303474717,"stage2/raw_hard_mask_block3":"[0.0, 0.0, 0.0, 0.0, 0.0, 0.0, 0.0, 1.0, 0.0, 0.0, 0.0, 1.0, 0.0, 0.0, 0.0, 0.0, 0.0, 0.0, 0.0, 0.0, 0.0, 1.0, 0.0, 0.0, 0.0, 0.0, 0.0, 0.0, 0.0, 0.0, 0.0, 1.0, 0.0, 0.0, 1.0, 0.0, 1.0, 0.0, 0.0, 0.0, 0.0, 0.0, 0.0, 1.0, 0.0, 1.0, 0.0, 1.0, 0.0, 0.0, 0.0, 0.0, 0.0, 0.0, 0.0, 1.0, 0.0, 1.0, 0.0, 0.0, 0.0, 0.0, 0.0, 0.0, 0.0, 0.0, 0.0, 0.0, 1.0, 1.0, 0.0, 0.0, 0.0, 0.0, 1.0, 0.0, 0.0, 0.0, 1.0, 1.0, 0.0, 1.0, 0.0, 0.0, 0.0, 1.0, 0.0, 0.0, 0.0, 0.0, 0.0, 1.0, 0.0, 0.0, 0.0, 0.0, 0.0, 0.0, 0.0, 0.0, 0.0, 0.0, 1.0, 1.0, 0.0, 0.0, 1.0, 0.0, 0.0, 0.0, 0.0, 0.0, 0.0, 1.0, 0.0, 0.0, 0.0, 0.0, 0.0, 0.0, 0.0, 0.0, 0.0, 0.0, 0.0, 0.0, 0.0, 0.0]","stage1/test_loss":0.27699259563869166,"stage2/purpose":"train channel-pruning model with masking","_wandb":{"runtime":46},"model_param_count_dense":36868,"model_param_count":4993,"stage2/block3_Pruned_%":82.03125,"stage2/best_val_loss":0.6959157582011302,"stage1_test_loss":0.27699259563869166,"stage2/final_mask_keep_ratio_block4":0.296875,"stage2/val_acc":60.714285714285715,"stage1/test_acc":91.21140142517815,"stage2/block2_Pruned_%":82.8125,"stage2/train_loss":1.0128953267788066,"final_summary_log_path":"/home/qphan/master-thesis/models/uci_best_model_three_stage_channel_subject26_val_final_summary_val_26.txt","stage3_test_acc":83.1353919239905,"stage3_test_f1":0.8340411482082016,"best_val_loss":0.32661569000540147,"stage1_test_acc":91.21140142517815,"stage2/train_acc":60.07183908045977,"lr_loaded_weights":0.0001,"Total_Pruned_%":77.5,"stage2/block4_Pruned_%":70.3125,"stage2/lr_gumbel":0.001,"stage2/epoch":45,"stage2/raw_hard_mask_block4":"[0.0, 1.0, 1.0, 1.0, 0.0, 0.0, 1.0, 0.0, 1.0, 1.0, 0.0, 0.0, 0.0, 0.0, 0.0, 0.0, 0.0, 1.0, 1.0, 0.0, 0.0, 0.0, 0.0, 1.0, 0.0, 0.0, 1.0, 0.0, 0.0, 0.0, 0.0, 0.0, 0.0, 1.0, 0.0, 0.0, 0.0, 0.0, 1.0, 0.0, 1.0, 0.0, 0.0, 1.0, 0.0, 0.0, 1.0, 0.0, 0.0, 1.0, 1.0, 1.0, 1.0, 1.0, 0.0, 0.0, 1.0, 0.0, 0.0, 1.0, 0.0, 0.0, 0.0, 1.0, 0.0, 0.0, 0.0, 0.0, 0.0, 0.0, 0.0, 0.0, 1.0, 1.0, 0.0, 0.0, 1.0, 0.0, 0.0, 1.0, 0.0, 0.0, 0.0, 0.0, 1.0, 0.0, 0.0, 1.0, 0.0, 0.0, 0.0, 0.0, 0.0, 1.0, 1.0, 0.0, 0.0, 0.0, 0.0, 0.0, 0.0, 0.0, 0.0, 1.0, 0.0, 1.0, 0.0, 0.0, 1.0, 0.0, 0.0, 0.0, 0.0, 0.0, 0.0, 1.0, 0.0, 0.0, 0.0, 1.0, 1.0, 0.0, 0.0, 0.0, 1.0, 0.0, 0.0, 0.0]","epoch":60,"stage1/use_pretrain_model":false,"stage2/final_mask_keep_ratio_block2":0.171875,"stage2/test_acc":60.90939938920936,"block2_Pruned_%":82.8125,"stage_1_separableconvcnn/confusion_matrix_table":{"artifact_path":"wandb-client-artifact://tf0ki7lp4ifxfz3csehvxhejjjqvqg0cbaf91oiro2xcckt87gr3ch66ikprbwgqglg47230i7a4sncnn4nvwoeizdjv546u4r2s2i3iw4b5nkvj8wdlwwn9gs0bwkuc/stage_1_separableconvcnn/confusion_matrix_table.table.json","ncols":3,"sha256":"eaabbd91c2fcbfc0dc4f5924d1d9d3fe20f202ed1f809cbeaab06d2907c3f585","_latest_artifact_path":"wandb-client-artifact://9qa4inxsbvrk1ccew3qwubzr57kyj33xjuptbfkyeys5ddc4f6dluiopq33t40v1q4dhx5wbon3ejdbfw1q4kl0t61oo3et0avi2fxlston7thhppkt1yftilflhrwzl:latest/stage_1_separableconvcnn/confusion_matrix_table.table.json","log_mode":"IMMUTABLE","path":"media/table/stage_1_separableconvcnn/confusion_matrix_table_1_eaabbd91c2fcbfc0dc4f.table.json","nrows":36,"size":1365,"_type":"table-file"},"stage_3_prunedseparableconvcnn/confusion_matrix_table":{"ncols":3,"path":"media/table/stage_3_prunedseparableconvcnn/confusion_matrix_table_24_2140a36e2f5ed6591b09.table.json","_latest_artifact_path":"wandb-client-artifact://tglfeyv6c60jmn49p19xxmpossij2bsxoprtxqq376ah74ewttxz6mkc7ed85nkyainrz29388fi7akalakt9k0trtaw6au3hz5frw8xysbhkcck7olzzvom56ejbzej:latest/stage_3_prunedseparableconvcnn/confusion_matrix_table.table.json","size":1370,"log_mode":"IMMUTABLE","_type":"table-file","sha256":"2140a36e2f5ed6591b098b7d4ec16a72ec79db612923fb47d7c8469342ac7b77","nrows":36,"artifact_path":"wandb-client-artifact://rf4492j1lqge8re8xly5qk8fzqnyp8egi4hysmmb0vv883o0w0k5flq1ran6qovgpzimzaalfo81stpbmat20yyy826cwqwmckf4o26i8g1xkci688d9h8gik087v9dk/stage_3_prunedseparableconvcnn/confusion_matrix_table.table.json"},"stage1_test_f1":0.9132177104627258,"stage":3,"block4_Pruned_%":70.3125,"stage2/mask_l1":0.3217824697494507,"block3_Pruned_%":82.03125,"_runtime":46,"stage2/val_loss":0.7119572416841223,"model_param_count_pruned":4993,"val_loss":0.32661569000540147,"stage2_test_f1":0.5710073108210929,"stage2/raw_hard_mask_block2":"[0.0, 0.0, 0.0, 0.0, 1.0, 0.0, 1.0, 0.0, 0.0, 1.0, 0.0, 0.0, 1.0, 0.0, 0.0, 0.0, 0.0, 0.0, 0.0, 1.0, 0.0, 0.0, 0.0, 0.0, 0.0, 0.0, 0.0, 0.0, 0.0, 0.0, 0.0, 0.0, 0.0, 0.0, 0.0, 0.0, 0.0, 0.0, 0.0, 0.0, 0.0, 0.0, 1.0, 0.0, 0.0, 1.0, 1.0, 0.0, 0.0, 0.0, 0.0, 1.0, 0.0, 0.0, 0.0, 0.0, 1.0, 0.0, 0.0, 0.0, 0.0, 1.0, 0.0, 0.0]","stage2/lr_backbone":0.0001,"stage2/best_epoch":36,"stage1/test_f1":0.9132177104627258}