{"stage1/test_loss":0.6318471898328146,"stage1/test_acc":78.1349819680577,"stage1/val_loss":0.5169077368652152,"stage1/val_acc":72.55956956187548,"_wandb":{"runtime":66},"stage1/test_f1":0.6879370472926274,"stage1/use_pretrain_model":false,"stage1/lr":0.001,"test_acc":78.1349819680577,"stage1/best_val_loss":0.49922524208201524,"test_f1_macro":0.6879370472926274,"stage1_test_acc":78.1349819680577,"stage1/stage_number":1,"_timestamp":1.7753183031294622e+09,"stage1/epoch":21,"stage1_test_loss":0.6318471898328146,"stage_1_separableconvcnn/confusion_matrix_table":{"artifact_path":"wandb-client-artifact://aign4kcmr140dgtpmtlmli8cc2w0jrdhvkrihb6xmawd77xvpiuxy3vp7jnmu712vh9hnqiflsrypxghbd8fs2hy8tzwzrhxedk6ss5vozymc9nrlnrrm0e5qyeuipyk/stage_1_separableconvcnn/confusion_matrix_table.table.json","nrows":64,"size":2013,"log_mode":"IMMUTABLE","ncols":3,"path":"media/table/stage_1_separableconvcnn/confusion_matrix_table_23_12ba49ecfbb91f946754.table.json","sha256":"12ba49ecfbb91f946754f1366270f5c6d623954b87ff79f7d12ebf19e5f412d0","_latest_artifact_path":"wandb-client-artifact://t07tbxikia170js73ndppu84st0om5yvyalomt5dtd41apbqx00c6jasyypmx2k8vzok7oz6cdhgu9heq62l9f3f5syq0ao9b9rkaql2ex2oy09tmf0csf2mboj7jodp:latest/stage_1_separableconvcnn/confusion_matrix_table.table.json","_type":"table-file"},"best_val_loss":0.49922524208201524,"stage1/train_acc":71.9991351691334,"stage1/train_loss":0.5122937969840716,"best_epoch":11,"_runtime":66,"stage1_test_f1":0.6879370472926274,"stage1/purpose":"train baseline model","_step":23,"test_loss":0.6318471898328146}