{"stage3_test_loss":0.2842011017681256,"stage_1_separableconvcnn/confusion_matrix_table":{"ncols":3,"_latest_artifact_path":"wandb-client-artifact://zoylhbeah2d260aandd4u4dgam74pyd2axnkmm7bbdkg795k4aeu8qfq82qrlvrahqzvz9d67d6x53p2czt5l44hcgeyks2p2a7bympxahbqvrqg69zkialm2qs8zo11:latest/stage_1_separableconvcnn/confusion_matrix_table.table.json","path":"media/table/stage_1_separableconvcnn/confusion_matrix_table_1_31b4d710340281842bc3.table.json","size":1367,"log_mode":"IMMUTABLE","artifact_path":"wandb-client-artifact://40e6tmzc9kr8zcauffvq3ayjekfnzrg0761b6q4m7e3x4ex6yq1up4ylue4onmsnl871f7ltpdbspoqp0c4z6u5z9af9e5ac9alsz2y6qcql2abllhl1f2u982z3149z/stage_1_separableconvcnn/confusion_matrix_table.table.json","nrows":36,"sha256":"31b4d710340281842bc3d2b1af8a24bfe054234d3b8904d2d088c9b15086d181","_type":"table-file"},"bin_keep_ratio":0.35384616255760193,"train_loss":0.16103604193360924,"stage1/use_pretrain_model":false,"lr":0.001,"lr_gumbel_bin":0.001,"stage1_test_loss":0.25042668238587484,"stage2_test_loss":0.2564462067819765,"stage2_test_f1":0.9028254890144339,"stage":3,"stage2_test_acc":90.32914828639294,"stage1_test_acc":90.22734984730234,"stage1/test_f1":0.9037190950512649,"train_acc":93.18731332669606,"stage3_test_f1":0.9114267979627235,"_runtime":30,"_step":17,"val_acc":94.0809968847352,"mask_l1":0.3384615480899811,"stage_3_separableconvcnn/confusion_matrix_table":{"artifact_path":"wandb-client-artifact://em0fw22jfrdj2gxvp4qcruk3t1udfy5aw8x7nad3o5jpodu9l5xw0wp9nbglhsnd6snp3wx6ucemjza5ugqitwd852wcm3r5m7kvojzspxrory6tjv5rqtep2ro594rh/stage_3_separableconvcnn/confusion_matrix_table.table.json","_type":"table-file","path":"media/table/stage_3_separableconvcnn/confusion_matrix_table_16_3c93966c9e0c2e353b63.table.json","size":1366,"ncols":3,"sha256":"3c93966c9e0c2e353b6369d75e71b964b4b2b7f7fd172110dceca918130765e6","_latest_artifact_path":"wandb-client-artifact://gmjfng675lctda4upkj2b7g73s3ow9ig6qenp9yvg3blk03qsz235awaovgk85d93jccy31hd0e77pzjz98wwnqptjj319ejd90fgafl8qpe5dftjpbgi54v3w49x3d8:latest/stage_3_separableconvcnn/confusion_matrix_table.table.json","nrows":36,"log_mode":"IMMUTABLE"},"stage1/test_acc":90.22734984730234,"lr_backbone":0.0001,"stage3_test_acc":91.00780454699695,"val_loss":0.1440471782119846,"epoch":20,"best_val_loss":0.13272091934335567,"stage1_test_f1":0.9037190950512649,"stage2_hard_bin_mask_str":"[1.0, 1.0, 1.0, 1.0, 1.0, 1.0, 1.0, 1.0, 1.0, 1.0, 1.0, 1.0, 1.0, 1.0, 1.0, 1.0, 1.0, 0.0, 1.0, 1.0, 1.0, 0.0, 1.0, 1.0, 0.0, 0.0, 0.0, 1.0, 0.0, 0.0, 0.0, 0.0, 0.0, 0.0, 0.0, 0.0, 0.0, 0.0, 0.0, 0.0, 0.0, 0.0, 0.0, 0.0, 0.0, 0.0, 0.0, 0.0, 0.0, 0.0, 0.0, 0.0, 0.0, 0.0, 0.0, 0.0, 0.0, 0.0, 0.0, 0.0, 0.0, 0.0, 0.0, 0.0, 0.0]","stage1/test_loss":0.25042668238587484,"_timestamp":1.77576774628705e+09,"_wandb":{"runtime":30}}