{"stage2_test_f1":0.9104115129446914,"_wandb":{"runtime":32},"train_loss":0.16565259099049418,"stage2_test_loss":0.23000855750598573,"train_acc":92.71057540536663,"stage2_hard_bin_mask_str":"[1.0, 1.0, 1.0, 1.0, 1.0, 1.0, 1.0, 1.0, 1.0, 1.0, 1.0, 1.0, 1.0, 1.0, 1.0, 1.0, 1.0, 1.0, 1.0, 1.0, 1.0, 1.0, 0.0, 0.0, 0.0, 0.0, 0.0, 0.0, 0.0, 0.0, 0.0, 0.0, 0.0, 0.0, 0.0, 0.0, 0.0, 0.0, 0.0, 0.0, 0.0, 0.0, 0.0, 0.0, 0.0, 0.0, 0.0, 0.0, 0.0, 0.0, 0.0, 0.0, 0.0, 0.0, 0.0, 0.0, 0.0, 0.0, 0.0, 0.0, 0.0, 0.0, 0.0, 0.0, 0.0, 0.0, 0.0, 0.0, 0.0, 0.0, 0.0, 0.0, 0.0, 0.0, 0.0, 0.0, 0.0, 0.0, 0.0, 0.0, 0.0, 0.0, 0.0, 0.0, 0.0, 0.0, 0.0, 0.0, 0.0, 0.0, 0.0, 0.0, 0.0, 0.0, 0.0, 0.0, 0.0, 0.0, 0.0, 0.0, 0.0, 0.0, 0.0, 0.0, 0.0, 0.0, 0.0, 0.0, 0.0, 0.0, 0.0, 0.0, 0.0, 0.0, 0.0, 0.0, 0.0, 0.0, 0.0, 0.0, 0.0, 0.0, 0.0, 0.0, 0.0, 0.0, 0.0, 0.0]","lr":0.001,"stage3_test_acc":91.38106549032915,"stage1/test_acc":92.33118425517475,"val_acc":87.72845953002611,"stage2_test_acc":91.04173736002714,"_step":18,"_runtime":32,"stage3_test_loss":0.2894501472647297,"stage1/test_f1":0.9239060078892737,"stage3_test_f1":0.9133319298762089,"stage1/use_pretrain_model":false,"stage1/test_loss":0.22055789638881276,"stage":3,"stage_3_separableconvcnn/confusion_matrix_table":{"artifact_path":"wandb-client-artifact://c3zrv0jriokgwo6mshwiynfmu91odepc2n3bq7lygcucdi7h5jut4ixlfnpgizyypwzyqd4el7xqucefuscwg1bpfohxo473jtew57cm28ljuhv0heglzfct7nqr5934/stage_3_separableconvcnn/confusion_matrix_table.table.json","_latest_artifact_path":"wandb-client-artifact://kkqertoylh7nr86chuvkpi04v8rujecm3prqk8td4xe788ybwkl37aug3unrn7sg7aw6usf8nz198lf3onxqwlzr9p8j4lns803bjx0el6aalot1i0aak6ie7nld8uj7:latest/stage_3_separableconvcnn/confusion_matrix_table.table.json","ncols":3,"sha256":"25a465f956028bba71c29e34682492c68cf302c5252207f7f1bc15ec9f5b3f09","size":1366,"log_mode":"IMMUTABLE","_type":"table-file","path":"media/table/stage_3_separableconvcnn/confusion_matrix_table_17_25a465f956028bba71c2.table.json","nrows":36},"val_loss":0.3041842357078008,"stage1_test_loss":0.22055789638881276,"lr_backbone":0.0001,"_timestamp":1.7757813669585707e+09,"lr_gumbel_bin":0.001,"mask_l1":0.1718750149011612,"epoch":15,"stage1_test_f1":0.9239060078892737,"stage_1_separableconvcnn/confusion_matrix_table":{"nrows":36,"path":"media/table/stage_1_separableconvcnn/confusion_matrix_table_1_cc7b9f814993e0a95cb9.table.json","_latest_artifact_path":"wandb-client-artifact://gaq33qn5wvrft9fyrtf1st5l078rr1ll22j4iq3ozbco2iq3r2xz3recdx13ombqqcq4wetas5vrqg88vudfsqziz9q3dhbh5ab58h6c0h6ptjpzkhwevns1hwn1x3in:latest/stage_1_separableconvcnn/confusion_matrix_table.table.json","log_mode":"IMMUTABLE","sha256":"cc7b9f814993e0a95cb917ba11f19db645c604b66bb7ffecd44ad2ccf6147a1e","artifact_path":"wandb-client-artifact://92ahbaxj3yqp7k4hou3e8u7z2l47h8j3moy3ip23eigtj4msb36aj98rtco3j9qutjk8cgwcca26pl6sodx9cwecsaf201eagzksi9qx91hg6ngzl4lmwnyzold8eei9/stage_1_separableconvcnn/confusion_matrix_table.table.json","ncols":3,"_type":"table-file","size":1368},"stage1_test_acc":92.33118425517475,"bin_keep_ratio":0.171875,"best_val_loss":0.1592713298148253}