{"block4_Pruned_%":52.34375,"model_param_count":7430,"stage2/lr_backbone":0.0001,"_timestamp":1.7753743010987043e+09,"model_param_count_dense":36998,"best_val_loss":0.6565391743598983,"stage2/block4_Pruned_%":52.34375,"stage1/test_acc":81.02009273570324,"stage2/raw_hard_mask_block2":"[0.0, 0.0, 1.0, 1.0, 0.0, 0.0, 1.0, 0.0, 0.0, 0.0, 1.0, 0.0, 0.0, 0.0, 0.0, 1.0, 0.0, 0.0, 0.0, 0.0, 0.0, 0.0, 1.0, 0.0, 1.0, 0.0, 0.0, 0.0, 0.0, 0.0, 0.0, 0.0, 0.0, 0.0, 0.0, 1.0, 0.0, 0.0, 0.0, 0.0, 0.0, 0.0, 1.0, 1.0, 0.0, 0.0, 0.0, 0.0, 0.0, 0.0, 0.0, 0.0, 0.0, 0.0, 0.0, 0.0, 0.0, 1.0, 0.0, 1.0, 1.0, 1.0, 0.0, 0.0]","model_param_count_pruned":7430,"stage2/block2_Pruned_%":78.125,"stage2/raw_hard_mask_block3":"[0.0, 0.0, 0.0, 0.0, 0.0, 0.0, 0.0, 0.0, 0.0, 0.0, 0.0, 1.0, 0.0, 0.0, 0.0, 1.0, 0.0, 0.0, 0.0, 0.0, 0.0, 1.0, 0.0, 0.0, 1.0, 0.0, 0.0, 0.0, 1.0, 0.0, 0.0, 0.0, 0.0, 0.0, 0.0, 0.0, 0.0, 0.0, 0.0, 0.0, 0.0, 0.0, 0.0, 0.0, 0.0, 0.0, 0.0, 0.0, 0.0, 0.0, 1.0, 1.0, 1.0, 1.0, 0.0, 1.0, 0.0, 0.0, 0.0, 0.0, 0.0, 0.0, 0.0, 0.0, 0.0, 0.0, 0.0, 0.0, 0.0, 0.0, 0.0, 0.0, 1.0, 0.0, 0.0, 1.0, 0.0, 0.0, 1.0, 0.0, 1.0, 0.0, 1.0, 0.0, 0.0, 0.0, 0.0, 0.0, 0.0, 0.0, 0.0, 0.0, 0.0, 0.0, 1.0, 0.0, 1.0, 0.0, 0.0, 0.0, 0.0, 1.0, 1.0, 1.0, 0.0, 1.0, 0.0, 0.0, 0.0, 1.0, 0.0, 0.0, 0.0, 0.0, 0.0, 0.0, 0.0, 0.0, 0.0, 0.0, 0.0, 0.0, 0.0, 0.0, 0.0, 0.0, 1.0, 1.0]","block2_Pruned_%":78.125,"stage2/best_epoch":48,"stage3_test_acc":78.8768675940237,"stage2/final_mask_keep_ratio_block3":0.1875,"stage2/block3_Pruned_%":81.25,"stage2_test_acc":78.16589386913962,"stage2/final_mask_keep_ratio_block4":0.4765625,"stage":3,"Total_Pruned_%":69.0625,"stage_3_prunedseparableconvcnn/confusion_matrix_table":{"sha256":"689c51320f7aa1005b6de6490636fc85d601ec564b4ef7075132c6050a7e366d","path":"media/table/stage_3_prunedseparableconvcnn/confusion_matrix_table_26_689c51320f7aa1005b6d.table.json","_type":"table-file","_latest_artifact_path":"wandb-client-artifact://eger68bx41kn1n9d09ye7v9i7ngcsq1ovr88y3p52mmsgzjapfreaw79sfm7gi0dvwrwecj516elnyfjeksrhz0lb43wr7kmpjyzeb6ubn69190114r78rsbzw96qbh8:latest/stage_3_prunedseparableconvcnn/confusion_matrix_table.table.json","log_mode":"IMMUTABLE","size":2015,"artifact_path":"wandb-client-artifact://6m7qveuteuclko0ny1bl2atfsq4u15gwetkl1u1usz35j1w9r34iidr66q4a0yqjf3rqvhbt0r8iw7tahrt7jhyqzor6zt7sx4e8sektyz6z2crvj6u4k2ud1s8k8jzi/stage_3_prunedseparableconvcnn/confusion_matrix_table.table.json","nrows":64,"ncols":3},"stage2/test_loss":0.6952194714207646,"_wandb":{"runtime":372},"stage2/Total_Pruned_%":69.0625,"stage2/train_loss":1.0044821778547417,"stage2/epoch":55,"final_summary_log_path":"/home/qphan/master-thesis/models/wear_best_model_three_stage_channel_subject8_val_final_summary_val_8.txt","stage2/test_acc":78.16589386913962,"_step":28,"lr_loaded_weights":0.0001,"block3_Pruned_%":81.25,"stage2/best_val_loss":0.7351094817424547,"stage2/purpose":"train channel-pruning model with masking","stage2_test_loss":0.6952194714207646,"stage2/train_acc":54.63763852113367,"stage3_test_loss":0.6609212777637318,"stage2/test_f1":0.6621192054489664,"stage2/stage_number":2,"train_loss":0.7058983401234178,"stage2/final_mask_keep_ratio_block2":0.21875,"stage2_test_f1":0.6621192054489664,"stage1_test_acc":81.02009273570324,"model_param_reduction_pct":79.9178333963998,"stage1_test_loss":0.6007880943144553,"stage3_test_f1":0.6779895678924246,"stage2/lr_gumbel":0.001,"stage1/test_f1":0.7044195145040806,"stage2/raw_hard_mask_block4":"[1.0, 0.0, 1.0, 1.0, 1.0, 0.0, 0.0, 0.0, 0.0, 0.0, 1.0, 0.0, 0.0, 1.0, 0.0, 0.0, 0.0, 0.0, 1.0, 1.0, 0.0, 0.0, 0.0, 1.0, 0.0, 0.0, 1.0, 0.0, 0.0, 1.0, 1.0, 1.0, 0.0, 1.0, 0.0, 0.0, 0.0, 0.0, 0.0, 0.0, 0.0, 1.0, 1.0, 0.0, 1.0, 1.0, 1.0, 1.0, 0.0, 0.0, 1.0, 0.0, 1.0, 0.0, 0.0, 1.0, 0.0, 0.0, 0.0, 1.0, 1.0, 1.0, 0.0, 1.0, 0.0, 1.0, 0.0, 1.0, 0.0, 0.0, 1.0, 0.0, 1.0, 1.0, 1.0, 1.0, 0.0, 1.0, 0.0, 1.0, 0.0, 0.0, 0.0, 0.0, 1.0, 1.0, 0.0, 0.0, 1.0, 1.0, 0.0, 0.0, 1.0, 1.0, 1.0, 1.0, 0.0, 0.0, 0.0, 1.0, 1.0, 1.0, 0.0, 1.0, 0.0, 0.0, 0.0, 1.0, 1.0, 1.0, 0.0, 1.0, 0.0, 0.0, 0.0, 0.0, 1.0, 0.0, 1.0, 0.0, 1.0, 1.0, 1.0, 1.0, 0.0, 1.0, 1.0, 1.0]","stage2/mask_l1":0.25043588876724243,"val_acc":68.12349639133922,"stage1/use_pretrain_model":false,"val_loss":0.6639893458022437,"train_acc":61.9123271550456,"stage1/test_loss":0.6007880943144553,"stage1_test_f1":0.7044195145040806,"stage2/val_acc":64.35445068163592,"_runtime":372,"stage2/val_loss":0.7454806890550765,"stage_1_separableconvcnn/confusion_matrix_table":{"log_mode":"IMMUTABLE","nrows":64,"_latest_artifact_path":"wandb-client-artifact://aj2z101kkmpkuynjo6f2fkcz8a4jujg0cl6ivmohhym19houyzy4hi69x1hmwsgseecdpr3e0rvjiz867x5bp15cv37uof4boq075o7lljdxvh3zc9ij7a4n4h0dnt1w:latest/stage_1_separableconvcnn/confusion_matrix_table.table.json","sha256":"4d5546a305398ff4a292ccded4e9979fc31142fd3426813cca798edeea62d572","_type":"table-file","artifact_path":"wandb-client-artifact://zics0uw7varf3helnltsp1vx0ilort8fniydtuayhvscn1ye8g611ty4hjorhe26az2cm19m3i0apzeotskqxxdfy0tf7yjitzcdsz25cft5ey46vwcvrfil5c7wbn7u/stage_1_separableconvcnn/confusion_matrix_table.table.json","ncols":3,"size":2014,"path":"media/table/stage_1_separableconvcnn/confusion_matrix_table_1_4d5546a305398ff4a292.table.json"},"epoch":60}