{"stage2/val_loss":1.0372489870511568,"stage2/epoch":40,"_wandb":{"runtime":30},"stage2/block3_Pruned_%":81.25,"stage1/use_pretrain_model":false,"stage2/stage_number":2,"val_loss":0.8804674427325909,"stage2/train_acc":61.00754233670129,"stage2/final_mask_keep_ratio_block4":0.3671875,"best_val_loss":0.8180542138906626,"stage1_test_loss":0.2887824049044412,"stage2/test_f1":0.5534057555186184,"stage_3_prunedseparableconvcnn/confusion_matrix_table":{"sha256":"1056a96bd31c5a2009b7106fd4dc16a42235549f1274b36f9816e70430b286dc","_type":"table-file","nrows":36,"size":1370,"path":"media/table/stage_3_prunedseparableconvcnn/confusion_matrix_table_15_1056a96bd31c5a2009b7.table.json","artifact_path":"wandb-client-artifact://nymly9zx1kz2bop21ckhzxxefl0wu29cdigwnos6uu10n80ahgqkp7n19k0gi1spcdch3yjgt6vnfwexoqgri19lnsrxky0nosmhkugynet4d322yrk9h0vlx7pjmu8z/stage_3_prunedseparableconvcnn/confusion_matrix_table.table.json","ncols":3,"_latest_artifact_path":"wandb-client-artifact://fecve06wi6ln8kb16kedpgp1mqafvnvqb813oi31zoxc6je03dzwkhmvx8mwjg7hj3zdev1iipwo62j1m3c0onpz74fmkobkq56v2x1wt0f55rixqdw3hyp6uwfsqiv2:latest/stage_3_prunedseparableconvcnn/confusion_matrix_table.table.json","log_mode":"IMMUTABLE"},"model_param_reduction_pct":83.7826841705544,"stage2/test_loss":0.7108623295628017,"stage1/test_f1":0.8915448237738737,"train_acc":72.3068165646791,"stage1/test_acc":89.20936545639634,"model_param_count":5979,"stage3_test_f1":0.6912410976549211,"stage2/lr_gumbel":0.001,"final_summary_log_path":"/home/qphan/master-thesis/models/uci_best_model_three_stage_channel_subject6_val_final_summary_val_6.txt","stage2/block4_Pruned_%":63.28125,"stage2/mask_l1":0.36261850595474243,"train_loss":0.5176862124462326,"stage":3,"stage1_test_f1":0.8915448237738737,"stage2/lr_backbone":0.0001,"stage2/train_loss":1.0468974703658063,"stage2/final_mask_keep_ratio_block3":0.1875,"stage2/final_mask_keep_ratio_block2":0.203125,"stage2_test_acc":61.65592127587377,"stage3_test_loss":0.6266733730277587,"stage_1_separableconvcnn/confusion_matrix_table":{"log_mode":"IMMUTABLE","nrows":36,"artifact_path":"wandb-client-artifact://mtwg30dhqgvnyea58vzcu6hay3pdolbl2sakhwki6qz8muhg5q6t33hhxd6hvyqh0fsbhtj2upzo38lpzgnmvw2agi1no89inoo69gxxwva67qb5izlbxrg2yb6w2628/stage_1_separableconvcnn/confusion_matrix_table.table.json","sha256":"430ec0ba43b3aba6cfebeea9ed04041986a5ac1adc24cf6d886e9876fa0e8f7b","_latest_artifact_path":"wandb-client-artifact://mq09r4s2f3mc9yd6wzud9ykut43ia43ljh4f3l4sjbylsi2n8ps43bq18jv2wvg9zm7q3ho8y0zbm1axm3dfo6ckm6rj1nd6q0vrnzpj7gqmmenhptwqisju7h3h2xd3:latest/stage_1_separableconvcnn/confusion_matrix_table.table.json","size":1368,"ncols":3,"path":"media/table/stage_1_separableconvcnn/confusion_matrix_table_1_430ec0ba43b3aba6cfeb.table.json","_type":"table-file"},"_timestamp":1.7758656733061657e+09,"stage2/test_acc":61.65592127587377,"stage2/block2_Pruned_%":79.6875,"stage2/val_acc":54.15384615384615,"stage3_test_acc":69.96946046827281,"Total_Pruned_%":73.75,"stage2/purpose":"train channel-pruning model with masking","_runtime":30,"stage1_test_acc":89.20936545639634,"stage2/raw_hard_mask_block2":"[0.0, 0.0, 0.0, 0.0, 0.0, 0.0, 0.0, 0.0, 0.0, 0.0, 0.0, 0.0, 0.0, 0.0, 0.0, 1.0, 0.0, 0.0, 0.0, 0.0, 0.0, 1.0, 0.0, 0.0, 0.0, 1.0, 0.0, 0.0, 1.0, 0.0, 1.0, 0.0, 0.0, 0.0, 0.0, 0.0, 0.0, 0.0, 1.0, 0.0, 0.0, 0.0, 0.0, 0.0, 0.0, 0.0, 0.0, 0.0, 1.0, 0.0, 0.0, 0.0, 0.0, 0.0, 0.0, 0.0, 1.0, 1.0, 0.0, 1.0, 1.0, 1.0, 1.0, 0.0]","stage2/best_val_loss":0.7653443439190204,"_step":17,"stage2_test_f1":0.5534057555186184,"stage2/Total_Pruned_%":73.75,"block2_Pruned_%":79.6875,"model_param_count_dense":36868,"stage2/raw_hard_mask_block3":"[0.0, 0.0, 1.0, 0.0, 1.0, 0.0, 0.0, 1.0, 1.0, 1.0, 0.0, 1.0, 0.0, 0.0, 1.0, 1.0, 0.0, 0.0, 0.0, 1.0, 1.0, 0.0, 0.0, 0.0, 0.0, 0.0, 0.0, 0.0, 0.0, 0.0, 0.0, 0.0, 0.0, 1.0, 0.0, 0.0, 0.0, 0.0, 0.0, 1.0, 0.0, 0.0, 1.0, 0.0, 0.0, 0.0, 0.0, 0.0, 1.0, 1.0, 0.0, 0.0, 0.0, 0.0, 0.0, 0.0, 0.0, 0.0, 0.0, 1.0, 0.0, 0.0, 0.0, 1.0, 0.0, 0.0, 1.0, 0.0, 0.0, 0.0, 0.0, 0.0, 0.0, 0.0, 0.0, 0.0, 0.0, 1.0, 1.0, 0.0, 0.0, 0.0, 1.0, 0.0, 0.0, 0.0, 0.0, 0.0, 0.0, 0.0, 0.0, 0.0, 0.0, 0.0, 0.0, 0.0, 0.0, 0.0, 0.0, 0.0, 0.0, 0.0, 0.0, 0.0, 0.0, 0.0, 0.0, 0.0, 0.0, 0.0, 0.0, 0.0, 0.0, 0.0, 0.0, 0.0, 0.0, 0.0, 1.0, 1.0, 0.0, 0.0, 1.0, 0.0, 0.0, 0.0, 0.0, 0.0]","epoch":20,"block3_Pruned_%":81.25,"stage2/raw_hard_mask_block4":"[0.0, 1.0, 0.0, 1.0, 0.0, 1.0, 0.0, 1.0, 1.0, 0.0, 0.0, 0.0, 0.0, 1.0, 1.0, 0.0, 1.0, 0.0, 0.0, 1.0, 0.0, 0.0, 1.0, 1.0, 0.0, 0.0, 0.0, 0.0, 0.0, 0.0, 0.0, 0.0, 0.0, 0.0, 1.0, 0.0, 0.0, 0.0, 0.0, 1.0, 1.0, 1.0, 1.0, 0.0, 0.0, 0.0, 1.0, 1.0, 0.0, 0.0, 0.0, 0.0, 1.0, 1.0, 0.0, 0.0, 1.0, 1.0, 0.0, 0.0, 1.0, 0.0, 1.0, 1.0, 0.0, 0.0, 0.0, 0.0, 0.0, 1.0, 1.0, 0.0, 1.0, 0.0, 1.0, 0.0, 0.0, 0.0, 0.0, 1.0, 0.0, 0.0, 1.0, 0.0, 1.0, 0.0, 1.0, 0.0, 1.0, 1.0, 0.0, 1.0, 0.0, 0.0, 1.0, 0.0, 1.0, 0.0, 0.0, 0.0, 1.0, 1.0, 0.0, 1.0, 0.0, 0.0, 0.0, 0.0, 1.0, 0.0, 0.0, 1.0, 1.0, 0.0, 0.0, 1.0, 0.0, 1.0, 0.0, 0.0, 0.0, 0.0, 0.0, 0.0, 0.0, 0.0, 1.0, 0.0]","model_param_count_pruned":5979,"stage2/best_epoch":30,"lr_loaded_weights":0.0001,"val_acc":58.46153846153846,"stage2_test_loss":0.7108623295628017,"stage1/test_loss":0.2887824049044412,"block4_Pruned_%":63.28125}