{"stage2/test_f1":0.7394880910387448,"stage_1_separableconvcnn/confusion_matrix_table":{"ncols":3,"_type":"table-file","path":"media/table/stage_1_separableconvcnn/confusion_matrix_table_1_e9271ad1c0d6eb115873.table.json","artifact_path":"wandb-client-artifact://xc4t2wzl14dvigthvctuvhrkxsunnbut5td50vbishbt0bk6p80bfhzgrf7lw8mbayd43g793w9b5i6nxz5kdmwrs1sff4wi40bm65a0x7884tu6hh1wm155yougejlh/stage_1_separableconvcnn/confusion_matrix_table.table.json","sha256":"e9271ad1c0d6eb115873b79bcea70d5184eb36695de8e731069de72e9927e820","log_mode":"IMMUTABLE","_latest_artifact_path":"wandb-client-artifact://uj812w2qnw8ixlvsfoyycbx76zlvacgcsjo0brnjn4can1jeemolo9ewz59um4ahv5a5oamnzmeyoo0g4f3za4jkmv4xumon7iu22mge7ikrryv9974iga77voj02bbc:latest/stage_1_separableconvcnn/confusion_matrix_table.table.json","nrows":36,"size":1366},"epoch":15,"stage2/lr_gumbel":0.001,"stage2/Total_Pruned_%":35.3125,"stage2/best_epoch":29,"_step":24,"stage1_test_f1":0.8925505607945969,"val_acc":87.43455497382199,"stage1/use_pretrain_model":false,"train_acc":91.4777618364419,"model_param_count_pruned":18373,"model_param_reduction_pct":50.1654551372464,"final_channel_mask_block3":[0,1,0,0,0,1,1,1,0,0,0,1,0,0,1,0,1,0,0,1,1,1,1,0,0,0,1,0,1,1,1,0,1,1,1,1,1,0,1,1,0,0,1,0,1,1,0,0,1,0,1,1,1,1,1,1,0,0,1,0,0,0,1,1,1,0,1,1,0,1,0,1,0,0,1,1,0,1,1,1,1,1,0,1,0,1,1,1,1,0,0,0,0,1,1,1,0,1,0,1,0,0,1,0,1,0,0,0,1,0,1,1,1,1,1,0,1,0,1,0,1,1,1,0,0,0,1,0],"stage2/block2_Pruned_%":21.875,"val_loss":0.3452094176988951,"stage5_test_loss":0.3253364417692484,"final_channel_mask_block2":[0,1,1,1,1,1,1,1,1,1,1,1,1,0,1,1,1,1,0,0,1,1,1,1,1,0,0,1,1,1,1,1,1,1,1,0,1,0,1,1,0,1,1,0,1,1,0,1,1,1,1,1,1,1,1,1,1,1,0,1,0,0,1,1],"lr_gumbel_bin":0.001,"lr_loaded_weights":0.0001,"stage2/best_val_loss":0.5315556838250285,"hard_bin_mask":[1,1,1,1,1,1,1,1,1,1,1,1,1,1,1,0,1,1,0,1,0,1,0,0,0,1,0,1,0,0,0,0,0,0,0,1,0,0,0,0,0,0,0,0,1,0,0,0,0,0,0,0,0,0,0,0,0,0,0,0,0,0,0,0,0],"stage2/test_acc":75.29691211401425,"stage2/final_mask_keep_ratio_block2":0.78125,"lr":0.001,"stage2/raw_hard_mask_block4":"[1.0, 1.0, 1.0, 0.0, 0.0, 1.0, 0.0, 0.0, 1.0, 1.0, 0.0, 1.0, 1.0, 1.0, 0.0, 1.0, 0.0, 1.0, 0.0, 1.0, 1.0, 1.0, 1.0, 0.0, 0.0, 1.0, 1.0, 1.0, 1.0, 0.0, 0.0, 1.0, 1.0, 0.0, 1.0, 0.0, 1.0, 0.0, 0.0, 1.0, 1.0, 1.0, 1.0, 1.0, 1.0, 1.0, 0.0, 0.0, 1.0, 1.0, 0.0, 1.0, 1.0, 1.0, 1.0, 1.0, 0.0, 0.0, 1.0, 1.0, 1.0, 1.0, 1.0, 0.0, 1.0, 1.0, 0.0, 0.0, 1.0, 1.0, 0.0, 1.0, 1.0, 1.0, 0.0, 1.0, 0.0, 0.0, 1.0, 0.0, 1.0, 1.0, 0.0, 1.0, 0.0, 1.0, 0.0, 1.0, 1.0, 1.0, 1.0, 1.0, 0.0, 1.0, 1.0, 1.0, 0.0, 1.0, 1.0, 1.0, 1.0, 1.0, 0.0, 0.0, 1.0, 1.0, 1.0, 1.0, 0.0, 1.0, 1.0, 1.0, 1.0, 1.0, 1.0, 0.0, 1.0, 1.0, 1.0, 0.0, 0.0, 1.0, 0.0, 1.0, 1.0, 1.0, 1.0, 0.0]","stage2/stage_number":2,"mask_l1":0.26153847575187683,"stage2/lr_backbone":0.0001,"stage2/train_loss":0.6330236597245872,"stage":5,"stage_5_prunedseparableconvcnn/confusion_matrix_table":{"path":"media/table/stage_5_prunedseparableconvcnn/confusion_matrix_table_23_4e9e6ee4f2824c98591e.table.json","size":1367,"_type":"table-file","ncols":3,"log_mode":"IMMUTABLE","nrows":36,"artifact_path":"wandb-client-artifact://hocnvflkg4f73t1fi5grjlihcq1i52mipqp75k6z6445jh5tvr5h5q944jx2lxdh6r4u82c5llhselathi40ur71gvu0vmq0apnutc4rnkzaac97bcuu5q2659h71la6/stage_5_prunedseparableconvcnn/confusion_matrix_table.table.json","_latest_artifact_path":"wandb-client-artifact://zxtf3qn1ztfzgmi82lzyp17k0myfen4a8nswzbrvvdar4uzgyoonhdnsc4ksvc84pouysn73xcvsg0sw2yidq7gl3kivmjgp43dqoetame2w60wwmjljfd17hqb1iij9:latest/stage_5_prunedseparableconvcnn/confusion_matrix_table.table.json","sha256":"4e9e6ee4f2824c98591edf5e67d17350615dbc85826375f58848d4d270653661"},"stage2/final_mask_keep_ratio_block3":0.5546875,"stage1/test_loss":0.3122502789217946,"stage2/train_acc":72.53945480631278,"stage5_test_acc":89.44689514760773,"_wandb":{"runtime":55},"stage1_test_acc":88.90397013912454,"stage2/epoch":35,"stage2/block4_Pruned_%":32.8125,"stage_3_separableconvcnn/confusion_matrix_table":{"nrows":36,"_type":"table-file","artifact_path":"wandb-client-artifact://542q9m59geh28y8on834utlx24e60rir5p7xmaohvxny2gk2udp2r571bdo1kqegmdgebopajvyjfvlvvwhjotejhx2g4o9mrk9d0yxefrxktsvcbqsxrxipitl18ndk/stage_3_separableconvcnn/confusion_matrix_table.table.json","path":"media/table/stage_3_separableconvcnn/confusion_matrix_table_11_f0324ee7ea082eb94391.table.json","_latest_artifact_path":"wandb-client-artifact://y7pli1z78o8ow8mwljxlbfcc3prqhsz1fyoyl4wy6p7y1a7q1y7h62ujaz4tibmam95zw8uvqgubhuls4mfgne1vyqa6rvj03rzhvsm296g9eskl8cs8ydrx06bajo1r:latest/stage_3_separableconvcnn/confusion_matrix_table.table.json","ncols":3,"log_mode":"IMMUTABLE","size":1365,"sha256":"f0324ee7ea082eb94391348de826eb17e9b684d9571cefe398a7c8b7d5d50a48"},"stage2/raw_hard_mask_block2":"[0.0, 1.0, 1.0, 1.0, 1.0, 1.0, 1.0, 1.0, 1.0, 1.0, 1.0, 1.0, 1.0, 0.0, 1.0, 1.0, 1.0, 1.0, 0.0, 0.0, 1.0, 1.0, 1.0, 1.0, 1.0, 0.0, 0.0, 1.0, 1.0, 1.0, 1.0, 1.0, 1.0, 1.0, 1.0, 0.0, 1.0, 0.0, 1.0, 1.0, 0.0, 1.0, 1.0, 0.0, 1.0, 1.0, 0.0, 1.0, 1.0, 1.0, 1.0, 1.0, 1.0, 1.0, 1.0, 1.0, 1.0, 1.0, 0.0, 1.0, 0.0, 0.0, 1.0, 1.0]","stage2/val_loss":0.5317737382119863,"_timestamp":1.7767029402475157e+09,"stage5_test_f1":0.8953762718811467,"stage2/purpose":"train channel-pruning model with masking","stage2/mask_l1":0.5118358135223389,"lr_backbone":0.0001,"final_channel_mask_block4":[1,1,1,0,0,1,0,0,1,1,0,1,1,1,0,1,0,1,0,1,1,1,1,0,0,1,1,1,1,0,0,1,1,0,1,0,1,0,0,1,1,1,1,1,1,1,0,0,1,1,0,1,1,1,1,1,0,0,1,1,1,1,1,0,1,1,0,0,1,1,0,1,1,1,0,1,0,0,1,0,1,1,0,1,0,1,0,1,1,1,1,1,0,1,1,1,0,1,1,1,1,1,0,0,1,1,1,1,0,1,1,1,1,1,1,0,1,1,1,0,0,1,0,1,1,1,1,0],"stage2/test_loss":0.5332894302653167,"stage2/block3_Pruned_%":44.53125,"_runtime":55,"stage1/test_acc":88.90397013912454,"stage1_test_loss":0.3122502789217946,"stage1/test_f1":0.8925505607945969,"stage2/final_mask_keep_ratio_block4":0.671875,"model_param_count_dense":36868,"train_loss":0.20052807553854357,"stage2/val_acc":78.79581151832461,"best_val_loss":0.31726362287062,"stage2/raw_hard_mask_block3":"[0.0, 1.0, 0.0, 0.0, 0.0, 1.0, 1.0, 1.0, 0.0, 0.0, 0.0, 1.0, 0.0, 0.0, 1.0, 0.0, 1.0, 0.0, 0.0, 1.0, 1.0, 1.0, 1.0, 0.0, 0.0, 0.0, 1.0, 0.0, 1.0, 1.0, 1.0, 0.0, 1.0, 1.0, 1.0, 1.0, 1.0, 0.0, 1.0, 1.0, 0.0, 0.0, 1.0, 0.0, 1.0, 1.0, 0.0, 0.0, 1.0, 0.0, 1.0, 1.0, 1.0, 1.0, 1.0, 1.0, 0.0, 0.0, 1.0, 0.0, 0.0, 0.0, 1.0, 1.0, 1.0, 0.0, 1.0, 1.0, 0.0, 1.0, 0.0, 1.0, 0.0, 0.0, 1.0, 1.0, 0.0, 1.0, 1.0, 1.0, 1.0, 1.0, 0.0, 1.0, 0.0, 1.0, 1.0, 1.0, 1.0, 0.0, 0.0, 0.0, 0.0, 1.0, 1.0, 1.0, 0.0, 1.0, 0.0, 1.0, 0.0, 0.0, 1.0, 0.0, 1.0, 0.0, 0.0, 0.0, 1.0, 0.0, 1.0, 1.0, 1.0, 1.0, 1.0, 0.0, 1.0, 0.0, 1.0, 0.0, 1.0, 1.0, 1.0, 0.0, 0.0, 0.0, 1.0, 0.0]"}