{"stage1/test_loss":0.3433379850122665,"stage1/test_acc":91.99185612487275,"test_f1_macro":0.9215692568944346,"stage1/stage_number":1,"_step":5,"stage1/test_f1":0.9215692568944346,"best_epoch":5,"_timestamp":1.7757569975352504e+09,"test_loss":0.3433379850122665,"stage_1_separableconvcnn/confusion_matrix_table":{"size":1364,"_type":"table-file","path":"media/table/stage_1_separableconvcnn/confusion_matrix_table_5_bd6643c70cdf3c8c12db.table.json","sha256":"bd6643c70cdf3c8c12db0a75fdc0e454500c5af47221ef1884ca85b3e2363a55","_latest_artifact_path":"wandb-client-artifact://a7imh8g48ibwt39ie005v7dwm9jws8kin4cgn1j4n5up95wcwinlq5gftx2i7n712lcvksiva8or8mlmyf48ijizzaz6cvqlkkmbt1uhtlsat6l7rbidkfb6e52r82ps:latest/stage_1_separableconvcnn/confusion_matrix_table.table.json","log_mode":"IMMUTABLE","nrows":36,"ncols":3,"artifact_path":"wandb-client-artifact://k4j77eb4c0rnqst8p1pyob8a358zr49urbcu2s94qwjwd4z8wqyerbtp9v0qvj41jpv3uek1eggw7674quugipiavgnnvoo50wkfykm1cc9tx2ssdf7dkn8gbmtvs0by/stage_1_separableconvcnn/confusion_matrix_table.table.json"},"best_val_loss":0.07890239709419855,"stage1/best_val_loss":0.07890239709419855,"stage1/train_loss":0.07307593599991864,"stage1/train_acc":96.34216589861751,"stage1_test_f1":0.9215692568944346,"stage1/lr":0.001,"test_acc":91.99185612487275,"_wandb":{"runtime":7},"stage1_test_acc":91.99185612487275,"stage1/epoch":15,"stage1/use_pretrain_model":false,"stage1/val_loss":0.1864772046730436,"_runtime":7,"stage1/purpose":"train baseline model","stage1_test_loss":0.3433379850122665,"stage1/val_acc":92.8921568627451}