{"mask_l1":0.15625,"lr_gumbel_bin":0.001,"stage1_test_loss":0.22985296332345792,"stage1/test_loss":0.22985296332345792,"train_acc":92.674303493141,"stage_3_separableconvcnn/confusion_matrix_table":{"size":1369,"nrows":36,"log_mode":"IMMUTABLE","ncols":3,"path":"media/table/stage_3_separableconvcnn/confusion_matrix_table_6_15c0c9da0864cdff6064.table.json","_latest_artifact_path":"wandb-client-artifact://s0rko3yow850wbsk586kqmlffigc7dzke9jlukjh1hx8k4c8gqovri1ic3iv6i9jn0fuocyd55ktygpb6zn3qyjascx5bjy8ihzogwr57zqmujankjw3qatujnnj61e2:latest/stage_3_separableconvcnn/confusion_matrix_table.table.json","sha256":"15c0c9da0864cdff6064601f5efa980f204384021117becfb25867c3f1e4b471","artifact_path":"wandb-client-artifact://gso0wv06m6epzopcx8exgu3cvl3okenlwi2vkjm3ll72j13xqts1i1wqjnrf8r83fcmqr2wujxjvunz9u4sgxvhd1lgs5f6b3x6an3s1h56sushdtncf9u47yysn0wdk/stage_3_separableconvcnn/confusion_matrix_table.table.json","_type":"table-file"},"lr":0.001,"bin_keep_ratio":0.1875,"stage":3,"_step":7,"stage_1_separableconvcnn/confusion_matrix_table":{"_type":"table-file","_latest_artifact_path":"wandb-client-artifact://tj0j9t3a7a01ua3p1wu9frxnv03f91pwb3uqvas4hmmrmc8ud1zdlqu7limrgcrgu6psaik7o857c47td5e3n2d0163iuwgswrsl6pdesyd6w0nlfrop3fmq3r3sj49n:latest/stage_1_separableconvcnn/confusion_matrix_table.table.json","ncols":3,"path":"media/table/stage_1_separableconvcnn/confusion_matrix_table_1_0d020f5d83c84288d7ef.table.json","size":1366,"sha256":"0d020f5d83c84288d7ef82e44b2c5507ef0a1db1a97322c6a1ebbfba66b35265","nrows":36,"artifact_path":"wandb-client-artifact://yb78a69m2losvhtxbfvbxrqmeafk6071rg1w47nzegn83ucxqc8k89gvo8svxyq8bcqrkppo9z975dp3hfn2gv8duuykmcbmsuencw28bd90wigvqxj5ftv53upm8pcf/stage_1_separableconvcnn/confusion_matrix_table.table.json","log_mode":"IMMUTABLE"},"_timestamp":1.77660916008088e+09,"stage1_test_f1":0.9256903327450012,"stage1/use_pretrain_model":false,"stage2_test_f1":0.8339949894387663,"train_loss":0.174290807711456,"val_loss":0.42260732537291257,"lr_backbone":0.0001,"stage3_test_loss":0.31969882387567794,"stage1_test_acc":92.46691550729555,"stage2_test_loss":0.6568136936047939,"stage1/test_f1":0.9256903327450012,"_wandb":{"runtime":11},"epoch":10,"val_acc":85.76512455516014,"stage3_test_acc":89.37902952154734,"stage3_test_f1":0.893221438920892,"stage2_hard_bin_mask_str":"[1.0, 1.0, 1.0, 1.0, 1.0, 1.0, 1.0, 1.0, 1.0, 0.0, 1.0, 1.0, 0.0, 1.0, 1.0, 1.0, 1.0, 0.0, 1.0, 1.0, 1.0, 1.0, 1.0, 0.0, 0.0, 0.0, 1.0, 1.0, 0.0, 0.0, 0.0, 0.0, 0.0, 0.0, 0.0, 0.0, 0.0, 0.0, 0.0, 0.0, 0.0, 0.0, 0.0, 0.0, 0.0, 0.0, 0.0, 0.0, 0.0, 0.0, 0.0, 1.0, 0.0, 0.0, 1.0, 0.0, 0.0, 0.0, 0.0, 0.0, 0.0, 0.0, 0.0, 0.0, 0.0, 0.0, 0.0, 0.0, 0.0, 0.0, 0.0, 0.0, 0.0, 0.0, 0.0, 0.0, 0.0, 0.0, 0.0, 0.0, 0.0, 0.0, 0.0, 0.0, 0.0, 0.0, 0.0, 0.0, 0.0, 0.0, 0.0, 0.0, 0.0, 0.0, 0.0, 0.0, 0.0, 0.0, 0.0, 0.0, 0.0, 0.0, 0.0, 0.0, 0.0, 0.0, 0.0, 0.0, 0.0, 0.0, 0.0, 0.0, 0.0, 0.0, 0.0, 0.0, 0.0, 0.0, 0.0, 0.0, 0.0, 0.0, 0.0, 0.0, 0.0, 0.0, 0.0, 0.0]","_runtime":11,"best_val_loss":0.2476067548424351,"stage2_test_acc":83.6783169324737,"stage1/test_acc":92.46691550729555}