{"_wandb":{"runtime":15},"stage":3,"bin_keep_ratio":0.4375,"lr":0.001,"val_acc":89.73607038123167,"stage3_test_acc":90.09161859518154,"lr_gumbel_bin":0.001,"stage2_hard_bin_mask_str":"[0.0, 0.0, 1.0, 1.0, 1.0, 1.0, 1.0, 1.0, 1.0, 1.0, 1.0, 1.0, 1.0, 1.0, 1.0, 1.0, 0.0, 1.0, 1.0, 0.0, 1.0, 1.0, 1.0, 1.0, 1.0, 1.0, 1.0, 1.0, 1.0, 1.0, 0.0, 1.0, 1.0, 1.0, 1.0, 1.0, 1.0, 1.0, 1.0, 1.0, 1.0, 1.0, 1.0, 1.0, 1.0, 1.0, 1.0, 1.0, 1.0, 1.0, 1.0, 1.0, 1.0, 1.0, 1.0, 1.0, 1.0, 1.0, 1.0, 0.0, 0.0, 1.0, 0.0, 1.0, 0.0, 0.0, 0.0, 0.0, 0.0, 0.0, 0.0, 0.0, 0.0, 0.0, 0.0, 0.0, 0.0, 0.0, 0.0, 0.0, 0.0, 0.0, 0.0, 0.0, 0.0, 0.0, 0.0, 0.0, 0.0, 0.0, 0.0, 0.0, 0.0, 0.0, 0.0, 0.0, 0.0, 0.0, 0.0, 0.0, 0.0, 0.0, 0.0, 0.0, 0.0, 0.0, 0.0, 0.0, 0.0, 0.0, 0.0, 0.0, 0.0, 0.0, 0.0, 0.0, 0.0, 0.0, 0.0, 0.0, 0.0, 0.0, 0.0, 0.0, 0.0, 0.0, 0.0, 0.0]","best_val_loss":0.20988311645741467,"stage1/test_acc":89.85408890397014,"stage1/use_pretrain_model":false,"train_acc":96.39138496648124,"stage2_test_f1":0.881972446626386,"train_loss":0.088260502683727,"epoch":20,"stage_3_separableconvcnn/confusion_matrix_table":{"sha256":"4d11a3dd34e35bfb9fcc2bd6eb219cf22a120b15fadd3d693fd7b6b00281459a","ncols":3,"size":1367,"artifact_path":"wandb-client-artifact://xpx1fut1ybr310gpf0mupgvm77p5b0jd17ggg0gz6o3l19584p371nn5b204rei5hw7gqd7y60g1uiv1zvbcw2sdv9gxqdrj9nyixksyhc62l3qgsn76pw98xpib0bxl/stage_3_separableconvcnn/confusion_matrix_table.table.json","nrows":36,"log_mode":"IMMUTABLE","_latest_artifact_path":"wandb-client-artifact://z8rstzpui8swaxxsp1twh1najvyt2e2jzafu5shirgacniucpqs8yy58dcxjeowsqlcxdyoe9bhy6a7q1d3unnowzwkmmp08d2i0kf6snmkgy7s23cr5w96zxrnjky8g:latest/stage_3_separableconvcnn/confusion_matrix_table.table.json","_type":"table-file","path":"media/table/stage_3_separableconvcnn/confusion_matrix_table_8_4d11a3dd34e35bfb9fcc.table.json"},"stage1_test_f1":0.8992012196111356,"stage3_test_f1":0.9002513829758502,"stage3_test_loss":0.48856036095997674,"stage1/test_f1":0.8992012196111356,"stage_1_separableconvcnn/confusion_matrix_table":{"nrows":36,"size":1368,"artifact_path":"wandb-client-artifact://cut0y2n4sf9ratypi91exr7ohg3iffevmyzg92u5he2y5x4n6hjqljma01cjqc3i5xxd14e9j4new80aj5r9q3v70mcdpd7s2pdbv8utzxilu46lz9j4pz7gjnqxmb72/stage_1_separableconvcnn/confusion_matrix_table.table.json","sha256":"02c5a6fac2b98a2cce23216035c71184f8282e95afab8b7a4923ed0654b10cea","path":"media/table/stage_1_separableconvcnn/confusion_matrix_table_1_02c5a6fac2b98a2cce23.table.json","ncols":3,"_type":"table-file","_latest_artifact_path":"wandb-client-artifact://wtczt2uh3o6is6pu14000zv73yplj70n6m1254v8nenop4jrgb6h6gap0tk3aib4rkl4kpcp5tiirox6trhmw9ijerfx4gqfw10mjz0gxjs2cnpif8h1hqcb1ccvjud0:latest/stage_1_separableconvcnn/confusion_matrix_table.table.json","log_mode":"IMMUTABLE"},"stage1_test_loss":0.4559599839993571,"stage2_test_acc":88.12351543942992,"stage1/test_loss":0.4559599839993571,"val_loss":0.2206140325249028,"_timestamp":1.7764265105376427e+09,"_step":9,"_runtime":15,"mask_l1":0.28125,"lr_backbone":0.0001,"stage1_test_acc":89.85408890397014,"stage2_test_loss":0.5133340356730538}