{"stage1_test_f1":0.6742216948894117,"stage_3_prunedseparableconvcnn/confusion_matrix_table":{"ncols":3,"size":2013,"_latest_artifact_path":"wandb-client-artifact://rwci5ot4rnomwuda21pah4i71bek587i77rumqq111byy45f9p6nvvh85rqytz3wvfupvk4e6itnad1tzkxg0uwbsas8ss8122e6rcya4ygzhodkr5jslpbimemd7hst:latest/stage_3_prunedseparableconvcnn/confusion_matrix_table.table.json","_type":"table-file","sha256":"75d446a180c0d3f78f547ee5b86a7b74d22d3d8455395bc2b56dc9d14b3172d2","nrows":64,"path":"media/table/stage_3_prunedseparableconvcnn/confusion_matrix_table_62_75d446a180c0d3f78f54.table.json","artifact_path":"wandb-client-artifact://efv9jtwkhg71hv5w7mwhbwwi6bw10uqu8azb5d0vhwchkg7ng3vddg53val4f27rb8hg19chanpzmuy6vc2dub175f7v1y26l3yx1xaj5e7nz5gn48e5e4vgibgghr3i/stage_3_prunedseparableconvcnn/confusion_matrix_table.table.json","log_mode":"IMMUTABLE"},"stage1_test_loss":0.6451507773950873,"stage2/purpose":"train channel-pruning model with masking","stage3_test_loss":0.6318991241904647,"stage2/final_mask_keep_ratio_block3":0.671875,"stage2/best_val_loss":0.7787288608055494,"stage2/raw_hard_mask_block4":"[1.0, 1.0, 1.0, 1.0, 1.0, 1.0, 1.0, 1.0, 1.0, 1.0, 1.0, 1.0, 1.0, 1.0, 1.0, 1.0, 1.0, 1.0, 1.0, 1.0, 1.0, 1.0, 0.0, 1.0, 1.0, 1.0, 1.0, 1.0, 1.0, 1.0, 1.0, 0.0, 1.0, 0.0, 1.0, 1.0, 1.0, 1.0, 1.0, 1.0, 1.0, 0.0, 1.0, 0.0, 1.0, 1.0, 1.0, 1.0, 1.0, 0.0, 1.0, 1.0, 1.0, 1.0, 1.0, 0.0, 1.0, 1.0, 1.0, 0.0, 1.0, 1.0, 1.0, 1.0, 1.0, 1.0, 1.0, 1.0, 0.0, 1.0, 0.0, 1.0, 1.0, 1.0, 1.0, 1.0, 1.0, 0.0, 1.0, 1.0, 1.0, 1.0, 1.0, 1.0, 1.0, 0.0, 1.0, 0.0, 1.0, 1.0, 1.0, 1.0, 1.0, 1.0, 1.0, 1.0, 1.0, 1.0, 1.0, 0.0, 1.0, 1.0, 1.0, 1.0, 0.0, 1.0, 1.0, 1.0, 1.0, 1.0, 1.0, 1.0, 1.0, 1.0, 1.0, 1.0, 1.0, 1.0, 1.0, 0.0, 1.0, 1.0, 1.0, 1.0, 1.0, 1.0, 1.0, 1.0]","block2_Pruned_%":15.625,"stage2/block3_Pruned_%":32.8125,"stage3_test_acc":79.57753735188048,"stage2_test_acc":79.46419371458012,"stage1/use_pretrain_model":false,"stage3_test_f1":0.6902959144138953,"stage2/test_f1":0.6837973317827296,"stage2/Total_Pruned_%":21.250000000000004,"model_param_reduction_pct":32.26120330828694,"stage2/val_acc":70.74829931972789,"stage2/block2_Pruned_%":15.625,"stage":3,"best_val_loss":0.7951354507131471,"val_acc":70.85571070533477,"model_param_count":25062,"stage2_test_f1":0.6837973317827296,"stage2/test_acc":79.46419371458012,"stage2/val_loss":0.7999081466302964,"block4_Pruned_%":12.5,"model_param_count_dense":36998,"stage2/train_acc":65.06135816596299,"stage2/lr_backbone":0.0001,"lr_loaded_weights":0.0001,"_runtime":302,"stage2/raw_hard_mask_block2":"[1.0, 1.0, 1.0, 1.0, 1.0, 1.0, 1.0, 1.0, 0.0, 1.0, 1.0, 1.0, 1.0, 0.0, 0.0, 1.0, 0.0, 1.0, 1.0, 1.0, 1.0, 1.0, 0.0, 1.0, 1.0, 1.0, 1.0, 1.0, 1.0, 0.0, 1.0, 0.0, 1.0, 1.0, 1.0, 0.0, 1.0, 1.0, 1.0, 1.0, 1.0, 1.0, 1.0, 1.0, 1.0, 0.0, 1.0, 1.0, 1.0, 1.0, 1.0, 1.0, 1.0, 1.0, 1.0, 1.0, 1.0, 1.0, 1.0, 0.0, 1.0, 1.0, 1.0, 1.0]","stage1_test_acc":77.48583204533746,"stage2/train_loss":0.7167170474727109,"stage2/lr_gumbel":0.001,"_step":63,"stage2/test_loss":0.6253084547721743,"stage1/test_loss":0.6451507773950873,"stage2/block4_Pruned_%":12.5,"stage_1_separableconvcnn/confusion_matrix_table":{"log_mode":"IMMUTABLE","ncols":3,"path":"media/table/stage_1_separableconvcnn/confusion_matrix_table_1_4c71ec94cf2c83db86b4.table.json","artifact_path":"wandb-client-artifact://052mn40kp8z1z9fn3qfurwy1y1t475121hghd89g58fsfmce1cq82zsk8a5y4382lgm321bdr47orna4zlsimvh8s46dncfwbm7aee3kqs5ivaw0sgj3cxd13adv97d5/stage_1_separableconvcnn/confusion_matrix_table.table.json","_latest_artifact_path":"wandb-client-artifact://5avlxy34yg2uhluh7bhwsx5v5yaelx8flhlbm30ms897ac4pqts21hec90fdsm7395ssz0dbv1esogy5r1t8omiwi03lnzhbcc7bq5yn1qwwat0w674hzkh4swb9jn0q:latest/stage_1_separableconvcnn/confusion_matrix_table.table.json","_type":"table-file","sha256":"4c71ec94cf2c83db86b494c32addd054f445d91a59497064ef560bc5319677b7","nrows":64,"size":2015},"stage2/raw_hard_mask_block3":"[1.0, 0.0, 0.0, 1.0, 1.0, 0.0, 1.0, 1.0, 1.0, 0.0, 1.0, 1.0, 1.0, 1.0, 1.0, 0.0, 1.0, 1.0, 0.0, 0.0, 1.0, 1.0, 0.0, 1.0, 1.0, 0.0, 1.0, 0.0, 1.0, 0.0, 1.0, 0.0, 0.0, 0.0, 1.0, 0.0, 0.0, 1.0, 1.0, 1.0, 0.0, 1.0, 1.0, 1.0, 1.0, 0.0, 1.0, 1.0, 1.0, 1.0, 1.0, 1.0, 1.0, 1.0, 1.0, 1.0, 1.0, 1.0, 1.0, 1.0, 0.0, 1.0, 1.0, 1.0, 1.0, 1.0, 1.0, 1.0, 1.0, 0.0, 1.0, 1.0, 1.0, 1.0, 1.0, 1.0, 1.0, 0.0, 0.0, 1.0, 1.0, 1.0, 1.0, 1.0, 1.0, 0.0, 0.0, 1.0, 0.0, 1.0, 0.0, 1.0, 0.0, 1.0, 0.0, 0.0, 0.0, 1.0, 1.0, 1.0, 0.0, 0.0, 1.0, 1.0, 1.0, 0.0, 1.0, 1.0, 1.0, 1.0, 0.0, 0.0, 0.0, 1.0, 0.0, 1.0, 0.0, 1.0, 1.0, 1.0, 0.0, 1.0, 0.0, 1.0, 1.0, 0.0, 1.0, 0.0]","stage2/final_mask_keep_ratio_block2":0.84375,"_wandb":{"runtime":302},"stage2/best_epoch":34,"model_param_count_pruned":25062,"epoch":15,"stage1/test_acc":77.48583204533746,"Total_Pruned_%":21.250000000000004,"train_acc":68.66984966262874,"stage2_test_loss":0.6253084547721743,"stage1/test_f1":0.6742216948894117,"stage2/epoch":44,"block3_Pruned_%":32.8125,"stage2/final_mask_keep_ratio_block4":0.875,"_timestamp":1.775318907291448e+09,"stage2/stage_number":2,"train_loss":0.5891783507375086,"stage2/mask_l1":0.5929931402206421,"val_loss":0.8099066491541878}