{"stage1_test_f1":0.9051329843595525,"stage1/test_acc":90.26128266033254,"stage1/test_loss":0.26277959650952193,"_runtime":25,"stage":3,"_wandb":{"runtime":25},"epoch":20,"lr_gumbel_bin":0.001,"stage3_test_f1":0.9136672766910005,"stage1/use_pretrain_model":false,"stage2_test_acc":90.29521547336275,"stage3_test_acc":91.14353579911774,"_step":13,"stage2_hard_bin_mask_str":"[0.0, 1.0, 1.0, 1.0, 1.0, 1.0, 1.0, 1.0, 1.0, 1.0, 1.0, 1.0, 1.0, 1.0, 1.0, 1.0, 1.0, 1.0, 1.0, 1.0, 1.0, 1.0, 1.0, 1.0, 1.0, 1.0, 1.0, 1.0, 0.0, 1.0, 0.0, 1.0, 1.0, 1.0, 0.0, 0.0, 1.0, 1.0, 0.0, 1.0, 0.0, 1.0, 0.0, 1.0, 1.0, 0.0, 1.0, 1.0, 1.0, 0.0, 1.0, 0.0, 1.0, 0.0, 0.0, 0.0, 1.0, 0.0, 0.0, 0.0, 0.0, 0.0, 0.0, 0.0, 0.0, 1.0, 0.0, 0.0, 0.0, 0.0, 0.0, 0.0, 0.0, 0.0, 0.0, 0.0, 0.0, 0.0, 0.0, 0.0, 0.0, 0.0, 0.0, 0.0, 0.0, 0.0, 0.0, 1.0, 0.0, 1.0, 0.0, 0.0, 0.0, 0.0, 0.0, 0.0, 0.0, 0.0, 0.0, 0.0, 1.0, 0.0, 0.0, 0.0, 0.0, 0.0, 0.0, 0.0, 0.0, 0.0, 0.0, 0.0, 0.0, 0.0, 0.0, 0.0, 0.0, 0.0, 0.0, 0.0, 0.0, 0.0, 0.0, 0.0, 0.0, 0.0, 0.0, 0.0]","stage3_test_loss":0.2448028091619366,"stage1_test_acc":90.26128266033254,"stage1_test_loss":0.26277959650952193,"train_loss":0.12456466938707031,"val_loss":0.27620325397446516,"best_val_loss":0.16679802349724696,"stage_3_separableconvcnn/confusion_matrix_table":{"ncols":3,"size":1366,"sha256":"38c593400d0da92c3924eb519f19978c2eb61354b466f79d89c003e79d900a63","artifact_path":"wandb-client-artifact://8v36zletq6bhhfbvqoq6d6whv9puwc1gdq7l6agvj5cbjde8yameirdoq39k0cs2rfvhn4z7jp6ddg4h6yzxecok3xuv8nl87a4bmbj74etn9j3qo3gv3vvq8g7w25ls/stage_3_separableconvcnn/confusion_matrix_table.table.json","nrows":36,"_latest_artifact_path":"wandb-client-artifact://2x6r9wcskj5kvs1hdecz8hoihh2puoe3vdle769y5dam12oll9pxw0pi4u6yqrihjd2o32cvw81znrmmcnt8y2fj40o521sx7nzf1nncfjkpjszaj8aw7lz4hu69gdlm:latest/stage_3_separableconvcnn/confusion_matrix_table.table.json","path":"media/table/stage_3_separableconvcnn/confusion_matrix_table_12_38c593400d0da92c3924.table.json","_type":"table-file","log_mode":"IMMUTABLE"},"train_acc":94.8780487804878,"stage2_test_f1":0.9047728494075491,"lr_backbone":0.0001,"mask_l1":0.3203125,"stage1/test_f1":0.9051329843595525,"lr":0.001,"stage_1_separableconvcnn/confusion_matrix_table":{"_type":"table-file","size":1366,"nrows":36,"ncols":3,"artifact_path":"wandb-client-artifact://okzen2ngh5vadk1grswzfdt9avwg98infhc1dv66xt8y3p874u16diqt70h5tgdbfxr232y12r0ddqhzmxcil5yvkjq4zuvouniao5tdwd5caq8z4rkj6us7us4it80t/stage_1_separableconvcnn/confusion_matrix_table.table.json","log_mode":"IMMUTABLE","path":"media/table/stage_1_separableconvcnn/confusion_matrix_table_1_5e10bfc5089100db3fe5.table.json","sha256":"5e10bfc5089100db3fe5728a7162421b691ff437e4ac9bceeeae0f92c75042d8","_latest_artifact_path":"wandb-client-artifact://w9knuvfm2h623m8xklr9yzzedzhnc57ua9az2inhw0gr6nexjghvz3gqecw5p5f3ysetwv74ih77cnq3t7247v0h8yo0qig3ej7572sg84kn32ucujadjvawx6fk2ala:latest/stage_1_separableconvcnn/confusion_matrix_table.table.json"},"_timestamp":1.7766073423796387e+09,"bin_keep_ratio":0.3671875,"val_acc":90.83769633507853,"stage2_test_loss":0.2503984248540407}