{"stage3_test_loss":0.33228685533988767,"stage3_test_acc":91.27926705123855,"stage1/use_pretrain_model":false,"epoch":20,"_runtime":25,"bin_keep_ratio":0.421875,"val_acc":86.33720930232558,"stage1_test_acc":92.05972175093315,"stage1/test_loss":0.24398312162422087,"stage2_test_acc":90.70240922972515,"stage1_test_f1":0.9210132066608973,"_step":13,"_wandb":{"runtime":25},"stage":3,"stage2_test_f1":0.9075697653769166,"stage_3_separableconvcnn/confusion_matrix_table":{"nrows":36,"_type":"table-file","ncols":3,"log_mode":"IMMUTABLE","size":1367,"path":"media/table/stage_3_separableconvcnn/confusion_matrix_table_12_50e4b61e08bebd1eb8a7.table.json","sha256":"50e4b61e08bebd1eb8a7bdaded62a2f75cfe72e3230059d3e7e07a5ef5a5ffdb","_latest_artifact_path":"wandb-client-artifact://3p1o6q7bfd4rqrglm6zwist2lvfe9fzri43f1srza1alotn7tktfuq23jydjf6kdzdq43weydapf45xgo24cctxkmf5bokijrkeasyqcaxd3m4rruzk8bqsl9nszvkky:latest/stage_3_separableconvcnn/confusion_matrix_table.table.json","artifact_path":"wandb-client-artifact://wz8zl5fek53txke8c1y9k6sqro8ebvrprdnkmtiwaoypmktq5ggltvhu3rkjxnq1niv4vlf98rpf7x8gvymnvvqgl9slgo5blp5h69urgniqiooto8k7w72q36iht27d/stage_3_separableconvcnn/confusion_matrix_table.table.json"},"lr_gumbel_bin":0.001,"lr":0.001,"best_val_loss":0.19709193819137508,"stage1/test_f1":0.9210132066608973,"_timestamp":1.7766073706321456e+09,"stage2_test_loss":0.24579448871059179,"stage3_test_f1":0.9130145973392568,"lr_backbone":0.0001,"stage1_test_loss":0.24398312162422087,"val_loss":0.4555717958017255,"stage2_hard_bin_mask_str":"[1.0, 1.0, 1.0, 1.0, 1.0, 1.0, 1.0, 1.0, 1.0, 1.0, 1.0, 1.0, 1.0, 1.0, 1.0, 1.0, 1.0, 1.0, 1.0, 1.0, 1.0, 1.0, 1.0, 1.0, 1.0, 1.0, 1.0, 0.0, 1.0, 0.0, 1.0, 1.0, 1.0, 1.0, 1.0, 0.0, 1.0, 1.0, 1.0, 1.0, 0.0, 1.0, 0.0, 1.0, 1.0, 1.0, 1.0, 1.0, 1.0, 0.0, 1.0, 1.0, 0.0, 1.0, 1.0, 0.0, 1.0, 1.0, 1.0, 0.0, 0.0, 0.0, 0.0, 0.0, 0.0, 0.0, 0.0, 1.0, 0.0, 0.0, 0.0, 0.0, 0.0, 0.0, 0.0, 0.0, 1.0, 0.0, 0.0, 0.0, 0.0, 0.0, 0.0, 0.0, 0.0, 0.0, 0.0, 0.0, 0.0, 0.0, 0.0, 0.0, 0.0, 0.0, 1.0, 0.0, 0.0, 0.0, 0.0, 0.0, 0.0, 0.0, 0.0, 0.0, 0.0, 0.0, 0.0, 0.0, 0.0, 0.0, 0.0, 0.0, 0.0, 0.0, 0.0, 0.0, 0.0, 0.0, 0.0, 0.0, 0.0, 0.0, 0.0, 0.0, 0.0, 0.0, 0.0, 0.0]","mask_l1":0.359375,"train_acc":96.26141552511416,"train_loss":0.09176281364166845,"stage1/test_acc":92.05972175093315,"stage_1_separableconvcnn/confusion_matrix_table":{"log_mode":"IMMUTABLE","size":1368,"ncols":3,"nrows":36,"_latest_artifact_path":"wandb-client-artifact://9osgegt1g3aqqtdduqq10sq3mu9fvr0t7aaf4ah8alppzy884liw737qzzelo3wlk5l7q1dn7rdamzo4aazlbbzjbviruiv4uaisu79t5bd4118thflkzijcgwgbl62v:latest/stage_1_separableconvcnn/confusion_matrix_table.table.json","_type":"table-file","artifact_path":"wandb-client-artifact://devr1euvhq8x9141fx2ooi7boefr4anw47fvr121e0ysk3s6sh2f9p7327r1db5bxgeo0txvz5pox5yy7vvplt9cn5ja0mxowch61so7ekfxtcju9qsvsvry965np6ae/stage_1_separableconvcnn/confusion_matrix_table.table.json","path":"media/table/stage_1_separableconvcnn/confusion_matrix_table_1_6d4ed4eaadf81223ca08.table.json","sha256":"6d4ed4eaadf81223ca08f2a92794215f26ba204c163666ab8d51698ddb00e102"}}