{"bin_keep_ratio":0.5076923370361328,"stage1_test_loss":0.4033316631915511,"_runtime":16,"stage1_test_f1":0.8423145835060694,"_timestamp":1.7757670695016997e+09,"stage2_hard_bin_mask_str":"[1.0, 1.0, 1.0, 1.0, 1.0, 1.0, 1.0, 1.0, 1.0, 1.0, 1.0, 1.0, 1.0, 0.0, 0.0, 0.0, 1.0, 0.0, 1.0, 1.0, 1.0, 1.0, 0.0, 1.0, 1.0, 1.0, 1.0, 0.0, 1.0, 1.0, 1.0, 0.0, 0.0, 0.0, 1.0, 1.0, 1.0, 0.0, 0.0, 0.0, 0.0, 1.0, 0.0, 1.0, 0.0, 0.0, 1.0, 1.0, 1.0, 0.0, 0.0, 0.0, 0.0, 0.0, 0.0, 0.0, 0.0, 0.0, 0.0, 0.0, 0.0, 0.0, 0.0, 0.0, 0.0]","train_acc":91.73424384691991,"epoch":10,"stage1/use_pretrain_model":false,"stage1/test_loss":0.4033316631915511,"mask_l1":0.3384615480899811,"_wandb":{"runtime":16},"stage1_test_acc":83.8479809976247,"lr_gumbel_bin":0.001,"train_loss":0.1929833504765789,"stage3_test_f1":0.8832043027819579,"_step":9,"lr":0.001,"stage1/test_acc":83.8479809976247,"val_loss":1.0858942694703222,"stage1/test_f1":0.8423145835060694,"lr_backbone":0.0001,"stage2_test_loss":0.3628838131053188,"stage2_test_f1":0.8571764202456915,"stage":3,"val_acc":69.96904024767802,"stage3_test_acc":88.12351543942992,"stage_1_separableconvcnn/confusion_matrix_table":{"log_mode":"IMMUTABLE","path":"media/table/stage_1_separableconvcnn/confusion_matrix_table_1_e109c81960089413b24e.table.json","nrows":36,"ncols":3,"sha256":"e109c81960089413b24e47496945fb25c897b977aef8368f84ac5441a0ac91eb","_latest_artifact_path":"wandb-client-artifact://grbqcf88mdklfh9ibldtm5gce9z4o9muf0z454h0szzl7y3dru54p6sbaif30qspyj4f6w0eek0dqmf6f1w3src6sos786jojry01rlfcpbq2xsxp24zz6yo5p30naj0:latest/stage_1_separableconvcnn/confusion_matrix_table.table.json","artifact_path":"wandb-client-artifact://y8igj4xyzztuwljg8aglxn9lcsi38ryl2kjhgdggg6l885y4cwvi2f8g7dtttbijwbbogxjhy3dcaqhxyqe1asdpvpedjtlygve7mwyb09azlv7tt1eepck0o0ortd4g/stage_1_separableconvcnn/confusion_matrix_table.table.json","size":1370,"_type":"table-file"},"stage_3_separableconvcnn/confusion_matrix_table":{"log_mode":"IMMUTABLE","artifact_path":"wandb-client-artifact://0l7uqwmy8txydjq7hh1s8531409aa9tlsfq88q62l2nxgb2a9freyebudm9yae7u113m0kxkqgbum9jhin0wizbenltzyectuxau7x8xjogx25ucogj1h7vrhxo7s86e/stage_3_separableconvcnn/confusion_matrix_table.table.json","_type":"table-file","ncols":3,"size":1366,"path":"media/table/stage_3_separableconvcnn/confusion_matrix_table_8_f39363e5c5192bf96737.table.json","sha256":"f39363e5c5192bf967374e005be231deb985ae9cfe9b3beac7b4ad1455aa6c05","nrows":36,"_latest_artifact_path":"wandb-client-artifact://oi24d79rxgfymgxixfk0w4a9wfte0bojbgbl65qvqfvuapwqfzfni4wctl0c4yz9wqk1jro30gs18aje7migchzxq6hfdod9nsssnqbgscuurzfynde0er0qzwcaqgpn:latest/stage_3_separableconvcnn/confusion_matrix_table.table.json"},"stage2_test_acc":85.5106888361045,"stage3_test_loss":0.32804523315375483,"best_val_loss":0.806776484837842}