{"_timestamp":1.7754393355694048e+09,"_wandb":{"runtime":86},"channels_block4":26,"val_acc":71.01738387004845,"_runtime":86,"best_val_loss":0.7124931062174917,"stage3_channel_metadata_json":"{\"block2\": {\"kept_indices\": [0, 3, 12, 13, 16, 19, 21, 32, 35, 45, 47, 48, 55], \"pruned_indices\": [1, 2, 4, 5, 6, 7, 8, 9, 10, 11, 14, 15, 17, 18, 20, 22, 23, 24, 25, 26, 27, 28, 29, 30, 31, 33, 34, 36, 37, 38, 39, 40, 41, 42, 43, 44, 46, 49, 50, 51, 52, 53, 54, 56, 57, 58, 59, 60, 61, 62, 63], \"kept_count\": 13, \"pruned_count\": 51, \"total_channels\": 64}, \"block3\": {\"kept_indices\": [1, 2, 7, 8, 12, 17, 22, 25, 27, 29, 32, 34, 35, 38, 44, 47, 48, 50, 57, 59, 65, 73, 96, 101, 122, 125], \"pruned_indices\": [0, 3, 4, 5, 6, 9, 10, 11, 13, 14, 15, 16, 18, 19, 20, 21, 23, 24, 26, 28, 30, 31, 33, 36, 37, 39, 40, 41, 42, 43, 45, 46, 49, 51, 52, 53, 54, 55, 56, 58, 60, 61, 62, 63, 64, 66, 67, 68, 69, 70, 71, 72, 74, 75, 76, 77, 78, 79, 80, 81, 82, 83, 84, 85, 86, 87, 88, 89, 90, 91, 92, 93, 94, 95, 97, 98, 99, 100, 102, 103, 104, 105, 106, 107, 108, 109, 110, 111, 112, 113, 114, 115, 116, 117, 118, 119, 120, 121, 123, 124, 126, 127], \"kept_count\": 26, \"pruned_count\": 102, \"total_channels\": 128}, \"block4\": {\"kept_indices\": [0, 1, 3, 18, 19, 22, 23, 25, 26, 27, 34, 35, 39, 50, 53, 60, 65, 73, 78, 86, 87, 91, 93, 100, 101, 107], \"pruned_indices\": [2, 4, 5, 6, 7, 8, 9, 10, 11, 12, 13, 14, 15, 16, 17, 20, 21, 24, 28, 29, 30, 31, 32, 33, 36, 37, 38, 40, 41, 42, 43, 44, 45, 46, 47, 48, 49, 51, 52, 54, 55, 56, 57, 58, 59, 61, 62, 63, 64, 66, 67, 68, 69, 70, 71, 72, 74, 75, 76, 77, 79, 80, 81, 82, 83, 84, 85, 88, 89, 90, 92, 94, 95, 96, 97, 98, 99, 102, 103, 104, 105, 106, 108, 109, 110, 111, 112, 113, 114, 115, 116, 117, 118, 119, 120, 121, 122, 123, 124, 125, 126, 127], \"kept_count\": 26, \"pruned_count\": 102, \"total_channels\": 128}}","channels_block2":13,"stage_3_prunedseparableconvcnn/confusion_matrix_table":{"_type":"table-file","nrows":64,"path":"media/table/stage_3_prunedseparableconvcnn/confusion_matrix_table_7_7eacceda61bbfbf18cab.table.json","artifact_path":"wandb-client-artifact://fujwnwtzhxm5ya60dvojc34xyfpw73a9p2g6ui1iduqjac00oow4c02t2691txze65qunqdy27su36qs19tn2iw9dzrpuh6q7l5uydmtwghao3h99q11efuvg5b0simk/stage_3_prunedseparableconvcnn/confusion_matrix_table.table.json","_latest_artifact_path":"wandb-client-artifact://e99zdtaoc71ptwn1pwndg4jfutqjj5pu0vlzuquoirmj1xtdtaq59zzm33nftzl4mxprolg84i7d5nlca6ibr6vxxkv8nej8b2rv1kd8s1pdfisy31wx74puqi9o4f41:latest/stage_3_prunedseparableconvcnn/confusion_matrix_table.table.json","ncols":3,"sha256":"7eacceda61bbfbf18cab007524e01f19b57ca68c649a59a613e7ac132248acdc","log_mode":"IMMUTABLE","size":2012},"params_after_pruning":4307,"stage_1_separableconvcnn/confusion_matrix_table":{"artifact_path":"wandb-client-artifact://3386i9xz1avf4ojvz8051pp66n2ogkjq5cs197e5frxscwlk5pu72o22z2vlq25x10gsxxl09msjqmymcugva764wmwhqegb8dmh0yah9dxcd2mxazswtzaoujx4bqcv/stage_1_separableconvcnn/confusion_matrix_table.table.json","size":2014,"sha256":"9801ff5ef3ee6a3bb05a05ebf42ad249b8e3a430a027e67d8bea790f448fb438","ncols":3,"_type":"table-file","path":"media/table/stage_1_separableconvcnn/confusion_matrix_table_0_9801ff5ef3ee6a3bb05a.table.json","nrows":64,"log_mode":"IMMUTABLE","_latest_artifact_path":"wandb-client-artifact://6zn0ecj5axoatae09gqkchxhydccx6hoyjn78h9jmg5ce9s6rzimbo3fkrb538rw6dgjkhmi4mqq83yo0ygseu26fkkyl2gdrpgmeqkycnylo03p20srsho9ojlrzoyw:latest/stage_1_separableconvcnn/confusion_matrix_table.table.json"},"epoch":24,"val_loss":0.7757530445793002,"stage1_test_f1":0.677967605576644,"stage3_test_f1":0.6408130174008942,"stage":3,"train_acc":74.20852511506905,"_step":8,"params_before_pruning":36998,"lr":0.001,"stage1_test_acc":78.49562081401339,"train_loss":0.7054983806796186,"stage3_final_mask_json":"{\"block2\": [1.0, 0.0, 0.0, 1.0, 0.0, 0.0, 0.0, 0.0, 0.0, 0.0, 0.0, 0.0, 1.0, 1.0, 0.0, 0.0, 1.0, 0.0, 0.0, 1.0, 0.0, 1.0, 0.0, 0.0, 0.0, 0.0, 0.0, 0.0, 0.0, 0.0, 0.0, 0.0, 1.0, 0.0, 0.0, 1.0, 0.0, 0.0, 0.0, 0.0, 0.0, 0.0, 0.0, 0.0, 0.0, 1.0, 0.0, 1.0, 1.0, 0.0, 0.0, 0.0, 0.0, 0.0, 0.0, 1.0, 0.0, 0.0, 0.0, 0.0, 0.0, 0.0, 0.0, 0.0], \"block3\": [0.0, 1.0, 1.0, 0.0, 0.0, 0.0, 0.0, 1.0, 1.0, 0.0, 0.0, 0.0, 1.0, 0.0, 0.0, 0.0, 0.0, 1.0, 0.0, 0.0, 0.0, 0.0, 1.0, 0.0, 0.0, 1.0, 0.0, 1.0, 0.0, 1.0, 0.0, 0.0, 1.0, 0.0, 1.0, 1.0, 0.0, 0.0, 1.0, 0.0, 0.0, 0.0, 0.0, 0.0, 1.0, 0.0, 0.0, 1.0, 1.0, 0.0, 1.0, 0.0, 0.0, 0.0, 0.0, 0.0, 0.0, 1.0, 0.0, 1.0, 0.0, 0.0, 0.0, 0.0, 0.0, 1.0, 0.0, 0.0, 0.0, 0.0, 0.0, 0.0, 0.0, 1.0, 0.0, 0.0, 0.0, 0.0, 0.0, 0.0, 0.0, 0.0, 0.0, 0.0, 0.0, 0.0, 0.0, 0.0, 0.0, 0.0, 0.0, 0.0, 0.0, 0.0, 0.0, 0.0, 1.0, 0.0, 0.0, 0.0, 0.0, 1.0, 0.0, 0.0, 0.0, 0.0, 0.0, 0.0, 0.0, 0.0, 0.0, 0.0, 0.0, 0.0, 0.0, 0.0, 0.0, 0.0, 0.0, 0.0, 0.0, 0.0, 1.0, 0.0, 0.0, 1.0, 0.0, 0.0], \"block4\": [1.0, 1.0, 0.0, 1.0, 0.0, 0.0, 0.0, 0.0, 0.0, 0.0, 0.0, 0.0, 0.0, 0.0, 0.0, 0.0, 0.0, 0.0, 1.0, 1.0, 0.0, 0.0, 1.0, 1.0, 0.0, 1.0, 1.0, 1.0, 0.0, 0.0, 0.0, 0.0, 0.0, 0.0, 1.0, 1.0, 0.0, 0.0, 0.0, 1.0, 0.0, 0.0, 0.0, 0.0, 0.0, 0.0, 0.0, 0.0, 0.0, 0.0, 1.0, 0.0, 0.0, 1.0, 0.0, 0.0, 0.0, 0.0, 0.0, 0.0, 1.0, 0.0, 0.0, 0.0, 0.0, 1.0, 0.0, 0.0, 0.0, 0.0, 0.0, 0.0, 0.0, 1.0, 0.0, 0.0, 0.0, 0.0, 1.0, 0.0, 0.0, 0.0, 0.0, 0.0, 0.0, 0.0, 1.0, 1.0, 0.0, 0.0, 0.0, 1.0, 0.0, 1.0, 0.0, 0.0, 0.0, 0.0, 0.0, 0.0, 1.0, 1.0, 0.0, 0.0, 0.0, 0.0, 0.0, 1.0, 0.0, 0.0, 0.0, 0.0, 0.0, 0.0, 0.0, 0.0, 0.0, 0.0, 0.0, 0.0, 0.0, 0.0, 0.0, 0.0, 0.0, 0.0, 0.0, 0.0]}","channels_block3":26,"stage3_test_acc":68.26378155589902}