{"epoch":10,"stage":3,"stage1_test_acc":89.85408890397014,"stage1_test_loss":0.4559599839993571,"best_val_loss":0.2676470637419794,"stage3_test_f1":0.8658529345668557,"stage_1_separableconvcnn/confusion_matrix_table":{"artifact_path":"wandb-client-artifact://v2h94odhntt48shhd0ryprj17k7q6dc9xqp6gcw0uelnegg4m0gx1czbetalbmxyr8s96org89iqeu260hv036aww0bt3a7rp5kw40vajytgecf0s5z1dq3trk4ijth3/stage_1_separableconvcnn/confusion_matrix_table.table.json","_type":"table-file","size":1368,"log_mode":"IMMUTABLE","sha256":"02c5a6fac2b98a2cce23216035c71184f8282e95afab8b7a4923ed0654b10cea","path":"media/table/stage_1_separableconvcnn/confusion_matrix_table_1_02c5a6fac2b98a2cce23.table.json","nrows":36,"_latest_artifact_path":"wandb-client-artifact://htehntc9l4h5mlm738u1kitott0w9z9vdendhshzbye48nzvow6drjgf0h3wcu10w4kgycpq85nzwppfbodvfy9z1outv9fakkneccivspssrcn5bswnrv408xnh1oqr:latest/stage_1_separableconvcnn/confusion_matrix_table.table.json","ncols":3},"_wandb":{"runtime":11},"lr_gumbel_bin":0.001,"stage3_test_acc":86.18934509670852,"_step":7,"stage2_test_f1":0.8634201018364553,"val_loss":0.7325331137209715,"val_acc":80.35190615835778,"_runtime":11,"stage1/test_acc":89.85408890397014,"bin_keep_ratio":0.3984375,"_timestamp":1.776427447496716e+09,"lr":0.001,"stage1/test_loss":0.4559599839993571,"stage1/use_pretrain_model":false,"stage1_test_f1":0.8992012196111356,"stage2_test_loss":0.5438567009891317,"lr_backbone":0.0001,"stage2_test_acc":86.18934509670852,"train_acc":94.45157609470832,"train_loss":0.12721895507595676,"mask_l1":0.2734375,"stage1/test_f1":0.8992012196111356,"stage2_hard_bin_mask_str":"[0.0, 0.0, 1.0, 0.0, 0.0, 1.0, 0.0, 1.0, 1.0, 1.0, 1.0, 1.0, 1.0, 1.0, 1.0, 1.0, 1.0, 1.0, 0.0, 1.0, 1.0, 1.0, 1.0, 1.0, 0.0, 1.0, 1.0, 1.0, 1.0, 1.0, 1.0, 1.0, 1.0, 1.0, 1.0, 1.0, 1.0, 0.0, 1.0, 1.0, 1.0, 1.0, 1.0, 1.0, 1.0, 1.0, 1.0, 1.0, 0.0, 1.0, 1.0, 1.0, 1.0, 1.0, 1.0, 1.0, 1.0, 1.0, 1.0, 1.0, 0.0, 0.0, 0.0, 0.0, 0.0, 0.0, 0.0, 0.0, 0.0, 0.0, 0.0, 0.0, 0.0, 0.0, 0.0, 0.0, 0.0, 0.0, 0.0, 0.0, 0.0, 0.0, 0.0, 0.0, 0.0, 0.0, 0.0, 0.0, 0.0, 0.0, 0.0, 0.0, 0.0, 0.0, 0.0, 0.0, 0.0, 0.0, 0.0, 0.0, 0.0, 0.0, 0.0, 0.0, 0.0, 0.0, 0.0, 0.0, 0.0, 0.0, 0.0, 0.0, 0.0, 0.0, 0.0, 0.0, 0.0, 0.0, 0.0, 0.0, 0.0, 0.0, 0.0, 0.0, 0.0, 0.0, 0.0, 0.0]","stage_3_separableconvcnn/confusion_matrix_table":{"sha256":"5fa828aa6e33128d1d05bb650a68392cffff8c48b57e73385c2a578ca43c1e1b","_latest_artifact_path":"wandb-client-artifact://udhycmbf7i18tdh8qv5ux0kvcl0gpvrcxio3vb53x7pjj8ig7wbxihajsgy490kxekyn2ryx52kpw1tfnz5uo63yqe4bend1cm73yh0ptk3trpmkb7t4rn1t3pan4wo2:latest/stage_3_separableconvcnn/confusion_matrix_table.table.json","log_mode":"IMMUTABLE","path":"media/table/stage_3_separableconvcnn/confusion_matrix_table_6_5fa828aa6e33128d1d05.table.json","artifact_path":"wandb-client-artifact://l511q2c3ph7w6q2t4eaxzrys6t8fshhln9g03rxn519xdqgg12i3eeus1xi0w7pl8g8eov5s0w503vdym5ewid29a9niqvv5pqpj24v08timlavydlnfxl21evtep4j2/stage_3_separableconvcnn/confusion_matrix_table.table.json","_type":"table-file","ncols":3,"size":1368,"nrows":36},"stage3_test_loss":0.477868190846176}