{"_wandb":{"runtime":239},"stage1/test_loss":0.6357578641586754,"_runtime":239,"stage2/block4_Pruned_%":48.4375,"stage2/test_f1":0.6510766774168626,"val_loss":1.5744558892653653,"val_acc":47.02194357366771,"stage2/lr_backbone":0.0001,"block3_Pruned_%":86.71875,"stage1_test_acc":79.04173106646058,"stage2/raw_hard_mask_block3":"[0.0, 0.0, 0.0, 0.0, 0.0, 0.0, 0.0, 0.0, 0.0, 0.0, 0.0, 0.0, 1.0, 0.0, 0.0, 0.0, 0.0, 0.0, 0.0, 1.0, 0.0, 0.0, 0.0, 1.0, 0.0, 1.0, 0.0, 0.0, 0.0, 0.0, 0.0, 0.0, 0.0, 0.0, 0.0, 0.0, 0.0, 0.0, 0.0, 0.0, 0.0, 0.0, 0.0, 0.0, 0.0, 0.0, 0.0, 0.0, 1.0, 0.0, 0.0, 1.0, 0.0, 0.0, 0.0, 0.0, 0.0, 0.0, 0.0, 1.0, 0.0, 0.0, 0.0, 1.0, 0.0, 0.0, 0.0, 0.0, 0.0, 0.0, 0.0, 0.0, 0.0, 0.0, 0.0, 0.0, 1.0, 0.0, 0.0, 0.0, 0.0, 0.0, 0.0, 0.0, 0.0, 0.0, 0.0, 1.0, 0.0, 0.0, 0.0, 0.0, 0.0, 0.0, 0.0, 0.0, 0.0, 0.0, 1.0, 0.0, 1.0, 0.0, 0.0, 0.0, 0.0, 0.0, 1.0, 1.0, 0.0, 0.0, 0.0, 0.0, 0.0, 0.0, 0.0, 0.0, 1.0, 0.0, 1.0, 0.0, 0.0, 0.0, 0.0, 0.0, 0.0, 0.0, 0.0, 1.0]","final_summary_log_path":"/home/qphan/master-thesis/models/wear_best_model_three_stage_channel_subject4_val_final_summary_val_4.txt","stage":3,"stage2/train_loss":1.1679498235168908,"stage2/val_acc":45.893416927899686,"stage2/test_acc":76.50695517774344,"stage2/raw_hard_mask_block2":"[0.0, 0.0, 0.0, 0.0, 1.0, 0.0, 1.0, 0.0, 0.0, 1.0, 1.0, 1.0, 0.0, 1.0, 1.0, 0.0, 0.0, 0.0, 0.0, 0.0, 0.0, 0.0, 0.0, 1.0, 0.0, 1.0, 0.0, 0.0, 0.0, 0.0, 0.0, 0.0, 0.0, 0.0, 0.0, 0.0, 0.0, 0.0, 0.0, 0.0, 0.0, 0.0, 1.0, 1.0, 1.0, 0.0, 0.0, 0.0, 0.0, 0.0, 0.0, 0.0, 0.0, 0.0, 0.0, 0.0, 1.0, 0.0, 0.0, 0.0, 0.0, 0.0, 0.0, 0.0]","block2_Pruned_%":79.6875,"stage2/lr_gumbel":0.001,"stage2/block2_Pruned_%":79.6875,"stage2/final_mask_keep_ratio_block2":0.203125,"stage2/raw_hard_mask_block4":"[0.0, 0.0, 1.0, 1.0, 0.0, 1.0, 0.0, 1.0, 0.0, 0.0, 0.0, 1.0, 1.0, 0.0, 0.0, 0.0, 0.0, 1.0, 0.0, 1.0, 1.0, 1.0, 1.0, 0.0, 1.0, 0.0, 0.0, 1.0, 1.0, 1.0, 1.0, 1.0, 0.0, 1.0, 0.0, 0.0, 0.0, 1.0, 1.0, 1.0, 1.0, 1.0, 0.0, 1.0, 0.0, 1.0, 0.0, 0.0, 0.0, 0.0, 1.0, 1.0, 1.0, 1.0, 1.0, 0.0, 0.0, 1.0, 0.0, 1.0, 0.0, 1.0, 1.0, 0.0, 0.0, 1.0, 0.0, 0.0, 0.0, 0.0, 1.0, 0.0, 1.0, 1.0, 0.0, 0.0, 0.0, 1.0, 1.0, 1.0, 1.0, 0.0, 1.0, 0.0, 0.0, 0.0, 1.0, 1.0, 0.0, 1.0, 0.0, 1.0, 0.0, 1.0, 1.0, 0.0, 0.0, 0.0, 1.0, 0.0, 0.0, 1.0, 0.0, 1.0, 1.0, 1.0, 1.0, 0.0, 1.0, 1.0, 0.0, 1.0, 1.0, 1.0, 1.0, 0.0, 1.0, 1.0, 1.0, 0.0, 1.0, 1.0, 0.0, 0.0, 0.0, 0.0, 0.0, 0.0]","stage2/purpose":"train channel-pruning model with masking","_step":16,"train_acc":60.12646900912724,"stage2_test_f1":0.6510766774168626,"stage2/best_epoch":17,"stage_3_prunedseparableconvcnn/confusion_matrix_table":{"sha256":"763d74f405b83022249cb2c006ae56d734d3cdc0a6cd1e6ee2b7274abb8fc0fd","ncols":3,"nrows":64,"_latest_artifact_path":"wandb-client-artifact://1nlnsm8ld9bayk1s220doiv0mphkl6f0a9k83jvo26sf629heyylx01vg3shju1ezjwxgjcarp0hgyko4ovr983pnuvn8g0bxg88x5mf6zxyfgluxcfevy0nc2o5lgup:latest/stage_3_prunedseparableconvcnn/confusion_matrix_table.table.json","log_mode":"IMMUTABLE","artifact_path":"wandb-client-artifact://9lcx496dqzs2c6uv9f5cbiltibo1c0eymf1fvtjpnz5wx8y09aqeyvc8jy7wr605g1w5ownsyln76g3pt86km0owd31p9j6jxz3mo105n24ccc3qemgjw8kub26g6pz7/stage_3_prunedseparableconvcnn/confusion_matrix_table.table.json","path":"media/table/stage_3_prunedseparableconvcnn/confusion_matrix_table_14_763d74f405b83022249c.table.json","_type":"table-file","size":2018},"stage2/best_val_loss":1.652569870178976,"stage3_test_loss":0.6650086471433801,"stage2/final_mask_keep_ratio_block4":0.515625,"model_param_reduction_pct":80.45570030812476,"best_val_loss":1.543992858695386,"model_param_count_dense":36998,"block4_Pruned_%":48.4375,"stage_1_separableconvcnn/confusion_matrix_table":{"sha256":"f6f1e614f3eb1054b93343d7e4bb1995e0735652336737b2160d26a9d3fbec29","ncols":3,"_latest_artifact_path":"wandb-client-artifact://qgham2n591xnle57094jz8jd0u6y9zyrpd4flp1foty7pviccy785wi37bvxkll36zzzggadspm01zlruxbulg037ghw7vu3cdcak1fuzg5wonlyf6i6owf5i25gi038:latest/stage_1_separableconvcnn/confusion_matrix_table.table.json","_type":"table-file","path":"media/table/stage_1_separableconvcnn/confusion_matrix_table_1_f6f1e614f3eb1054b933.table.json","size":2013,"log_mode":"IMMUTABLE","artifact_path":"wandb-client-artifact://zs0o1sip2ftbgw2rjreb7yiz9y7a5jeqho5n4uch064rpfqnbvrl2snvaazbs5rcb5spnuqn9tvssvtn3nvib18j1c7ggwyuykjvts978dkxober7ff1tuq7d9xaueez/stage_1_separableconvcnn/confusion_matrix_table.table.json","nrows":64},"train_loss":0.6898594399749582,"stage2/train_acc":53.12692636560679,"stage2_test_loss":0.7362103666283002,"model_param_count_pruned":7231,"stage1_test_loss":0.6357578641586754,"stage2/stage_number":2,"stage3_test_acc":78.96960329726944,"_timestamp":1.7768673144049761e+09,"stage1/test_f1":0.6648353765254307,"stage2/Total_Pruned_%":70,"lr_loaded_weights":0.0001,"stage1/test_acc":79.04173106646058,"stage1_test_f1":0.6648353765254307,"stage2_test_acc":76.50695517774344,"Total_Pruned_%":70,"stage2/mask_l1":0.3076927363872528,"stage2/test_loss":0.7362103666283002,"epoch":30,"stage2/block3_Pruned_%":86.71875,"stage1/use_pretrain_model":false,"model_param_count":7231,"stage2/final_mask_keep_ratio_block3":0.1328125,"stage2/val_loss":1.693592697045646,"stage3_test_f1":0.6828782723689486,"stage2/epoch":25}