{"epoch":25,"stage3_test_loss":0.393736593045976,"_wandb":{"runtime":17},"stage1_test_loss":0.333903368065058,"stage1/test_f1":0.8970913604633416,"stage1_test_acc":89.71835765184935,"lr":0.001,"_timestamp":1.775766441259477e+09,"stage_3_separableconvcnn/confusion_matrix_table":{"sha256":"cb0070c982cf2bcce94499aa2eb3aa846803f80b8701b23bbff3940d27e63a1d","artifact_path":"wandb-client-artifact://2xw7y9j4sw7ig00pt79jxwau8mk24gp5axer45qljtt5x8hl6tj0l9o4pf3nstu4dqpexi37sna1xl5q4denxo87omj09ewys0sagsyvfivriei7ao4902pkcnehyo4v/stage_3_separableconvcnn/confusion_matrix_table.table.json","ncols":3,"nrows":36,"log_mode":"IMMUTABLE","size":1366,"_type":"table-file","path":"media/table/stage_3_separableconvcnn/confusion_matrix_table_9_cb0070c982cf2bcce944.table.json","_latest_artifact_path":"wandb-client-artifact://dpz8gv17wfuhphnbghrp801auzgmwr7mu9qwecao2ed27dn6a01n4f3135m8laglyebq5v5dzuka879g4gh3k6uh4mgxs01f23yyyw844qq1bjv9syuvow70mbhvgenu:latest/stage_3_separableconvcnn/confusion_matrix_table.table.json"},"stage1_test_f1":0.8970913604633416,"stage1/test_acc":89.71835765184935,"best_val_loss":0.17690675458884247,"_runtime":17,"train_loss":0.0719919749598772,"stage1/use_pretrain_model":false,"mask_l1":0.6461538076400757,"lr_gumbel_bin":0.001,"val_acc":86.1671469740634,"stage2_test_acc":88.59857482185274,"stage2_hard_bin_mask_str":"[1.0, 1.0, 1.0, 1.0, 1.0, 1.0, 1.0, 1.0, 1.0, 1.0, 1.0, 1.0, 1.0, 1.0, 1.0, 1.0, 1.0, 1.0, 1.0, 1.0, 1.0, 1.0, 1.0, 1.0, 1.0, 0.0, 0.0, 1.0, 1.0, 1.0, 1.0, 1.0, 1.0, 1.0, 1.0, 1.0, 1.0, 1.0, 1.0, 1.0, 1.0, 0.0, 1.0, 0.0, 0.0, 1.0, 1.0, 0.0, 1.0, 1.0, 0.0, 1.0, 0.0, 1.0, 0.0, 1.0, 1.0, 0.0, 1.0, 1.0, 0.0, 0.0, 0.0, 1.0, 0.0]","_step":10,"bin_keep_ratio":0.7846153974533081,"train_acc":97.01641684511064,"stage3_test_acc":89.78622327790974,"stage_1_separableconvcnn/confusion_matrix_table":{"path":"media/table/stage_1_separableconvcnn/confusion_matrix_table_1_afe147d38f01e1852de8.table.json","_type":"table-file","sha256":"afe147d38f01e1852de86fb6603c33be46cdb43576857b41a32c382468e7b269","ncols":3,"size":1366,"log_mode":"IMMUTABLE","nrows":36,"_latest_artifact_path":"wandb-client-artifact://3ujfhbct5u5wus9xiiqi6fssyccwaseh1vm3v2j8d7gbyg08pu6sbv43ye9ijq9gzdbr56h20lkuhb2lljnohhyuwyner8xi7wpi9g2ht0h0purzux8u86tswrta8n9i:latest/stage_1_separableconvcnn/confusion_matrix_table.table.json","artifact_path":"wandb-client-artifact://0aq4c5cizaqeigb2ykbul5668sqkyq7cdopme3t4bc1y2ep0c8odtb1nq0qq4awghm4jii4rr10o8i1soqqo1ebdlm57k17teaqkp5vqcs0a5r5tfdxktiu8u24wo46w/stage_1_separableconvcnn/confusion_matrix_table.table.json"},"stage2_test_loss":0.3360713617778205,"stage":3,"lr_backbone":0.0001,"stage2_test_f1":0.8855044360228758,"val_loss":0.423144977786699,"stage1/test_loss":0.333903368065058,"stage3_test_f1":0.8968802654924103}