{"bin_keep_ratio":0.21875,"val_loss":0.36024091606214703,"stage2_hard_bin_mask_str":"[0.0, 0.0, 0.0, 0.0, 0.0, 0.0, 0.0, 1.0, 0.0, 0.0, 1.0, 0.0, 1.0, 0.0, 1.0, 1.0, 0.0, 0.0, 0.0, 0.0, 1.0, 0.0, 0.0, 1.0, 1.0, 1.0, 1.0, 0.0, 1.0, 1.0, 1.0, 0.0, 0.0, 1.0, 1.0, 0.0, 1.0, 0.0, 1.0, 0.0, 1.0, 1.0, 1.0, 0.0, 0.0, 0.0, 0.0, 1.0, 0.0, 0.0, 0.0, 1.0, 1.0, 0.0, 1.0, 1.0, 1.0, 0.0, 0.0, 0.0, 0.0, 0.0, 1.0, 1.0, 0.0, 0.0, 0.0, 0.0, 0.0, 0.0, 0.0, 0.0, 0.0, 0.0, 0.0, 0.0, 0.0, 0.0, 0.0, 0.0, 0.0, 0.0, 0.0, 0.0, 0.0, 0.0, 0.0, 0.0, 0.0, 0.0, 0.0, 0.0, 0.0, 0.0, 0.0, 0.0, 0.0, 0.0, 0.0, 0.0, 0.0, 0.0, 0.0, 0.0, 0.0, 0.0, 0.0, 0.0, 0.0, 0.0, 0.0, 0.0, 0.0, 0.0, 0.0, 0.0, 0.0, 0.0, 0.0, 0.0, 0.0, 0.0, 0.0, 0.0, 0.0, 0.0, 0.0, 0.0]","stage1/use_pretrain_model":false,"best_val_loss":0.25044265953595457,"stage1/test_loss":0.25057173036076164,"val_acc":88.47262247838617,"_timestamp":1.7764219303235142e+09,"mask_l1":0.0078125,"stage3_test_f1":0.8788873381469773,"stage":3,"stage2_test_f1":0.8397915935646735,"lr_backbone":0.0001,"train_acc":92.3197715917202,"lr_gumbel_bin":0.001,"stage1/test_f1":0.9190924499938599,"stage1_test_loss":0.25057173036076164,"lr":0.001,"stage_3_separableconvcnn/confusion_matrix_table":{"size":1369,"log_mode":"IMMUTABLE","sha256":"d6757d617614db4f7e25a75cb4efa4c8cbbd449bdfc7c393fb4b9925e0565e27","ncols":3,"_latest_artifact_path":"wandb-client-artifact://ab21652ihme1g5qztii03wrwpl299vbmldlm7t7jqsjkoaochwwis7a80ncr5155fhzrrz3r1qxudeh1p6uon2imf9n9uqouatnu12orm457rzpgwre9lo80aqssvmvu:latest/stage_3_separableconvcnn/confusion_matrix_table.table.json","_type":"table-file","path":"media/table/stage_3_separableconvcnn/confusion_matrix_table_9_d6757d617614db4f7e25.table.json","nrows":36,"artifact_path":"wandb-client-artifact://x9a4i7qjj281vwsagyg4oqgy30j9ld1yhioq1ewwih2r3nate8mdr7e1svkzyxhetha183xeih5mwu3cvvzyskud2vrz7h38uzu869h9v51edvbxdvrv3ue3nau1zmkb/stage_3_separableconvcnn/confusion_matrix_table.table.json"},"stage2_test_acc":84.0515778758059,"stage1_test_f1":0.9190924499938599,"_step":10,"stage_1_separableconvcnn/confusion_matrix_table":{"sha256":"ba1709b9ded253dca6f14b8d1a777336f0cb86899167c45d58f90d5e787020ac","size":1366,"nrows":36,"artifact_path":"wandb-client-artifact://biru9e3lnptcrvmdrrv7rabupe9762w9zv8p3vpa20uziqcl2dqx6cv4x5mtpr1b3xg1wi2ujxhzk4yqo9ywmvbrlauea5fnw5mwx32xmmylnou1d3u3hjf31wcrgyi5/stage_1_separableconvcnn/confusion_matrix_table.table.json","ncols":3,"_type":"table-file","log_mode":"IMMUTABLE","_latest_artifact_path":"wandb-client-artifact://5tos2lpg2xnsn5m7rvft95o67xr5fyx2jikwyu552dto9z3wkyiarsbrig72yaguq4njr4cyewud38dqew6u9tf5ocqv91l217zj2slplgpuas3bno2pv8j8hxzapuzk:latest/stage_1_separableconvcnn/confusion_matrix_table.table.json","path":"media/table/stage_1_separableconvcnn/confusion_matrix_table_1_ba1709b9ded253dca6f1.table.json"},"stage2_test_loss":0.5081631272641262,"_runtime":17,"stage3_test_loss":0.43952134919916247,"stage3_test_acc":87.78418730912793,"train_loss":0.1724645163951645,"_wandb":{"runtime":17},"stage1_test_acc":91.72039362063116,"stage1/test_acc":91.72039362063116,"epoch":25}