{"_wandb":{"runtime":13},"stage1/test_acc":90.09161859518154,"lr_backbone":0.0001,"mask_l1":0.1171875,"stage1_test_loss":0.2423111703246832,"lr":0.001,"stage":3,"stage3_test_acc":90.12555140821173,"train_loss":0.20851733291753427,"_timestamp":1.7766093397725394e+09,"stage1/test_loss":0.2423111703246832,"stage1_test_f1":0.9026068850953561,"stage1_test_acc":90.09161859518154,"_runtime":13,"stage2_test_f1":0.824971296874213,"val_acc":84.80392156862744,"stage2_test_acc":82.5924669155073,"lr_gumbel_bin":0.001,"val_loss":0.4561745185478061,"epoch":10,"_step":7,"best_val_loss":0.2846906368492865,"stage2_hard_bin_mask_str":"[1.0, 1.0, 1.0, 1.0, 1.0, 1.0, 1.0, 1.0, 1.0, 1.0, 1.0, 1.0, 1.0, 1.0, 1.0, 1.0, 1.0, 0.0, 0.0, 0.0, 1.0, 0.0, 0.0, 0.0, 0.0, 0.0, 0.0, 0.0, 0.0, 0.0, 0.0, 0.0, 0.0, 0.0, 0.0, 0.0, 0.0, 0.0, 0.0, 0.0, 0.0, 0.0, 0.0, 0.0, 0.0, 0.0, 0.0, 0.0, 0.0, 0.0, 0.0, 0.0, 0.0, 0.0, 0.0, 0.0, 0.0, 0.0, 0.0, 0.0, 0.0, 0.0, 0.0, 0.0, 0.0, 0.0, 0.0, 0.0, 0.0, 0.0, 0.0, 0.0, 0.0, 0.0, 0.0, 0.0, 0.0, 0.0, 0.0, 0.0, 0.0, 0.0, 0.0, 0.0, 0.0, 0.0, 0.0, 0.0, 0.0, 0.0, 0.0, 0.0, 0.0, 0.0, 0.0, 0.0, 0.0, 0.0, 0.0, 0.0, 0.0, 0.0, 0.0, 0.0, 0.0, 0.0, 0.0, 0.0, 0.0, 0.0, 0.0, 0.0, 0.0, 0.0, 0.0, 0.0, 0.0, 0.0, 0.0, 0.0, 0.0, 0.0, 0.0, 0.0, 0.0, 0.0, 0.0, 0.0]","stage_1_separableconvcnn/confusion_matrix_table":{"nrows":36,"path":"media/table/stage_1_separableconvcnn/confusion_matrix_table_1_9fcfc77b550cb040a33c.table.json","log_mode":"IMMUTABLE","_type":"table-file","ncols":3,"size":1367,"sha256":"9fcfc77b550cb040a33cc38fbb01a9580f33118f28e5bbd2c2f7d391f110a3ed","_latest_artifact_path":"wandb-client-artifact://z833wwqy898zy7y01hjlqlew9cwbyumsy5oxcztj27d4cnydu186u7mhab5omcinym208tpguc40nw5rm3yag9986sl0w5rku1azswz0hlpag4a3gwrmmsski8y3wj7d:latest/stage_1_separableconvcnn/confusion_matrix_table.table.json","artifact_path":"wandb-client-artifact://vlbs175ed98t7n32ysugiqy7y5ekyf77puya8u1ydj16ms4p1icqnn2ivhql3msyjyinxm5uunc29k761tibhhj67s97hnapbeh4lrj6w46jno9ry5b57xaxfxz5sbme/stage_1_separableconvcnn/confusion_matrix_table.table.json"},"bin_keep_ratio":0.140625,"stage1/test_f1":0.9026068850953561,"train_acc":90.86981566820276,"stage1/use_pretrain_model":false,"stage2_test_loss":0.4679726972335932,"stage_3_separableconvcnn/confusion_matrix_table":{"_latest_artifact_path":"wandb-client-artifact://tw9ju68m3967q9596cnpcr4lwp8wv3zf5apepb8x0hsxa5i3c0r3zygsphtg0848cadw63y8vxhrwzlcbn1nm5dmu1qxd8s46mr1cqorp7onnfm4fzs7a81ipcz1wugm:latest/stage_3_separableconvcnn/confusion_matrix_table.table.json","ncols":3,"sha256":"0a1e2a2ba71eb8d0c287a70dcf595606bb52f255e1606e713155a326a322090c","log_mode":"IMMUTABLE","nrows":36,"path":"media/table/stage_3_separableconvcnn/confusion_matrix_table_6_0a1e2a2ba71eb8d0c287.table.json","_type":"table-file","artifact_path":"wandb-client-artifact://ib8bf8bebe38j7i56zlzwm9k4g7535bbt0jdixs7ub5qi3akxsbw1938t6h7uguqfqiyljkjtym9dl6bbglt6foiig8idvpvn5ydid9lys62ua5iemlewxyty19ntu2r/stage_3_separableconvcnn/confusion_matrix_table.table.json","size":1365},"stage3_test_loss":0.279236013508225,"stage3_test_f1":0.9031759856730645}