{"_step":6,"params_after_pruning":9476,"val_loss":0.6991299048371546,"_wandb":{"runtime":53},"channels_block4":51,"stage3_test_f1":0.6528940031262546,"params_before_pruning":36998,"train_acc":76.88906592312289,"stage_3_prunedseparableconvcnn/confusion_matrix_table":{"nrows":64,"ncols":3,"log_mode":"IMMUTABLE","size":2011,"_type":"table-file","_latest_artifact_path":"wandb-client-artifact://17946skwsr0p9byje8cps9lmbwfuz2fnqc9xkb5yjazmd6cznhibqyxt4fjmbs5jgn8ojg4c9rig4xtevwvwqkfctakjfw5ax4g5nj10ifajhrpcw823bmej9k23t0bf:latest/stage_3_prunedseparableconvcnn/confusion_matrix_table.table.json","artifact_path":"wandb-client-artifact://fj6h6rr8dsl0zsr8dqjtjhbtwbxq2roim7ru1oo8oae76k2pms5p8oql31j7yxd9osczq7xamgzkhae5pdfm3ud0765dl0h3ha06crop0m8pm6jroxs00p5x7z17dfwg/stage_3_prunedseparableconvcnn/confusion_matrix_table.table.json","sha256":"c30e9d26516a597bca813a70351adfa31e77e9d7f0fc119c8ae1fb12a95c2f53","path":"media/table/stage_3_prunedseparableconvcnn/confusion_matrix_table_5_c30e9d26516a597bca81.table.json"},"stage":3,"_runtime":53,"channels_block2":26,"best_val_loss":0.6892214055526654,"lr":0.001,"stage3_final_mask_json":"{\"block2\": [1.0, 0.0, 1.0, 1.0, 1.0, 0.0, 1.0, 0.0, 0.0, 0.0, 1.0, 0.0, 0.0, 1.0, 0.0, 0.0, 0.0, 0.0, 1.0, 0.0, 1.0, 1.0, 0.0, 1.0, 0.0, 0.0, 0.0, 0.0, 1.0, 1.0, 1.0, 1.0, 1.0, 0.0, 0.0, 0.0, 1.0, 0.0, 0.0, 0.0, 0.0, 0.0, 0.0, 0.0, 1.0, 1.0, 1.0, 0.0, 0.0, 0.0, 1.0, 0.0, 0.0, 0.0, 0.0, 1.0, 1.0, 0.0, 0.0, 0.0, 1.0, 1.0, 1.0, 0.0], \"block3\": [0.0, 0.0, 1.0, 1.0, 1.0, 1.0, 0.0, 0.0, 1.0, 0.0, 1.0, 0.0, 0.0, 0.0, 0.0, 0.0, 1.0, 0.0, 1.0, 1.0, 1.0, 0.0, 0.0, 0.0, 0.0, 0.0, 1.0, 1.0, 0.0, 0.0, 0.0, 1.0, 1.0, 0.0, 1.0, 0.0, 0.0, 0.0, 0.0, 0.0, 0.0, 0.0, 0.0, 0.0, 1.0, 0.0, 0.0, 0.0, 0.0, 0.0, 0.0, 1.0, 0.0, 1.0, 1.0, 0.0, 0.0, 1.0, 1.0, 0.0, 1.0, 0.0, 1.0, 0.0, 0.0, 0.0, 1.0, 1.0, 0.0, 1.0, 0.0, 0.0, 0.0, 1.0, 0.0, 1.0, 0.0, 0.0, 0.0, 0.0, 1.0, 0.0, 1.0, 1.0, 0.0, 1.0, 1.0, 1.0, 1.0, 0.0, 1.0, 1.0, 0.0, 0.0, 0.0, 1.0, 1.0, 1.0, 0.0, 1.0, 1.0, 0.0, 0.0, 0.0, 0.0, 0.0, 1.0, 1.0, 0.0, 0.0, 0.0, 1.0, 1.0, 0.0, 0.0, 1.0, 0.0, 0.0, 1.0, 0.0, 1.0, 0.0, 0.0, 1.0, 0.0, 0.0, 0.0, 1.0], \"block4\": [0.0, 0.0, 0.0, 0.0, 1.0, 0.0, 0.0, 0.0, 1.0, 0.0, 0.0, 1.0, 0.0, 1.0, 1.0, 0.0, 0.0, 1.0, 0.0, 0.0, 1.0, 0.0, 1.0, 0.0, 0.0, 0.0, 1.0, 1.0, 0.0, 1.0, 1.0, 0.0, 1.0, 0.0, 1.0, 0.0, 0.0, 1.0, 0.0, 0.0, 0.0, 1.0, 0.0, 0.0, 0.0, 1.0, 1.0, 0.0, 1.0, 1.0, 1.0, 0.0, 0.0, 0.0, 1.0, 1.0, 1.0, 0.0, 0.0, 0.0, 0.0, 1.0, 1.0, 1.0, 0.0, 1.0, 1.0, 1.0, 0.0, 1.0, 1.0, 0.0, 0.0, 1.0, 0.0, 1.0, 0.0, 0.0, 0.0, 1.0, 1.0, 0.0, 1.0, 0.0, 0.0, 0.0, 1.0, 0.0, 0.0, 0.0, 0.0, 0.0, 0.0, 0.0, 0.0, 1.0, 1.0, 0.0, 0.0, 0.0, 0.0, 1.0, 0.0, 0.0, 0.0, 1.0, 0.0, 0.0, 0.0, 0.0, 1.0, 1.0, 0.0, 0.0, 1.0, 0.0, 0.0, 0.0, 1.0, 1.0, 1.0, 1.0, 0.0, 0.0, 1.0, 1.0, 0.0, 0.0]}","channels_block3":51,"stage1_test_acc":79.65996908809892,"train_loss":0.628003905980954,"epoch":14,"val_acc":72.46864484551851,"stage_1_separableconvcnn/confusion_matrix_table":{"artifact_path":"wandb-client-artifact://di5d77ra4d5xa1dxhhcex7dlhdxodb9gh8rhozjflzyoygj5bhipw4nmw2jkzs6dboizm3sukzh5jg0sxtdumdx21b4j963uqc4x8i8georea7gny082yrxqwp7jvh7z/stage_1_separableconvcnn/confusion_matrix_table.table.json","sha256":"8b433c7cc780213adc0564b79cd57bafa4481908889fe9ae3faf42cf8ded27b9","log_mode":"IMMUTABLE","nrows":64,"_latest_artifact_path":"wandb-client-artifact://r5rxu5j7fb7qo3egtwduwhmf54jnpdcnzz0kq35u25jewgrg14vk70buzlw07eltrmffhy7pcu8ux66fyxllfa7jreoq8mrqpl563arjverlcclp2w0n78a0eprc5hbl:latest/stage_1_separableconvcnn/confusion_matrix_table.table.json","size":2013,"path":"media/table/stage_1_separableconvcnn/confusion_matrix_table_0_8b433c7cc780213adc05.table.json","ncols":3,"_type":"table-file"},"stage3_test_acc":70.59247810407007,"stage3_channel_metadata_json":"{\"block2\": {\"kept_indices\": [0, 2, 3, 4, 6, 10, 13, 18, 20, 21, 23, 28, 29, 30, 31, 32, 36, 44, 45, 46, 50, 55, 56, 60, 61, 62], \"pruned_indices\": [1, 5, 7, 8, 9, 11, 12, 14, 15, 16, 17, 19, 22, 24, 25, 26, 27, 33, 34, 35, 37, 38, 39, 40, 41, 42, 43, 47, 48, 49, 51, 52, 53, 54, 57, 58, 59, 63], \"kept_count\": 26, \"pruned_count\": 38, \"total_channels\": 64}, \"block3\": {\"kept_indices\": [2, 3, 4, 5, 8, 10, 16, 18, 19, 20, 26, 27, 31, 32, 34, 44, 51, 53, 54, 57, 58, 60, 62, 66, 67, 69, 73, 75, 80, 82, 83, 85, 86, 87, 88, 90, 91, 95, 96, 97, 99, 100, 106, 107, 111, 112, 115, 118, 120, 123, 127], \"pruned_indices\": [0, 1, 6, 7, 9, 11, 12, 13, 14, 15, 17, 21, 22, 23, 24, 25, 28, 29, 30, 33, 35, 36, 37, 38, 39, 40, 41, 42, 43, 45, 46, 47, 48, 49, 50, 52, 55, 56, 59, 61, 63, 64, 65, 68, 70, 71, 72, 74, 76, 77, 78, 79, 81, 84, 89, 92, 93, 94, 98, 101, 102, 103, 104, 105, 108, 109, 110, 113, 114, 116, 117, 119, 121, 122, 124, 125, 126], \"kept_count\": 51, \"pruned_count\": 77, \"total_channels\": 128}, \"block4\": {\"kept_indices\": [4, 8, 11, 13, 14, 17, 20, 22, 26, 27, 29, 30, 32, 34, 37, 41, 45, 46, 48, 49, 50, 54, 55, 56, 61, 62, 63, 65, 66, 67, 69, 70, 73, 75, 79, 80, 82, 86, 95, 96, 101, 105, 110, 111, 114, 118, 119, 120, 121, 124, 125], \"pruned_indices\": [0, 1, 2, 3, 5, 6, 7, 9, 10, 12, 15, 16, 18, 19, 21, 23, 24, 25, 28, 31, 33, 35, 36, 38, 39, 40, 42, 43, 44, 47, 51, 52, 53, 57, 58, 59, 60, 64, 68, 71, 72, 74, 76, 77, 78, 81, 83, 84, 85, 87, 88, 89, 90, 91, 92, 93, 94, 97, 98, 99, 100, 102, 103, 104, 106, 107, 108, 109, 112, 113, 115, 116, 117, 122, 123, 126, 127], \"kept_count\": 51, \"pruned_count\": 77, \"total_channels\": 128}}","_timestamp":1.7754351442548761e+09,"stage1_test_f1":0.6971494130997002}