{"mask_l1":0.1015625,"stage_1_separableconvcnn/confusion_matrix_table":{"ncols":3,"_latest_artifact_path":"wandb-client-artifact://r5sbng6x63ak2pvt884c4dkplva15yz9qce3yd236zet5x7qvxn49kkea7rgn2b05aagm2nsv5df0d5xwqq4krtzz3wnkmucjyx8q9igyjccd8a2hcs6szvcp7wpjheb:latest/stage_1_separableconvcnn/confusion_matrix_table.table.json","sha256":"68f5254b6d00cbcd3f59fd1ef9e2389c9b20ef626d1e7033eccc4fe4bdc696c6","_type":"table-file","artifact_path":"wandb-client-artifact://z4hwgxh4xtdwzp06ezeefwy5as5litkn9yaoynvnomwxtiqwnrfsh4q3siiy1w0uzl6mczvj9tjw7t59u0e0u4yviorq5qckymswwgcxs48wsgjlsxtym3mswpl0i94p/stage_1_separableconvcnn/confusion_matrix_table.table.json","nrows":36,"log_mode":"IMMUTABLE","size":1367,"path":"media/table/stage_1_separableconvcnn/confusion_matrix_table_1_68f5254b6d00cbcd3f59.table.json"},"train_loss":0.22671517953562748,"stage1_test_acc":84.0176450627757,"stage2_hard_bin_mask_str":"[0.0, 0.0, 0.0, 0.0, 0.0, 0.0, 0.0, 1.0, 0.0, 1.0, 0.0, 0.0, 1.0, 1.0, 1.0, 1.0, 1.0, 0.0, 0.0, 0.0, 1.0, 1.0, 1.0, 1.0, 1.0, 1.0, 0.0, 1.0, 1.0, 1.0, 0.0, 0.0, 1.0, 1.0, 1.0, 0.0, 0.0, 1.0, 1.0, 1.0, 1.0, 1.0, 1.0, 1.0, 0.0, 1.0, 1.0, 1.0, 0.0, 0.0, 1.0, 1.0, 1.0, 1.0, 0.0, 0.0, 1.0, 0.0, 0.0, 0.0, 1.0, 0.0, 0.0, 0.0, 0.0, 0.0, 0.0, 0.0, 0.0, 0.0, 0.0, 0.0, 0.0, 0.0, 0.0, 0.0, 0.0, 0.0, 0.0, 0.0, 0.0, 0.0, 0.0, 0.0, 0.0, 0.0, 0.0, 0.0, 0.0, 0.0, 0.0, 0.0, 0.0, 0.0, 0.0, 0.0, 0.0, 0.0, 0.0, 0.0, 0.0, 0.0, 0.0, 0.0, 0.0, 0.0, 0.0, 0.0, 0.0, 0.0, 0.0, 0.0, 0.0, 0.0, 0.0, 0.0, 0.0, 0.0, 0.0, 0.0, 0.0, 0.0, 0.0, 0.0, 0.0, 0.0, 0.0, 0.0]","stage3_test_loss":0.467953230347731,"stage1/test_loss":0.36175281142630955,"_wandb":{"runtime":12},"stage1_test_loss":0.36175281142630955,"stage1/test_f1":0.8382917571746885,"stage2_test_loss":0.4652865596601002,"_runtime":12,"val_loss":0.3743404941024067,"stage3_test_acc":81.7780794027825,"val_acc":86.29283489096574,"lr_backbone":0.0001,"stage1_test_f1":0.8382917571746885,"best_val_loss":0.23872472287222418,"lr_gumbel_bin":0.001,"bin_keep_ratio":0.2734375,"stage1/use_pretrain_model":false,"lr":0.001,"stage":3,"_step":7,"stage3_test_f1":0.820329458656898,"train_acc":89.7880813540037,"epoch":10,"stage2_test_f1":0.8368831542749214,"_timestamp":1.77643173516987e+09,"stage_3_separableconvcnn/confusion_matrix_table":{"nrows":36,"sha256":"e4e390ebd3a8613682ba1c8e8c18f0fd309bf86f695e30a3e1895d94963d5395","_type":"table-file","size":1369,"path":"media/table/stage_3_separableconvcnn/confusion_matrix_table_6_e4e390ebd3a8613682ba.table.json","ncols":3,"_latest_artifact_path":"wandb-client-artifact://1lsr9sh7iuymtfnijxa9pmtym4w6abgg1ztsiiymz0apef3h2a6hgf5zivbukuwvms8b38k6klggtydvv95yhav3pko79xbanyuyf1uib62zcl3x8r0hct0bg1b1gv4z:latest/stage_3_separableconvcnn/confusion_matrix_table.table.json","artifact_path":"wandb-client-artifact://t2rxl7nw82gnrizi62ou2qowdmlzlaquicw35atsez3oessgxhgcx5ustbn5zid0wt76lzhmu88jggqlhm3pw1vbgfvc9ffk1iyfgs74cqn7rqiqmzln33p4iml3pmnz/stage_3_separableconvcnn/confusion_matrix_table.table.json","log_mode":"IMMUTABLE"},"stage1/test_acc":84.0176450627757,"stage2_test_acc":83.4068544282321}