{"stage2/epoch":35,"stage2/best_val_loss":0.5402294077559725,"stage3_test_f1":0.8525727879212305,"stage2/best_epoch":29,"stage2/raw_hard_mask_block2":"[0.0, 1.0, 0.0, 0.0, 1.0, 0.0, 1.0, 1.0, 0.0, 1.0, 0.0, 0.0, 0.0, 0.0, 1.0, 0.0, 1.0, 1.0, 1.0, 0.0, 0.0, 1.0, 0.0, 1.0, 0.0, 1.0, 1.0, 0.0, 0.0, 1.0, 0.0, 1.0, 1.0, 0.0, 1.0, 0.0, 1.0, 0.0, 1.0, 1.0, 0.0, 1.0, 1.0, 0.0, 0.0, 1.0, 0.0, 0.0, 1.0, 1.0, 1.0, 0.0, 1.0, 0.0, 1.0, 0.0, 0.0, 0.0, 0.0, 0.0, 0.0, 0.0, 0.0, 0.0]","stage2/final_mask_keep_ratio_block3":0.34375,"best_val_loss":0.20690093080622035,"stage2/raw_hard_mask_block3":"[0.0, 0.0, 0.0, 0.0, 0.0, 0.0, 0.0, 0.0, 0.0, 0.0, 0.0, 1.0, 0.0, 1.0, 0.0, 0.0, 1.0, 0.0, 1.0, 1.0, 0.0, 1.0, 0.0, 1.0, 1.0, 1.0, 0.0, 0.0, 0.0, 0.0, 1.0, 0.0, 0.0, 0.0, 1.0, 1.0, 1.0, 1.0, 0.0, 0.0, 0.0, 0.0, 0.0, 1.0, 0.0, 0.0, 0.0, 0.0, 0.0, 0.0, 1.0, 0.0, 1.0, 1.0, 0.0, 1.0, 0.0, 0.0, 0.0, 0.0, 1.0, 1.0, 0.0, 0.0, 1.0, 0.0, 0.0, 0.0, 0.0, 1.0, 1.0, 0.0, 1.0, 0.0, 0.0, 1.0, 0.0, 1.0, 1.0, 0.0, 1.0, 0.0, 0.0, 0.0, 0.0, 0.0, 0.0, 1.0, 1.0, 0.0, 0.0, 0.0, 0.0, 0.0, 1.0, 1.0, 1.0, 1.0, 0.0, 0.0, 0.0, 0.0, 0.0, 1.0, 0.0, 0.0, 1.0, 0.0, 0.0, 1.0, 0.0, 0.0, 1.0, 1.0, 0.0, 1.0, 0.0, 0.0, 0.0, 0.0, 0.0, 0.0, 1.0, 1.0, 0.0, 0.0, 1.0, 0.0]","stage2/block3_Pruned_%":65.625,"model_param_reduction_pct":72.78398611261798,"stage2_test_loss":0.6541199960330616,"block4_Pruned_%":52.34375,"train_acc":89.52299829642249,"stage2/stage_number":2,"model_param_count_pruned":10034,"stage2/mask_l1":0.4599545896053314,"stage":3,"stage2/Total_Pruned_%":58.4375,"stage_1_separableconvcnn/confusion_matrix_table":{"_type":"table-file","log_mode":"IMMUTABLE","ncols":3,"sha256":"55ee6fad50e55c0c9b0b807c779fb47a3f12fad8f214708e473ea99e4325c11e","path":"media/table/stage_1_separableconvcnn/confusion_matrix_table_1_55ee6fad50e55c0c9b0b.table.json","size":1366,"nrows":36,"_latest_artifact_path":"wandb-client-artifact://40lh2krl6marwoc8y1989dbbme27f5vyorloszn2sp284ttgfzmtxmuf644x0nia171m9cxolemk9c0w4kkqq24uu3lnn37xfqhteegd0gwokh3f20qkquk8v2mej18t:latest/stage_1_separableconvcnn/confusion_matrix_table.table.json","artifact_path":"wandb-client-artifact://gaa7rz7ps1v3lo3km7246s7ib6htqw2l61tk5zmlpyozlc7jcayiyo1b5yb2rkjbz0gxpyqzugs8d2lk0rkcaerhccitbjg7uuoebvwr1yfih4ccgp2fryu8yhcsq3yh/stage_1_separableconvcnn/confusion_matrix_table.table.json"},"stage1/test_loss":0.2914276045149342,"stage1_test_loss":0.2914276045149342,"stage2/raw_hard_mask_block4":"[1.0, 1.0, 0.0, 1.0, 0.0, 1.0, 0.0, 1.0, 1.0, 0.0, 0.0, 0.0, 0.0, 1.0, 1.0, 1.0, 0.0, 1.0, 0.0, 1.0, 0.0, 0.0, 1.0, 0.0, 0.0, 0.0, 0.0, 0.0, 1.0, 0.0, 1.0, 1.0, 1.0, 1.0, 1.0, 0.0, 1.0, 0.0, 1.0, 0.0, 1.0, 0.0, 1.0, 0.0, 1.0, 0.0, 1.0, 1.0, 1.0, 1.0, 0.0, 1.0, 0.0, 0.0, 1.0, 1.0, 0.0, 0.0, 1.0, 0.0, 0.0, 0.0, 1.0, 1.0, 0.0, 1.0, 1.0, 1.0, 0.0, 0.0, 0.0, 1.0, 0.0, 0.0, 1.0, 1.0, 1.0, 0.0, 0.0, 0.0, 1.0, 0.0, 1.0, 1.0, 0.0, 0.0, 1.0, 0.0, 0.0, 0.0, 0.0, 1.0, 0.0, 0.0, 0.0, 0.0, 1.0, 0.0, 1.0, 1.0, 0.0, 1.0, 0.0, 1.0, 1.0, 0.0, 0.0, 1.0, 1.0, 0.0, 0.0, 0.0, 0.0, 1.0, 0.0, 0.0, 1.0, 1.0, 0.0, 1.0, 0.0, 1.0, 0.0, 1.0, 1.0, 1.0, 0.0, 0.0]","val_acc":91.23376623376623,"stage_3_prunedseparableconvcnn/confusion_matrix_table":{"ncols":3,"artifact_path":"wandb-client-artifact://5fjtqsawoucfgwiuhbrk5qrfd1zonnz7wq50bxzvubvxmlhmyiygty00zrksvbnn2jybbazu0lvrajabzom38my3h6bg4kuwydqq36eohn3pufia0xrwfx5uoz4w34as/stage_3_prunedseparableconvcnn/confusion_matrix_table.table.json","_type":"table-file","_latest_artifact_path":"wandb-client-artifact://3ww397ezjkf7p6qe2rtaxceae7ft9rgvyyna8fdfm3pk0bf9ogjwr48afuywf1k6y2jw1jgefxp9pv4try910r9n4kx55p2u70xjkie6wc174zvtljhtnq0zl83t1164:latest/stage_3_prunedseparableconvcnn/confusion_matrix_table.table.json","nrows":36,"path":"media/table/stage_3_prunedseparableconvcnn/confusion_matrix_table_17_b2b1965a3197a5572bf4.table.json","log_mode":"IMMUTABLE","sha256":"b2b1965a3197a5572bf4172dccf839bba3bea72912e55f1690b156ce728edefe","size":1368},"stage2/block2_Pruned_%":56.25,"stage1_test_acc":90.63454360366474,"lr_loaded_weights":0.0001,"stage2/test_loss":0.6541199960330616,"stage2/test_f1":0.6291860759545881,"train_loss":0.24953107397912375,"stage2/final_mask_keep_ratio_block4":0.4765625,"stage2/val_loss":0.539280400454224,"stage3_test_acc":84.9338310145911,"stage2/train_loss":0.8446852771617146,"final_summary_log_path":"/home/qphan/master-thesis/models/uci_best_model_three_stage_channel_subject7_val_final_summary_val_7.txt","epoch":35,"Total_Pruned_%":58.4375,"stage2_test_acc":65.1170682049542,"stage3_test_loss":0.3634499792526647,"val_loss":0.24067251594712982,"_wandb":{"runtime":36},"stage2/block4_Pruned_%":52.34375,"stage2/val_acc":68.18181818181819,"stage2/final_mask_keep_ratio_block2":0.4375,"stage1/test_acc":90.63454360366474,"_timestamp":1.7758711597603433e+09,"stage2/train_acc":61.72629187961385,"_step":19,"model_param_count":10034,"stage2/lr_backbone":0.0001,"model_param_count_dense":36868,"stage1_test_f1":0.9077675212268622,"_runtime":36,"stage2/purpose":"train channel-pruning model with masking","block2_Pruned_%":56.25,"stage1/test_f1":0.9077675212268622,"stage2/test_acc":65.1170682049542,"stage1/use_pretrain_model":false,"stage2/lr_gumbel":0.001,"stage2_test_f1":0.6291860759545881,"block3_Pruned_%":65.625}