{"val_acc":96.3076923076923,"stage1_test_f1":0.9477916899751601,"_wandb":{"runtime":28},"_timestamp":1.776799358966209e+09,"stage3_test_loss":0.24512946733471633,"stage1/use_pretrain_model":false,"stage2/test_f1":0.8976237578553273,"stage1_test_acc":94.60468272819817,"stage2/val_acc":96.3076923076923,"epoch":10,"model_param_reduction_pct":59.0240859281762,"best_val_loss":0.058689125454715954,"stage2/train_loss":0.46141508473124465,"final_summary_log_path":"/home/qphan/master-thesis/models/uci_best_model_three_stage_channel_subject6_val_final_summary_val_6.txt","stage2/mask_l1":0.46568989753723145,"stage2_test_acc":89.75229046487954,"stage2/block2_Pruned_%":45.3125,"stage_3_prunedseparableconvcnn/confusion_matrix_table":{"ncols":3,"_latest_artifact_path":"wandb-client-artifact://akrxea8mwzr50nbkarj9occuvwoxqepvp28woz3j462y9dfwopv5sex5riuzdrjv8nqdymcavt24qi7vxhnmjqgli5e1od50pf310mn04mw4npebgvqu9expefphf5py:latest/stage_3_prunedseparableconvcnn/confusion_matrix_table.table.json","path":"media/table/stage_3_prunedseparableconvcnn/confusion_matrix_table_13_17196382c32ad5b1cf1b.table.json","size":1362,"_type":"table-file","log_mode":"IMMUTABLE","sha256":"17196382c32ad5b1cf1b8b0cde029d3dbfac00b2fabbd1dd0c88946d3df8d4f4","artifact_path":"wandb-client-artifact://mkfo6jwmnea1go4kelcjna5sxnfxqi93df0qzl5rk2usu6z5mctbx9v02ldngsvzt6lz9czo4yw9tsfw8z0476g6kb58ysxrish2243mkycr7j3tpzv1m6yhpbejdj3e/stage_3_prunedseparableconvcnn/confusion_matrix_table.table.json","nrows":36},"val_loss":0.06722445825186486,"stage2/purpose":"train channel-pruning model with masking","stage1/test_f1":0.9477916899751601,"model_param_count_pruned":15107,"stage2/best_val_loss":0.06380210841325326,"stage2/best_epoch":32,"stage3_test_f1":0.9189262701136226,"_step":15,"stage2_test_f1":0.8976237578553273,"stage2/lr_gumbel":0.001,"train_loss":0.08039421611084475,"stage2/final_mask_keep_ratio_block2":0.546875,"block3_Pruned_%":56.25,"stage1/test_acc":94.60468272819817,"stage2/stage_number":2,"_runtime":28,"model_param_count_dense":36868,"stage2/raw_hard_mask_block2":"[1.0, 1.0, 0.0, 1.0, 0.0, 0.0, 1.0, 1.0, 0.0, 0.0, 1.0, 1.0, 0.0, 1.0, 0.0, 0.0, 1.0, 0.0, 0.0, 1.0, 0.0, 1.0, 1.0, 0.0, 1.0, 1.0, 1.0, 1.0, 0.0, 1.0, 0.0, 0.0, 1.0, 0.0, 1.0, 1.0, 1.0, 1.0, 0.0, 0.0, 0.0, 0.0, 0.0, 1.0, 1.0, 1.0, 0.0, 1.0, 1.0, 0.0, 0.0, 0.0, 1.0, 0.0, 0.0, 0.0, 1.0, 1.0, 1.0, 1.0, 0.0, 1.0, 1.0, 1.0]","stage2/block3_Pruned_%":56.25,"block4_Pruned_%":31.25,"stage2/lr_backbone":0.0001,"stage2/epoch":40,"stage2/final_mask_keep_ratio_block4":0.6875,"model_param_count":15107,"stage2/val_loss":0.07843945065943095,"stage3_test_acc":91.85612487275195,"stage1_test_loss":0.16357776250934886,"stage2/raw_hard_mask_block3":"[1.0, 0.0, 0.0, 1.0, 0.0, 0.0, 0.0, 0.0, 0.0, 1.0, 0.0, 0.0, 1.0, 1.0, 0.0, 0.0, 1.0, 0.0, 0.0, 0.0, 0.0, 1.0, 1.0, 1.0, 1.0, 1.0, 0.0, 1.0, 1.0, 1.0, 1.0, 1.0, 0.0, 0.0, 0.0, 0.0, 1.0, 1.0, 1.0, 0.0, 1.0, 0.0, 0.0, 1.0, 0.0, 0.0, 0.0, 1.0, 0.0, 1.0, 0.0, 0.0, 1.0, 1.0, 1.0, 1.0, 0.0, 0.0, 0.0, 0.0, 0.0, 0.0, 0.0, 0.0, 0.0, 0.0, 0.0, 1.0, 0.0, 0.0, 0.0, 1.0, 0.0, 1.0, 0.0, 0.0, 0.0, 1.0, 1.0, 1.0, 0.0, 0.0, 0.0, 1.0, 1.0, 1.0, 1.0, 1.0, 1.0, 1.0, 0.0, 0.0, 0.0, 0.0, 1.0, 0.0, 0.0, 0.0, 1.0, 1.0, 0.0, 0.0, 1.0, 0.0, 1.0, 1.0, 0.0, 0.0, 1.0, 1.0, 0.0, 0.0, 0.0, 1.0, 1.0, 1.0, 1.0, 1.0, 1.0, 0.0, 0.0, 1.0, 0.0, 0.0, 0.0, 1.0, 0.0, 0.0]","stage1/test_loss":0.16357776250934886,"stage2/raw_hard_mask_block4":"[1.0, 1.0, 1.0, 1.0, 0.0, 0.0, 1.0, 1.0, 0.0, 1.0, 0.0, 0.0, 1.0, 1.0, 0.0, 0.0, 1.0, 1.0, 1.0, 1.0, 1.0, 0.0, 0.0, 0.0, 1.0, 0.0, 1.0, 1.0, 0.0, 1.0, 1.0, 1.0, 1.0, 1.0, 1.0, 1.0, 1.0, 1.0, 1.0, 1.0, 0.0, 0.0, 1.0, 0.0, 1.0, 0.0, 1.0, 1.0, 0.0, 1.0, 1.0, 0.0, 0.0, 1.0, 1.0, 0.0, 1.0, 0.0, 0.0, 0.0, 0.0, 1.0, 0.0, 1.0, 0.0, 1.0, 1.0, 0.0, 1.0, 1.0, 0.0, 1.0, 0.0, 0.0, 1.0, 0.0, 1.0, 1.0, 1.0, 1.0, 1.0, 1.0, 1.0, 0.0, 1.0, 1.0, 1.0, 1.0, 1.0, 1.0, 0.0, 1.0, 1.0, 1.0, 1.0, 0.0, 1.0, 1.0, 1.0, 1.0, 1.0, 1.0, 1.0, 0.0, 1.0, 1.0, 1.0, 1.0, 1.0, 1.0, 0.0, 0.0, 1.0, 1.0, 1.0, 1.0, 1.0, 1.0, 1.0, 1.0, 0.0, 1.0, 0.0, 1.0, 1.0, 0.0, 1.0, 1.0]","stage2/Total_Pruned_%":44.06250000000001,"block2_Pruned_%":45.3125,"lr_loaded_weights":0.0001,"stage2/final_mask_keep_ratio_block3":0.4375,"stage2/test_loss":0.4286965216990673,"Total_Pruned_%":44.06250000000001,"stage2/test_acc":89.75229046487954,"train_acc":96.48498648071724,"stage_1_separableconvcnn/confusion_matrix_table":{"path":"media/table/stage_1_separableconvcnn/confusion_matrix_table_1_77ef1ad975b50ad9c3a9.table.json","sha256":"77ef1ad975b50ad9c3a9eb6ba7b2d7bca223a220112151f91a6b34e79aab8f64","ncols":3,"nrows":36,"artifact_path":"wandb-client-artifact://a7l33ki2vbhn4gvatwmgju9j6lehyy2d09ss844pt2z7rnl9do6sr351zz89g049xwwyk8ogrhj3fnz7402mnfhl1z4jzc1coy8gpghz0umdosl4ezzwi976vf820may/stage_1_separableconvcnn/confusion_matrix_table.table.json","_type":"table-file","log_mode":"IMMUTABLE","size":1362,"_latest_artifact_path":"wandb-client-artifact://8w19553lkdum1nqnqauh87y95aoo4wrdqz9gsm61w0076qewuzo3ntbv43nl2ldsf47rwyb51ru42rrje25iay4fdmfvbtv9stksl17c75hd1bf6ntarhpv2c5phafwx:latest/stage_1_separableconvcnn/confusion_matrix_table.table.json"},"stage2/train_acc":93.04112708125801,"stage2_test_loss":0.4286965216990673,"stage2/block4_Pruned_%":31.25,"stage":3}