{"stage1/test_f1":0.8992012196111356,"epoch":20,"bin_keep_ratio":0.421875,"stage2_hard_bin_mask_str":"[0.0, 0.0, 1.0, 0.0, 0.0, 1.0, 0.0, 0.0, 1.0, 1.0, 1.0, 1.0, 1.0, 1.0, 1.0, 1.0, 1.0, 1.0, 1.0, 1.0, 1.0, 1.0, 1.0, 1.0, 1.0, 1.0, 1.0, 1.0, 1.0, 1.0, 1.0, 1.0, 1.0, 1.0, 1.0, 1.0, 1.0, 1.0, 1.0, 1.0, 0.0, 1.0, 1.0, 1.0, 1.0, 1.0, 1.0, 1.0, 1.0, 1.0, 1.0, 1.0, 1.0, 1.0, 1.0, 1.0, 1.0, 1.0, 0.0, 1.0, 1.0, 0.0, 0.0, 1.0, 0.0, 0.0, 0.0, 0.0, 0.0, 0.0, 0.0, 0.0, 0.0, 0.0, 0.0, 0.0, 0.0, 0.0, 0.0, 0.0, 0.0, 0.0, 0.0, 0.0, 0.0, 0.0, 0.0, 0.0, 0.0, 0.0, 0.0, 0.0, 0.0, 0.0, 0.0, 0.0, 0.0, 0.0, 0.0, 0.0, 0.0, 0.0, 0.0, 0.0, 0.0, 0.0, 0.0, 0.0, 0.0, 0.0, 0.0, 0.0, 0.0, 0.0, 0.0, 0.0, 0.0, 0.0, 0.0, 0.0, 0.0, 0.0, 0.0, 0.0, 0.0, 0.0, 0.0, 0.0]","stage":3,"stage1_test_acc":89.85408890397014,"_wandb":{"runtime":15},"lr":0.001,"_step":9,"lr_backbone":0.0001,"val_loss":0.42123451569497233,"_timestamp":1.7764248322225575e+09,"train_acc":96.29154186278704,"train_loss":0.0919587718156295,"stage3_test_f1":0.9082966668386633,"stage2_test_f1":0.885728161294728,"lr_gumbel_bin":0.001,"stage_1_separableconvcnn/confusion_matrix_table":{"path":"media/table/stage_1_separableconvcnn/confusion_matrix_table_1_02c5a6fac2b98a2cce23.table.json","_type":"table-file","sha256":"02c5a6fac2b98a2cce23216035c71184f8282e95afab8b7a4923ed0654b10cea","nrows":36,"ncols":3,"size":1368,"artifact_path":"wandb-client-artifact://hvxhy5uco65mjv5yohf2ihwqwawgqxwnjsuuwbskeztux017s6bydqf1qtfcj0ygiki1dnr5q4b52o42uyuzavr4vwc4dfhnrj9il9ky1356vdp62zl4xtwioemtuvr9/stage_1_separableconvcnn/confusion_matrix_table.table.json","_latest_artifact_path":"wandb-client-artifact://uarpxf6gnvynscvnc14mijohovugfcuk0uxgo2bknutf0z0rvrov05q8nstpwdoviwemtaecgo0zw5vtzyzt5xcs3i35nn9ihuwow2jqb27qorue8fewir17ket6di3p:latest/stage_1_separableconvcnn/confusion_matrix_table.table.json","log_mode":"IMMUTABLE"},"val_acc":83.87096774193549,"stage1_test_f1":0.8992012196111356,"stage1_test_loss":0.4559599839993571,"stage2_test_loss":0.5290442137377893,"stage1/use_pretrain_model":false,"stage_3_separableconvcnn/confusion_matrix_table":{"path":"media/table/stage_3_separableconvcnn/confusion_matrix_table_8_3f2eba2c4e6bc9b4940b.table.json","sha256":"3f2eba2c4e6bc9b4940b6f697136fe4da92c9b56ba771c4b7c9be632b1cfe005","nrows":36,"_latest_artifact_path":"wandb-client-artifact://o10raj8904jb0wcz4w0nvxb4yghqh9igx9p6naoz04mqjiu2di57h1nmqnk7feuh0kn1u2bieh85dtct0fawxejjb2iv6ndrm5fmhq1j0o14mymlv2qtrtmofn2jys7t:latest/stage_3_separableconvcnn/confusion_matrix_table.table.json","log_mode":"IMMUTABLE","ncols":3,"artifact_path":"wandb-client-artifact://q1jmc52qbz4nze40o61t8c5fh1ruciro4pzptb6c9ao0kucxf2b8da1rgui2ak1yqcb7sxpoql1qed3dttsdenbk4b0lkxd3r29qi168i660nsqvw70ufvguhm4avt9p/stage_3_separableconvcnn/confusion_matrix_table.table.json","_type":"table-file","size":1368},"stage1/test_loss":0.4559599839993571,"stage3_test_acc":90.63454360366474,"_runtime":15,"stage2_test_acc":88.49677638276214,"mask_l1":0.265625,"best_val_loss":0.23113215157538217,"stage3_test_loss":0.3425239943423018,"stage1/test_acc":89.85408890397014}