{"stage2/stage_number":2,"_timestamp":1.775865325811381e+09,"stage2/lr_gumbel":0.001,"stage2_test_acc":60.502205632846966,"stage2/raw_hard_mask_block2":"[1.0, 0.0, 0.0, 0.0, 1.0, 0.0, 1.0, 0.0, 1.0, 1.0, 0.0, 0.0, 1.0, 0.0, 0.0, 0.0, 0.0, 0.0, 0.0, 1.0, 0.0, 0.0, 0.0, 0.0, 0.0, 0.0, 1.0, 0.0, 0.0, 0.0, 0.0, 0.0, 0.0, 0.0, 1.0, 0.0, 0.0, 1.0, 0.0, 0.0, 0.0, 0.0, 1.0, 0.0, 0.0, 1.0, 1.0, 0.0, 0.0, 0.0, 0.0, 1.0, 0.0, 0.0, 0.0, 0.0, 1.0, 0.0, 0.0, 0.0, 0.0, 1.0, 0.0, 0.0]","stage2/lr_backbone":0.0001,"stage1/use_pretrain_model":false,"val_acc":93.11224489795919,"stage2/val_loss":0.6799691061071139,"stage2/Total_Pruned_%":69.6875,"stage2/test_acc":60.502205632846966,"_wandb":{"runtime":41},"lr_loaded_weights":0.0001,"stage2/raw_hard_mask_block3":"[0.0, 0.0, 0.0, 0.0, 0.0, 0.0, 0.0, 1.0, 0.0, 0.0, 0.0, 1.0, 0.0, 0.0, 0.0, 0.0, 1.0, 0.0, 0.0, 1.0, 0.0, 1.0, 0.0, 0.0, 0.0, 0.0, 0.0, 0.0, 0.0, 0.0, 0.0, 1.0, 0.0, 0.0, 1.0, 0.0, 1.0, 0.0, 0.0, 0.0, 0.0, 1.0, 0.0, 1.0, 0.0, 1.0, 1.0, 1.0, 0.0, 0.0, 0.0, 0.0, 0.0, 1.0, 0.0, 1.0, 0.0, 1.0, 0.0, 0.0, 0.0, 0.0, 0.0, 1.0, 0.0, 0.0, 0.0, 1.0, 1.0, 1.0, 0.0, 0.0, 0.0, 0.0, 1.0, 0.0, 0.0, 0.0, 1.0, 1.0, 1.0, 1.0, 0.0, 0.0, 0.0, 1.0, 1.0, 0.0, 0.0, 0.0, 0.0, 1.0, 0.0, 0.0, 0.0, 0.0, 1.0, 0.0, 0.0, 0.0, 0.0, 0.0, 1.0, 1.0, 0.0, 0.0, 1.0, 0.0, 0.0, 1.0, 0.0, 0.0, 0.0, 1.0, 0.0, 0.0, 1.0, 0.0, 1.0, 1.0, 0.0, 0.0, 0.0, 0.0, 0.0, 0.0, 0.0, 0.0]","stage1_test_f1":0.9132177104627258,"model_param_count_dense":36868,"stage1_test_acc":91.21140142517815,"stage3_test_acc":88.36104513064133,"train_loss":0.26719449169334325,"model_param_reduction_pct":81.72670066182054,"stage1/test_acc":91.21140142517815,"stage2/raw_hard_mask_block4":"[0.0, 1.0, 1.0, 1.0, 0.0, 0.0, 1.0, 0.0, 1.0, 1.0, 0.0, 0.0, 0.0, 0.0, 0.0, 0.0, 0.0, 1.0, 1.0, 0.0, 1.0, 0.0, 0.0, 1.0, 0.0, 0.0, 1.0, 1.0, 0.0, 0.0, 0.0, 0.0, 0.0, 1.0, 0.0, 0.0, 0.0, 0.0, 1.0, 0.0, 1.0, 0.0, 0.0, 1.0, 0.0, 1.0, 1.0, 0.0, 0.0, 1.0, 1.0, 1.0, 1.0, 1.0, 0.0, 0.0, 1.0, 0.0, 1.0, 1.0, 0.0, 0.0, 0.0, 1.0, 0.0, 0.0, 0.0, 0.0, 0.0, 0.0, 0.0, 0.0, 1.0, 1.0, 0.0, 0.0, 1.0, 0.0, 0.0, 1.0, 0.0, 0.0, 0.0, 0.0, 1.0, 0.0, 0.0, 1.0, 0.0, 0.0, 0.0, 1.0, 0.0, 1.0, 1.0, 0.0, 0.0, 0.0, 0.0, 0.0, 1.0, 0.0, 0.0, 1.0, 0.0, 1.0, 0.0, 0.0, 1.0, 0.0, 0.0, 0.0, 0.0, 0.0, 0.0, 1.0, 0.0, 0.0, 0.0, 1.0, 1.0, 0.0, 0.0, 0.0, 1.0, 0.0, 0.0, 0.0]","stage2_test_f1":0.563877786031295,"stage2/test_loss":0.6793938871823229,"stage3_test_f1":0.8858042969583231,"stage1_test_loss":0.27699259563869166,"_runtime":41,"train_acc":88.76436781609195,"stage2/purpose":"train channel-pruning model with masking","block2_Pruned_%":75,"stage_3_prunedseparableconvcnn/confusion_matrix_table":{"_latest_artifact_path":"wandb-client-artifact://gp8vnba4rx90e2mf74r8hcmw4zayu70tvmeo71cgt6r10mvkcljsz5v6lx3myi87cgf7u0dqr6vd0l2t9m0m0yj5v5j1xswecp8sdc47rtxldl4394unvh8yk5f7m9h9:latest/stage_3_prunedseparableconvcnn/confusion_matrix_table.table.json","_type":"table-file","nrows":36,"log_mode":"IMMUTABLE","artifact_path":"wandb-client-artifact://4u2umquuwheykh9oh8xl6hzuq85yn3y5xf01kmsh0tvegep7wwq8tsv3e3v3mnvzc14wv65oq6nv2yrhv2ckxwk6qjyd6ke2nka8674k1hteo41ebncb6oib60jyt140/stage_3_prunedseparableconvcnn/confusion_matrix_table.table.json","ncols":3,"size":1367,"path":"media/table/stage_3_prunedseparableconvcnn/confusion_matrix_table_22_01f3d607885cbdfad5c1.table.json","sha256":"01f3d607885cbdfad5c10bafb419f5f0b2f0998f7de08ba1ed5c5b5f275f68d4"},"final_summary_log_path":"/home/qphan/master-thesis/models/uci_best_model_three_stage_channel_subject26_val_final_summary_val_26.txt","stage2/block2_Pruned_%":75,"stage2/block4_Pruned_%":65.625,"stage2/test_f1":0.563877786031295,"stage2/train_loss":1.0279791634658286,"stage3_test_loss":0.3252596415759544,"block3_Pruned_%":71.09375,"model_param_count":6737,"block4_Pruned_%":65.625,"stage_1_separableconvcnn/confusion_matrix_table":{"_latest_artifact_path":"wandb-client-artifact://8isk0m14d8za32nwqn5108k6jbcq8znz6lco1429fkrawoary1l2lbcc9f8t6umkv5acysity4hmvkcgp2ck5oojgx8baqrc994prvy3sjklto09knbfk6sydy9fmdf6:latest/stage_1_separableconvcnn/confusion_matrix_table.table.json","nrows":36,"artifact_path":"wandb-client-artifact://2yz96x3iurgc4raurhkmm3mhs5o034o5nrjsuflbsc6gfmp2y3jlf92lufrfj41sxws7ykdyjbll30xk98yv5m7x5wu17bbrje8nnhhdd4ckh4xjib9pa37nk8o73srl/stage_1_separableconvcnn/confusion_matrix_table.table.json","log_mode":"IMMUTABLE","_type":"table-file","path":"media/table/stage_1_separableconvcnn/confusion_matrix_table_1_eaabbd91c2fcbfc0dc4f.table.json","size":1365,"ncols":3,"sha256":"eaabbd91c2fcbfc0dc4f5924d1d9d3fe20f202ed1f809cbeaab06d2907c3f585"},"stage2/epoch":35,"stage2/final_mask_keep_ratio_block3":0.2890625,"epoch":60,"stage2/best_val_loss":0.680362010526718,"stage1/test_f1":0.9132177104627258,"stage2/block3_Pruned_%":71.09375,"stage2/final_mask_keep_ratio_block4":0.34375,"stage2/best_epoch":27,"stage2/final_mask_keep_ratio_block2":0.25,"stage1/test_loss":0.27699259563869166,"model_param_count_pruned":6737,"val_loss":0.21685010974642308,"_step":24,"best_val_loss":0.19267989079912232,"stage2_test_loss":0.6793938871823229,"stage2/val_acc":61.734693877551024,"Total_Pruned_%":69.6875,"stage2/train_acc":60.28735632183908,"stage":3,"stage2/mask_l1":0.4160630404949188}