{"stage3_channel_metadata_json":"{\"block2\": {\"kept_indices\": [0, 4, 7, 9, 10, 11, 12, 13, 14, 15, 16, 18, 19, 22, 24, 25, 26, 27, 28, 29, 31, 33, 34, 35, 38, 39, 40, 46, 47, 49, 51, 53, 54, 55, 56, 59, 61, 62], \"pruned_indices\": [1, 2, 3, 5, 6, 8, 17, 20, 21, 23, 30, 32, 36, 37, 41, 42, 43, 44, 45, 48, 50, 52, 57, 58, 60, 63], \"kept_count\": 38, \"pruned_count\": 26, \"total_channels\": 64}, \"block3\": {\"kept_indices\": [0, 1, 4, 7, 8, 12, 14, 16, 17, 18, 19, 20, 21, 22, 24, 25, 27, 29, 30, 31, 34, 35, 38, 40, 41, 45, 46, 47, 49, 53, 54, 55, 57, 58, 59, 61, 62, 63, 64, 66, 69, 70, 72, 73, 74, 75, 78, 80, 81, 82, 84, 85, 87, 88, 89, 94, 97, 99, 101, 102, 103, 104, 105, 106, 108, 110, 113, 115, 116, 117, 119, 120, 121, 122, 123, 124, 125], \"pruned_indices\": [2, 3, 5, 6, 9, 10, 11, 13, 15, 23, 26, 28, 32, 33, 36, 37, 39, 42, 43, 44, 48, 50, 51, 52, 56, 60, 65, 67, 68, 71, 76, 77, 79, 83, 86, 90, 91, 92, 93, 95, 96, 98, 100, 107, 109, 111, 112, 114, 118, 126, 127], \"kept_count\": 77, \"pruned_count\": 51, \"total_channels\": 128}, \"block4\": {\"kept_indices\": [0, 3, 5, 6, 9, 10, 11, 12, 14, 15, 16, 18, 20, 21, 22, 23, 24, 25, 31, 32, 33, 36, 37, 43, 44, 45, 46, 48, 50, 51, 52, 53, 54, 55, 56, 57, 59, 61, 62, 64, 65, 66, 67, 68, 70, 71, 72, 75, 76, 77, 80, 83, 84, 85, 86, 87, 88, 90, 91, 92, 95, 98, 99, 101, 104, 106, 113, 114, 115, 116, 117, 118, 119, 123, 124, 125, 127], \"pruned_indices\": [1, 2, 4, 7, 8, 13, 17, 19, 26, 27, 28, 29, 30, 34, 35, 38, 39, 40, 41, 42, 47, 49, 58, 60, 63, 69, 73, 74, 78, 79, 81, 82, 89, 93, 94, 96, 97, 100, 102, 103, 105, 107, 108, 109, 110, 111, 112, 120, 121, 122, 126], \"kept_count\": 77, \"pruned_count\": 51, \"total_channels\": 128}}","lr":0.001,"train_loss":0.5752518233809736,"epoch":23,"val_loss":0.6203472869859324,"stage_1_separableconvcnn/confusion_matrix_table":{"ncols":3,"path":"media/table/stage_1_separableconvcnn/confusion_matrix_table_0_848c001f265b9f8a60ec.table.json","log_mode":"IMMUTABLE","artifact_path":"wandb-client-artifact://7bhgtyu1joowzxmqa5oi11alf25wdksyfa5uw0ufhlhcvacthwtwngctssfg1qhset7r0hrgc3iidm11av0a4tpnl4jj7pgcbjv6rux0hlx82dnm6y15jbzsnjh263tl/stage_1_separableconvcnn/confusion_matrix_table.table.json","size":2016,"_type":"table-file","_latest_artifact_path":"wandb-client-artifact://1opluadnszttrco628ef1olbr5mk3ziejbp74i4utsi0bvbbu0f3rf21tpokiiw2253cjh4iaifk00rap3croiixp2uvaigtgbm0td8v481sf9l5qdi52udavyiz7qh4:latest/stage_1_separableconvcnn/confusion_matrix_table.table.json","nrows":64,"sha256":"848c001f265b9f8a60ec7758782c75b25c2874928138ce7418f77833575c76a0"},"stage":3,"channels_block2":38,"channels_block3":77,"stage3_test_acc":70.06697578567749,"stage1_test_acc":74.66254507985575,"stage3_final_mask_json":"{\"block2\": [1.0, 0.0, 0.0, 0.0, 1.0, 0.0, 0.0, 1.0, 0.0, 1.0, 1.0, 1.0, 1.0, 1.0, 1.0, 1.0, 1.0, 0.0, 1.0, 1.0, 0.0, 0.0, 1.0, 0.0, 1.0, 1.0, 1.0, 1.0, 1.0, 1.0, 0.0, 1.0, 0.0, 1.0, 1.0, 1.0, 0.0, 0.0, 1.0, 1.0, 1.0, 0.0, 0.0, 0.0, 0.0, 0.0, 1.0, 1.0, 0.0, 1.0, 0.0, 1.0, 0.0, 1.0, 1.0, 1.0, 1.0, 0.0, 0.0, 1.0, 0.0, 1.0, 1.0, 0.0], \"block3\": [1.0, 1.0, 0.0, 0.0, 1.0, 0.0, 0.0, 1.0, 1.0, 0.0, 0.0, 0.0, 1.0, 0.0, 1.0, 0.0, 1.0, 1.0, 1.0, 1.0, 1.0, 1.0, 1.0, 0.0, 1.0, 1.0, 0.0, 1.0, 0.0, 1.0, 1.0, 1.0, 0.0, 0.0, 1.0, 1.0, 0.0, 0.0, 1.0, 0.0, 1.0, 1.0, 0.0, 0.0, 0.0, 1.0, 1.0, 1.0, 0.0, 1.0, 0.0, 0.0, 0.0, 1.0, 1.0, 1.0, 0.0, 1.0, 1.0, 1.0, 0.0, 1.0, 1.0, 1.0, 1.0, 0.0, 1.0, 0.0, 0.0, 1.0, 1.0, 0.0, 1.0, 1.0, 1.0, 1.0, 0.0, 0.0, 1.0, 0.0, 1.0, 1.0, 1.0, 0.0, 1.0, 1.0, 0.0, 1.0, 1.0, 1.0, 0.0, 0.0, 0.0, 0.0, 1.0, 0.0, 0.0, 1.0, 0.0, 1.0, 0.0, 1.0, 1.0, 1.0, 1.0, 1.0, 1.0, 0.0, 1.0, 0.0, 1.0, 0.0, 0.0, 1.0, 0.0, 1.0, 1.0, 1.0, 0.0, 1.0, 1.0, 1.0, 1.0, 1.0, 1.0, 1.0, 0.0, 0.0], \"block4\": [1.0, 0.0, 0.0, 1.0, 0.0, 1.0, 1.0, 0.0, 0.0, 1.0, 1.0, 1.0, 1.0, 0.0, 1.0, 1.0, 1.0, 0.0, 1.0, 0.0, 1.0, 1.0, 1.0, 1.0, 1.0, 1.0, 0.0, 0.0, 0.0, 0.0, 0.0, 1.0, 1.0, 1.0, 0.0, 0.0, 1.0, 1.0, 0.0, 0.0, 0.0, 0.0, 0.0, 1.0, 1.0, 1.0, 1.0, 0.0, 1.0, 0.0, 1.0, 1.0, 1.0, 1.0, 1.0, 1.0, 1.0, 1.0, 0.0, 1.0, 0.0, 1.0, 1.0, 0.0, 1.0, 1.0, 1.0, 1.0, 1.0, 0.0, 1.0, 1.0, 1.0, 0.0, 0.0, 1.0, 1.0, 1.0, 0.0, 0.0, 1.0, 0.0, 0.0, 1.0, 1.0, 1.0, 1.0, 1.0, 1.0, 0.0, 1.0, 1.0, 1.0, 0.0, 0.0, 1.0, 0.0, 0.0, 1.0, 1.0, 0.0, 1.0, 0.0, 0.0, 1.0, 0.0, 1.0, 0.0, 0.0, 0.0, 0.0, 0.0, 0.0, 1.0, 1.0, 1.0, 1.0, 1.0, 1.0, 1.0, 0.0, 0.0, 0.0, 1.0, 1.0, 1.0, 0.0, 1.0]}","_step":8,"best_val_loss":0.55247730551292,"_wandb":{"runtime":80},"channels_block4":77,"stage3_test_f1":0.654983281235064,"params_before_pruning":36998,"params_after_pruning":16694,"stage_3_prunedseparableconvcnn/confusion_matrix_table":{"size":2009,"log_mode":"IMMUTABLE","sha256":"d8ad293b8cf8e9f289055cf85a93f8add7e30f594115342feba258c9d2d16e6b","path":"media/table/stage_3_prunedseparableconvcnn/confusion_matrix_table_7_d8ad293b8cf8e9f28905.table.json","ncols":3,"_latest_artifact_path":"wandb-client-artifact://iyiiu40mt8n9sxz4zf4jrhs85ckrzb2hadql3o0s0y6e6xv530wepb6r687w6slpbn4ufhgw2vjh8k6uj1dk306lm2b7q78isgia60prwdcs79dk0r41nvukvu0e5bob:latest/stage_3_prunedseparableconvcnn/confusion_matrix_table.table.json","nrows":64,"_type":"table-file","artifact_path":"wandb-client-artifact://cr1mhk53d5q1yn34ed0k7yw82qlvs7i97muxbb0on3ekulgxnpxloty8lupdr253xlz3kl7gs9jopwz82wfczplhysg7sqhkl616wo3vab7o1fgufrftzt9fmn6zmq3o/stage_3_prunedseparableconvcnn/confusion_matrix_table.table.json"},"_timestamp":1.775431184750853e+09,"stage1_test_f1":0.6673215202135461,"train_acc":78.8943194954268,"_runtime":80,"val_acc":78.32134292565948}