{"stage2/Total_Pruned_%":35.62499999999999,"_step":12,"stage2/lr_gumbel":0.001,"stage2_test_acc":64.13301662707839,"stage_1_separableconvcnn/confusion_matrix_table":{"sha256":"1cfb327b238383c919e857ec20aed15d39f5946127c94287bb0dcf58922a49c4","ncols":3,"artifact_path":"wandb-client-artifact://yg9d9jqqtp7krcuza4boi0peoibhuchipbi7qamgh2dzhq9tz82tty16ruxr7g9w89nsroba0rq0dox2vmb698xaf2ljtml170dz71wxhz3cf1o4j38al4k661f534ze/stage_1_separableconvcnn/confusion_matrix_table.table.json","log_mode":"IMMUTABLE","_latest_artifact_path":"wandb-client-artifact://n3qbrbcz3uz0nn1vyxwnls3iobk0ujbo00xa3376yqmr9k1h3edpvn1eqs4d5tihjp9y2jetkmsdftkfn9lxl6d4b82babk0oibvobif1js6jujah2s4z6728u102v1w:latest/stage_1_separableconvcnn/confusion_matrix_table.table.json","size":1366,"_type":"table-file","path":"media/table/stage_1_separableconvcnn/confusion_matrix_table_1_1cfb327b238383c919e8.table.json","nrows":36},"stage2/final_mask_keep_ratio_block2":0.734375,"stage1/test_acc":90.36308109942314,"train_loss":0.23963206429525202,"stage1_test_loss":0.26363734013998574,"_timestamp":1.7758606239571192e+09,"stage2/train_acc":61.38316151202749,"stage2/raw_hard_mask_block4":"[1.0, 1.0, 1.0, 0.0, 0.0, 0.0, 0.0, 1.0, 0.0, 0.0, 1.0, 1.0, 0.0, 1.0, 1.0, 1.0, 1.0, 1.0, 1.0, 1.0, 1.0, 1.0, 0.0, 1.0, 1.0, 1.0, 1.0, 0.0, 1.0, 1.0, 0.0, 1.0, 0.0, 1.0, 1.0, 1.0, 1.0, 1.0, 0.0, 1.0, 0.0, 0.0, 1.0, 1.0, 1.0, 1.0, 1.0, 0.0, 1.0, 1.0, 0.0, 1.0, 0.0, 1.0, 1.0, 1.0, 0.0, 0.0, 0.0, 1.0, 1.0, 1.0, 0.0, 1.0, 1.0, 1.0, 1.0, 1.0, 1.0, 1.0, 0.0, 1.0, 1.0, 1.0, 1.0, 1.0, 0.0, 0.0, 1.0, 1.0, 1.0, 1.0, 1.0, 1.0, 1.0, 1.0, 0.0, 1.0, 1.0, 0.0, 1.0, 0.0, 1.0, 1.0, 1.0, 1.0, 1.0, 1.0, 0.0, 0.0, 1.0, 0.0, 1.0, 0.0, 0.0, 1.0, 1.0, 0.0, 0.0, 1.0, 1.0, 0.0, 1.0, 1.0, 1.0, 0.0, 1.0, 0.0, 0.0, 1.0, 0.0, 1.0, 1.0, 0.0, 1.0, 1.0, 0.0, 0.0]","stage3_test_loss":0.29517962838448664,"_wandb":{"runtime":20},"stage2/test_f1":0.6004227054962733,"block3_Pruned_%":42.96875,"lr_loaded_weights":0.0001,"stage2_test_f1":0.6004227054962733,"stage3_test_f1":0.8937007156118812,"stage2/val_loss":0.6741822427138686,"Total_Pruned_%":35.62499999999999,"stage2/mask_l1":0.5032696723937988,"best_val_loss":0.45666094772193744,"stage1_test_f1":0.9049852446789776,"stage1/test_loss":0.26363734013998574,"stage1/use_pretrain_model":false,"stage1_test_acc":90.36308109942314,"stage2/purpose":"train channel-pruning model with masking","stage2/block3_Pruned_%":42.96875,"stage2/test_loss":0.641568844922386,"stage2/best_epoch":12,"val_loss":0.4628126834235761,"block4_Pruned_%":32.8125,"stage2_test_loss":0.641568844922386,"stage2/block2_Pruned_%":26.5625,"stage1/test_f1":0.9049852446789776,"epoch":15,"model_param_reduction_pct":50.29564934360421,"model_param_count_dense":36868,"stage2/val_acc":63.31521739130435,"stage_3_prunedseparableconvcnn/confusion_matrix_table":{"path":"media/table/stage_3_prunedseparableconvcnn/confusion_matrix_table_10_e4c80b61c8149163cbbc.table.json","sha256":"e4c80b61c8149163cbbcbe372ed92726a437d4d4f741cb40dd09e9cc1ca66d3b","_type":"table-file","artifact_path":"wandb-client-artifact://2jzfar3rvzs6zbiypaz4yf8s9e3ji32xlc3gen1c9wk907b9w0r011q72zyg2zdf5kqsgw46mroiitl2f54qq1dqsftgzt5eudm545o2bwoq89gcbrtxxqzy4skemwcd/stage_3_prunedseparableconvcnn/confusion_matrix_table.table.json","nrows":36,"ncols":3,"log_mode":"IMMUTABLE","size":1368,"_latest_artifact_path":"wandb-client-artifact://4pi3q9vxs6uwlw6j1ev3im69zecpa4i5ysuvc8la5aclal82mj9sk5c7wjcrn1xh6fzi2i1vhffowpaj1iy4pk5bvm51qxpo852t5gno0btnt8kxg3gunc26zp0sji8y:latest/stage_3_prunedseparableconvcnn/confusion_matrix_table.table.json"},"stage2/raw_hard_mask_block3":"[1.0, 1.0, 0.0, 1.0, 1.0, 0.0, 1.0, 1.0, 1.0, 1.0, 0.0, 1.0, 1.0, 0.0, 1.0, 1.0, 0.0, 1.0, 0.0, 1.0, 0.0, 0.0, 1.0, 1.0, 0.0, 1.0, 0.0, 1.0, 0.0, 1.0, 1.0, 1.0, 0.0, 1.0, 0.0, 1.0, 0.0, 1.0, 1.0, 0.0, 1.0, 1.0, 0.0, 1.0, 1.0, 1.0, 0.0, 0.0, 1.0, 1.0, 1.0, 0.0, 0.0, 1.0, 0.0, 0.0, 0.0, 1.0, 1.0, 1.0, 1.0, 0.0, 1.0, 1.0, 0.0, 0.0, 0.0, 1.0, 0.0, 0.0, 1.0, 1.0, 0.0, 0.0, 1.0, 1.0, 0.0, 1.0, 1.0, 0.0, 0.0, 0.0, 1.0, 1.0, 1.0, 1.0, 0.0, 0.0, 0.0, 1.0, 0.0, 0.0, 0.0, 0.0, 0.0, 1.0, 1.0, 0.0, 1.0, 1.0, 0.0, 1.0, 0.0, 1.0, 1.0, 1.0, 0.0, 1.0, 1.0, 0.0, 1.0, 1.0, 0.0, 1.0, 1.0, 1.0, 0.0, 1.0, 0.0, 1.0, 0.0, 0.0, 1.0, 1.0, 0.0, 1.0, 1.0, 0.0]","stage2/raw_hard_mask_block2":"[1.0, 1.0, 1.0, 1.0, 0.0, 1.0, 1.0, 0.0, 1.0, 1.0, 0.0, 0.0, 1.0, 0.0, 1.0, 1.0, 1.0, 1.0, 1.0, 1.0, 0.0, 1.0, 1.0, 0.0, 1.0, 0.0, 1.0, 1.0, 1.0, 1.0, 1.0, 1.0, 0.0, 1.0, 0.0, 1.0, 1.0, 1.0, 0.0, 1.0, 1.0, 1.0, 1.0, 1.0, 1.0, 1.0, 1.0, 1.0, 0.0, 1.0, 0.0, 1.0, 1.0, 0.0, 0.0, 1.0, 1.0, 1.0, 1.0, 1.0, 1.0, 0.0, 0.0, 1.0]","_runtime":20,"block2_Pruned_%":26.5625,"stage2/best_val_loss":0.6464263237202945,"stage2/train_loss":0.8293180962744994,"stage2/epoch":20,"val_acc":77.71739130434783,"stage3_test_acc":89.14149983033593,"stage2/stage_number":2,"stage2/test_acc":64.13301662707839,"stage2/lr_backbone":0.0001,"train_acc":90.29209621993127,"model_param_count_pruned":18325,"stage2/block4_Pruned_%":32.8125,"final_summary_log_path":"/home/qphan/master-thesis/models/uci_best_model_three_stage_channel_subject17_val_final_summary_val_17.txt","stage2/final_mask_keep_ratio_block4":0.671875,"stage":3,"stage2/final_mask_keep_ratio_block3":0.5703125,"model_param_count":18325}