{"params_after_pruning":2358,"stage2_test_f1":0.37699549365427154,"stage1_test_f1":0.6742216948894117,"best_val_loss":0.9892291685521624,"Block4_Pruned_%":89.84375,"_runtime":123,"stage1_test_loss":0.6504358000757767,"train_loss":0.937824667316207,"_wandb":{"runtime":123},"epoch":36,"_step":9,"_timestamp":1.7754197214325e+09,"stage1_test_acc":77.48583204533746,"val_acc":57.21446473326173,"val_loss":1.0230518201965608,"Block3_Pruned_%":89.84375,"Block2_Pruned_%":90.625,"stage":2,"train_acc":63.49682358047587,"stage1_checkpoint_path":"/home/qphan/master-thesis/models/stage1/fft/wear_best_model_subject0_val.pth","params_before_pruning":36998,"stage2_test_acc":44.07006697578568,"Total_Pruned_%":90,"lr":0.0001,"stage2_test_loss":1.0602644720991392,"stage2_channel_metadata_json":"{\"block2\": {\"kept_indices\": [7, 20, 24, 27, 39, 42], \"pruned_indices\": [0, 1, 2, 3, 4, 5, 6, 8, 9, 10, 11, 12, 13, 14, 15, 16, 17, 18, 19, 21, 22, 23, 25, 26, 28, 29, 30, 31, 32, 33, 34, 35, 36, 37, 38, 40, 41, 43, 44, 45, 46, 47, 48, 49, 50, 51, 52, 53, 54, 55, 56, 57, 58, 59, 60, 61, 62, 63], \"kept_count\": 6, \"pruned_count\": 58, \"total_channels\": 64}, \"block3\": {\"kept_indices\": [1, 9, 13, 16, 19, 30, 31, 50, 64, 75, 91, 101, 106], \"pruned_indices\": [0, 2, 3, 4, 5, 6, 7, 8, 10, 11, 12, 14, 15, 17, 18, 20, 21, 22, 23, 24, 25, 26, 27, 28, 29, 32, 33, 34, 35, 36, 37, 38, 39, 40, 41, 42, 43, 44, 45, 46, 47, 48, 49, 51, 52, 53, 54, 55, 56, 57, 58, 59, 60, 61, 62, 63, 65, 66, 67, 68, 69, 70, 71, 72, 73, 74, 76, 77, 78, 79, 80, 81, 82, 83, 84, 85, 86, 87, 88, 89, 90, 92, 93, 94, 95, 96, 97, 98, 99, 100, 102, 103, 104, 105, 107, 108, 109, 110, 111, 112, 113, 114, 115, 116, 117, 118, 119, 120, 121, 122, 123, 124, 125, 126, 127], \"kept_count\": 13, \"pruned_count\": 115, \"total_channels\": 128}, \"block4\": {\"kept_indices\": [12, 16, 31, 44, 60, 61, 66, 74, 75, 78, 122, 123, 125], \"pruned_indices\": [0, 1, 2, 3, 4, 5, 6, 7, 8, 9, 10, 11, 13, 14, 15, 17, 18, 19, 20, 21, 22, 23, 24, 25, 26, 27, 28, 29, 30, 32, 33, 34, 35, 36, 37, 38, 39, 40, 41, 42, 43, 45, 46, 47, 48, 49, 50, 51, 52, 53, 54, 55, 56, 57, 58, 59, 62, 63, 64, 65, 67, 68, 69, 70, 71, 72, 73, 76, 77, 79, 80, 81, 82, 83, 84, 85, 86, 87, 88, 89, 90, 91, 92, 93, 94, 95, 96, 97, 98, 99, 100, 101, 102, 103, 104, 105, 106, 107, 108, 109, 110, 111, 112, 113, 114, 115, 116, 117, 118, 119, 120, 121, 124, 126, 127], \"kept_count\": 13, \"pruned_count\": 115, \"total_channels\": 128}}","stage1_loaded_from_checkpoint":true}