{"bin_keep_ratio":0.46875,"stage_1_separableconvcnn/confusion_matrix_table":{"nrows":36,"sha256":"7339811d8764bb2828a3fbe9cf3beb37209fefb5c65d94bc1df225d2b288d01a","size":1366,"ncols":3,"_type":"table-file","path":"media/table/stage_1_separableconvcnn/confusion_matrix_table_1_7339811d8764bb2828a3.table.json","_latest_artifact_path":"wandb-client-artifact://7mgs21c2xdeu96iudtwcds1tk459xt67pycmkqwcqng0e8gmcexsqm4avnr0qvvrds8tmv31w35cldj317dl639zqk1pc6qigczg210qv1bbbcf0dwh11zrfrc6zt10v:latest/stage_1_separableconvcnn/confusion_matrix_table.table.json","log_mode":"IMMUTABLE","artifact_path":"wandb-client-artifact://4ff7l4uuv5gqwru06bxrak5h6y7aqmarma1dbbnv2tjcn33mqp9ymtnqqbuv94m7j5jg9yejbsvyxzk885oiborm5x8ey1691jg6myecqi6prie1s4q7y4hxpesyalrh/stage_1_separableconvcnn/confusion_matrix_table.table.json"},"stage2_test_loss":0.38730117601976544,"stage_3_separableconvcnn/confusion_matrix_table":{"_type":"table-file","sha256":"b7e1fa03c8344e4ea97614823b67f19bfc6d7a19a16458d8851ebc2a579572a5","ncols":3,"_latest_artifact_path":"wandb-client-artifact://s2r15bhrd3nb5jdvdnk8r2cwwcapfaqf9941vy343z2nrre2ac35v3chirhpz5bs80ieaz0co4wbsfzk5swpj13v5ol30srvs7bvwrmihvt3vz8b1gurirni5wff1iv2:latest/stage_3_separableconvcnn/confusion_matrix_table.table.json","artifact_path":"wandb-client-artifact://7zmkcc45ec84h6vhqnxvhe9dagwlsd3yxsysny7ktqzlgkwgd05q0whyym39fw7ld26y3rub23ceaa4q6tvllw2bzpaa816x01d5b9e0z21xkisy705m0zphngqjx138/stage_3_separableconvcnn/confusion_matrix_table.table.json","nrows":36,"path":"media/table/stage_3_separableconvcnn/confusion_matrix_table_12_b7e1fa03c8344e4ea976.table.json","log_mode":"IMMUTABLE","size":1366},"lr_backbone":0.0001,"stage2_test_f1":0.9028346370312527,"_wandb":{"runtime":23},"train_loss":0.11273259237302956,"val_loss":0.6888097572781716,"stage1_test_acc":91.75432643366135,"_timestamp":1.7757754276374702e+09,"stage3_test_acc":87.17339667458432,"stage1/test_f1":0.9193935492291428,"mask_l1":0.4453125,"stage1/test_acc":91.75432643366135,"train_acc":95.1063829787234,"stage1/test_loss":0.26111875705798304,"stage1/use_pretrain_model":false,"lr":0.001,"stage2_test_acc":90.12555140821173,"val_acc":78.47682119205298,"best_val_loss":0.2910362236365207,"stage1_test_f1":0.9193935492291428,"stage1_test_loss":0.26111875705798304,"stage2_hard_bin_mask_str":"[0.0, 0.0, 0.0, 1.0, 1.0, 1.0, 1.0, 1.0, 1.0, 1.0, 1.0, 1.0, 1.0, 1.0, 1.0, 1.0, 1.0, 1.0, 1.0, 1.0, 1.0, 1.0, 1.0, 1.0, 1.0, 1.0, 1.0, 1.0, 1.0, 1.0, 1.0, 1.0, 1.0, 1.0, 1.0, 1.0, 1.0, 1.0, 1.0, 1.0, 1.0, 1.0, 1.0, 1.0, 1.0, 1.0, 1.0, 1.0, 1.0, 1.0, 1.0, 1.0, 1.0, 1.0, 1.0, 1.0, 1.0, 1.0, 1.0, 1.0, 1.0, 0.0, 1.0, 1.0, 0.0, 0.0, 0.0, 0.0, 0.0, 0.0, 0.0, 0.0, 0.0, 0.0, 0.0, 0.0, 0.0, 0.0, 0.0, 0.0, 0.0, 0.0, 0.0, 0.0, 0.0, 0.0, 0.0, 0.0, 0.0, 0.0, 0.0, 0.0, 0.0, 0.0, 0.0, 0.0, 0.0, 0.0, 0.0, 0.0, 0.0, 0.0, 0.0, 0.0, 0.0, 0.0, 0.0, 0.0, 0.0, 0.0, 0.0, 0.0, 0.0, 0.0, 0.0, 0.0, 0.0, 0.0, 0.0, 0.0, 0.0, 0.0, 0.0, 0.0, 0.0, 0.0, 0.0, 0.0]","stage3_test_f1":0.8740309444464928,"_runtime":23,"stage":3,"epoch":20,"stage3_test_loss":0.3916670149410362,"_step":13,"lr_gumbel_bin":0.001}