{"val_loss":0.2286186234094617,"stage2/final_mask_keep_ratio_block3":0.53125,"stage1_test_acc":91.10960298608755,"final_summary_log_path":"/home/qphan/master-thesis/models/uci_best_model_three_stage_channel_subject21_val_final_summary_val_21.txt","model_param_count_pruned":20344,"stage2/val_acc":83.33333333333333,"stage3_test_f1":0.8981318413571228,"stage2/Total_Pruned_%":30.937499999999996,"_step":25,"stage2/final_mask_keep_ratio_block4":0.8359375,"stage2/test_acc":80.28503562945369,"train_acc":95.23329493087557,"lr_loaded_weights":0.0001,"stage_3_prunedseparableconvcnn/confusion_matrix_table":{"_latest_artifact_path":"wandb-client-artifact://mvbqrtvnsnnfwhwj4tvcu59kz8nr76cnabclmriq2hub0eu0m121dzybcat4tk77a1hhgdireqpfphhtqjyrj4q5jf4zvhd5ltz1n6vcy38tgh8st69g635oj7cttvl2:latest/stage_3_prunedseparableconvcnn/confusion_matrix_table.table.json","_type":"table-file","sha256":"fc0fff4bc51f1a3f380216f4b44b124835fd8a25df6e41e464edfaba936506b4","artifact_path":"wandb-client-artifact://m6yl8j4j0wkub6rem1nf8vmrhxuzpjspt1tsz6i93jhc2sikdrnu3ji0p6o4mt09sb0qzk6eycbp43dkrsgs9nj25cubmxtvp40jhsdtly9t469tdp6yv1kxz6hqsot4/stage_3_prunedseparableconvcnn/confusion_matrix_table.table.json","log_mode":"IMMUTABLE","ncols":3,"nrows":36,"path":"media/table/stage_3_prunedseparableconvcnn/confusion_matrix_table_23_fc0fff4bc51f1a3f3802.table.json","size":1364},"stage1/use_pretrain_model":false,"model_param_count":20344,"stage1/test_acc":91.10960298608755,"stage2/best_epoch":60,"stage2/train_loss":0.5495176894873518,"stage2/train_acc":73.51670506912443,"stage2/purpose":"train channel-pruning model with masking","model_param_count_dense":36868,"stage2/best_val_loss":0.4783225008260126,"Total_Pruned_%":30.937499999999996,"stage2_test_f1":0.7857069423168278,"stage2_test_loss":0.567229672394452,"epoch":40,"stage2/raw_hard_mask_block3":"[1.0, 0.0, 1.0, 1.0, 1.0, 1.0, 0.0, 1.0, 1.0, 0.0, 0.0, 0.0, 1.0, 1.0, 0.0, 1.0, 1.0, 1.0, 1.0, 0.0, 0.0, 0.0, 0.0, 1.0, 1.0, 1.0, 1.0, 1.0, 1.0, 0.0, 0.0, 0.0, 0.0, 1.0, 1.0, 1.0, 1.0, 0.0, 0.0, 0.0, 1.0, 0.0, 0.0, 1.0, 1.0, 1.0, 1.0, 1.0, 1.0, 0.0, 1.0, 0.0, 1.0, 1.0, 0.0, 0.0, 1.0, 0.0, 1.0, 0.0, 1.0, 0.0, 0.0, 1.0, 0.0, 1.0, 0.0, 1.0, 1.0, 1.0, 0.0, 0.0, 0.0, 0.0, 0.0, 1.0, 1.0, 0.0, 0.0, 1.0, 1.0, 1.0, 1.0, 1.0, 1.0, 1.0, 0.0, 0.0, 0.0, 0.0, 1.0, 1.0, 0.0, 0.0, 0.0, 1.0, 0.0, 0.0, 1.0, 0.0, 1.0, 0.0, 0.0, 1.0, 0.0, 1.0, 1.0, 1.0, 0.0, 1.0, 0.0, 0.0, 0.0, 0.0, 1.0, 0.0, 0.0, 0.0, 0.0, 1.0, 1.0, 1.0, 1.0, 0.0, 1.0, 1.0, 1.0, 0.0]","block4_Pruned_%":16.40625,"val_acc":91.42156862745098,"stage2/block4_Pruned_%":16.40625,"best_val_loss":0.17382741567818955,"stage1_test_loss":0.35197165370551137,"stage2/stage_number":2,"stage2/val_loss":0.4783225008260126,"model_param_reduction_pct":44.81935553867853,"block2_Pruned_%":28.125,"stage2/block3_Pruned_%":46.875,"stage1_test_f1":0.9123036317907011,"stage3_test_acc":89.54869358669833,"stage3_test_loss":0.35076864455700313,"stage1/test_loss":0.35197165370551137,"train_loss":0.12045766018365385,"stage2/raw_hard_mask_block2":"[1.0, 1.0, 0.0, 1.0, 1.0, 1.0, 1.0, 1.0, 1.0, 1.0, 0.0, 0.0, 0.0, 1.0, 1.0, 1.0, 1.0, 1.0, 0.0, 1.0, 1.0, 0.0, 1.0, 1.0, 1.0, 1.0, 1.0, 0.0, 1.0, 1.0, 0.0, 1.0, 1.0, 1.0, 1.0, 1.0, 0.0, 0.0, 1.0, 0.0, 0.0, 0.0, 1.0, 1.0, 1.0, 1.0, 1.0, 1.0, 1.0, 1.0, 1.0, 1.0, 1.0, 1.0, 1.0, 0.0, 1.0, 1.0, 0.0, 0.0, 1.0, 1.0, 0.0, 0.0]","stage2/final_mask_keep_ratio_block2":0.71875,"stage2/lr_gumbel":0.001,"stage1/test_f1":0.9123036317907011,"_runtime":49,"stage2/raw_hard_mask_block4":"[1.0, 1.0, 1.0, 1.0, 1.0, 1.0, 1.0, 1.0, 0.0, 0.0, 1.0, 1.0, 1.0, 1.0, 1.0, 1.0, 1.0, 1.0, 1.0, 1.0, 1.0, 1.0, 1.0, 1.0, 1.0, 0.0, 0.0, 1.0, 0.0, 1.0, 0.0, 1.0, 1.0, 1.0, 1.0, 1.0, 1.0, 0.0, 0.0, 1.0, 1.0, 1.0, 0.0, 1.0, 1.0, 1.0, 0.0, 1.0, 1.0, 1.0, 1.0, 1.0, 1.0, 1.0, 1.0, 1.0, 1.0, 0.0, 1.0, 1.0, 1.0, 1.0, 1.0, 0.0, 1.0, 1.0, 1.0, 1.0, 0.0, 1.0, 1.0, 1.0, 1.0, 1.0, 1.0, 1.0, 1.0, 1.0, 1.0, 1.0, 0.0, 1.0, 1.0, 1.0, 1.0, 1.0, 1.0, 1.0, 1.0, 1.0, 1.0, 1.0, 1.0, 1.0, 0.0, 1.0, 0.0, 1.0, 1.0, 1.0, 0.0, 1.0, 1.0, 1.0, 1.0, 1.0, 1.0, 1.0, 0.0, 0.0, 0.0, 1.0, 1.0, 1.0, 1.0, 1.0, 1.0, 1.0, 1.0, 1.0, 1.0, 1.0, 1.0, 1.0, 1.0, 0.0, 1.0, 1.0]","stage2/block2_Pruned_%":28.125,"block3_Pruned_%":46.875,"stage_1_separableconvcnn/confusion_matrix_table":{"path":"media/table/stage_1_separableconvcnn/confusion_matrix_table_1_5db9aeea21e301cae3a7.table.json","nrows":36,"size":1366,"artifact_path":"wandb-client-artifact://hmls0eyrqb48kmnhdzgkocdvjcg3vdh91far0jes44snraship70tjym6xwjoi0a8tw4x3nkybnbpo0l68ztzvua6s1qlmvy77p7siodz6rgeehifbavbcdczb3w1oij/stage_1_separableconvcnn/confusion_matrix_table.table.json","sha256":"5db9aeea21e301cae3a70bf2c7a92c882dce4de27ecd58ae47811fcc7bdec439","ncols":3,"log_mode":"IMMUTABLE","_latest_artifact_path":"wandb-client-artifact://nfvmt27oepb7kd2brcc61f0uxefsl517kxogu7wcttqjmy2m1d6j251l4ghhz87d1jtgvvgfihmbvax21v4j2h9xhb9bazy697wdgb8pyqt5a7o1m32bc8bh4qvsm24l:latest/stage_1_separableconvcnn/confusion_matrix_table.table.json","_type":"table-file"},"stage2/mask_l1":0.5712569952011108,"stage2/lr_backbone":0.0001,"stage2/test_f1":0.7857069423168278,"stage2_test_acc":80.28503562945369,"stage2/epoch":60,"stage2/test_loss":0.567229672394452,"stage":3,"_timestamp":1.7758679207711167e+09,"_wandb":{"runtime":49}}