{"stage1/use_pretrain_model":false,"mask_l1":0.265625,"stage1/test_f1":0.8992012196111356,"stage1/test_loss":0.4559599839993571,"train_loss":0.11555143358695186,"stage1_test_loss":0.4559599839993571,"_step":8,"stage_3_separableconvcnn/confusion_matrix_table":{"log_mode":"IMMUTABLE","_latest_artifact_path":"wandb-client-artifact://zo9hxyeuib17zde2c2bi8kakvgr9re03gwcuuaztfgonnu9yh93e0fm7njwjstymmdjhixdq0chzuqiftjfnosly3ds3gyzwmtqgk05uh6uoxubj78rpv4p8ksp3rihi:latest/stage_3_separableconvcnn/confusion_matrix_table.table.json","artifact_path":"wandb-client-artifact://izpsekiutiqn8p1r2huglr031ttfvq6apuzewvnfyfow57k1jo52uxxx67rcnpbba47f4er7ub1fr4ioru7glevytmbs4vpp81ndl1nv27ozantvppaedyczbwlog18i/stage_3_separableconvcnn/confusion_matrix_table.table.json","sha256":"8ad00cce906853f10ce23a0c62eb583b4a07ec7fbee8e80c2d7fbc47d974f4e5","path":"media/table/stage_3_separableconvcnn/confusion_matrix_table_7_8ad00cce906853f10ce2.table.json","nrows":36,"_type":"table-file","size":1367,"ncols":3},"val_acc":87.68328445747801,"stage2_test_loss":0.5694055972788958,"stage1_test_f1":0.8992012196111356,"stage":3,"stage3_test_f1":0.898083947441215,"epoch":15,"stage3_test_loss":0.45452574668891416,"stage2_test_acc":86.66440447913132,"stage1/test_acc":89.85408890397014,"lr":0.001,"bin_keep_ratio":0.390625,"_runtime":14,"val_loss":0.3657380551361968,"train_acc":95.17900442162316,"lr_backbone":0.0001,"best_val_loss":0.2474490545930401,"_wandb":{"runtime":14},"stage1_test_acc":89.85408890397014,"stage3_test_acc":89.61655921275874,"stage_1_separableconvcnn/confusion_matrix_table":{"sha256":"02c5a6fac2b98a2cce23216035c71184f8282e95afab8b7a4923ed0654b10cea","nrows":36,"size":1368,"ncols":3,"_latest_artifact_path":"wandb-client-artifact://ksmjoquw52f8bokupmbhqkh49ge3o10dw486k9mcbar8urng2p22ov63lq7zsux2wu7u2vtohz3jfwkrc1ynlxbf94n2fkrw514rztjk0h7r5pnnwfyrytd3066zzuxb:latest/stage_1_separableconvcnn/confusion_matrix_table.table.json","log_mode":"IMMUTABLE","_type":"table-file","artifact_path":"wandb-client-artifact://5rnus4wy5v3fhs3a4i7chjniq2gazpouubfg7zcl3ivs1cedb6wbtascyb1hltp3xmox425pjv2naxr5nbe1eglla1gyyqvjbas1ke8lumjuev3x1s5v3b886a8crxgl/stage_1_separableconvcnn/confusion_matrix_table.table.json","path":"media/table/stage_1_separableconvcnn/confusion_matrix_table_1_02c5a6fac2b98a2cce23.table.json"},"lr_gumbel_bin":0.001,"stage2_test_f1":0.8673040918310622,"_timestamp":1.776426207474506e+09,"stage2_hard_bin_mask_str":"[0.0, 0.0, 1.0, 0.0, 1.0, 0.0, 1.0, 1.0, 1.0, 1.0, 1.0, 1.0, 1.0, 1.0, 1.0, 1.0, 1.0, 1.0, 1.0, 1.0, 1.0, 1.0, 1.0, 1.0, 1.0, 0.0, 1.0, 1.0, 1.0, 1.0, 1.0, 1.0, 0.0, 0.0, 0.0, 1.0, 1.0, 1.0, 1.0, 1.0, 1.0, 1.0, 0.0, 1.0, 1.0, 1.0, 1.0, 1.0, 1.0, 1.0, 1.0, 1.0, 1.0, 1.0, 1.0, 1.0, 1.0, 0.0, 0.0, 1.0, 0.0, 1.0, 0.0, 0.0, 0.0, 0.0, 0.0, 0.0, 0.0, 0.0, 0.0, 0.0, 0.0, 0.0, 0.0, 0.0, 0.0, 0.0, 0.0, 0.0, 0.0, 0.0, 0.0, 0.0, 0.0, 0.0, 0.0, 0.0, 0.0, 0.0, 0.0, 0.0, 0.0, 0.0, 0.0, 0.0, 0.0, 0.0, 0.0, 0.0, 0.0, 0.0, 0.0, 0.0, 0.0, 0.0, 0.0, 0.0, 0.0, 0.0, 0.0, 0.0, 0.0, 0.0, 0.0, 0.0, 0.0, 0.0, 0.0, 0.0, 0.0, 0.0, 0.0, 0.0, 0.0, 0.0, 0.0, 0.0]"}