{"val_acc":77.52161383285302,"stage2_hard_bin_mask_str":"[0.0, 0.0, 0.0, 0.0, 1.0, 0.0, 0.0, 0.0, 0.0, 0.0, 1.0, 1.0, 1.0, 1.0, 0.0, 1.0, 0.0, 1.0, 1.0, 0.0, 0.0, 0.0, 1.0, 0.0, 1.0, 0.0, 1.0, 1.0, 1.0, 0.0, 0.0, 0.0, 1.0, 0.0, 1.0, 1.0, 1.0, 0.0, 1.0, 0.0, 0.0, 0.0, 0.0, 0.0, 1.0, 1.0, 1.0, 1.0, 1.0, 0.0, 1.0, 0.0, 1.0, 1.0, 1.0, 0.0, 1.0, 1.0, 1.0, 1.0, 0.0, 0.0, 0.0, 1.0, 0.0, 0.0, 0.0, 0.0, 0.0, 0.0, 0.0, 0.0, 0.0, 0.0, 0.0, 0.0, 0.0, 0.0, 0.0, 0.0, 0.0, 0.0, 0.0, 0.0, 0.0, 0.0, 0.0, 1.0, 0.0, 0.0, 0.0, 0.0, 0.0, 0.0, 0.0, 0.0, 0.0, 0.0, 0.0, 0.0, 0.0, 0.0, 0.0, 0.0, 0.0, 0.0, 0.0, 0.0, 0.0, 0.0, 0.0, 0.0, 0.0, 0.0, 0.0, 0.0, 0.0, 0.0, 0.0, 0.0, 0.0, 0.0, 0.0, 0.0, 0.0, 0.0, 0.0, 0.0]","bin_keep_ratio":0.2578125,"lr_backbone":0.0001,"stage1/test_acc":91.72039362063116,"stage3_test_acc":87.20732948761453,"_runtime":14,"train_acc":92.49107780157031,"stage2_test_acc":85.00169664065152,"epoch":15,"stage2_test_f1":0.849992906111042,"val_loss":0.708378244197447,"best_val_loss":0.2592134541782929,"train_loss":0.16423681933568426,"stage3_test_loss":0.46331111406436565,"stage":3,"_timestamp":1.7764222909031754e+09,"stage1/use_pretrain_model":false,"stage3_test_f1":0.8737673310213498,"mask_l1":0.015625,"stage1/test_loss":0.25057173036076164,"stage2_test_loss":0.5095385875670553,"stage1_test_acc":91.72039362063116,"stage1_test_f1":0.9190924499938599,"lr_gumbel_bin":0.001,"stage1/test_f1":0.9190924499938599,"stage_1_separableconvcnn/confusion_matrix_table":{"log_mode":"IMMUTABLE","nrows":36,"_type":"table-file","ncols":3,"path":"media/table/stage_1_separableconvcnn/confusion_matrix_table_1_ba1709b9ded253dca6f1.table.json","_latest_artifact_path":"wandb-client-artifact://h3sbived1bxxxreedt2iq27uthdax6n7pt07mrmzdhuhzd7dm29drupxx0vexwxpkdexwrablrmjzt8vme0n5zjpqsqxwqy9bkgqexfjbsfirz1ppsuarv758igybzk4:latest/stage_1_separableconvcnn/confusion_matrix_table.table.json","artifact_path":"wandb-client-artifact://kln0isprppqgju8gus1z8jn396n0l1i80p9wr6lz6f9nu0mzwgtnpj5960bakpc46qt4k6gj59j2u97u44g6uuy48mrdzlva81m7qx9fle2d0kco4ct22ve69g7geq8a/stage_1_separableconvcnn/confusion_matrix_table.table.json","sha256":"ba1709b9ded253dca6f14b8d1a777336f0cb86899167c45d58f90d5e787020ac","size":1366},"stage1_test_loss":0.25057173036076164,"_wandb":{"runtime":14},"lr":0.001,"_step":8,"stage_3_separableconvcnn/confusion_matrix_table":{"log_mode":"IMMUTABLE","artifact_path":"wandb-client-artifact://vznfzdsseiyikqvnizjp26xf5u4xkgxpm2ygs9zjdirn6fkfjdzzsj6f4nsi5g9fk3clpvdv3cru4sbd34zc8xsgv3erghbygbglnlggq8hr4btl5wg5dd1f35p4jsg7/stage_3_separableconvcnn/confusion_matrix_table.table.json","_latest_artifact_path":"wandb-client-artifact://rtlvro4ni5ypi0tsx4nr5xum8vxu3ocanu6tsb5dhtt3w5gp5875vihnwbk9wxyzaikucnlwrde9qzeqfa5p1ckvinub0hqxf5ejcv3lk5vmi6swh0p3s0oqop76wtvm:latest/stage_3_separableconvcnn/confusion_matrix_table.table.json","ncols":3,"nrows":36,"size":1369,"path":"media/table/stage_3_separableconvcnn/confusion_matrix_table_7_cb80aaaed9bed6dc06ed.table.json","_type":"table-file","sha256":"cb80aaaed9bed6dc06eda350f22df367edfb6569020ab48c1b6324a9e481c197"}}