{"stage3_test_f1":0.8444212044430314,"mask_l1":0,"stage1_test_f1":0.9190924499938599,"stage1_test_loss":0.25057173036076164,"stage1/test_loss":0.25057173036076164,"val_loss":0.5905173550163978,"stage3_test_loss":0.5798932551650058,"stage2_hard_bin_mask_str":"[0.0, 0.0, 1.0, 0.0, 1.0, 1.0, 0.0, 0.0, 0.0, 0.0, 1.0, 0.0, 1.0, 1.0, 1.0, 1.0, 1.0, 0.0, 0.0, 0.0, 0.0, 0.0, 0.0, 1.0, 1.0, 0.0, 0.0, 1.0, 1.0, 1.0, 1.0, 1.0, 0.0, 1.0, 0.0, 0.0, 0.0, 0.0, 0.0, 0.0, 1.0, 1.0, 1.0, 0.0, 0.0, 1.0, 1.0, 0.0, 0.0, 1.0, 1.0, 1.0, 1.0, 1.0, 1.0, 0.0, 0.0, 0.0, 0.0, 0.0, 0.0, 0.0, 0.0, 1.0, 0.0, 0.0, 0.0, 0.0, 0.0, 0.0, 0.0, 0.0, 0.0, 0.0, 0.0, 0.0, 0.0, 0.0, 0.0, 0.0, 0.0, 0.0, 0.0, 0.0, 0.0, 0.0, 0.0, 0.0, 0.0, 0.0, 0.0, 0.0, 0.0, 0.0, 0.0, 0.0, 0.0, 0.0, 0.0, 0.0, 0.0, 0.0, 0.0, 0.0, 0.0, 0.0, 0.0, 0.0, 0.0, 0.0, 0.0, 0.0, 0.0, 0.0, 0.0, 0.0, 0.0, 0.0, 0.0, 0.0, 0.0, 0.0, 0.0, 0.0, 0.0, 0.0, 0.0, 0.0]","stage2_test_f1":0.8355857895292317,"stage3_test_acc":84.4248388191381,"stage2_test_acc":83.5765184933831,"best_val_loss":0.2887033918491358,"bin_keep_ratio":0.2265625,"train_acc":92.60528194147038,"train_loss":0.16735895179919394,"lr_gumbel_bin":0.001,"_runtime":19,"_wandb":{"runtime":19},"stage1/use_pretrain_model":false,"_timestamp":1.7764230679254992e+09,"epoch":30,"stage1/test_acc":91.72039362063116,"stage_1_separableconvcnn/confusion_matrix_table":{"artifact_path":"wandb-client-artifact://myjf1dfyjl39p3tcgo4rr9h3flrrxf7ii7acnwlt7o0h2jrj6239hjbgzr5xy6rygeshp0qfyf0blve1puxm4yb6j4gjt6eoiy67gt9cyz8kr8mqf2u1bq43plseqdiw/stage_1_separableconvcnn/confusion_matrix_table.table.json","sha256":"ba1709b9ded253dca6f14b8d1a777336f0cb86899167c45d58f90d5e787020ac","ncols":3,"_type":"table-file","_latest_artifact_path":"wandb-client-artifact://pv22zyhmgc45mvu4u2396bwoasv3oo0lurxn4gdb3jsf0nqxpe297ppmf7yibh1bfm8obhse6hch81y49h4n1h26wj0ryfvwbqrxyo6vlp887932t6cqwc8e3m9rgh8e:latest/stage_1_separableconvcnn/confusion_matrix_table.table.json","nrows":36,"log_mode":"IMMUTABLE","path":"media/table/stage_1_separableconvcnn/confusion_matrix_table_1_ba1709b9ded253dca6f1.table.json","size":1366},"stage1/test_f1":0.9190924499938599,"lr":0.001,"_step":11,"stage":3,"val_acc":80.40345821325649,"stage1_test_acc":91.72039362063116,"stage2_test_loss":0.5051009839047966,"stage_3_separableconvcnn/confusion_matrix_table":{"nrows":36,"sha256":"b0ed1b91ee9e37f3a65c8c01f72f1472ff630850519570fd27801678b7ec5904","ncols":3,"_latest_artifact_path":"wandb-client-artifact://x3hpqsvgwrqnqc3lzaypushgamzozz2ex0k7b9o1izsj1ncmcjvtd4u11tqflchfqpern2e8faezt0d5445z9rc0sfhboyhw8le0ae4kgmr9nevuwk0bc5zmifkuyns4:latest/stage_3_separableconvcnn/confusion_matrix_table.table.json","path":"media/table/stage_3_separableconvcnn/confusion_matrix_table_10_b0ed1b91ee9e37f3a65c.table.json","size":1370,"log_mode":"IMMUTABLE","artifact_path":"wandb-client-artifact://i4i5pkawv2eqszx3eu6sol9lh66hycc067tul5n8w2180b5v9sdzr1f4f6ophvzz1xct1c4zd16wispqbl9fc6cpjitzjfe9u33utz0lvj412c0do3j0638ikn44g86b/stage_3_separableconvcnn/confusion_matrix_table.table.json","_type":"table-file"},"lr_backbone":0.0001}