{"stage2/stage_number":2,"stage3_test_acc":79.11385883565173,"stage2/train_loss":0.8516188153205649,"stage3_test_loss":0.6229702827443419,"stage2/epoch":40,"block4_Pruned_%":28.125,"final_summary_log_path":"/home/qphan/master-thesis/models/wear_best_model_three_stage_channel_subject15_val_final_summary_val_15.txt","train_loss":0.544181783053289,"block2_Pruned_%":26.5625,"stage2/block3_Pruned_%":54.6875,"stage1_test_acc":78.1349819680577,"stage2/train_acc":60.255125105646954,"stage2/test_f1":0.6839363872409838,"stage3_test_f1":0.6910111419666644,"stage_3_prunedseparableconvcnn/confusion_matrix_table":{"_latest_artifact_path":"wandb-client-artifact://5x300m512s0kv3s0udknn22jsd4d6ug06r470xcd5eedr8s5j5jlgccw2qjeqsxyycm93dhdv1q4u31jmgktgn0vhqewbksau5uj1psrw31c1c23orpc984kfkdxpynf:latest/stage_3_prunedseparableconvcnn/confusion_matrix_table.table.json","ncols":3,"log_mode":"IMMUTABLE","_type":"table-file","artifact_path":"wandb-client-artifact://7w2tk4495aiz1czc5fqagh7jicoyb8uc6bas7oz8wceynjrvbg5ihh7bih5yq8c8crd83fviddlc5jeqyb9cpfrcfq3knjhpdz827zi77zdh2yxnxxv57tztfe0fu4az/stage_3_prunedseparableconvcnn/confusion_matrix_table.table.json","path":"media/table/stage_3_prunedseparableconvcnn/confusion_matrix_table_23_b425698d0810fa016bf5.table.json","nrows":64,"sha256":"b425698d0810fa016bf56f167b24d52866067d5cfc43dbea9b54084b684d6c26","size":2011},"stage2/raw_hard_mask_block4":"[0.0, 1.0, 1.0, 1.0, 1.0, 1.0, 1.0, 0.0, 0.0, 0.0, 1.0, 0.0, 1.0, 0.0, 0.0, 1.0, 1.0, 1.0, 1.0, 1.0, 0.0, 0.0, 1.0, 1.0, 0.0, 1.0, 1.0, 1.0, 0.0, 1.0, 1.0, 0.0, 1.0, 1.0, 1.0, 1.0, 1.0, 1.0, 1.0, 1.0, 1.0, 1.0, 1.0, 1.0, 1.0, 0.0, 1.0, 1.0, 0.0, 1.0, 1.0, 1.0, 0.0, 1.0, 1.0, 0.0, 1.0, 1.0, 1.0, 1.0, 1.0, 1.0, 1.0, 1.0, 0.0, 1.0, 1.0, 1.0, 0.0, 1.0, 1.0, 0.0, 1.0, 1.0, 0.0, 1.0, 0.0, 0.0, 1.0, 1.0, 1.0, 1.0, 1.0, 1.0, 1.0, 1.0, 1.0, 1.0, 0.0, 1.0, 0.0, 1.0, 1.0, 1.0, 1.0, 1.0, 0.0, 1.0, 1.0, 1.0, 0.0, 1.0, 1.0, 0.0, 0.0, 1.0, 0.0, 0.0, 1.0, 1.0, 0.0, 1.0, 1.0, 0.0, 0.0, 1.0, 0.0, 1.0, 0.0, 1.0, 1.0, 1.0, 0.0, 1.0, 1.0, 1.0, 1.0, 1.0]","stage2/final_mask_keep_ratio_block2":0.734375,"_step":25,"stage2/best_epoch":34,"model_param_count":17129,"stage2/lr_backbone":0.0001,"stage2/purpose":"train channel-pruning model with masking","stage2_test_f1":0.6839363872409838,"stage2/best_val_loss":0.5825273276784162,"stage2/test_acc":80.06182380216383,"_wandb":{"runtime":320},"epoch":60,"stage":3,"train_acc":70.94954498103269,"stage2/block2_Pruned_%":26.5625,"block3_Pruned_%":54.6875,"val_acc":72.86702536510377,"stage1_test_f1":0.6879370472926274,"stage1_test_loss":0.6318471898328146,"model_param_reduction_pct":53.702902859614035,"stage2/final_mask_keep_ratio_block3":0.453125,"model_param_count_dense":36998,"val_loss":0.5152252499847391,"stage2/val_acc":68.67794004611837,"_timestamp":1.77689115173092e+09,"stage2/test_loss":0.6282081815529766,"_runtime":320,"stage2/mask_l1":0.5002528429031372,"stage2/final_mask_keep_ratio_block4":0.71875,"best_val_loss":0.49587911120018163,"lr_loaded_weights":0.0001,"stage2/raw_hard_mask_block2":"[1.0, 0.0, 1.0, 1.0, 1.0, 1.0, 1.0, 1.0, 1.0, 1.0, 1.0, 1.0, 0.0, 1.0, 1.0, 1.0, 1.0, 1.0, 1.0, 1.0, 0.0, 1.0, 0.0, 1.0, 1.0, 1.0, 0.0, 1.0, 1.0, 0.0, 1.0, 0.0, 1.0, 1.0, 0.0, 1.0, 1.0, 0.0, 1.0, 1.0, 1.0, 1.0, 0.0, 1.0, 1.0, 1.0, 1.0, 0.0, 1.0, 1.0, 1.0, 0.0, 1.0, 1.0, 0.0, 0.0, 0.0, 0.0, 1.0, 1.0, 0.0, 1.0, 1.0, 1.0]","stage2/val_loss":0.5953456347809674,"model_param_count_pruned":17129,"stage2/Total_Pruned_%":38.4375,"stage1/test_f1":0.6879370472926274,"stage2_test_loss":0.6282081815529766,"stage1/test_loss":0.6318471898328146,"stage1/test_acc":78.1349819680577,"stage2_test_acc":80.06182380216383,"stage1/use_pretrain_model":false,"stage2/lr_gumbel":0.001,"stage2/raw_hard_mask_block3":"[0.0, 0.0, 0.0, 1.0, 0.0, 1.0, 0.0, 0.0, 0.0, 1.0, 1.0, 1.0, 1.0, 0.0, 1.0, 1.0, 1.0, 0.0, 0.0, 1.0, 1.0, 1.0, 0.0, 0.0, 0.0, 0.0, 0.0, 0.0, 0.0, 1.0, 0.0, 1.0, 1.0, 0.0, 1.0, 1.0, 0.0, 1.0, 0.0, 1.0, 0.0, 1.0, 0.0, 1.0, 1.0, 1.0, 0.0, 0.0, 1.0, 1.0, 0.0, 0.0, 1.0, 0.0, 0.0, 0.0, 0.0, 0.0, 0.0, 1.0, 1.0, 0.0, 0.0, 1.0, 1.0, 0.0, 1.0, 0.0, 1.0, 0.0, 0.0, 0.0, 1.0, 1.0, 1.0, 1.0, 0.0, 1.0, 0.0, 1.0, 0.0, 0.0, 1.0, 0.0, 0.0, 1.0, 0.0, 0.0, 0.0, 1.0, 0.0, 1.0, 0.0, 1.0, 0.0, 1.0, 1.0, 0.0, 1.0, 1.0, 1.0, 1.0, 0.0, 0.0, 0.0, 1.0, 1.0, 0.0, 0.0, 0.0, 0.0, 1.0, 0.0, 0.0, 0.0, 0.0, 0.0, 1.0, 0.0, 1.0, 1.0, 0.0, 1.0, 1.0, 0.0, 0.0, 1.0, 0.0]","stage_1_separableconvcnn/confusion_matrix_table":{"_latest_artifact_path":"wandb-client-artifact://rrfcasagsitplyelet7qcs0izpl9ykjc4cxzqeuvm2by3656zuxavh01u2rll6f7py3n7uur9toja6nvuapaag6xweip56nivtew8uv08a7bd388myt3jdl79d2cc6wf:latest/stage_1_separableconvcnn/confusion_matrix_table.table.json","path":"media/table/stage_1_separableconvcnn/confusion_matrix_table_1_12ba49ecfbb91f946754.table.json","ncols":3,"nrows":64,"sha256":"12ba49ecfbb91f946754f1366270f5c6d623954b87ff79f7d12ebf19e5f412d0","artifact_path":"wandb-client-artifact://k5uaievfybimn6x5874sols6uhthto1cc2fnrifbt8fxb3ry0nhvvxap9hadubwqc62iqqvb2touuyiunpcgdooggjbfv1wyq1vrs9fntmw6z8lo5hea8kc53ceh6woz/stage_1_separableconvcnn/confusion_matrix_table.table.json","log_mode":"IMMUTABLE","size":2013,"_type":"table-file"},"Total_Pruned_%":38.4375,"stage2/block4_Pruned_%":28.125}