{"lr_gumbel_bin":0.001,"mask_l1":0.23076923191547394,"stage_1_separableconvcnn/confusion_matrix_table":{"_type":"table-file","size":1367,"sha256":"0147b1874f3b7525ec1b1bfbd9b0c58ee6ae5eb7303007ed62f276849052c008","ncols":3,"_latest_artifact_path":"wandb-client-artifact://ph7mb8vw7td7axkxwg8080uke51pxrpy31gtosihzyeb423bj8fpaxz5gfrzd03uxxyz26yu9k3srapxbkmf9nsu4g3wim1ihastvkjh4e2rqqloz5mtuw3ahtl2pzd2:latest/stage_1_separableconvcnn/confusion_matrix_table.table.json","nrows":36,"artifact_path":"wandb-client-artifact://8n41o1j5qjypwoski3ev8h885g4m0ldnlzhrl8cnozphs6jfcgpooriwc8udi5af3nt32sn8xctcmmna8uipr3dzj5y14kprsro1ebg9qn4aa8iifec4a5v7okpeutwb/stage_1_separableconvcnn/confusion_matrix_table.table.json","path":"media/table/stage_1_separableconvcnn/confusion_matrix_table_1_0147b1874f3b7525ec1b.table.json","log_mode":"IMMUTABLE"},"stage1/test_f1":0.9114895456985148,"lr":0.001,"val_loss":0.41643133319357534,"stage1_test_loss":0.2812598028334321,"best_val_loss":0.2059618312056803,"_runtime":15,"stage1_test_acc":91.07567017305735,"stage2_test_f1":0.8787922175549888,"_timestamp":1.7757697074678469e+09,"_step":8,"train_loss":0.1559869978419373,"bin_keep_ratio":0.2769230902194977,"_wandb":{"runtime":15},"stage3_test_f1":0.8877408389153985,"stage1/test_loss":0.2812598028334321,"stage3_test_loss":0.33905645192660516,"stage2_test_loss":0.3430534608694995,"train_acc":93.65012020930561,"stage2_test_acc":87.81812012215812,"stage1/use_pretrain_model":false,"stage1_test_f1":0.9114895456985148,"stage":3,"stage2_hard_bin_mask_str":"[1.0, 1.0, 1.0, 1.0, 1.0, 1.0, 1.0, 1.0, 1.0, 1.0, 1.0, 1.0, 1.0, 1.0, 0.0, 1.0, 1.0, 0.0, 0.0, 1.0, 0.0, 1.0, 0.0, 0.0, 0.0, 0.0, 0.0, 0.0, 0.0, 0.0, 0.0, 0.0, 0.0, 0.0, 0.0, 0.0, 0.0, 0.0, 0.0, 0.0, 0.0, 0.0, 0.0, 0.0, 0.0, 0.0, 0.0, 0.0, 0.0, 0.0, 0.0, 0.0, 0.0, 0.0, 0.0, 0.0, 0.0, 0.0, 0.0, 0.0, 0.0, 0.0, 0.0, 0.0, 0.0]","stage1/test_acc":91.07567017305735,"lr_backbone":0.0001,"stage3_test_acc":88.66644044791313,"epoch":10,"val_acc":85.40925266903915,"stage_3_separableconvcnn/confusion_matrix_table":{"ncols":3,"_latest_artifact_path":"wandb-client-artifact://lfwhwe17uvo5h0m54lty0nedfp01tl931pd3vo2ik7dpxt727orilkufprawwbs2zkoglb86l8o9xwxfbg6954aeer1un9codo7l2t8w3lj3cf7ztphysk8roqk1t3na:latest/stage_3_separableconvcnn/confusion_matrix_table.table.json","sha256":"c330adeee38ad0d7a8d7c0af1997669f01a7964db40f1e01b0b8488a329447ee","artifact_path":"wandb-client-artifact://3mfd1sxvb3ht3c78qhanlj6swz22soo5xk5g0ma41gnpexawrf12g65yhqsotgb33ake8wo0c35kdlcg1yvtc3sme98v02cdsb5eq5bg5ouqmd69hx7zzcdtnptkrt0y/stage_3_separableconvcnn/confusion_matrix_table.table.json","path":"media/table/stage_3_separableconvcnn/confusion_matrix_table_7_c330adeee38ad0d7a8d7.table.json","_type":"table-file","size":1369,"log_mode":"IMMUTABLE","nrows":36}}