{"stage1_test_loss":0.6285200384583196,"_runtime":107,"val_loss":0.8658962960633005,"stage1_test_acc":78.7017001545595,"stage2_test_acc":69.29417825862957,"stage2_test_loss":0.7996362379044372,"_timestamp":1.775402229086224e+09,"stage1_checkpoint_path":"/home/qphan/master-thesis/models/stage1/fft/wear_best_model_subject1_val.pth","stage1_loaded_from_checkpoint":true,"Block4_Pruned_%":10.15625,"params_before_pruning":36998,"params_after_pruning":31172,"_wandb":{"runtime":107},"lr":0.0001,"stage2_test_f1":0.6507538538578301,"Block2_Pruned_%":9.375,"best_val_loss":0.8265720594689105,"stage2_channel_metadata_json":"{\"block2\": {\"kept_indices\": [0, 1, 2, 4, 5, 6, 7, 8, 9, 10, 11, 12, 13, 14, 16, 17, 19, 20, 21, 22, 23, 24, 25, 26, 27, 28, 29, 30, 31, 32, 33, 34, 35, 36, 37, 38, 39, 40, 42, 43, 45, 46, 47, 48, 49, 50, 51, 52, 53, 54, 55, 56, 58, 59, 60, 61, 62, 63], \"pruned_indices\": [3, 15, 18, 41, 44, 57], \"kept_count\": 58, \"pruned_count\": 6, \"total_channels\": 64}, \"block3\": {\"kept_indices\": [0, 1, 2, 3, 4, 5, 6, 8, 9, 10, 11, 12, 13, 15, 16, 17, 18, 19, 20, 21, 22, 23, 24, 25, 26, 27, 28, 29, 30, 31, 32, 33, 34, 35, 36, 38, 39, 40, 42, 43, 44, 45, 46, 47, 48, 49, 50, 51, 52, 53, 54, 55, 56, 57, 58, 59, 60, 62, 63, 64, 66, 67, 68, 69, 70, 71, 72, 73, 74, 75, 76, 77, 78, 80, 81, 82, 83, 84, 85, 86, 87, 88, 89, 90, 91, 92, 93, 94, 95, 96, 98, 99, 100, 101, 103, 104, 105, 106, 107, 108, 109, 110, 111, 112, 113, 116, 117, 118, 120, 121, 122, 123, 125, 126, 127], \"pruned_indices\": [7, 14, 37, 41, 61, 65, 79, 97, 102, 114, 115, 119, 124], \"kept_count\": 115, \"pruned_count\": 13, \"total_channels\": 128}, \"block4\": {\"kept_indices\": [0, 1, 2, 3, 4, 6, 7, 8, 9, 10, 11, 12, 13, 14, 16, 17, 18, 19, 20, 21, 22, 23, 24, 27, 28, 29, 30, 31, 32, 33, 34, 35, 36, 37, 38, 39, 40, 41, 42, 43, 44, 45, 46, 47, 48, 49, 50, 51, 52, 53, 55, 56, 57, 58, 59, 60, 61, 63, 64, 66, 67, 68, 69, 70, 72, 73, 74, 75, 76, 77, 78, 81, 82, 83, 84, 85, 87, 88, 89, 90, 91, 92, 93, 94, 95, 96, 97, 98, 99, 100, 101, 102, 103, 104, 105, 106, 107, 108, 109, 110, 111, 112, 113, 114, 115, 117, 118, 119, 121, 122, 123, 124, 125, 126, 127], \"pruned_indices\": [5, 15, 25, 26, 54, 62, 65, 71, 79, 80, 86, 116, 120], \"kept_count\": 115, \"pruned_count\": 13, \"total_channels\": 128}}","train_loss":0.5820568550724442,"Block3_Pruned_%":10.15625,"train_acc":78.50577886473906,"stage1_test_f1":0.6782045044792259,"epoch":38,"_step":9,"val_acc":67.12279438242707,"Total_Pruned_%":9.999999999999998,"stage":2}