{"_step":7,"stage2_test_acc":90.39701391245335,"_timestamp":1.7757742711401513e+09,"stage1/test_f1":0.9219480846720957,"epoch":10,"mask_l1":0.5703125,"stage_3_separableconvcnn/confusion_matrix_table":{"size":1367,"artifact_path":"wandb-client-artifact://2nbh88zb3z3ut209x9l5rlzal3906g8gs1vx3sx2vv4nv1a1ebiupbbugrzk6ofuydp92qcc43whaj5pce3d3q6jr51kwnnyx3byegxndmn0o7fo9akxnpb85lpmmdm8/stage_3_separableconvcnn/confusion_matrix_table.table.json","log_mode":"IMMUTABLE","ncols":3,"nrows":36,"_latest_artifact_path":"wandb-client-artifact://uhl0w3ft5y5jeo4j7zwfrmf3qd0jph6c214azparih4bxq4adirg4hxyaqfq7x30k43y1s3ufjuuzbwbcuwmv66qj7g4vr001ku4ll1we68c4y8gk0bwcydoweour7si:latest/stage_3_separableconvcnn/confusion_matrix_table.table.json","_type":"table-file","sha256":"852b0e5ee9706f137ef48706dc5ce39428c0410cde29b2a47e5a7548a7355e18","path":"media/table/stage_3_separableconvcnn/confusion_matrix_table_6_852b0e5ee9706f137ef4.table.json"},"stage":3,"stage3_test_f1":0.9250729654119046,"stage2_test_f1":0.9048547950456838,"stage2_test_loss":0.3202388366466715,"bin_keep_ratio":0.71875,"stage1/test_loss":0.2309558221050661,"lr_backbone":0.0001,"stage3_test_loss":0.25138488200925796,"train_acc":95.9815641653464,"stage_1_separableconvcnn/confusion_matrix_table":{"_latest_artifact_path":"wandb-client-artifact://3rhpw3v5oqhbbcvev6dq1r6afa4d6d56g2g4m2wtbsjhfiofck4ydrwv615bvpql5bs9a4h8b1c9v3wov11buwziulzcj0f0lutc50ll6gt3lu428ifhu8o7wxzi04rm:latest/stage_1_separableconvcnn/confusion_matrix_table.table.json","log_mode":"IMMUTABLE","artifact_path":"wandb-client-artifact://thoxr3uwztenfiixehfcacg12f11hs5v3b2zuych33np8ihfoa6echwjdvdt8957l4ut12pb622il8lw7xj6ne66nwn5xt82a9bliudbj22gynwsig1sx2dhwdw5f93d/stage_1_separableconvcnn/confusion_matrix_table.table.json","_type":"table-file","ncols":3,"size":1367,"sha256":"dcd6f175053c8027eb0814c6a2f5d266080369994b8bde5f57a254e8b8525d3d","nrows":36,"path":"media/table/stage_1_separableconvcnn/confusion_matrix_table_1_dcd6f175053c8027eb08.table.json"},"best_val_loss":0.35671257905728665,"stage1_test_f1":0.9219480846720957,"stage1/test_acc":92.02578893790296,"_runtime":11,"val_loss":0.3825567926548895,"train_loss":0.09965607206707779,"stage1_test_acc":92.02578893790296,"val_acc":87.04156479217603,"stage3_test_acc":92.43298269426535,"_wandb":{"runtime":11},"lr":0.001,"lr_gumbel_bin":0.001,"stage1_test_loss":0.2309558221050661,"stage1/use_pretrain_model":false,"stage2_hard_bin_mask_str":"[0.0, 1.0, 1.0, 1.0, 1.0, 1.0, 1.0, 1.0, 1.0, 1.0, 1.0, 1.0, 1.0, 1.0, 1.0, 1.0, 1.0, 1.0, 1.0, 1.0, 1.0, 1.0, 1.0, 1.0, 1.0, 1.0, 1.0, 1.0, 1.0, 1.0, 1.0, 1.0, 1.0, 1.0, 1.0, 1.0, 1.0, 1.0, 1.0, 1.0, 1.0, 1.0, 1.0, 1.0, 1.0, 1.0, 1.0, 1.0, 1.0, 1.0, 1.0, 1.0, 1.0, 1.0, 1.0, 1.0, 1.0, 1.0, 1.0, 1.0, 1.0, 1.0, 1.0, 1.0, 0.0, 0.0, 1.0, 0.0, 1.0, 0.0, 0.0, 0.0, 0.0, 0.0, 0.0, 1.0, 1.0, 1.0, 1.0, 0.0, 1.0, 0.0, 1.0, 1.0, 1.0, 0.0, 1.0, 1.0, 1.0, 0.0, 0.0, 0.0, 1.0, 0.0, 0.0, 0.0, 1.0, 0.0, 0.0, 1.0, 1.0, 1.0, 0.0, 0.0, 1.0, 1.0, 0.0, 1.0, 0.0, 1.0, 0.0, 1.0, 1.0, 0.0, 0.0, 0.0, 0.0, 0.0, 1.0, 1.0, 0.0, 1.0, 0.0, 1.0, 1.0, 0.0, 0.0, 0.0]"}