{"_step":30,"stage1/use_pretrain_model":false,"stage2/lr_backbone":0.0001,"stage5_test_acc":90.12555140821173,"stage1_test_f1":0.9190924499938599,"stage2/epoch":60,"stage1/test_loss":0.25057173036076164,"stage2/test_loss":0.5301439221748955,"stage2/raw_hard_mask_block4":"[0.0, 1.0, 1.0, 1.0, 1.0, 1.0, 1.0, 1.0, 0.0, 0.0, 0.0, 1.0, 0.0, 1.0, 1.0, 1.0, 1.0, 1.0, 1.0, 1.0, 0.0, 1.0, 0.0, 1.0, 1.0, 1.0, 1.0, 1.0, 1.0, 1.0, 1.0, 1.0, 1.0, 1.0, 1.0, 1.0, 1.0, 0.0, 0.0, 0.0, 1.0, 1.0, 1.0, 0.0, 1.0, 1.0, 1.0, 0.0, 1.0, 0.0, 1.0, 0.0, 0.0, 1.0, 1.0, 0.0, 1.0, 1.0, 0.0, 1.0, 1.0, 1.0, 0.0, 1.0, 0.0, 0.0, 1.0, 1.0, 0.0, 0.0, 1.0, 1.0, 1.0, 1.0, 1.0, 1.0, 1.0, 1.0, 0.0, 1.0, 0.0, 1.0, 1.0, 1.0, 1.0, 0.0, 1.0, 1.0, 1.0, 1.0, 1.0, 0.0, 1.0, 0.0, 0.0, 1.0, 1.0, 1.0, 1.0, 1.0, 1.0, 1.0, 0.0, 1.0, 1.0, 0.0, 1.0, 1.0, 1.0, 1.0, 0.0, 1.0, 0.0, 1.0, 1.0, 1.0, 1.0, 1.0, 0.0, 1.0, 1.0, 1.0, 1.0, 1.0, 1.0, 1.0, 0.0, 1.0]","stage2/raw_hard_mask_block3":"[0.0, 0.0, 1.0, 0.0, 0.0, 0.0, 1.0, 1.0, 1.0, 0.0, 0.0, 0.0, 1.0, 0.0, 0.0, 0.0, 0.0, 1.0, 0.0, 0.0, 0.0, 0.0, 0.0, 1.0, 0.0, 0.0, 0.0, 0.0, 0.0, 1.0, 1.0, 1.0, 0.0, 1.0, 1.0, 0.0, 0.0, 0.0, 0.0, 1.0, 1.0, 0.0, 1.0, 1.0, 1.0, 1.0, 1.0, 0.0, 1.0, 0.0, 1.0, 1.0, 1.0, 0.0, 0.0, 1.0, 0.0, 1.0, 1.0, 1.0, 0.0, 0.0, 1.0, 1.0, 1.0, 0.0, 0.0, 0.0, 0.0, 0.0, 1.0, 1.0, 0.0, 0.0, 0.0, 1.0, 1.0, 0.0, 0.0, 0.0, 0.0, 1.0, 0.0, 1.0, 0.0, 0.0, 0.0, 0.0, 0.0, 1.0, 0.0, 0.0, 0.0, 1.0, 0.0, 1.0, 0.0, 1.0, 1.0, 0.0, 0.0, 1.0, 1.0, 1.0, 1.0, 0.0, 1.0, 1.0, 0.0, 0.0, 1.0, 1.0, 0.0, 0.0, 0.0, 1.0, 0.0, 0.0, 1.0, 1.0, 1.0, 1.0, 1.0, 0.0, 1.0, 1.0, 0.0, 0.0]","stage2/best_val_loss":0.44844033519674736,"model_param_count_dense":36868,"stage2/final_mask_keep_ratio_block3":0.4453125,"stage2/Total_Pruned_%":41.25,"_timestamp":1.7767095534223216e+09,"stage2/final_mask_keep_ratio_block2":0.578125,"val_loss":0.27605276818535496,"final_channel_mask_block2":[1,0,0,1,1,0,1,1,0,0,1,1,0,1,1,0,1,1,1,0,0,1,1,0,0,1,0,1,0,0,1,1,1,1,1,1,0,1,1,1,0,1,0,0,1,1,0,0,1,0,1,1,0,1,0,1,1,0,1,0,0,1,0,1],"final_channel_mask_block3":[0,0,1,0,0,0,1,1,1,0,0,0,1,0,0,0,0,1,0,0,0,0,0,1,0,0,0,0,0,1,1,1,0,1,1,0,0,0,0,1,1,0,1,1,1,1,1,0,1,0,1,1,1,0,0,1,0,1,1,1,0,0,1,1,1,0,0,0,0,0,1,1,0,0,0,1,1,0,0,0,0,1,0,1,0,0,0,0,0,1,0,0,0,1,0,1,0,1,1,0,0,1,1,1,1,0,1,1,0,0,1,1,0,0,0,1,0,0,1,1,1,1,1,0,1,1,0,0],"stage2/test_f1":0.7943905863025821,"_runtime":61,"lr_backbone":0.0001,"stage2/block3_Pruned_%":55.46875,"stage2/final_mask_keep_ratio_block4":0.734375,"stage5_test_f1":0.9034059358659988,"final_channel_mask_block4":[0,1,1,1,1,1,1,1,0,0,0,1,0,1,1,1,1,1,1,1,0,1,0,1,1,1,1,1,1,1,1,1,1,1,1,1,1,0,0,0,1,1,1,0,1,1,1,0,1,0,1,0,0,1,1,0,1,1,0,1,1,1,0,1,0,0,1,1,0,0,1,1,1,1,1,1,1,1,0,1,0,1,1,1,1,0,1,1,1,1,1,0,1,0,0,1,1,1,1,1,1,1,0,1,1,0,1,1,1,1,0,1,0,1,1,1,1,1,0,1,1,1,1,1,1,1,0,1],"stage1_test_acc":91.72039362063116,"best_val_loss":0.2717451766796196,"model_param_count_pruned":16161,"hard_bin_mask":[0,0,1,1,1,0,0,0,1,1,1,1,1,1,1,1,1,1,1,1,1,1,1,1,1,1,1,0,1,1,1,1,1,1,1,1,1,1,1,1,1,1,1,1,1,1,0,1,1,1,1,1,1,1,1,1,1,0,1,1,1,0,1,1,0,0,0,0,0,0,0,0,0,0,0,0,0,0,0,0,0,0,0,0,0,0,0,0,0,0,0,0,0,0,0,0,0,0,0,0,0,0,0,0,0,0,0,0,0,0,0,0,0,0,0,0,0,0,0,0,0,0,0,0,0,0,0,0],"stage2/train_loss":0.5502617115637475,"stage_3_separableconvcnn/confusion_matrix_table":{"size":1368,"log_mode":"IMMUTABLE","artifact_path":"wandb-client-artifact://t77feaxc3phzina5qzgegcjz96p2r6hsdwrls2gv1xte0aa5ada8mg5o9582cxvz6tz9b7q2d608robamio8pjbsahyioqbvgvb7y754iwnpwj331vyj2c1su0nli81e/stage_3_separableconvcnn/confusion_matrix_table.table.json","_type":"table-file","sha256":"741e056ffdf1d97c65e6bf8f64ad9ba87887d5f78d27105cc727e4823e1dd616","_latest_artifact_path":"wandb-client-artifact://um2jp92tnj2lb0t1lo6ky7jp2i2t0n3z21355s6viyfw1naclf3p1bs5bof00yd6cbfkwopdf0cmgguswm0fpkm6mdionb6d2gyydo9c25qjp2fjz6prihjfathneqbm:latest/stage_3_separableconvcnn/confusion_matrix_table.table.json","ncols":3,"path":"media/table/stage_3_separableconvcnn/confusion_matrix_table_7_741e056ffdf1d97c65e6.table.json","nrows":36},"stage1_test_loss":0.25057173036076164,"stage2/test_acc":80.65829657278589,"model_param_reduction_pct":56.16523814690246,"stage2/block2_Pruned_%":42.1875,"stage2/raw_hard_mask_block2":"[1.0, 0.0, 0.0, 1.0, 1.0, 0.0, 1.0, 1.0, 0.0, 0.0, 1.0, 1.0, 0.0, 1.0, 1.0, 0.0, 1.0, 1.0, 1.0, 0.0, 0.0, 1.0, 1.0, 0.0, 0.0, 1.0, 0.0, 1.0, 0.0, 0.0, 1.0, 1.0, 1.0, 1.0, 1.0, 1.0, 0.0, 1.0, 1.0, 1.0, 0.0, 1.0, 0.0, 0.0, 1.0, 1.0, 0.0, 0.0, 1.0, 0.0, 1.0, 1.0, 0.0, 1.0, 0.0, 1.0, 1.0, 0.0, 1.0, 0.0, 0.0, 1.0, 0.0, 1.0]","stage":5,"stage5_test_loss":0.42581392036560184,"train_loss":0.2074290886340526,"stage2/purpose":"train channel-pruning model with masking","epoch":40,"stage2/val_acc":85.01440922190201,"stage_5_prunedseparableconvcnn/confusion_matrix_table":{"sha256":"7d70014c29c59a712840b0c8bebcc9258448a33ae87ac5a7a741094e7633f5b3","artifact_path":"wandb-client-artifact://t0op9cy2a1gyezpkoaecvb0oeso8n8xyx5tkysdcmx37rcrtxauxokvpz0fbgxep375bbqdxdsdxle8c6guc1d4m57v1ssnqnj5bz7lc785iz8dbunv0t59luy4mrq80/stage_5_prunedseparableconvcnn/confusion_matrix_table.table.json","_latest_artifact_path":"wandb-client-artifact://u418lc0ng7aszhh1muzuwxdsox730ri5j41k41cm987ntwh09vzdro1pgcr2jbihkes6tcviqk809ohphlkbhal8pno5boq2qgxdnrfw74kem4rqfregsecrto95zk46:latest/stage_5_prunedseparableconvcnn/confusion_matrix_table.table.json","path":"media/table/stage_5_prunedseparableconvcnn/confusion_matrix_table_29_7d70014c29c59a712840.table.json","nrows":36,"_type":"table-file","size":1365,"ncols":3,"log_mode":"IMMUTABLE"},"stage1/test_f1":0.9190924499938599,"lr":0.001,"stage1/test_acc":91.72039362063116,"stage2/mask_l1":0.4905575215816498,"stage2/train_acc":76.77373304782299,"stage2/best_epoch":53,"stage2/val_loss":0.45259996384850715,"_wandb":{"runtime":61},"mask_l1":0.3828125,"lr_gumbel_bin":0.001,"stage_1_separableconvcnn/confusion_matrix_table":{"nrows":36,"_type":"table-file","size":1366,"path":"media/table/stage_1_separableconvcnn/confusion_matrix_table_1_ba1709b9ded253dca6f1.table.json","artifact_path":"wandb-client-artifact://p0qcovbdb4bk88gb81umoaq0kslvqf81rfjcz3iao4lfe419hu6173ghc18c4ccmhe1zt9wa07xkm8vgi0vgtbgg6zwffmoc3hs4dtvyecspvlh9nrbphepr77izcjng/stage_1_separableconvcnn/confusion_matrix_table.table.json","log_mode":"IMMUTABLE","_latest_artifact_path":"wandb-client-artifact://k5mu806axvio88yylg4lzvvfx3ssbkska3q0uoac9b79wo25lyvw6e8kbw8v816gwrghl2q6w80si12uu7j1fo01pknaatz8pbqr77y92i6ogeswrdwyba8rv2f7qi4u:latest/stage_1_separableconvcnn/confusion_matrix_table.table.json","ncols":3,"sha256":"ba1709b9ded253dca6f14b8d1a777336f0cb86899167c45d58f90d5e787020ac"},"stage2/lr_gumbel":0.001,"lr_loaded_weights":0.0001,"val_acc":90.77809798270893,"train_acc":90.57815845824412,"stage2/block4_Pruned_%":26.5625,"stage2/stage_number":2}