{"stage2/epoch":60,"stage3_test_f1":0.9347693509811484,"stage2/purpose":"train channel-pruning model with masking","stage2/block4_Pruned_%":10.15625,"stage2/final_mask_keep_ratio_block2":0.75,"stage2/raw_hard_mask_block3":"[0.0, 1.0, 1.0, 0.0, 1.0, 1.0, 1.0, 1.0, 0.0, 1.0, 0.0, 1.0, 0.0, 0.0, 1.0, 1.0, 0.0, 1.0, 0.0, 0.0, 1.0, 0.0, 0.0, 1.0, 1.0, 1.0, 1.0, 1.0, 0.0, 1.0, 0.0, 1.0, 0.0, 1.0, 1.0, 1.0, 0.0, 0.0, 0.0, 0.0, 1.0, 0.0, 1.0, 0.0, 1.0, 1.0, 1.0, 0.0, 0.0, 1.0, 1.0, 1.0, 0.0, 0.0, 1.0, 1.0, 1.0, 1.0, 0.0, 0.0, 1.0, 0.0, 1.0, 1.0, 0.0, 0.0, 0.0, 1.0, 1.0, 1.0, 0.0, 1.0, 1.0, 1.0, 1.0, 0.0, 0.0, 1.0, 1.0, 1.0, 0.0, 1.0, 1.0, 1.0, 1.0, 1.0, 1.0, 0.0, 1.0, 1.0, 1.0, 1.0, 1.0, 1.0, 1.0, 0.0, 1.0, 0.0, 1.0, 0.0, 1.0, 1.0, 1.0, 0.0, 0.0, 1.0, 1.0, 1.0, 1.0, 1.0, 1.0, 1.0, 0.0, 0.0, 0.0, 0.0, 1.0, 1.0, 1.0, 1.0, 1.0, 1.0, 1.0, 0.0, 0.0, 1.0, 1.0, 0.0]","stage2/train_acc":82.58620689655173,"best_val_loss":0.054628477833663355,"train_loss":0.08501223238377735,"block3_Pruned_%":36.71875,"stage1/use_pretrain_model":false,"stage2/test_loss":0.3893550804907992,"stage_1_separableconvcnn/confusion_matrix_table":{"_type":"table-file","sha256":"c4ae4bf249d288cf435b71c426dfffb1ac3897a54aa19e24f5ed1ade62ba1fca","size":1364,"path":"media/table/stage_1_separableconvcnn/confusion_matrix_table_1_c4ae4bf249d288cf435b.table.json","_latest_artifact_path":"wandb-client-artifact://jh22nchrgitogipxgok1l2bjaw8qkjwnqbpwrze11ce19wkpbnz6vd2fbpmxnbfkmrneqoz35sfs7gauh3uk5lofeydlsigcu0bzs1ba0euhfyzxg0chrrc273rbq6hf:latest/stage_1_separableconvcnn/confusion_matrix_table.table.json","ncols":3,"log_mode":"IMMUTABLE","artifact_path":"wandb-client-artifact://ewq9x6n4tysgar9p1y8wfepw6nkifj9xaf6tk6cf3uthy6swinyh18wczdpblvp3y9qu9smjlrcwln8w3z75z2cbnkdnw4htjv93nx6x57amalhpht2w96mtkylbdtq2/stage_1_separableconvcnn/confusion_matrix_table.table.json","nrows":36},"stage1_test_acc":92.22938581608415,"stage2/val_acc":89.79591836734694,"epoch":60,"_step":29,"stage2_test_loss":0.3893550804907992,"stage2/final_mask_keep_ratio_block3":0.6328125,"stage3_test_acc":93.21343739395996,"stage2/test_f1":0.8740593209337634,"val_loss":0.06379262436463733,"stage1_test_loss":0.2603429108367938,"_wandb":{"runtime":55},"final_summary_log_path":"/home/qphan/master-thesis/models/uci_best_model_three_stage_channel_subject26_val_final_summary_val_26.txt","train_acc":96.55172413793103,"model_param_count_pruned":23810,"stage1/test_f1":0.9243712680307502,"stage2/final_mask_keep_ratio_block4":0.8984375,"_runtime":55,"stage1/test_loss":0.2603429108367938,"stage2_test_acc":86.93586698337292,"stage2/best_val_loss":0.289648544893359,"model_param_count":23810,"stage2/best_epoch":60,"stage1/test_acc":92.22938581608415,"stage_3_prunedseparableconvcnn/confusion_matrix_table":{"sha256":"64716ab09addc0d5d547b0d543df02b2e3340c225ebc6b690c8b4f7c1a613c28","artifact_path":"wandb-client-artifact://2aiwvz2baykx633ktyizzid3pcrzzfl3br54ldzqmssvsd4ymi8mfq44942tmz68thbrucyjzy7w3qebkb9rx04jbcwzb5gqfhjhmy3btu5e9hzldqhwsmuoxrxxqrlz/stage_3_prunedseparableconvcnn/confusion_matrix_table.table.json","size":1364,"_latest_artifact_path":"wandb-client-artifact://7jn4umhmpdf571sx82nhgsshp1h5sunx99bfpcavav8hqhhno16yif3ws2krdwlgk50wtivjuptbauhekiollbqzhbn3ccik0lote11pk1ezn338z7vsuuxfmtiqsohp:latest/stage_3_prunedseparableconvcnn/confusion_matrix_table.table.json","_type":"table-file","ncols":3,"path":"media/table/stage_3_prunedseparableconvcnn/confusion_matrix_table_27_64716ab09addc0d5d547.table.json","nrows":36,"log_mode":"IMMUTABLE"},"stage2/val_loss":0.289648544893359,"model_param_count_dense":36868,"stage2/mask_l1":0.6517683863639832,"stage2/lr_backbone":0.0001,"stage2/block2_Pruned_%":25,"stage2/Total_Pruned_%":23.750000000000004,"lr_loaded_weights":0.0001,"block4_Pruned_%":10.15625,"stage2/stage_number":2,"stage2/raw_hard_mask_block2":"[1.0, 1.0, 0.0, 0.0, 1.0, 0.0, 1.0, 1.0, 1.0, 1.0, 0.0, 1.0, 1.0, 0.0, 1.0, 0.0, 0.0, 1.0, 1.0, 1.0, 1.0, 1.0, 1.0, 0.0, 1.0, 1.0, 1.0, 0.0, 1.0, 1.0, 1.0, 1.0, 1.0, 1.0, 1.0, 0.0, 1.0, 1.0, 1.0, 1.0, 0.0, 1.0, 1.0, 1.0, 1.0, 1.0, 1.0, 0.0, 1.0, 1.0, 0.0, 1.0, 1.0, 0.0, 1.0, 1.0, 1.0, 1.0, 0.0, 1.0, 1.0, 1.0, 1.0, 0.0]","stage2/raw_hard_mask_block4":"[1.0, 1.0, 1.0, 1.0, 1.0, 1.0, 1.0, 1.0, 1.0, 0.0, 1.0, 1.0, 1.0, 1.0, 1.0, 1.0, 1.0, 1.0, 1.0, 1.0, 1.0, 1.0, 1.0, 1.0, 1.0, 1.0, 1.0, 1.0, 1.0, 0.0, 1.0, 1.0, 1.0, 1.0, 0.0, 1.0, 0.0, 1.0, 1.0, 1.0, 1.0, 0.0, 0.0, 1.0, 1.0, 1.0, 0.0, 1.0, 1.0, 0.0, 1.0, 1.0, 1.0, 1.0, 1.0, 1.0, 1.0, 1.0, 1.0, 1.0, 1.0, 1.0, 1.0, 1.0, 1.0, 0.0, 0.0, 1.0, 1.0, 1.0, 1.0, 1.0, 0.0, 1.0, 1.0, 1.0, 1.0, 1.0, 1.0, 1.0, 1.0, 1.0, 1.0, 1.0, 1.0, 1.0, 1.0, 1.0, 1.0, 1.0, 1.0, 1.0, 1.0, 1.0, 1.0, 1.0, 1.0, 1.0, 0.0, 1.0, 1.0, 1.0, 1.0, 1.0, 1.0, 1.0, 1.0, 1.0, 1.0, 0.0, 1.0, 1.0, 1.0, 1.0, 1.0, 1.0, 1.0, 1.0, 1.0, 1.0, 1.0, 1.0, 1.0, 1.0, 1.0, 1.0, 1.0, 1.0]","_timestamp":1.7758681187663505e+09,"val_acc":97.1938775510204,"stage":3,"stage2/train_loss":0.4265437951033143,"stage3_test_loss":0.22592162319682135,"block2_Pruned_%":25,"Total_Pruned_%":23.750000000000004,"model_param_reduction_pct":35.418248887924484,"stage2/lr_gumbel":0.001,"stage2/block3_Pruned_%":36.71875,"stage2_test_f1":0.8740593209337634,"stage1_test_f1":0.9243712680307502,"stage2/test_acc":86.93586698337292}