{"stage2_hard_bin_mask_str":"[0.0, 0.0, 0.0, 1.0, 1.0, 0.0, 0.0, 0.0, 1.0, 0.0, 0.0, 1.0, 0.0, 0.0, 1.0, 1.0, 0.0, 0.0, 0.0, 1.0, 1.0, 1.0, 1.0, 0.0, 0.0, 1.0, 0.0, 0.0, 1.0, 1.0, 0.0, 1.0, 0.0, 0.0, 0.0, 0.0, 0.0, 0.0, 1.0, 1.0, 0.0, 0.0, 1.0, 0.0, 1.0, 1.0, 1.0, 1.0, 0.0, 0.0, 1.0, 1.0, 1.0, 1.0, 1.0, 0.0, 1.0, 0.0, 1.0, 0.0, 0.0, 0.0, 1.0, 0.0, 0.0, 0.0, 0.0, 0.0, 0.0, 0.0, 0.0, 0.0, 0.0, 0.0, 0.0, 0.0, 0.0, 0.0, 0.0, 0.0, 0.0, 0.0, 0.0, 0.0, 0.0, 0.0, 0.0, 0.0, 0.0, 0.0, 0.0, 0.0, 0.0, 0.0, 0.0, 0.0, 0.0, 0.0, 0.0, 0.0, 0.0, 0.0, 0.0, 0.0, 0.0, 0.0, 0.0, 0.0, 0.0, 0.0, 0.0, 0.0, 0.0, 0.0, 0.0, 0.0, 0.0, 0.0, 0.0, 0.0, 0.0, 0.0, 0.0, 0.0, 0.0, 0.0, 0.0, 0.0]","lr":0.001,"stage1/test_f1":0.9190924499938599,"train_acc":92.91934332619557,"stage1/test_acc":91.72039362063116,"stage2_test_loss":0.42399808388041577,"_step":11,"val_acc":82.70893371757926,"_timestamp":1.7764178743774545e+09,"val_loss":0.42456460999652357,"stage2_test_f1":0.8521682944800205,"stage3_test_f1":0.870312804438553,"stage1/test_loss":0.25057173036076164,"stage1_test_acc":91.72039362063116,"stage_3_separableconvcnn/confusion_matrix_table":{"log_mode":"IMMUTABLE","path":"media/table/stage_3_separableconvcnn/confusion_matrix_table_10_6a97dbb8813ba9c3bfcd.table.json","sha256":"6a97dbb8813ba9c3bfcdbf49069a0673450b7ec7ceac744e4650ef8328b898e8","artifact_path":"wandb-client-artifact://o1zjviysb78psn9jkrp4fz31djiqhr128bnujdnkm0fvrfj7o3f7at25psyhyr0nnfwa6cnrmscpyswiuy6dowgd89uubx6oj04onc6cj09wvjv4a71hdnmmn7h9zy6e/stage_3_separableconvcnn/confusion_matrix_table.table.json","_latest_artifact_path":"wandb-client-artifact://skxn1ice1pihv9axkzky6e5qieanq67tqt2jl8z3qptpdnrfstje8sqdk5nbbfoiymh7je1dbjhqlxju4z7mz1hrqexitsmfi6dvy771wve7smt2d325b4wxh727ie64:latest/stage_3_separableconvcnn/confusion_matrix_table.table.json","_type":"table-file","nrows":36,"ncols":3,"size":1369},"stage":3,"_wandb":{"runtime":19},"lr_gumbel_bin":0.001,"mask_l1":0.0234375,"train_loss":0.16276340002937242,"stage1/use_pretrain_model":false,"stage1_test_f1":0.9190924499938599,"stage3_test_loss":0.4889068441812476,"stage_1_separableconvcnn/confusion_matrix_table":{"_latest_artifact_path":"wandb-client-artifact://jdt11r4z0eal20ar21zrcy1w20g19yeriuu4zyqep1sqh7ll31v7n5bq2cd8w9o534t3ey7ziw3krz7fgeic7g84g3hx18d3fgbd1py93v1j8z7790ix4nkz08gq8i82:latest/stage_1_separableconvcnn/confusion_matrix_table.table.json","size":1366,"path":"media/table/stage_1_separableconvcnn/confusion_matrix_table_1_ba1709b9ded253dca6f1.table.json","sha256":"ba1709b9ded253dca6f14b8d1a777336f0cb86899167c45d58f90d5e787020ac","log_mode":"IMMUTABLE","nrows":36,"ncols":3,"_type":"table-file","artifact_path":"wandb-client-artifact://gbdciei1j8rw4ss98s4dwk391qsmaqp4d8rm88pmkuxquvbzq0wopkv3x31orcab4p3r3gx2z7lwc1hj5zrs0p93eg69dtonv02ovez3gob5qp91ywwwmbhoouk6kltx/stage_1_separableconvcnn/confusion_matrix_table.table.json"},"stage1_test_loss":0.25057173036076164,"stage2_test_acc":85.23922633186291,"best_val_loss":0.32338476606566857,"_runtime":19,"bin_keep_ratio":0.2265625,"stage3_test_acc":86.90193417034273,"lr_backbone":0.0001,"epoch":30}