{"stage2_test_loss":0.5497376027199382,"_wandb":{"runtime":287},"stage2_hard_bin_mask_str":"[1.0, 1.0, 1.0, 1.0, 1.0, 1.0, 1.0, 1.0, 1.0, 1.0, 1.0, 1.0, 1.0, 1.0, 1.0, 1.0, 1.0, 1.0, 1.0, 1.0, 1.0, 1.0, 1.0, 1.0, 1.0, 1.0, 1.0, 1.0, 1.0, 1.0, 1.0, 1.0, 1.0, 1.0, 1.0, 1.0, 1.0, 1.0, 1.0, 1.0, 1.0, 1.0, 1.0, 1.0, 1.0, 1.0, 1.0, 1.0, 1.0, 1.0, 0.0, 0.0, 0.0, 0.0, 0.0, 0.0, 0.0, 0.0, 0.0, 0.0, 0.0, 0.0, 0.0, 0.0, 0.0, 0.0, 0.0, 0.0, 0.0, 0.0, 0.0, 0.0, 0.0, 0.0, 0.0, 0.0, 0.0, 0.0, 0.0, 0.0, 0.0, 0.0, 0.0, 0.0, 0.0, 0.0, 0.0, 0.0, 0.0, 0.0, 0.0, 0.0, 0.0, 0.0, 0.0, 0.0, 0.0, 0.0, 0.0, 0.0]","_step":15,"val_acc":78.24750192159877,"train_loss":0.3367966690392352,"lr":0.001,"mask_l1":0.5,"stage1_test_f1":0.7397842414740581,"stage1_test_loss":0.5673967664033589,"stage2_test_f1":0.7327210091991943,"lr_gumbel_bin":0.001,"stage1_test_acc":83.04997424008243,"train_acc":77.14880987479607,"stage3_test_f1":0.7357714218573967,"stage2_test_acc":83.20453374549201,"stage3_test_acc":82.94693456980937,"_runtime":287,"bin_keep_ratio":0.5,"_timestamp":1.7764587307438166e+09,"best_val_loss":0.4063744502031831,"lr_backbone":0.0001,"stage":3,"epoch":25,"stage_3_separableconvcnn/confusion_matrix_table":{"_type":"table-file","_latest_artifact_path":"wandb-client-artifact://079fesl5lkc1vvodn8xeqy4idrgfjjswnvaedns3xdirroi73ivhjbcwaekxi654smik01dy1m1ugh4mg7galsvv74wdmxxv465q7ksx8e4xuvu1bnqb9ivw6piy9750:latest/stage_3_separableconvcnn/confusion_matrix_table.table.json","path":"media/table/stage_3_separableconvcnn/confusion_matrix_table_14_d0b95a93bc2a203a7ab8.table.json","ncols":3,"size":2013,"nrows":64,"sha256":"d0b95a93bc2a203a7ab8ca9044d8c0fab3435bff81a94f941ded1824f09c51e2","artifact_path":"wandb-client-artifact://6z3obetlh251sq4cglupfhdhk85n0pdmupqbktsiide8hhjxhbc10nvkenwne92k19blkb5qsgnrd63ujiubbg916i3gehya3axg86t072pgbd28m9nvfyc1cfpaj2wi/stage_3_separableconvcnn/confusion_matrix_table.table.json","log_mode":"IMMUTABLE"},"stage3_test_loss":0.5843395209505133,"val_loss":0.43367124859137685,"stage_1_separableconvcnn/confusion_matrix_table":{"sha256":"4c78de0e6eeebff5eb3e5ef28f635fdb6c9786bcd3e8eadc7491ac9faef44cf3","size":2012,"_type":"table-file","_latest_artifact_path":"wandb-client-artifact://wnp45fbkjglpwkn6twkb2ggevnhi16ibj6gy32rps792bb08rah5honbo80gmv0n61um7flp43xslktrc0amx2mkrdim6pstm7zbih66gqxqm9ipdmci8hjawmtolnd5:latest/stage_1_separableconvcnn/confusion_matrix_table.table.json","ncols":3,"nrows":64,"path":"media/table/stage_1_separableconvcnn/confusion_matrix_table_0_4c78de0e6eeebff5eb3e.table.json","artifact_path":"wandb-client-artifact://a2w4hwx269rani194wp8vvix8ohelxmtgislk3id4iac8l95xxz0xuhy40849aczpv7wv67xmpvot90czlu0zyc6tgu4div5ud8kn97uyxk4haksogrkk6buz6bhggak/stage_1_separableconvcnn/confusion_matrix_table.table.json","log_mode":"IMMUTABLE"}}