{"train_acc":87.61918315070443,"stage1_test_acc":63.69189005768578,"_step":11,"stage1/test_acc":63.69189005768578,"stage2_test_acc":80.45469969460468,"stage1/test_loss":0.7244036778994726,"stage1_test_f1":0.6090395496791213,"stage":3,"stage2_hard_bin_mask_str":"[0.0, 1.0, 1.0, 1.0, 1.0, 1.0, 1.0, 1.0, 1.0, 0.0, 0.0, 0.0, 0.0, 0.0, 0.0, 0.0, 0.0, 0.0, 0.0, 0.0, 0.0, 0.0, 0.0, 0.0, 0.0, 0.0, 0.0, 0.0, 0.0, 0.0, 0.0, 0.0, 0.0, 0.0, 0.0, 0.0, 0.0, 0.0, 0.0, 0.0, 0.0, 0.0, 0.0, 0.0, 0.0, 0.0, 0.0, 0.0, 0.0, 0.0, 0.0, 0.0, 0.0, 0.0, 0.0, 0.0, 0.0, 0.0, 0.0, 0.0, 0.0, 0.0, 0.0, 0.0, 0.0]","stage_3_separableconvcnn/confusion_matrix_table":{"_latest_artifact_path":"wandb-client-artifact://z7wacgnwyoyotorfjnjuov1n6znpbfh80e7l9t999ekilm8riwfhvwrw2gyw4rjpnyq58yi9sco3x071n2rgia8x1i7rdyy6c9m3d3st9ue3mnaf5rqxr3r48hfp840z:latest/stage_3_separableconvcnn/confusion_matrix_table.table.json","path":"media/table/stage_3_separableconvcnn/confusion_matrix_table_10_400384a18584beba33ce.table.json","ncols":3,"nrows":36,"_type":"table-file","log_mode":"IMMUTABLE","sha256":"400384a18584beba33ceb86db265e2c85d47e26d8b94eb8cc010ff0e3dbcdec0","size":1369,"artifact_path":"wandb-client-artifact://xfoengpom2k1l6jg4cur19lnzcm3qea5v0xl40yp9lpmnezcff76klmp7lp9e337saui6ulca798hbb8pezn6fe8nfm2yqo58nc81s3hltdr6z00bni7l6gnw5365chs/stage_3_separableconvcnn/confusion_matrix_table.table.json"},"best_val_loss":0.739407122685359,"epoch":15,"stage1/use_pretrain_model":false,"lr_gumbel_bin":0.001,"stage3_test_loss":0.39052837098997484,"val_loss":1.3513049859267015,"_runtime":20,"val_acc":65.84615384615384,"_wandb":{"runtime":20},"lr_backbone":0.0001,"stage1/test_f1":0.6090395496791213,"stage_1_separableconvcnn/confusion_matrix_table":{"log_mode":"IMMUTABLE","path":"media/table/stage_1_separableconvcnn/confusion_matrix_table_1_c07b082f7aff5bcfb309.table.json","_latest_artifact_path":"wandb-client-artifact://t3u2r0hkkhqetjffpv2kglu79ay06qbd36g8ve5x5uacizchgbu618srkr7w996vh27aoppqns5nxap5eyxjtzgx1n9oqrx3ftmbn8r8uf2s8m5ndufm3g53hhjxw8mc:latest/stage_1_separableconvcnn/confusion_matrix_table.table.json","ncols":3,"nrows":36,"size":1369,"sha256":"c07b082f7aff5bcfb3094f3a931b6c7b772ea2d8274632a5026977780c1334d7","_type":"table-file","artifact_path":"wandb-client-artifact://7zrndklo2ya8c8uit1jcq9299yerckej99no1ijihue8vs3edvorm5tyna48rufky2o9iinmf2zzxqy4s8k8woav1e0bj460vv6r8gs9mtgxjuexvi00e2909iinnwpj/stage_1_separableconvcnn/confusion_matrix_table.table.json"},"mask_l1":0.1230769231915474,"bin_keep_ratio":0.1230769231915474,"stage1_test_loss":0.7244036778994726,"stage2_test_f1":0.8077747333166699,"stage3_test_f1":0.8320819566491152,"lr":0.001,"train_loss":0.2714275000817036,"stage3_test_acc":82.8978622327791,"_timestamp":1.7757696730616746e+09,"stage2_test_loss":0.5129847346808513}