{"lr_backbone":0.0001,"stage4_test_loss":0.6674439991153066,"_step":145,"epoch":25,"stage_3_separableconvcnn/confusion_matrix_table":{"path":"media/table/stage_3_separableconvcnn/confusion_matrix_table_66_9e905c9fd7c589ecdc2d.table.json","log_mode":"IMMUTABLE","nrows":64,"_latest_artifact_path":"wandb-client-artifact://o0kmjuk51z7838brxr6dkbfeq3bvu7r08qqkdolpxrz2nyg9b063ptxf3f0kd4rx45epqggk953cx4s59l51w0dre485uutqkmeg4avwg4aufmigujuzg62rymyrjeu7:latest/stage_3_separableconvcnn/confusion_matrix_table.table.json","size":2016,"ncols":3,"_type":"table-file","sha256":"9e905c9fd7c589ecdc2d8b7729a4b544aeceee497c78caf27cbb3178b1ffc33a","artifact_path":"wandb-client-artifact://71aimeeyeqg2s7ocxnlewnrzyl7pjffbbdzqrxzx82253kjpd1wasmku3o8jiumao32rkm7claty8pktnk2isg5pl27dh6yaefz8lnngtf692cri68c9hbym38z1m7ag/stage_3_separableconvcnn/confusion_matrix_table.table.json"},"stage5_test_f1":0.6816151750554889,"stage":5,"model_param_reduction_pct":33.25585166765771,"model_param_count_pruned":24694,"stage_5_prunedseparableconvcnn/confusion_matrix_table":{"artifact_path":"wandb-client-artifact://je2gfl4hozvguvs3nlaonidqjjel4qrgi1aosnyyf23foapyaojzlv50giobk7tag9amhavfv7t3hu0s4nvgdninz0z9ubhcvrh5xflvclaudgnlt5fbkho9akzheos1/stage_5_prunedseparableconvcnn/confusion_matrix_table.table.json","ncols":3,"size":2016,"_type":"table-file","log_mode":"IMMUTABLE","_latest_artifact_path":"wandb-client-artifact://svwa8c3ze32eyas5ubunhx00fua5ibc7xas5s2x9mzs1rz0c9ldwgx1nrjm5i5fqvtyb24tm9ag8jai2msckndu6rtx7hp0e9awlq1xgyg2px53nnxlsckwl17es52ji:latest/stage_5_prunedseparableconvcnn/confusion_matrix_table.table.json","sha256":"28e4091d3253f24ee68791958a3846ec00fa945e240fd8786cf749ebdd5031ec","nrows":64,"path":"media/table/stage_5_prunedseparableconvcnn/confusion_matrix_table_144_28e4091d3253f24ee687.table.json"},"model_param_count_dense":36998,"_runtime":700,"stage4_test_f1":0.6862827512344282,"final_channel_mask_block3":[1,1,0,1,1,1,0,1,0,1,0,1,1,0,1,1,1,1,1,1,0,1,0,0,1,0,0,1,1,1,1,1,1,1,1,1,0,0,0,1,1,1,1,0,1,1,0,1,0,1,0,0,1,1,0,1,1,1,1,0,1,1,1,1,0,1,1,0,1,0,1,1,0,0,1,0,1,1,1,0,1,1,1,0,1,1,1,1,1,1,1,0,1,0,1,1,1,1,0,1,1,1,1,0,0,1,0,0,0,1,1,1,1,1,1,1,1,1,0,1,1,1,1,1,1,1,0,1],"stage5_test_loss":0.6755780647505442,"stage3_test_acc":76.0741885625966,"_wandb":{"runtime":700},"lr_gumbel_channel":0.001,"stage2_test_loss":0.63727962002043,"stage3_test_f1":0.6709980073227302,"stage2_test_acc":78.08346213292117,"train_acc":68.04630163686629,"stage2_test_f1":0.6765549002068463,"val_loss":1.000538665400818,"lr":0.001,"best_val_loss":0.9610907086543738,"stage4_test_acc":79.89696032972695,"lr_loaded_weights":0.0001,"_timestamp":1.775244440541402e+09,"mask_l1":0.4313725531101227,"stage3_test_loss":0.6951435790241287,"Block2_Pruned_%":9.375,"bin_keep_ratio":0.4313725531101227,"hard_bin_mask":[1,1,1,1,1,1,1,1,1,1,1,1,1,1,1,1,0,1,0,1,0,1,0,1,0,1,0,1,0,0,0,0,0,0,0,0,0,0,0,0,0,0,0,0,0,0,0,0,0,0,0],"stage_1_separableconvcnn/confusion_matrix_table":{"size":2014,"sha256":"effbcd443b553588b5cf7d240e86713bc1c788fc0e3a553e90ce000c5455c2f0","_type":"table-file","ncols":3,"artifact_path":"wandb-client-artifact://2nbuand8lex5diyviaw55fxpsz5p0hunms7eaa2wnt9k1aqm4j7lvr3o0jj5hpuhc2mias1rinaprr5ioovwsdvyk1viqqlyyqjepxwzuidadidnz8hswm5oqhk7ph2k/stage_1_separableconvcnn/confusion_matrix_table.table.json","_latest_artifact_path":"wandb-client-artifact://d45x48np5vymmk81iwtz4zshaopck8l1aaf7t0ebu0j9zyri69k2ajiu9gvwpdah7btbu9o7s1evyt6245rxv02igz0xgkswbnag82jla7cq2n279los2cfmcgen488l:latest/stage_1_separableconvcnn/confusion_matrix_table.table.json","path":"media/table/stage_1_separableconvcnn/confusion_matrix_table_13_effbcd443b553588b5cf.table.json","nrows":64,"log_mode":"IMMUTABLE"},"stage1_test_loss":0.6548985876139141,"final_channel_mask_block4":[1,0,1,0,1,1,1,0,1,1,0,1,1,1,1,0,0,0,0,1,1,1,1,1,0,1,0,1,1,1,1,1,1,1,1,1,1,1,1,1,1,1,0,1,1,1,1,1,0,1,1,1,1,1,0,1,1,1,1,1,1,1,1,0,1,0,1,0,1,1,1,0,1,1,1,0,1,1,1,1,0,1,1,1,1,1,1,1,0,0,1,1,1,1,1,1,1,1,1,0,1,1,1,1,1,1,0,1,1,0,1,0,1,1,1,1,1,1,1,1,1,1,1,1,1,1,0,1],"Total_Pruned_%":21.875,"Block4_Pruned_%":20.3125,"lr_gumbel_bin":0.001,"final_channel_mask_block2":[1,1,1,1,1,1,1,1,1,1,1,1,1,0,1,1,1,1,1,1,1,1,1,1,1,1,1,1,0,1,1,1,1,1,1,1,1,1,1,1,0,1,1,1,1,1,1,1,0,1,1,1,0,1,1,1,1,0,1,1,1,1,1,1],"val_acc":59.15625,"train_loss":0.5586390757682123,"stage5_test_acc":78.72230808861411,"stage1_test_acc":78.26893353941267,"Block3_Pruned_%":29.6875,"stage1_test_f1":0.6728330010199608}