{"stage2_test_f1":0.8799971933547118,"epoch":15,"train_acc":95.70674654114963,"lr_gumbel_bin":0.001,"stage1/test_acc":89.85408890397014,"val_loss":0.39241865775452334,"stage1/test_f1":0.8992012196111356,"stage3_test_acc":87.64845605700712,"stage1_test_acc":89.85408890397014,"stage_1_separableconvcnn/confusion_matrix_table":{"nrows":36,"_type":"table-file","ncols":3,"log_mode":"IMMUTABLE","_latest_artifact_path":"wandb-client-artifact://1wdbvwyej2cziebvqu04uhz2dfc5ocr81lq2dqcrtc1icxu7wj6c9inwlsu4ut3p6u03ehmw5nvtcq7vbt6ybl3lrbaw232z053rggxvbpk13045fbophgj1gk4ctaam:latest/stage_1_separableconvcnn/confusion_matrix_table.table.json","size":1368,"path":"media/table/stage_1_separableconvcnn/confusion_matrix_table_1_02c5a6fac2b98a2cce23.table.json","sha256":"02c5a6fac2b98a2cce23216035c71184f8282e95afab8b7a4923ed0654b10cea","artifact_path":"wandb-client-artifact://zbqiuuegp9dalj10nzx3yjxzivutr1nx70pmwdp4q1f6mz6x0nhnk02grq8xpcsjsvh89rddn9dn0s6ikkyi6x0e9t3h5fi7gyo8ovqmlk4s5d2yte7tyzyv8m431t9y/stage_1_separableconvcnn/confusion_matrix_table.table.json"},"val_acc":88.56304985337243,"stage1/use_pretrain_model":false,"stage2_hard_bin_mask_str":"[0.0, 0.0, 1.0, 1.0, 1.0, 0.0, 0.0, 1.0, 1.0, 1.0, 1.0, 1.0, 1.0, 1.0, 1.0, 0.0, 1.0, 1.0, 1.0, 1.0, 1.0, 1.0, 1.0, 1.0, 1.0, 0.0, 1.0, 1.0, 1.0, 1.0, 1.0, 1.0, 1.0, 1.0, 0.0, 1.0, 1.0, 1.0, 1.0, 1.0, 1.0, 1.0, 1.0, 1.0, 1.0, 1.0, 1.0, 1.0, 0.0, 1.0, 1.0, 1.0, 1.0, 1.0, 1.0, 1.0, 1.0, 1.0, 0.0, 1.0, 0.0, 0.0, 0.0, 1.0, 0.0, 0.0, 0.0, 0.0, 0.0, 0.0, 0.0, 0.0, 0.0, 0.0, 0.0, 0.0, 0.0, 0.0, 0.0, 0.0, 0.0, 0.0, 0.0, 0.0, 0.0, 0.0, 0.0, 0.0, 0.0, 0.0, 0.0, 0.0, 0.0, 0.0, 0.0, 0.0, 0.0, 0.0, 0.0, 0.0, 0.0, 0.0, 0.0, 0.0, 0.0, 0.0, 0.0, 0.0, 0.0, 0.0, 0.0, 0.0, 0.0, 0.0, 0.0, 0.0, 0.0, 0.0, 0.0, 0.0, 0.0, 0.0, 0.0, 0.0, 0.0, 0.0, 0.0, 0.0]","lr_backbone":0.0001,"bin_keep_ratio":0.40625,"stage2_test_acc":87.85205293518833,"stage3_test_f1":0.880802735215616,"best_val_loss":0.25099818235334237,"_wandb":{"runtime":13},"lr":0.001,"stage1/test_loss":0.4559599839993571,"stage3_test_loss":0.4356453563720341,"train_loss":0.10387297718548057,"mask_l1":0.28125,"stage_3_separableconvcnn/confusion_matrix_table":{"nrows":36,"_type":"table-file","ncols":3,"_latest_artifact_path":"wandb-client-artifact://9z4v8vwvrkhrbs3ty9ggbxcty9p9bvmc8maefh5521dnhf5hmz4c4nxqgs8dny6vmuyxk0g1xbkpl2y86xmz07awnqny5lnk5i3vhcjw1b2ys1307wjy0kg0x113f74j:latest/stage_3_separableconvcnn/confusion_matrix_table.table.json","sha256":"023768c4344be7ed117ae43d5c56123bc8d8ef927c1de5dbea70a7f64eb59bc7","size":1367,"path":"media/table/stage_3_separableconvcnn/confusion_matrix_table_7_023768c4344be7ed117a.table.json","artifact_path":"wandb-client-artifact://2eped6uoj5yn1e4ju4pt220sjen7tp5mkq7t841rytuv6k4s16bspz4jc448pwjcg3iked1qjww6qvfdmh9fd988jdfh2h7o5mpymf2njo491fuhdymjsfxnqyd3u5es/stage_3_separableconvcnn/confusion_matrix_table.table.json","log_mode":"IMMUTABLE"},"_step":8,"_runtime":13,"_timestamp":1.7764298445402513e+09,"stage2_test_loss":0.49782125196145616,"stage":3,"stage1_test_f1":0.8992012196111356,"stage1_test_loss":0.4559599839993571}