{"stage1_test_loss":0.22617445322285173,"val_loss":0.6464530694519669,"stage2_hard_bin_mask_str":"[1.0, 1.0, 1.0, 1.0, 1.0, 1.0, 1.0, 1.0, 1.0, 1.0, 0.0, 1.0, 1.0, 1.0, 1.0, 1.0, 1.0, 1.0, 1.0, 1.0, 1.0, 1.0, 1.0, 1.0, 1.0, 0.0, 1.0, 0.0, 0.0, 1.0, 1.0, 0.0, 0.0, 1.0, 0.0, 1.0, 0.0, 0.0, 0.0, 0.0, 0.0, 0.0, 0.0, 1.0, 0.0, 0.0, 0.0, 0.0, 0.0, 0.0, 0.0, 0.0, 0.0, 0.0, 0.0, 0.0, 0.0, 0.0, 0.0, 0.0, 0.0, 0.0, 0.0, 0.0, 0.0, 0.0, 0.0, 0.0, 0.0, 0.0, 0.0, 0.0, 0.0, 0.0, 0.0, 0.0, 0.0, 0.0, 0.0, 0.0, 0.0, 0.0, 0.0, 0.0, 0.0, 0.0, 0.0, 0.0, 0.0, 0.0, 0.0, 0.0, 0.0, 0.0, 0.0, 0.0, 0.0, 0.0, 0.0, 0.0, 0.0, 0.0, 0.0, 0.0, 0.0, 0.0, 0.0, 0.0, 0.0, 0.0, 0.0, 0.0, 0.0, 0.0, 0.0, 0.0, 0.0, 0.0, 0.0, 0.0, 0.0, 0.0, 0.0, 0.0, 0.0, 0.0, 0.0, 0.0]","mask_l1":0.171875,"lr":0.001,"train_acc":95.03637141634574,"stage3_test_acc":89.92195453003053,"stage3_test_f1":0.9018242426984605,"stage1/test_acc":91.07567017305735,"stage":3,"stage1/test_loss":0.22617445322285173,"stage2_test_acc":87.44485917882592,"stage2_test_f1":0.8738232736398533,"train_loss":0.1190633524909048,"_timestamp":1.7757820112281477e+09,"stage1_test_acc":91.07567017305735,"bin_keep_ratio":0.234375,"_step":10,"epoch":20,"stage1/use_pretrain_model":false,"_runtime":16,"_wandb":{"runtime":16},"stage2_test_loss":0.3497909659358303,"stage1/test_f1":0.9123850769801085,"lr_gumbel_bin":0.001,"best_val_loss":0.5012274200965232,"stage1_test_f1":0.9123850769801085,"stage_1_separableconvcnn/confusion_matrix_table":{"_type":"table-file","path":"media/table/stage_1_separableconvcnn/confusion_matrix_table_1_ee0fa33fc929b82f93f6.table.json","log_mode":"IMMUTABLE","size":1366,"nrows":36,"_latest_artifact_path":"wandb-client-artifact://acexpyqcptaqlgxhvimrckfg6fm1bahvdbbmpl51xft4jb344f1zdtfw4drqx2af87zqdlyzhyfqumm69w3l6nzy8j936e0lkyhhmqg71gaxd69kf42h28p1w24q6mx2:latest/stage_1_separableconvcnn/confusion_matrix_table.table.json","artifact_path":"wandb-client-artifact://k51pffvdv8ddzx0fjaln3xddqnsj52eh35fn4mo3r8mpect2mks2v0p3xrc03pae60s8989xplw59kiwwmlyup28738b53q9hj6duigsemoglh2jjei8a0bcyr1zy7nf/stage_1_separableconvcnn/confusion_matrix_table.table.json","sha256":"ee0fa33fc929b82f93f642ef91fbb8aa9f03d6057574e4a8afa65bbfb16ea3b6","ncols":3},"stage_3_separableconvcnn/confusion_matrix_table":{"_latest_artifact_path":"wandb-client-artifact://ryk8n2lh99ozxcbz3qvcqpt4ydxee1jykyz76e1whr84abhw4qhmk2up5719ip4g9cirra5d49pa9empf7bdv2o0lp3fbwmaypcsjq1rw3fe8e5fmylfkm1gy5563d75:latest/stage_3_separableconvcnn/confusion_matrix_table.table.json","sha256":"980819bb4974940b357dc17437012c2e5cb78eb90517c12f378918308fc9699b","log_mode":"IMMUTABLE","_type":"table-file","artifact_path":"wandb-client-artifact://y4mere18fciec2l8ckp1o4wivxi4eipu7ejwmq341vi58k62cmk2zowyoq7fiq06j4lr8sfywr6fjg08gf72xmrxltego6ntwph148hwxwe4x1m34o0ee024kd89pb8q/stage_3_separableconvcnn/confusion_matrix_table.table.json","ncols":3,"size":1368,"path":"media/table/stage_3_separableconvcnn/confusion_matrix_table_9_980819bb4974940b357d.table.json","nrows":36},"stage3_test_loss":0.32508334918951987,"lr_backbone":0.0001,"val_acc":83.57771260997067}