{"stage1/val_acc":66.71875,"stage1_test_f1":0.6732850795296068,"test_acc":74.81710458526533,"_step":4,"stage1/use_pretrain_model":false,"best_val_loss":0.8064727143570781,"stage1_test_loss":0.6732876196864461,"stage1/train_loss":0.5792740887992789,"stage_1_separableconvcnn/confusion_matrix_table":{"artifact_path":"wandb-client-artifact://cy9jexf280wammrrmimbyepdrflw65q6s44ynjxdhfu565hjfywfmy47ojbmbzyyps6h5lo0z679oc27mmplz6jw9zmvarzfr73vwqjv839k59jz6ey6jraxfu46te3o/stage_1_separableconvcnn/confusion_matrix_table.table.json","sha256":"cf77a0e02315f8ef0a04b8c0e50c15671320442acec6bb4f73a304976f095792","ncols":3,"log_mode":"IMMUTABLE","nrows":64,"size":2011,"_type":"table-file","path":"media/table/stage_1_separableconvcnn/confusion_matrix_table_4_cf77a0e02315f8ef0a04.table.json","_latest_artifact_path":"wandb-client-artifact://fpn5bs61qicj4yzcu23cch6mhrwkmplkt5yhhr6rheo3uynl800ljphs2x3qj29ezr4h6gujeu1d0449x8tt6fd66tqb4gt1in8en7xxqmha0qqt2mggsjr302ou5ici:latest/stage_1_separableconvcnn/confusion_matrix_table.table.json"},"stage1/train_acc":70.02327015254878,"test_loss":0.6732876196864461,"_wandb":{"runtime":49},"stage1_test_acc":74.81710458526533,"stage1/lr":0.001,"_runtime":49,"stage1/test_acc":74.81710458526533,"test_f1_macro":0.6732850795296068,"stage1/test_loss":0.6732876196864461,"_timestamp":1.7763677950402975e+09,"stage1/val_loss":0.8681797473132611,"best_epoch":4,"stage1/epoch":10,"stage1/stage_number":1,"stage1/purpose":"train baseline model","stage1/test_f1":0.6732850795296068,"stage1/best_val_loss":0.8064727143570781}