{"stage1/test_acc":91.72039362063116,"stage2_test_acc":82.04954190702409,"stage_3_separableconvcnn/confusion_matrix_table":{"log_mode":"IMMUTABLE","sha256":"b47c3e0b46e6da92a0305c470ac38d5f2ef6a92204dd83e9864c076453cc924d","nrows":36,"size":1371,"artifact_path":"wandb-client-artifact://okhxj6hud57etopm2oz6xvtwnxbceyfpxha76o2gyazks0xulhphg3jn1b856ffleugxnlu806jhmq0y1dnlv0jjojiqwtcm1ns4bw3dsrki15636cmxhvar86cijf4n/stage_3_separableconvcnn/confusion_matrix_table.table.json","ncols":3,"_type":"table-file","_latest_artifact_path":"wandb-client-artifact://evwwqehxqksiremxog3kyzs49a3l6ygy7hmxwzvlb81hwahcc2qvxwl49bhpqb8fomafnbdwfj9sg4tw0kboema42np1ybv2k1sqj2nikjcoajuvpplsi1oglmn2yahe:latest/stage_3_separableconvcnn/confusion_matrix_table.table.json","path":"media/table/stage_3_separableconvcnn/confusion_matrix_table_7_b47c3e0b46e6da92a030.table.json"},"_runtime":15,"stage3_test_loss":0.5377193827967996,"_timestamp":1.7764191639884458e+09,"stage3_test_f1":0.8158764095683816,"val_acc":84.14985590778097,"stage3_test_acc":81.9816762809637,"lr":0.001,"mask_l1":0.015625,"lr_backbone":0.0001,"stage1_test_loss":0.25057173036076164,"bin_keep_ratio":0.15625,"stage2_test_loss":0.5387660688883396,"stage1/test_f1":0.9190924499938599,"stage2_hard_bin_mask_str":"[0.0, 0.0, 1.0, 1.0, 0.0, 1.0, 0.0, 0.0, 0.0, 1.0, 0.0, 0.0, 0.0, 0.0, 1.0, 0.0, 0.0, 0.0, 0.0, 0.0, 0.0, 1.0, 1.0, 0.0, 0.0, 0.0, 0.0, 0.0, 1.0, 0.0, 1.0, 0.0, 0.0, 1.0, 1.0, 0.0, 0.0, 1.0, 1.0, 0.0, 0.0, 1.0, 1.0, 0.0, 0.0, 0.0, 0.0, 0.0, 1.0, 1.0, 1.0, 0.0, 0.0, 0.0, 1.0, 0.0, 0.0, 0.0, 0.0, 1.0, 0.0, 0.0, 0.0, 0.0, 0.0, 0.0, 0.0, 0.0, 0.0, 0.0, 0.0, 0.0, 0.0, 0.0, 0.0, 0.0, 0.0, 0.0, 0.0, 0.0, 0.0, 0.0, 0.0, 0.0, 0.0, 0.0, 0.0, 0.0, 0.0, 0.0, 0.0, 0.0, 0.0, 0.0, 0.0, 0.0, 0.0, 0.0, 0.0, 0.0, 0.0, 0.0, 0.0, 0.0, 0.0, 0.0, 0.0, 0.0, 0.0, 0.0, 0.0, 0.0, 0.0, 0.0, 0.0, 0.0, 0.0, 0.0, 0.0, 0.0, 0.0, 0.0, 0.0, 0.0, 0.0, 0.0, 0.0, 0.0]","stage2_test_f1":0.8198598676563824,"stage1_test_acc":91.72039362063116,"stage1_test_f1":0.9190924499938599,"stage":3,"val_loss":0.5045666857823858,"lr_gumbel_bin":0.001,"epoch":15,"_wandb":{"runtime":15},"stage1/test_loss":0.25057173036076164,"stage_1_separableconvcnn/confusion_matrix_table":{"_type":"table-file","nrows":36,"size":1366,"path":"media/table/stage_1_separableconvcnn/confusion_matrix_table_1_ba1709b9ded253dca6f1.table.json","ncols":3,"sha256":"ba1709b9ded253dca6f14b8d1a777336f0cb86899167c45d58f90d5e787020ac","_latest_artifact_path":"wandb-client-artifact://u8qygxha9h0hw2xlxp08czjm0t10b8ea0feqnctgzlh4immnou0ka0rm318xmpho34s68gyl5xwe9sls7zyufhr3ht1mumkbaomqzostjtbzo431ykmsndnnpbyiu9t1:latest/stage_1_separableconvcnn/confusion_matrix_table.table.json","artifact_path":"wandb-client-artifact://4y0jfonn0t99kqc4rv3hrgpa2vhki3j8kuaei0ir4l6gbfb3h0nbkotbwua87x5ptry5jvmrczqijwpe6whdz0sgafqsxcjik206jer4no30z5uakicjmwvw7hnn7vzc/stage_1_separableconvcnn/confusion_matrix_table.table.json","log_mode":"IMMUTABLE"},"train_acc":89.25053533190578,"stage1/use_pretrain_model":false,"_step":8,"best_val_loss":0.4310975501190345,"train_loss":0.24396693368072087}