{"stage1_test_acc":91.72039362063116,"_step":9,"lr_gumbel_bin":0.001,"_runtime":15,"stage1/test_f1":0.9190924499938599,"_timestamp":1.7764187778733873e+09,"lr":0.001,"_wandb":{"runtime":15},"stage3_test_acc":87.07159823549372,"stage1/test_loss":0.25057173036076164,"stage3_test_loss":0.4219209697030525,"stage1/use_pretrain_model":false,"stage2_test_loss":0.5344872430923215,"lr_backbone":0.0001,"stage1_test_loss":0.25057173036076164,"bin_keep_ratio":0.21875,"stage2_test_f1":0.8321852132009727,"stage_3_separableconvcnn/confusion_matrix_table":{"size":1368,"_latest_artifact_path":"wandb-client-artifact://goixdo9rdbelh0xq0jr2o0xjnb2igks8sn8tckl9nodazyflqs89dbzjifreem4brbos3xz1qc3cjjewoxjpd7a9o0462yx66yk5pu5kybv53q0lzkhnyde103mlgv91:latest/stage_3_separableconvcnn/confusion_matrix_table.table.json","nrows":36,"_type":"table-file","artifact_path":"wandb-client-artifact://53qmenjcwaqkbbt5ngp65rw5162koawqbhk7gu8yl7rb02owx7fofxzjgnzvl3mrcii3n3000xj5pfxzo71xc9klq3rn0663r8sdrq913xevnzec6kls80yhrx43o94w/stage_3_separableconvcnn/confusion_matrix_table.table.json","log_mode":"IMMUTABLE","sha256":"02d513e5579ca29a15d4585c2332fa8f1252eecfb7981e4be8df437ff47b4e43","ncols":3,"path":"media/table/stage_3_separableconvcnn/confusion_matrix_table_8_02d513e5579ca29a15d4.table.json"},"stage2_test_acc":83.2711231761113,"stage_1_separableconvcnn/confusion_matrix_table":{"ncols":3,"_type":"table-file","size":1366,"path":"media/table/stage_1_separableconvcnn/confusion_matrix_table_1_ba1709b9ded253dca6f1.table.json","nrows":36,"artifact_path":"wandb-client-artifact://u947j1eupgvwsxbub3iwdohndg1p8lz9r6aj7fj27pisrhzrn5jkrdj8fbacnchozpkzcvf8lpsudtiel2aq0nz1bnceef10xj6tqsq63y9vmkbxwzgprign5kfxteo8/stage_1_separableconvcnn/confusion_matrix_table.table.json","sha256":"ba1709b9ded253dca6f14b8d1a777336f0cb86899167c45d58f90d5e787020ac","log_mode":"IMMUTABLE","_latest_artifact_path":"wandb-client-artifact://ubcnta8h02mo7f8adjw5qjcxmnqdo3f58sxswtex30bxqjfdh9wvrobm9vm6fdha2ipgvpsuk9zkrm7hfmjdzujcr4to5nwpkowsk8z7kl3sv5x12kokxempe159q6hh:latest/stage_1_separableconvcnn/confusion_matrix_table.table.json"},"stage":3,"train_loss":0.20156196933572076,"stage1_test_f1":0.9190924499938599,"val_acc":83.28530259365995,"epoch":20,"best_val_loss":0.29928887989747766,"stage1/test_acc":91.72039362063116,"stage2_hard_bin_mask_str":"[0.0, 0.0, 0.0, 0.0, 1.0, 1.0, 0.0, 0.0, 0.0, 0.0, 1.0, 1.0, 1.0, 0.0, 0.0, 1.0, 0.0, 1.0, 1.0, 1.0, 1.0, 1.0, 0.0, 0.0, 1.0, 1.0, 0.0, 0.0, 0.0, 1.0, 0.0, 0.0, 1.0, 1.0, 0.0, 0.0, 1.0, 1.0, 1.0, 1.0, 0.0, 0.0, 0.0, 0.0, 0.0, 1.0, 1.0, 0.0, 1.0, 1.0, 0.0, 0.0, 1.0, 1.0, 0.0, 1.0, 1.0, 0.0, 0.0, 0.0, 0.0, 0.0, 0.0, 0.0, 0.0, 0.0, 0.0, 0.0, 0.0, 0.0, 0.0, 0.0, 0.0, 0.0, 0.0, 0.0, 0.0, 0.0, 0.0, 0.0, 0.0, 0.0, 0.0, 0.0, 0.0, 0.0, 0.0, 0.0, 0.0, 0.0, 0.0, 0.0, 0.0, 0.0, 0.0, 0.0, 0.0, 0.0, 0.0, 0.0, 0.0, 0.0, 0.0, 0.0, 0.0, 0.0, 0.0, 0.0, 0.0, 0.0, 0.0, 0.0, 0.0, 0.0, 0.0, 0.0, 0.0, 0.0, 0.0, 0.0, 0.0, 0.0, 0.0, 0.0, 0.0, 0.0, 0.0, 0.0]","stage3_test_f1":0.8727768897751503,"val_loss":0.4971271414613024,"mask_l1":0.015625,"train_acc":90.82084225553176}