{"stage2/final_mask_keep_ratio_block4":0.4921875,"_runtime":40,"stage2/val_loss":0.695110814733655,"lr_loaded_weights":0.0001,"best_val_loss":0.2739433323993733,"final_summary_log_path":"/home/qphan/master-thesis/models/uci_best_model_three_stage_channel_subject28_val_final_summary_val_28.txt","train_loss":0.23309676370969631,"stage":3,"_wandb":{"runtime":40},"stage2/block2_Pruned_%":71.875,"stage3_test_acc":89.68442483881914,"stage2/raw_hard_mask_block4":"[0.0, 1.0, 1.0, 1.0, 0.0, 0.0, 1.0, 1.0, 0.0, 1.0, 0.0, 0.0, 1.0, 0.0, 1.0, 0.0, 1.0, 1.0, 1.0, 0.0, 0.0, 1.0, 1.0, 0.0, 0.0, 1.0, 1.0, 1.0, 1.0, 0.0, 1.0, 1.0, 0.0, 0.0, 0.0, 0.0, 0.0, 1.0, 1.0, 0.0, 0.0, 1.0, 0.0, 1.0, 1.0, 1.0, 0.0, 0.0, 1.0, 0.0, 1.0, 1.0, 1.0, 0.0, 1.0, 0.0, 0.0, 1.0, 0.0, 0.0, 1.0, 1.0, 1.0, 1.0, 0.0, 0.0, 0.0, 0.0, 0.0, 0.0, 1.0, 0.0, 0.0, 0.0, 0.0, 0.0, 0.0, 0.0, 1.0, 1.0, 1.0, 1.0, 1.0, 1.0, 1.0, 0.0, 0.0, 1.0, 1.0, 1.0, 0.0, 0.0, 0.0, 1.0, 1.0, 0.0, 0.0, 0.0, 1.0, 1.0, 1.0, 0.0, 0.0, 1.0, 1.0, 0.0, 1.0, 0.0, 0.0, 1.0, 0.0, 1.0, 1.0, 0.0, 0.0, 0.0, 0.0, 1.0, 1.0, 1.0, 0.0, 1.0, 0.0, 0.0, 1.0, 0.0, 1.0, 0.0]","stage2/best_val_loss":0.6842678625780251,"stage2/block4_Pruned_%":50.78125,"block4_Pruned_%":50.78125,"stage1/test_f1":0.9051329843595525,"_timestamp":1.7758636961383007e+09,"model_param_reduction_pct":73.68449603992622,"stage2/lr_backbone":0.0001,"block2_Pruned_%":71.875,"stage2/raw_hard_mask_block3":"[0.0, 0.0, 0.0, 0.0, 1.0, 1.0, 0.0, 0.0, 0.0, 0.0, 0.0, 1.0, 0.0, 0.0, 1.0, 0.0, 1.0, 0.0, 0.0, 0.0, 1.0, 0.0, 0.0, 0.0, 0.0, 0.0, 1.0, 1.0, 1.0, 0.0, 1.0, 0.0, 0.0, 1.0, 1.0, 0.0, 0.0, 1.0, 0.0, 1.0, 0.0, 0.0, 1.0, 1.0, 0.0, 0.0, 0.0, 0.0, 0.0, 1.0, 0.0, 1.0, 1.0, 1.0, 0.0, 0.0, 0.0, 0.0, 0.0, 0.0, 0.0, 0.0, 1.0, 0.0, 1.0, 1.0, 0.0, 0.0, 0.0, 0.0, 1.0, 1.0, 0.0, 0.0, 0.0, 0.0, 0.0, 1.0, 0.0, 1.0, 1.0, 1.0, 0.0, 1.0, 1.0, 0.0, 0.0, 1.0, 1.0, 0.0, 0.0, 0.0, 0.0, 0.0, 0.0, 0.0, 0.0, 1.0, 0.0, 1.0, 1.0, 1.0, 1.0, 0.0, 0.0, 1.0, 0.0, 1.0, 1.0, 0.0, 0.0, 0.0, 1.0, 0.0, 0.0, 1.0, 0.0, 0.0, 1.0, 0.0, 0.0, 0.0, 1.0, 1.0, 1.0, 0.0, 0.0, 0.0]","stage2/mask_l1":0.4395396411418915,"stage2/val_acc":62.82722513089005,"block3_Pruned_%":63.28125,"stage1/test_loss":0.26277959650952193,"stage1_test_f1":0.9051329843595525,"stage2/test_acc":62.70783847980998,"stage2/Total_Pruned_%":60,"stage2/best_epoch":26,"stage2/raw_hard_mask_block2":"[1.0, 1.0, 0.0, 0.0, 0.0, 0.0, 0.0, 1.0, 0.0, 1.0, 0.0, 0.0, 1.0, 0.0, 1.0, 0.0, 1.0, 0.0, 0.0, 0.0, 0.0, 0.0, 0.0, 0.0, 0.0, 0.0, 0.0, 0.0, 0.0, 0.0, 0.0, 0.0, 1.0, 1.0, 1.0, 1.0, 0.0, 0.0, 0.0, 0.0, 0.0, 1.0, 0.0, 1.0, 1.0, 0.0, 0.0, 0.0, 0.0, 0.0, 1.0, 0.0, 0.0, 1.0, 1.0, 0.0, 0.0, 0.0, 0.0, 0.0, 0.0, 0.0, 0.0, 1.0]","_step":23,"val_loss":0.2751876873339658,"Total_Pruned_%":60,"stage2_test_acc":62.70783847980998,"stage2/train_loss":0.9348895294252393,"stage2/test_loss":0.6515422863686665,"stage2/block3_Pruned_%":63.28125,"stage1/use_pretrain_model":false,"stage_1_separableconvcnn/confusion_matrix_table":{"ncols":3,"log_mode":"IMMUTABLE","size":1366,"artifact_path":"wandb-client-artifact://jqxgupehvtu5l1anbq12d5hih6les5jhohb5dim2dmy18qfpce8wuh6oca34el6bbob62bb7lbnoenquu00yc56pefue4gy35urqgsur6sc41v2eygspjtbh7ghw4bwt/stage_1_separableconvcnn/confusion_matrix_table.table.json","path":"media/table/stage_1_separableconvcnn/confusion_matrix_table_1_5e10bfc5089100db3fe5.table.json","nrows":36,"_type":"table-file","sha256":"5e10bfc5089100db3fe5728a7162421b691ff437e4ac9bceeeae0f92c75042d8","_latest_artifact_path":"wandb-client-artifact://h0s0i9qeclrm8x77bu0b6v83xz1xb029pjb03hpvm9kguwcb2kptnt740k81st79vf9ao99h1t1iloeixilp3qo7skui4inblq0wx0ewftezsu2f6zta2opk4chj6m86:latest/stage_1_separableconvcnn/confusion_matrix_table.table.json"},"model_param_count_dense":36868,"epoch":55,"stage2/lr_gumbel":0.001,"stage3_test_f1":0.8989565263166935,"stage1_test_loss":0.26277959650952193,"stage2_test_loss":0.6515422863686665,"stage1/test_acc":90.26128266033254,"stage2/train_acc":61.87948350071736,"stage_3_prunedseparableconvcnn/confusion_matrix_table":{"log_mode":"IMMUTABLE","nrows":36,"sha256":"b7be567f120ea3cf4fbd8d6ec41927a8e3ff2d56e5dc428a444fda470ae18466","ncols":3,"artifact_path":"wandb-client-artifact://j6ouqisyfc947fp7j9skhmrwjomaa977to87qufm0phwvaoqyvpvanvziidtch89qwdldkp3hnpmxu856t8qpgamp4k0qvchqv19y0o7lv17v6v9e7tlhukou5itaczg/stage_3_prunedseparableconvcnn/confusion_matrix_table.table.json","_latest_artifact_path":"wandb-client-artifact://z7siwqcc5aed8a57p8caya8knh8x19zqdnfb073m4fn5cpm5dtpav9x66to2lo0n92e9hfcq5rc5wxhy95dznw9wnmbaybi9olnsl634hk09e9f5wzho8cspa57mu8ky:latest/stage_3_prunedseparableconvcnn/confusion_matrix_table.table.json","_type":"table-file","size":1367,"path":"media/table/stage_3_prunedseparableconvcnn/confusion_matrix_table_21_b7be567f120ea3cf4fbd.table.json"},"stage2/test_f1":0.5894735229385563,"stage2_test_f1":0.5894735229385563,"stage3_test_loss":0.300646537123247,"stage2/final_mask_keep_ratio_block3":0.3671875,"stage2/epoch":35,"stage2/stage_number":2,"model_param_count_pruned":9702,"stage2/final_mask_keep_ratio_block2":0.28125,"stage2/purpose":"train channel-pruning model with masking","model_param_count":9702,"stage1_test_acc":90.26128266033254,"val_acc":89.79057591623037,"train_acc":90.07173601147777}