{"stage_1_separableconvcnn/confusion_matrix_table":{"path":"media/table/stage_1_separableconvcnn/confusion_matrix_table_1_455af67ee87071128306.table.json","sha256":"455af67ee87071128306d26881825081264c3d04288a60e5ae198ffd7a948662","_latest_artifact_path":"wandb-client-artifact://0bh9cymg2ji5jtmhl37gx0fefzm0r3jrxf9cg7b4ahud7g0t3s6iiucm267ciyfmjnrwfbg4jjzq1y28r407puawihca6dyd7g1bjopwrhrgk6ual5twhuy3kru0co2g:latest/stage_1_separableconvcnn/confusion_matrix_table.table.json","artifact_path":"wandb-client-artifact://mcibam2inijaqfepmt5m67u6qn3nw95p8y04qf3n1kbcf23czkpv1708cn4pbx24qm2gx0dsq1x5ncrweg17v1gj6oh8fygf2r2d2jokywlj08180uki74ox6cc8b6cm/stage_1_separableconvcnn/confusion_matrix_table.table.json","log_mode":"IMMUTABLE","size":1365,"ncols":3,"nrows":36,"_type":"table-file"},"stage1/test_f1":0.9147812515637623,"stage2/val_acc":100,"stage2/test_acc":87.91991856124872,"stage2/stage_number":2,"stage2/final_mask_keep_ratio_block4":0.859375,"_runtime":25,"block3_Pruned_%":46.09375,"stage2_test_loss":0.5168985660580125,"stage2/mask_l1":0.4962298274040222,"stage1/test_loss":0.3163428130339651,"stage2/block3_Pruned_%":46.09375,"stage2/block4_Pruned_%":14.0625,"model_param_count":20271,"stage2_test_acc":87.91991856124872,"stage2/val_loss":0.0013525062833640252,"train_loss":0.08384697380276938,"stage2/final_mask_keep_ratio_block2":0.625,"final_summary_log_path":"/home/qphan/master-thesis/models/uci_best_model_three_stage_channel_subject1_val_final_summary_val_1.txt","stage2/best_val_loss":0.0023179602982363627,"stage1_test_acc":91.41499830335935,"model_param_reduction_pct":45.017359227514376,"_step":14,"stage2/train_acc":90.99214846538187,"stage3_test_loss":0.34299415319510435,"lr_loaded_weights":0.0001,"epoch":25,"stage2/raw_hard_mask_block2":"[0.0, 0.0, 0.0, 0.0, 0.0, 0.0, 1.0, 0.0, 0.0, 1.0, 1.0, 1.0, 0.0, 0.0, 1.0, 1.0, 1.0, 1.0, 1.0, 1.0, 0.0, 1.0, 1.0, 1.0, 0.0, 1.0, 0.0, 1.0, 1.0, 1.0, 1.0, 1.0, 1.0, 0.0, 1.0, 1.0, 1.0, 0.0, 1.0, 1.0, 0.0, 1.0, 0.0, 1.0, 1.0, 0.0, 1.0, 0.0, 0.0, 1.0, 1.0, 1.0, 0.0, 1.0, 1.0, 1.0, 0.0, 1.0, 1.0, 1.0, 1.0, 1.0, 0.0, 0.0]","stage2/final_mask_keep_ratio_block3":0.5390625,"stage2/train_loss":0.6479920660062486,"stage3_test_f1":0.9201266908180795,"stage2/best_epoch":13,"_wandb":{"runtime":25},"stage_3_prunedseparableconvcnn/confusion_matrix_table":{"nrows":36,"ncols":3,"path":"media/table/stage_3_prunedseparableconvcnn/confusion_matrix_table_12_1253bd2ebd77240399cc.table.json","artifact_path":"wandb-client-artifact://z4nx5m3z57l2zfxrjjpjsxvhfmz6eurwgiyznp8w72tumr2prylhspu1cu88imzmqxhpv69aa7zhx5zn5szj669h547aufzza5q5ikrj2lwyb7i1h2veglgxm0b3yklz/stage_3_prunedseparableconvcnn/confusion_matrix_table.table.json","size":1362,"sha256":"1253bd2ebd77240399cc7f7852e1b04bd444c8100568e48f1032b1762053c947","log_mode":"IMMUTABLE","_type":"table-file","_latest_artifact_path":"wandb-client-artifact://kfg53lhli441t9e8xuuo75ys6idgxokps7c653mnuwemofty1x3yqqgi6uzzn182amjxkk883qsospdjmh98wftch5al1rd48jj5kvejh1uqwswjd3ivds0tb5z8zu4k:latest/stage_3_prunedseparableconvcnn/confusion_matrix_table.table.json"},"model_param_count_dense":36868,"block2_Pruned_%":37.5,"train_acc":95.86009992862242,"Total_Pruned_%":31.562500000000004,"stage2/purpose":"train channel-pruning model with masking","stage1_test_f1":0.9147812515637623,"stage2/raw_hard_mask_block4":"[1.0, 1.0, 1.0, 1.0, 1.0, 1.0, 1.0, 1.0, 1.0, 1.0, 1.0, 0.0, 1.0, 1.0, 1.0, 1.0, 0.0, 1.0, 1.0, 1.0, 1.0, 1.0, 1.0, 1.0, 1.0, 0.0, 0.0, 1.0, 1.0, 1.0, 1.0, 1.0, 1.0, 0.0, 1.0, 1.0, 1.0, 1.0, 1.0, 1.0, 1.0, 0.0, 1.0, 1.0, 1.0, 0.0, 1.0, 1.0, 1.0, 1.0, 0.0, 1.0, 1.0, 1.0, 1.0, 1.0, 1.0, 1.0, 1.0, 1.0, 1.0, 1.0, 1.0, 1.0, 1.0, 1.0, 1.0, 1.0, 1.0, 1.0, 1.0, 0.0, 1.0, 1.0, 1.0, 1.0, 1.0, 0.0, 1.0, 0.0, 1.0, 1.0, 1.0, 1.0, 1.0, 1.0, 0.0, 1.0, 1.0, 0.0, 1.0, 1.0, 1.0, 1.0, 1.0, 1.0, 1.0, 1.0, 1.0, 1.0, 1.0, 1.0, 1.0, 1.0, 1.0, 1.0, 1.0, 1.0, 1.0, 1.0, 1.0, 0.0, 0.0, 0.0, 1.0, 1.0, 1.0, 1.0, 1.0, 1.0, 1.0, 1.0, 1.0, 0.0, 1.0, 1.0, 0.0, 1.0]","stage1/test_acc":91.41499830335935,"model_param_count_pruned":20271,"stage2_test_f1":0.8783203178724693,"stage2/Total_Pruned_%":31.562500000000004,"stage1_test_loss":0.3163428130339651,"block4_Pruned_%":14.0625,"stage2/epoch":20,"_timestamp":1.7768005148857346e+09,"best_val_loss":0.001656194934918782,"stage2/test_loss":0.5168985660580125,"stage1/use_pretrain_model":false,"val_acc":100,"val_loss":0.0022685633475047814,"stage2/test_f1":0.8783203178724693,"stage2/block2_Pruned_%":37.5,"stage2/lr_backbone":0.0001,"stage2/lr_gumbel":0.001,"stage3_test_acc":91.92399049881236,"stage":3,"stage2/raw_hard_mask_block3":"[0.0, 1.0, 1.0, 1.0, 0.0, 0.0, 1.0, 1.0, 0.0, 1.0, 0.0, 1.0, 0.0, 0.0, 0.0, 0.0, 0.0, 0.0, 1.0, 0.0, 0.0, 0.0, 1.0, 1.0, 1.0, 0.0, 0.0, 0.0, 1.0, 1.0, 0.0, 1.0, 1.0, 0.0, 0.0, 1.0, 0.0, 1.0, 0.0, 0.0, 1.0, 1.0, 1.0, 1.0, 0.0, 0.0, 1.0, 0.0, 1.0, 0.0, 1.0, 1.0, 1.0, 1.0, 1.0, 1.0, 1.0, 0.0, 1.0, 0.0, 0.0, 0.0, 1.0, 1.0, 0.0, 0.0, 1.0, 0.0, 0.0, 1.0, 0.0, 0.0, 1.0, 1.0, 1.0, 1.0, 1.0, 0.0, 0.0, 1.0, 0.0, 0.0, 0.0, 0.0, 1.0, 1.0, 1.0, 1.0, 0.0, 1.0, 1.0, 1.0, 1.0, 1.0, 1.0, 1.0, 1.0, 0.0, 1.0, 0.0, 0.0, 1.0, 1.0, 1.0, 0.0, 0.0, 1.0, 1.0, 1.0, 0.0, 1.0, 0.0, 1.0, 0.0, 1.0, 0.0, 0.0, 1.0, 1.0, 1.0, 1.0, 0.0, 0.0, 0.0, 0.0, 1.0, 0.0, 1.0]"}