{"stage2_test_acc":78.11333559552087,"lr_backbone":0.0001,"val_loss":0.3125308874589998,"_step":10,"stage1/test_acc":91.72039362063116,"stage3_test_f1":0.8633985685140607,"val_acc":89.9135446685879,"mask_l1":0.015625,"stage1/use_pretrain_model":false,"stage1_test_f1":0.9190924499938599,"bin_keep_ratio":0.2109375,"_runtime":17,"stage1_test_loss":0.25057173036076164,"stage3_test_loss":0.45641476702670336,"epoch":25,"stage_3_separableconvcnn/confusion_matrix_table":{"sha256":"9af97341177de74967e649289bef50bb82c301d0719491eeb0277d44bc946c63","nrows":36,"size":1369,"path":"media/table/stage_3_separableconvcnn/confusion_matrix_table_9_9af97341177de74967e6.table.json","artifact_path":"wandb-client-artifact://z13dxj4rir6yj7lobfj1dysfmlhw5vryp7rh09gff0dvzns2emc32n8noovuthlxnv8xvqhu36v7oo3bo042qnkqfn9colze6rqr5uk3nfybc283rhwsouum7jwre6w3/stage_3_separableconvcnn/confusion_matrix_table.table.json","_type":"table-file","log_mode":"IMMUTABLE","ncols":3,"_latest_artifact_path":"wandb-client-artifact://jr8coxso5vtywxq8s0akphcpc89fw9pxj2rd1er5lf0znqwyhavq65g1di3benot240a3mnfi48pac47jc12kksqo1cvh7mac4b3nrp662rbgfjro6v75nwvv6k4d1gz:latest/stage_3_separableconvcnn/confusion_matrix_table.table.json"},"stage2_test_f1":0.7720605689501251,"stage_1_separableconvcnn/confusion_matrix_table":{"sha256":"ba1709b9ded253dca6f14b8d1a777336f0cb86899167c45d58f90d5e787020ac","path":"media/table/stage_1_separableconvcnn/confusion_matrix_table_1_ba1709b9ded253dca6f1.table.json","artifact_path":"wandb-client-artifact://2rz5xe6hhjurxb7uoz8w3r58vdvopldnczbctr9les1luo2uxtra6ajq5a97hb3wj86vd4dmrrl1wel9lxyct0wzlizobp3bi7kftb2pvo7paqnmu7bk3jowfhssoepo/stage_1_separableconvcnn/confusion_matrix_table.table.json","_latest_artifact_path":"wandb-client-artifact://k6wk1uy1ztcawd6e1jwlh10xbjte75ryw54slh2boph34jfq7lynrf9q1c1bmo6jeayxqw0nxn2tbjf4tuytvgyp1bwhy0owxajlmm7e1n9lx1pynk49ux2cufcp9r3t:latest/stage_1_separableconvcnn/confusion_matrix_table.table.json","size":1366,"_type":"table-file","log_mode":"IMMUTABLE","nrows":36,"ncols":3},"stage1/test_f1":0.9190924499938599,"_timestamp":1.7764237628227367e+09,"stage3_test_acc":86.25721072276892,"stage":3,"train_acc":91.24910778015703,"stage1_test_acc":91.72039362063116,"lr":0.001,"train_loss":0.19406517406262133,"stage2_hard_bin_mask_str":"[0.0, 0.0, 0.0, 0.0, 0.0, 0.0, 0.0, 1.0, 0.0, 0.0, 0.0, 1.0, 1.0, 1.0, 1.0, 0.0, 1.0, 1.0, 1.0, 1.0, 1.0, 0.0, 0.0, 0.0, 1.0, 0.0, 0.0, 0.0, 1.0, 1.0, 1.0, 1.0, 0.0, 1.0, 1.0, 1.0, 0.0, 0.0, 0.0, 0.0, 0.0, 1.0, 1.0, 0.0, 1.0, 1.0, 1.0, 0.0, 0.0, 0.0, 0.0, 0.0, 0.0, 1.0, 1.0, 0.0, 0.0, 0.0, 0.0, 1.0, 1.0, 0.0, 0.0, 0.0, 0.0, 0.0, 0.0, 0.0, 0.0, 0.0, 0.0, 0.0, 0.0, 0.0, 0.0, 0.0, 0.0, 0.0, 0.0, 0.0, 0.0, 0.0, 0.0, 0.0, 0.0, 0.0, 0.0, 0.0, 0.0, 0.0, 0.0, 0.0, 0.0, 0.0, 0.0, 0.0, 0.0, 0.0, 0.0, 0.0, 0.0, 0.0, 0.0, 0.0, 0.0, 0.0, 0.0, 0.0, 0.0, 0.0, 0.0, 0.0, 0.0, 0.0, 0.0, 0.0, 0.0, 0.0, 0.0, 0.0, 0.0, 0.0, 0.0, 0.0, 0.0, 0.0, 0.0, 0.0]","stage1/test_loss":0.25057173036076164,"best_val_loss":0.29507615593307646,"_wandb":{"runtime":17},"stage2_test_loss":0.6138129661331844,"lr_gumbel_bin":0.001}