{"params_after_pruning":12838,"best_val_loss":0.6572011397940781,"stage3_final_mask_json":"{\"block2\": [1.0, 0.0, 0.0, 1.0, 0.0, 0.0, 1.0, 0.0, 1.0, 0.0, 0.0, 1.0, 1.0, 1.0, 1.0, 0.0, 1.0, 1.0, 0.0, 1.0, 0.0, 1.0, 0.0, 1.0, 1.0, 0.0, 0.0, 0.0, 1.0, 0.0, 0.0, 0.0, 1.0, 0.0, 1.0, 1.0, 1.0, 1.0, 0.0, 1.0, 1.0, 0.0, 0.0, 1.0, 1.0, 1.0, 0.0, 1.0, 1.0, 1.0, 0.0, 1.0, 0.0, 0.0, 1.0, 1.0, 0.0, 1.0, 0.0, 0.0, 0.0, 0.0, 0.0, 0.0], \"block3\": [0.0, 1.0, 1.0, 0.0, 0.0, 0.0, 1.0, 1.0, 1.0, 0.0, 1.0, 1.0, 1.0, 0.0, 0.0, 0.0, 0.0, 1.0, 0.0, 0.0, 1.0, 1.0, 1.0, 0.0, 1.0, 1.0, 0.0, 1.0, 0.0, 1.0, 1.0, 1.0, 1.0, 1.0, 1.0, 1.0, 0.0, 1.0, 1.0, 0.0, 1.0, 0.0, 0.0, 0.0, 1.0, 0.0, 0.0, 1.0, 1.0, 1.0, 1.0, 1.0, 0.0, 0.0, 1.0, 0.0, 0.0, 1.0, 0.0, 1.0, 0.0, 0.0, 1.0, 0.0, 0.0, 1.0, 1.0, 0.0, 0.0, 1.0, 0.0, 0.0, 1.0, 1.0, 0.0, 1.0, 1.0, 0.0, 0.0, 0.0, 0.0, 0.0, 1.0, 1.0, 0.0, 0.0, 0.0, 1.0, 1.0, 1.0, 0.0, 0.0, 0.0, 0.0, 1.0, 0.0, 1.0, 0.0, 1.0, 1.0, 1.0, 1.0, 0.0, 1.0, 0.0, 1.0, 1.0, 1.0, 0.0, 1.0, 0.0, 1.0, 1.0, 0.0, 0.0, 0.0, 0.0, 0.0, 0.0, 0.0, 0.0, 1.0, 1.0, 0.0, 0.0, 1.0, 1.0, 0.0], \"block4\": [1.0, 1.0, 0.0, 1.0, 0.0, 0.0, 1.0, 0.0, 0.0, 0.0, 0.0, 0.0, 0.0, 1.0, 1.0, 0.0, 1.0, 0.0, 1.0, 1.0, 1.0, 0.0, 1.0, 1.0, 1.0, 1.0, 1.0, 1.0, 0.0, 0.0, 1.0, 1.0, 0.0, 1.0, 1.0, 1.0, 0.0, 1.0, 0.0, 1.0, 0.0, 1.0, 0.0, 0.0, 0.0, 0.0, 0.0, 0.0, 1.0, 0.0, 1.0, 1.0, 0.0, 1.0, 0.0, 1.0, 1.0, 0.0, 0.0, 0.0, 1.0, 0.0, 1.0, 1.0, 0.0, 1.0, 0.0, 0.0, 1.0, 0.0, 0.0, 1.0, 1.0, 1.0, 1.0, 1.0, 1.0, 1.0, 1.0, 0.0, 0.0, 1.0, 1.0, 0.0, 1.0, 1.0, 1.0, 1.0, 0.0, 1.0, 1.0, 1.0, 0.0, 1.0, 1.0, 1.0, 0.0, 0.0, 0.0, 0.0, 1.0, 1.0, 1.0, 0.0, 0.0, 0.0, 0.0, 1.0, 0.0, 0.0, 0.0, 1.0, 0.0, 1.0, 0.0, 0.0, 0.0, 0.0, 0.0, 1.0, 1.0, 0.0, 0.0, 0.0, 0.0, 0.0, 0.0, 1.0]}","_step":7,"lr":0.001,"train_loss":0.5975040502731434,"_runtime":69,"val_loss":0.7509598578439203,"stage3_test_f1":0.6273654068239292,"stage3_channel_metadata_json":"{\"block2\": {\"kept_indices\": [0, 3, 6, 8, 11, 12, 13, 14, 16, 17, 19, 21, 23, 24, 28, 32, 34, 35, 36, 37, 39, 40, 43, 44, 45, 47, 48, 49, 51, 54, 55, 57], \"pruned_indices\": [1, 2, 4, 5, 7, 9, 10, 15, 18, 20, 22, 25, 26, 27, 29, 30, 31, 33, 38, 41, 42, 46, 50, 52, 53, 56, 58, 59, 60, 61, 62, 63], \"kept_count\": 32, \"pruned_count\": 32, \"total_channels\": 64}, \"block3\": {\"kept_indices\": [1, 2, 6, 7, 8, 10, 11, 12, 17, 20, 21, 22, 24, 25, 27, 29, 30, 31, 32, 33, 34, 35, 37, 38, 40, 44, 47, 48, 49, 50, 51, 54, 57, 59, 62, 65, 66, 69, 72, 73, 75, 76, 82, 83, 87, 88, 89, 94, 96, 98, 99, 100, 101, 103, 105, 106, 107, 109, 111, 112, 121, 122, 125, 126], \"pruned_indices\": [0, 3, 4, 5, 9, 13, 14, 15, 16, 18, 19, 23, 26, 28, 36, 39, 41, 42, 43, 45, 46, 52, 53, 55, 56, 58, 60, 61, 63, 64, 67, 68, 70, 71, 74, 77, 78, 79, 80, 81, 84, 85, 86, 90, 91, 92, 93, 95, 97, 102, 104, 108, 110, 113, 114, 115, 116, 117, 118, 119, 120, 123, 124, 127], \"kept_count\": 64, \"pruned_count\": 64, \"total_channels\": 128}, \"block4\": {\"kept_indices\": [0, 1, 3, 6, 13, 14, 16, 18, 19, 20, 22, 23, 24, 25, 26, 27, 30, 31, 33, 34, 35, 37, 39, 41, 48, 50, 51, 53, 55, 56, 60, 62, 63, 65, 68, 71, 72, 73, 74, 75, 76, 77, 78, 81, 82, 84, 85, 86, 87, 89, 90, 91, 93, 94, 95, 100, 101, 102, 107, 111, 113, 119, 120, 127], \"pruned_indices\": [2, 4, 5, 7, 8, 9, 10, 11, 12, 15, 17, 21, 28, 29, 32, 36, 38, 40, 42, 43, 44, 45, 46, 47, 49, 52, 54, 57, 58, 59, 61, 64, 66, 67, 69, 70, 79, 80, 83, 88, 92, 96, 97, 98, 99, 103, 104, 105, 106, 108, 109, 110, 112, 114, 115, 116, 117, 118, 121, 122, 123, 124, 125, 126], \"kept_count\": 64, \"pruned_count\": 64, \"total_channels\": 128}}","_wandb":{"runtime":69},"params_before_pruning":36998,"_timestamp":1.7754339210359907e+09,"stage3_test_acc":65.25502318392581,"stage":3,"channels_block3":64,"channels_block4":64,"val_acc":74.03818751781134,"channels_block2":32,"stage_3_prunedseparableconvcnn/confusion_matrix_table":{"log_mode":"IMMUTABLE","sha256":"e326f86c20532cfb1ce0bfbc5097626ad6520be73ee90941f626c262fa40801d","_type":"table-file","_latest_artifact_path":"wandb-client-artifact://824pov6guoh4lohxx4r43wkpf8nld5dupr0tobrh26pwj9og3423a9veai7jff1aaq02mn8zurxi14t7zv0ezwsi8wnufsbrzxuozjh4nmu8a8917do6wyfv5gkpahw5:latest/stage_3_prunedseparableconvcnn/confusion_matrix_table.table.json","path":"media/table/stage_3_prunedseparableconvcnn/confusion_matrix_table_6_e326f86c20532cfb1ce0.table.json","size":2006,"artifact_path":"wandb-client-artifact://a2vp3cz4dn0axwmffd18nt4iywx9685vtkx4jcgerwgr1ymwi7orw4962x0eoe5mbpt7r3n0edkvblce23lysp11y3ozkq5ierd3nybqh48znq2igizxughkpglmllpp/stage_3_prunedseparableconvcnn/confusion_matrix_table.table.json","nrows":64,"ncols":3},"epoch":18,"stage1_test_acc":78.49562081401339,"train_acc":78.17490494296578,"stage1_test_f1":0.677967605576644,"stage_1_separableconvcnn/confusion_matrix_table":{"size":2014,"nrows":64,"sha256":"9801ff5ef3ee6a3bb05a05ebf42ad249b8e3a430a027e67d8bea790f448fb438","log_mode":"IMMUTABLE","_latest_artifact_path":"wandb-client-artifact://a0ij3247ee4cl0eb7mnhx10cnhng3bugctro8f1gqeqva3z72pqb4vl221elngnh9uc2grdaxn0o2k2orkybwgmqw58bff46u8wutlcj99ql984jpwuvvrqjq3sa1b8g:latest/stage_1_separableconvcnn/confusion_matrix_table.table.json","ncols":3,"artifact_path":"wandb-client-artifact://omsek6yuwft7y2yeoqbqnzqytv2e82rhse0tpv038gyfnk97nw2e29aooiz6f0dfbeo6rg11scqulu1ys7z5njzw7rhawse0a49h3f6ojcdb4jguthoc9612500vcz83/stage_1_separableconvcnn/confusion_matrix_table.table.json","_type":"table-file","path":"media/table/stage_1_separableconvcnn/confusion_matrix_table_0_9801ff5ef3ee6a3bb05a.table.json"}}