{"stage1_test_loss":0.24706797573488623,"bin_keep_ratio":0.1171875,"val_acc":91.45569620253164,"mask_l1":0.1015625074505806,"stage2_test_f1":0.8265566819540716,"stage1_test_acc":91.17746861214795,"_wandb":{"runtime":18},"stage3_test_acc":87.68238887003733,"_timestamp":1.7757832308295157e+09,"stage3_test_loss":0.3680727211959614,"stage2_test_loss":0.5339100342501469,"lr":0.001,"stage1/test_acc":91.17746861214795,"stage":3,"lr_backbone":0.0001,"stage2_test_acc":82.7281981676281,"_runtime":18,"best_val_loss":0.20777921991634973,"lr_gumbel_bin":0.001,"stage1/test_f1":0.912668262878972,"train_acc":89.82376350198977,"stage3_test_f1":0.8741804472948398,"stage_1_separableconvcnn/confusion_matrix_table":{"log_mode":"IMMUTABLE","_type":"table-file","_latest_artifact_path":"wandb-client-artifact://poipeoamgvv7rjyex56xjm93dcbyml4oxa15c8zm2o0uk95qjovinh7in3y99x1xrqqf3birzd670oca0t14u0repyjr1n43ihwk6i3cdz4u1jv2oh5r5ni7ci5j0qae:latest/stage_1_separableconvcnn/confusion_matrix_table.table.json","ncols":3,"artifact_path":"wandb-client-artifact://3dh2cvzhizekrywqp7mfy7vu4s4wzcvvautmzcs68m8h00evz3x13hetv4ryu8cdgqbendll2l4clnf2ee6k8rqj3cx2ijngwzzi4twugt8q3vv769oj02iji2wq2rnt/stage_1_separableconvcnn/confusion_matrix_table.table.json","path":"media/table/stage_1_separableconvcnn/confusion_matrix_table_1_84f9356409fc54f6f28b.table.json","sha256":"84f9356409fc54f6f28b7424a2c79a3cf9248f923c36ab37f05a50a02449fca0","nrows":36,"size":1368},"stage1/use_pretrain_model":false,"stage_3_separableconvcnn/confusion_matrix_table":{"artifact_path":"wandb-client-artifact://ot4yaqkgzg6afjzjasug3de3ahj241qps7bvt58tofxl8jrymj0zdzufczckji9ch9m4n8euuxpfv7aczypsq4bxdu9aa5sz1q7kdy4f72vbam2qc0ngskkrvd3fo7uu/stage_3_separableconvcnn/confusion_matrix_table.table.json","path":"media/table/stage_3_separableconvcnn/confusion_matrix_table_10_44dca79a3ee01d1342d9.table.json","nrows":36,"size":1368,"_type":"table-file","_latest_artifact_path":"wandb-client-artifact://n7wigu8719s74p977efoonbmva4wl5lkwejrlfago4jy673ah88htloafxtyi2czo7orbtmmgmjvnsscm27hn8y2ds2tgmhyv8f5zdj8juwfmkmxme4osgisk0e4qct5:latest/stage_3_separableconvcnn/confusion_matrix_table.table.json","log_mode":"IMMUTABLE","ncols":3,"sha256":"44dca79a3ee01d1342d9f8609603c45c5e2141e2307cc66155480c96f964792d"},"_step":11,"epoch":20,"stage2_hard_bin_mask_str":"[1.0, 1.0, 1.0, 1.0, 1.0, 1.0, 1.0, 1.0, 1.0, 1.0, 1.0, 1.0, 1.0, 1.0, 1.0, 0.0, 0.0, 0.0, 0.0, 0.0, 0.0, 0.0, 0.0, 0.0, 0.0, 0.0, 0.0, 0.0, 0.0, 0.0, 0.0, 0.0, 0.0, 0.0, 0.0, 0.0, 0.0, 0.0, 0.0, 0.0, 0.0, 0.0, 0.0, 0.0, 0.0, 0.0, 0.0, 0.0, 0.0, 0.0, 0.0, 0.0, 0.0, 0.0, 0.0, 0.0, 0.0, 0.0, 0.0, 0.0, 0.0, 0.0, 0.0, 0.0, 0.0, 0.0, 0.0, 0.0, 0.0, 0.0, 0.0, 0.0, 0.0, 0.0, 0.0, 0.0, 0.0, 0.0, 0.0, 0.0, 0.0, 0.0, 0.0, 0.0, 0.0, 0.0, 0.0, 0.0, 0.0, 0.0, 0.0, 0.0, 0.0, 0.0, 0.0, 0.0, 0.0, 0.0, 0.0, 0.0, 0.0, 0.0, 0.0, 0.0, 0.0, 0.0, 0.0, 0.0, 0.0, 0.0, 0.0, 0.0, 0.0, 0.0, 0.0, 0.0, 0.0, 0.0, 0.0, 0.0, 0.0, 0.0, 0.0, 0.0, 0.0, 0.0, 0.0, 0.0]","stage1_test_f1":0.912668262878972,"stage1/test_loss":0.24706797573488623,"train_loss":0.23479965307144635,"val_loss":0.22942574098824134}