{"Block2_Pruned_%":29.6875,"train_loss":0.7047791304630323,"stage":2,"_wandb":{"runtime":42},"stage1_test_f1":0.670081033504409,"_runtime":42,"stage2_test_loss":0.9599738911277913,"epoch":11,"stage1_checkpoint_path":"/home/qphan/master-thesis/models/stage1/fft/wear_best_model_subject4_val.pth","Block3_Pruned_%":29.6875,"stage1_loaded_from_checkpoint":true,"train_acc":72.74751933822506,"stage2_channel_metadata_json":"{\"block2\": {\"kept_indices\": [2, 4, 5, 6, 7, 8, 9, 10, 11, 12, 13, 16, 17, 20, 21, 22, 23, 24, 25, 27, 28, 29, 30, 33, 35, 36, 37, 38, 39, 40, 42, 45, 46, 47, 48, 49, 50, 51, 52, 53, 54, 55, 58, 59, 61], \"pruned_indices\": [0, 1, 3, 14, 15, 18, 19, 26, 31, 32, 34, 41, 43, 44, 56, 57, 60, 62, 63], \"kept_count\": 45, \"pruned_count\": 19, \"total_channels\": 64}, \"block3\": {\"kept_indices\": [0, 1, 2, 3, 4, 6, 8, 9, 11, 12, 13, 15, 16, 18, 19, 20, 21, 22, 23, 24, 25, 27, 28, 29, 30, 31, 32, 35, 36, 38, 39, 40, 45, 46, 47, 48, 50, 51, 52, 53, 54, 58, 59, 60, 62, 63, 64, 66, 68, 69, 71, 72, 73, 74, 75, 77, 78, 81, 82, 83, 84, 85, 86, 87, 90, 91, 92, 93, 94, 96, 98, 99, 101, 103, 104, 105, 106, 107, 108, 110, 111, 112, 113, 117, 118, 121, 122, 125, 126, 127], \"pruned_indices\": [5, 7, 10, 14, 17, 26, 33, 34, 37, 41, 42, 43, 44, 49, 55, 56, 57, 61, 65, 67, 70, 76, 79, 80, 88, 89, 95, 97, 100, 102, 109, 114, 115, 116, 119, 120, 123, 124], \"kept_count\": 90, \"pruned_count\": 38, \"total_channels\": 128}, \"block4\": {\"kept_indices\": [1, 2, 3, 4, 8, 9, 10, 11, 12, 13, 14, 16, 17, 20, 21, 22, 23, 24, 28, 30, 31, 32, 35, 36, 37, 38, 39, 41, 42, 44, 45, 46, 47, 48, 50, 51, 52, 53, 56, 58, 59, 60, 61, 63, 64, 66, 67, 68, 69, 70, 73, 74, 75, 76, 77, 78, 81, 83, 84, 87, 88, 89, 90, 91, 92, 94, 95, 96, 97, 98, 99, 100, 101, 102, 105, 106, 109, 110, 111, 112, 113, 114, 117, 118, 119, 121, 122, 123, 125, 126], \"pruned_indices\": [0, 5, 6, 7, 15, 18, 19, 25, 26, 27, 29, 33, 34, 40, 43, 49, 54, 55, 57, 62, 65, 71, 72, 79, 80, 82, 85, 86, 93, 103, 104, 107, 108, 115, 116, 120, 124, 127], \"kept_count\": 90, \"pruned_count\": 38, \"total_channels\": 128}}","params_before_pruning":36998,"_step":4,"val_loss":1.3456923546088526,"lr":0.0001,"stage2_test_acc":52.30293663060278,"_timestamp":1.7754055809174995e+09,"stage1_test_loss":0.670312063924926,"stage2_test_f1":0.5023526795918978,"Block4_Pruned_%":29.6875,"stage1_test_acc":78.16589386913962,"best_val_loss":1.2145324076230997,"params_after_pruning":21171,"val_acc":63.85579937304075,"Total_Pruned_%":29.6875}