{"val_acc":72.65625,"stage1_test_f1":0.6555497701524307,"_timestamp":1.775439139669041e+09,"stage":3,"stage_3_prunedseparableconvcnn/confusion_matrix_table":{"ncols":3,"size":2011,"log_mode":"IMMUTABLE","nrows":64,"_latest_artifact_path":"wandb-client-artifact://g3jtdkuubskpol65hrlbmolguk770kt64rcjphy7e86dtx1tamff84xw7atrvn7d5qpp9530rg8szjym5zkfots7ibb27drvi96j02813bfo7c34p8md9e6pbnmpaccp:latest/stage_3_prunedseparableconvcnn/confusion_matrix_table.table.json","path":"media/table/stage_3_prunedseparableconvcnn/confusion_matrix_table_9_19b996f1ede5eb592308.table.json","_type":"table-file","sha256":"19b996f1ede5eb592308c822b5b6b210160b4f4327f2ebb8eb22f73f7ea8614c","artifact_path":"wandb-client-artifact://qfp45e2z4hhut3t959vmz2spxsjwkk2wi8aw9w6a8vaz6b2w7hnb5jyz0zn2gextpbdz2xggjlil6tndwd8zyyklfuejux07rugtgt8fwmpixzzag0gs6s04td0vn98e/stage_3_prunedseparableconvcnn/confusion_matrix_table.table.json"},"params_before_pruning":36998,"stage3_channel_metadata_json":"{\"block2\": {\"kept_indices\": [2, 6, 8, 20, 21, 22, 23, 24, 25, 27, 39, 45, 50], \"pruned_indices\": [0, 1, 3, 4, 5, 7, 9, 10, 11, 12, 13, 14, 15, 16, 17, 18, 19, 26, 28, 29, 30, 31, 32, 33, 34, 35, 36, 37, 38, 40, 41, 42, 43, 44, 46, 47, 48, 49, 51, 52, 53, 54, 55, 56, 57, 58, 59, 60, 61, 62, 63], \"kept_count\": 13, \"pruned_count\": 51, \"total_channels\": 64}, \"block3\": {\"kept_indices\": [1, 5, 8, 9, 20, 22, 24, 26, 38, 42, 56, 60, 63, 71, 76, 81, 82, 90, 96, 98, 102, 103, 106, 110, 112, 113], \"pruned_indices\": [0, 2, 3, 4, 6, 7, 10, 11, 12, 13, 14, 15, 16, 17, 18, 19, 21, 23, 25, 27, 28, 29, 30, 31, 32, 33, 34, 35, 36, 37, 39, 40, 41, 43, 44, 45, 46, 47, 48, 49, 50, 51, 52, 53, 54, 55, 57, 58, 59, 61, 62, 64, 65, 66, 67, 68, 69, 70, 72, 73, 74, 75, 77, 78, 79, 80, 83, 84, 85, 86, 87, 88, 89, 91, 92, 93, 94, 95, 97, 99, 100, 101, 104, 105, 107, 108, 109, 111, 114, 115, 116, 117, 118, 119, 120, 121, 122, 123, 124, 125, 126, 127], \"kept_count\": 26, \"pruned_count\": 102, \"total_channels\": 128}, \"block4\": {\"kept_indices\": [1, 2, 15, 20, 27, 37, 38, 45, 47, 49, 51, 57, 61, 62, 67, 73, 77, 85, 91, 93, 109, 110, 111, 117, 124, 126], \"pruned_indices\": [0, 3, 4, 5, 6, 7, 8, 9, 10, 11, 12, 13, 14, 16, 17, 18, 19, 21, 22, 23, 24, 25, 26, 28, 29, 30, 31, 32, 33, 34, 35, 36, 39, 40, 41, 42, 43, 44, 46, 48, 50, 52, 53, 54, 55, 56, 58, 59, 60, 63, 64, 65, 66, 68, 69, 70, 71, 72, 74, 75, 76, 78, 79, 80, 81, 82, 83, 84, 86, 87, 88, 89, 90, 92, 94, 95, 96, 97, 98, 99, 100, 101, 102, 103, 104, 105, 106, 107, 108, 112, 113, 114, 115, 116, 118, 119, 120, 121, 122, 123, 125, 127], \"kept_count\": 26, \"pruned_count\": 102, \"total_channels\": 128}}","channels_block3":26,"epoch":31,"stage3_test_f1":0.6210167298226809,"channels_block2":13,"lr":0.001,"stage3_test_acc":65.90417310664606,"channels_block4":26,"stage1_test_acc":77.54765584750129,"_wandb":{"runtime":134},"train_loss":0.6882550248752813,"_step":10,"params_after_pruning":4307,"train_acc":74.83243501262953,"best_val_loss":0.6943150669336319,"val_loss":0.7402216870710254,"stage3_final_mask_json":"{\"block2\": [0.0, 0.0, 1.0, 0.0, 0.0, 0.0, 1.0, 0.0, 1.0, 0.0, 0.0, 0.0, 0.0, 0.0, 0.0, 0.0, 0.0, 0.0, 0.0, 0.0, 1.0, 1.0, 1.0, 1.0, 1.0, 1.0, 0.0, 1.0, 0.0, 0.0, 0.0, 0.0, 0.0, 0.0, 0.0, 0.0, 0.0, 0.0, 0.0, 1.0, 0.0, 0.0, 0.0, 0.0, 0.0, 1.0, 0.0, 0.0, 0.0, 0.0, 1.0, 0.0, 0.0, 0.0, 0.0, 0.0, 0.0, 0.0, 0.0, 0.0, 0.0, 0.0, 0.0, 0.0], \"block3\": [0.0, 1.0, 0.0, 0.0, 0.0, 1.0, 0.0, 0.0, 1.0, 1.0, 0.0, 0.0, 0.0, 0.0, 0.0, 0.0, 0.0, 0.0, 0.0, 0.0, 1.0, 0.0, 1.0, 0.0, 1.0, 0.0, 1.0, 0.0, 0.0, 0.0, 0.0, 0.0, 0.0, 0.0, 0.0, 0.0, 0.0, 0.0, 1.0, 0.0, 0.0, 0.0, 1.0, 0.0, 0.0, 0.0, 0.0, 0.0, 0.0, 0.0, 0.0, 0.0, 0.0, 0.0, 0.0, 0.0, 1.0, 0.0, 0.0, 0.0, 1.0, 0.0, 0.0, 1.0, 0.0, 0.0, 0.0, 0.0, 0.0, 0.0, 0.0, 1.0, 0.0, 0.0, 0.0, 0.0, 1.0, 0.0, 0.0, 0.0, 0.0, 1.0, 1.0, 0.0, 0.0, 0.0, 0.0, 0.0, 0.0, 0.0, 1.0, 0.0, 0.0, 0.0, 0.0, 0.0, 1.0, 0.0, 1.0, 0.0, 0.0, 0.0, 1.0, 1.0, 0.0, 0.0, 1.0, 0.0, 0.0, 0.0, 1.0, 0.0, 1.0, 1.0, 0.0, 0.0, 0.0, 0.0, 0.0, 0.0, 0.0, 0.0, 0.0, 0.0, 0.0, 0.0, 0.0, 0.0], \"block4\": [0.0, 1.0, 1.0, 0.0, 0.0, 0.0, 0.0, 0.0, 0.0, 0.0, 0.0, 0.0, 0.0, 0.0, 0.0, 1.0, 0.0, 0.0, 0.0, 0.0, 1.0, 0.0, 0.0, 0.0, 0.0, 0.0, 0.0, 1.0, 0.0, 0.0, 0.0, 0.0, 0.0, 0.0, 0.0, 0.0, 0.0, 1.0, 1.0, 0.0, 0.0, 0.0, 0.0, 0.0, 0.0, 1.0, 0.0, 1.0, 0.0, 1.0, 0.0, 1.0, 0.0, 0.0, 0.0, 0.0, 0.0, 1.0, 0.0, 0.0, 0.0, 1.0, 1.0, 0.0, 0.0, 0.0, 0.0, 1.0, 0.0, 0.0, 0.0, 0.0, 0.0, 1.0, 0.0, 0.0, 0.0, 1.0, 0.0, 0.0, 0.0, 0.0, 0.0, 0.0, 0.0, 1.0, 0.0, 0.0, 0.0, 0.0, 0.0, 1.0, 0.0, 1.0, 0.0, 0.0, 0.0, 0.0, 0.0, 0.0, 0.0, 0.0, 0.0, 0.0, 0.0, 0.0, 0.0, 0.0, 0.0, 1.0, 1.0, 1.0, 0.0, 0.0, 0.0, 0.0, 0.0, 1.0, 0.0, 0.0, 0.0, 0.0, 0.0, 0.0, 1.0, 0.0, 1.0, 0.0]}","_runtime":134,"stage_1_separableconvcnn/confusion_matrix_table":{"ncols":3,"sha256":"9c2ec9187c13cf9f214c2b5c2348ead8fa719c372be3bf2a9436718b7c63efec","size":2016,"artifact_path":"wandb-client-artifact://3nzqfxcex5qb5j1k1ns0hnw8odzz6uwkwcdjjfmf7z8s81a1ghn3iyfrwf559t7fsodnym04tfzqywo9jzx8fs3e2xp5jhzcds862wmu9fnv5fyyjuwhl5idmu8udx41/stage_1_separableconvcnn/confusion_matrix_table.table.json","nrows":64,"log_mode":"IMMUTABLE","_latest_artifact_path":"wandb-client-artifact://p3zivken8s7ia2f5e1tygn89sv5djebnswpu793zrch79rv13yi0mqlamkubsuq4pn8g4ee9x13qpcnf0bgu9c0ndt6kqjgp2zsatn19qr1s4nbp090sp5n62tl4gcx4:latest/stage_1_separableconvcnn/confusion_matrix_table.table.json","_type":"table-file","path":"media/table/stage_1_separableconvcnn/confusion_matrix_table_0_9c2ec9187c13cf9f214c.table.json"}}