{"stage_3_prunedseparableconvcnn/confusion_matrix_table":{"_latest_artifact_path":"wandb-client-artifact://gv8su8ayuv9fhsxfxbo99dr489bjwe1loq92dpifht1xa4i6ux19db8bzkovn50mc6edunfjhl0n7f7chlny2t3zv3zi4841ba1zpmy4tdou6ox9cawfvfyo71gxta5q:latest/stage_3_prunedseparableconvcnn/confusion_matrix_table.table.json","_type":"table-file","nrows":36,"size":1368,"log_mode":"IMMUTABLE","artifact_path":"wandb-client-artifact://d2uaibrqlpn2rg6fnd8neev16rdu463lmxnay7dfro792z1l0p1tpcqcthrm57reo86cdra78cqvvrw717y16j9ljq5pqhp6nypq86rbe8f5wzdh1y72na0mgjmlk31o/stage_3_prunedseparableconvcnn/confusion_matrix_table.table.json","path":"media/table/stage_3_prunedseparableconvcnn/confusion_matrix_table_26_77770cbf822430443cd6.table.json","sha256":"77770cbf822430443cd6dfc11bec9e6b9e71f402725106d9131471d6cb53611f","ncols":3},"stage2/test_f1":0.7096386930329666,"block3_Pruned_%":73.4375,"stage2/final_mask_keep_ratio_block3":0.265625,"stage2/train_loss":0.7465752893480762,"train_loss":0.25656072589857826,"final_summary_log_path":"/home/qphan/master-thesis/models/uci_best_model_three_stage_channel_subject26_val_final_summary_val_26.txt","stage1/test_loss":0.27699259563869166,"stage2/block2_Pruned_%":70.3125,"stage":3,"stage2/val_loss":0.6535842263196804,"best_val_loss":0.20319257222982576,"stage2_test_acc":72.10722768917543,"epoch":55,"block2_Pruned_%":70.3125,"stage2/raw_hard_mask_block4":"[0.0, 1.0, 1.0, 1.0, 0.0, 0.0, 1.0, 0.0, 1.0, 1.0, 0.0, 0.0, 0.0, 0.0, 0.0, 0.0, 0.0, 1.0, 1.0, 0.0, 1.0, 0.0, 0.0, 1.0, 0.0, 0.0, 1.0, 1.0, 0.0, 0.0, 0.0, 0.0, 0.0, 1.0, 0.0, 0.0, 0.0, 0.0, 1.0, 0.0, 1.0, 1.0, 0.0, 1.0, 0.0, 0.0, 1.0, 0.0, 1.0, 1.0, 1.0, 1.0, 1.0, 1.0, 0.0, 0.0, 1.0, 0.0, 1.0, 1.0, 0.0, 0.0, 0.0, 1.0, 0.0, 0.0, 0.0, 0.0, 1.0, 0.0, 0.0, 0.0, 1.0, 1.0, 0.0, 0.0, 1.0, 0.0, 0.0, 1.0, 0.0, 0.0, 1.0, 0.0, 1.0, 0.0, 0.0, 1.0, 1.0, 0.0, 0.0, 1.0, 0.0, 1.0, 1.0, 0.0, 0.0, 0.0, 0.0, 0.0, 0.0, 0.0, 0.0, 1.0, 0.0, 1.0, 0.0, 0.0, 1.0, 0.0, 0.0, 0.0, 0.0, 0.0, 0.0, 1.0, 1.0, 0.0, 0.0, 1.0, 1.0, 1.0, 0.0, 0.0, 1.0, 0.0, 0.0, 0.0]","_runtime":51,"stage2/test_loss":0.6303559561145249,"stage2/final_mask_keep_ratio_block4":0.3828125,"stage2/raw_hard_mask_block3":"[0.0, 0.0, 0.0, 0.0, 0.0, 0.0, 0.0, 1.0, 0.0, 0.0, 0.0, 1.0, 0.0, 0.0, 0.0, 0.0, 0.0, 0.0, 0.0, 0.0, 0.0, 1.0, 0.0, 0.0, 0.0, 0.0, 1.0, 0.0, 0.0, 0.0, 0.0, 1.0, 0.0, 0.0, 1.0, 0.0, 1.0, 0.0, 0.0, 0.0, 0.0, 1.0, 0.0, 1.0, 0.0, 1.0, 0.0, 1.0, 0.0, 1.0, 0.0, 0.0, 0.0, 1.0, 0.0, 1.0, 0.0, 1.0, 0.0, 0.0, 0.0, 0.0, 0.0, 1.0, 0.0, 0.0, 0.0, 1.0, 1.0, 1.0, 0.0, 0.0, 0.0, 0.0, 1.0, 0.0, 0.0, 0.0, 1.0, 1.0, 1.0, 1.0, 0.0, 0.0, 0.0, 1.0, 0.0, 0.0, 0.0, 0.0, 0.0, 1.0, 1.0, 0.0, 0.0, 0.0, 0.0, 0.0, 0.0, 0.0, 0.0, 0.0, 1.0, 1.0, 0.0, 0.0, 1.0, 0.0, 0.0, 1.0, 0.0, 0.0, 0.0, 1.0, 0.0, 0.0, 1.0, 0.0, 1.0, 0.0, 0.0, 0.0, 0.0, 0.0, 0.0, 0.0, 0.0, 0.0]","stage2/block4_Pruned_%":61.71875,"stage1_test_acc":91.21140142517815,"block4_Pruned_%":61.71875,"stage2/best_val_loss":0.6415949089675952,"model_param_reduction_pct":80.32168818487577,"stage2/test_acc":72.10722768917543,"val_loss":0.22853633550135893,"stage_1_separableconvcnn/confusion_matrix_table":{"sha256":"eaabbd91c2fcbfc0dc4f5924d1d9d3fe20f202ed1f809cbeaab06d2907c3f585","path":"media/table/stage_1_separableconvcnn/confusion_matrix_table_1_eaabbd91c2fcbfc0dc4f.table.json","_type":"table-file","nrows":36,"size":1365,"artifact_path":"wandb-client-artifact://9mnkyqoh553aa5kt5te7nn0beuj5594hjw8r6req6mvf758romvoajyflfy9j7znzsc1tj1cvxbbjacje2iht8asjxvt2rif4qikc952806r6vra8bm6l8agn09d2wyf/stage_1_separableconvcnn/confusion_matrix_table.table.json","ncols":3,"_latest_artifact_path":"wandb-client-artifact://51xe38xi8kfw2w9il7xai9nfd6yke8ufnb0bp1vixehefr8nxgo75532u21pcvvudg9uuh7pufo9ymv5xa6w9b42ekelkjvhc4ptrxl1ngph8w6w26rrq2in2iyfioku:latest/stage_1_separableconvcnn/confusion_matrix_table.table.json","log_mode":"IMMUTABLE"},"stage2/train_acc":63.951149425287355,"stage1_test_loss":0.27699259563869166,"stage2/final_mask_keep_ratio_block2":0.296875,"stage2/lr_backbone":0.0001,"stage1/use_pretrain_model":false,"stage2_test_loss":0.6303559561145249,"stage3_test_loss":0.3107282728310116,"stage2_test_f1":0.7096386930329666,"stage3_test_f1":0.8889564482108399,"_timestamp":1.7758618155300152e+09,"model_param_count_pruned":7255,"lr_loaded_weights":0.0001,"stage3_test_acc":88.70037326094334,"model_param_count":7255,"stage2/Total_Pruned_%":68.125,"stage2/raw_hard_mask_block2":"[1.0, 0.0, 0.0, 1.0, 1.0, 1.0, 1.0, 0.0, 1.0, 1.0, 0.0, 0.0, 1.0, 0.0, 0.0, 1.0, 0.0, 1.0, 0.0, 1.0, 0.0, 0.0, 0.0, 0.0, 0.0, 0.0, 0.0, 0.0, 0.0, 0.0, 0.0, 0.0, 0.0, 0.0, 1.0, 0.0, 0.0, 1.0, 0.0, 0.0, 0.0, 0.0, 0.0, 0.0, 0.0, 1.0, 1.0, 0.0, 0.0, 0.0, 0.0, 1.0, 0.0, 0.0, 0.0, 0.0, 1.0, 0.0, 0.0, 0.0, 0.0, 1.0, 0.0, 1.0]","model_param_count_dense":36868,"train_acc":89.32471264367815,"stage2/val_acc":63.52040816326531,"_wandb":{"runtime":51},"stage1/test_acc":91.21140142517815,"stage2/purpose":"train channel-pruning model with masking","stage2/lr_gumbel":0.001,"stage1/test_f1":0.9132177104627258,"stage2/best_epoch":59,"_step":28,"stage2/epoch":60,"stage1_test_f1":0.9132177104627258,"val_acc":93.87755102040816,"Total_Pruned_%":68.125,"stage2/mask_l1":0.3405987620353699,"stage2/stage_number":2,"stage2/block3_Pruned_%":73.4375}