{"block2_Pruned_%":64.0625,"stage2/raw_hard_mask_block4":"[1.0, 0.0, 1.0, 1.0, 1.0, 0.0, 1.0, 0.0, 0.0, 0.0, 0.0, 1.0, 0.0, 0.0, 1.0, 1.0, 1.0, 1.0, 0.0, 0.0, 1.0, 0.0, 0.0, 0.0, 1.0, 1.0, 1.0, 0.0, 1.0, 0.0, 0.0, 1.0, 1.0, 0.0, 0.0, 1.0, 1.0, 0.0, 0.0, 1.0, 0.0, 1.0, 1.0, 1.0, 0.0, 0.0, 0.0, 0.0, 1.0, 1.0, 0.0, 0.0, 0.0, 1.0, 0.0, 0.0, 0.0, 0.0, 1.0, 1.0, 1.0, 0.0, 1.0, 1.0, 1.0, 0.0, 1.0, 0.0, 1.0, 0.0, 0.0, 1.0, 0.0, 0.0, 0.0, 0.0, 0.0, 0.0, 1.0, 0.0, 0.0, 1.0, 1.0, 0.0, 1.0, 0.0, 1.0, 0.0, 1.0, 1.0, 1.0, 1.0, 0.0, 0.0, 1.0, 1.0, 1.0, 0.0, 1.0, 0.0, 0.0, 1.0, 1.0, 1.0, 1.0, 0.0, 0.0, 1.0, 1.0, 1.0, 0.0, 1.0, 0.0, 0.0, 0.0, 1.0, 1.0, 0.0, 1.0, 1.0, 1.0, 1.0, 1.0, 1.0, 0.0, 0.0, 0.0, 1.0]","model_param_count_dense":36998,"best_val_loss":1.0547838388735429,"stage2/train_loss":1.068051342967035,"val_acc":55.029923055001426,"stage2/Total_Pruned_%":61.5625,"model_param_count":9362,"stage2/test_f1":0.6632517974762677,"_wandb":{"runtime":237},"stage3_test_acc":77.98042246264812,"stage2/best_epoch":22,"stage_3_prunedseparableconvcnn/confusion_matrix_table":{"nrows":64,"_type":"table-file","log_mode":"IMMUTABLE","_latest_artifact_path":"wandb-client-artifact://cct9ncfbh38oni0nkq9937slcvcktmkfpkb3ls1mbqexbpy0wn1986kiwm8gukorwrooxa5spd6fzomh972czmnvbxbeimuus402y372rwo7gnnqdz7sycgvuy1vaxcr:latest/stage_3_prunedseparableconvcnn/confusion_matrix_table.table.json","ncols":3,"path":"media/table/stage_3_prunedseparableconvcnn/confusion_matrix_table_17_ea06c41f767a08e10fb3.table.json","artifact_path":"wandb-client-artifact://7qm50s92hwwbh4tya6nt9l48mb6etucyf07r698lns1pzuzbzjzbvdvsz6bvr40l7s63eccw9qbmn79lt4mq5kj09a6ydymjdlxywzj7h5wlfup43j0jn3i9ntc9dg00/stage_3_prunedseparableconvcnn/confusion_matrix_table.table.json","sha256":"ea06c41f767a08e10fb3e2be749ffaef26cf6d77e57de260d47abbf33e84f952","size":2014},"stage2/final_mask_keep_ratio_block3":0.2734375,"Total_Pruned_%":61.5625,"stage2_test_loss":0.6930326245563937,"stage2/test_acc":78.18650180319423,"block3_Pruned_%":72.65625,"stage3_test_loss":0.642654425661199,"stage3_test_f1":0.6732745796304194,"stage2/final_mask_keep_ratio_block2":0.359375,"_timestamp":1.7753438492019224e+09,"stage1/use_pretrain_model":false,"stage1_test_f1":0.677967605576644,"stage2/block2_Pruned_%":64.0625,"stage2/val_acc":44.88458250213736,"stage1/test_loss":0.6454590546200412,"stage2/block4_Pruned_%":49.21875,"final_summary_log_path":"/home/qphan/master-thesis/models/wear_best_model_three_stage_channel_subject16_val_final_summary_val_16.txt","_runtime":237,"train_loss":0.6572580463318007,"stage2/lr_backbone":0.0001,"_step":19,"stage2/block3_Pruned_%":72.65625,"stage2/raw_hard_mask_block3":"[0.0, 0.0, 1.0, 0.0, 0.0, 0.0, 0.0, 1.0, 0.0, 0.0, 1.0, 1.0, 1.0, 0.0, 0.0, 1.0, 0.0, 0.0, 0.0, 0.0, 0.0, 0.0, 1.0, 1.0, 1.0, 0.0, 0.0, 0.0, 0.0, 0.0, 0.0, 1.0, 0.0, 0.0, 0.0, 0.0, 0.0, 1.0, 1.0, 0.0, 0.0, 0.0, 0.0, 0.0, 0.0, 0.0, 0.0, 0.0, 1.0, 0.0, 1.0, 0.0, 0.0, 0.0, 0.0, 0.0, 0.0, 0.0, 0.0, 0.0, 0.0, 0.0, 0.0, 0.0, 1.0, 0.0, 0.0, 0.0, 0.0, 0.0, 1.0, 0.0, 0.0, 0.0, 0.0, 0.0, 1.0, 1.0, 1.0, 0.0, 0.0, 1.0, 0.0, 0.0, 0.0, 1.0, 0.0, 0.0, 0.0, 0.0, 1.0, 1.0, 1.0, 0.0, 1.0, 0.0, 1.0, 1.0, 1.0, 0.0, 0.0, 1.0, 1.0, 0.0, 0.0, 0.0, 0.0, 0.0, 0.0, 0.0, 0.0, 1.0, 0.0, 1.0, 0.0, 1.0, 1.0, 0.0, 0.0, 0.0, 0.0, 0.0, 0.0, 1.0, 0.0, 0.0, 0.0, 0.0]","train_acc":65.99759855913548,"stage1_test_acc":78.49562081401339,"stage2/test_loss":0.6930326245563937,"stage2/lr_gumbel":0.001,"block4_Pruned_%":49.21875,"lr_loaded_weights":0.0001,"stage":3,"stage1/test_acc":78.49562081401339,"stage2/epoch":30,"stage_1_separableconvcnn/confusion_matrix_table":{"sha256":"9801ff5ef3ee6a3bb05a05ebf42ad249b8e3a430a027e67d8bea790f448fb438","size":2014,"nrows":64,"path":"media/table/stage_1_separableconvcnn/confusion_matrix_table_1_9801ff5ef3ee6a3bb05a.table.json","artifact_path":"wandb-client-artifact://3kgm4xzcd2sgtmvk75cj9dvyy3m5urazt6svwuc7ovxgeaxl5y16xr4zcu25gl5al6mhp1yeb5ypyax3bz8qtir551nuw45tgcpz02css7gpe81pi055h1opcahqrnmz/stage_1_separableconvcnn/confusion_matrix_table.table.json","ncols":3,"log_mode":"IMMUTABLE","_type":"table-file","_latest_artifact_path":"wandb-client-artifact://cngr28shak857bdzy76wt3plesbwmjjv75w6dlqpizd104me6hvah24qr33953mov8vgeiuvhhqql2exqlkjxt6j16ebipmk4qxrtyf4wxadyg3zfnuqm3m6an1ru5ak:latest/stage_1_separableconvcnn/confusion_matrix_table.table.json"},"epoch":40,"stage2_test_f1":0.6632517974762677,"model_param_reduction_pct":74.69592950970323,"stage2/stage_number":2,"val_loss":1.089042894196123,"stage2_test_acc":78.18650180319423,"stage2/final_mask_keep_ratio_block4":0.5078125,"stage2/val_loss":1.2176948499012008,"model_param_count_pruned":9362,"stage2/mask_l1":0.3818773031234741,"stage2/train_acc":55.67540524314589,"stage1/test_f1":0.677967605576644,"stage2/best_val_loss":1.166075882824373,"stage2/purpose":"train channel-pruning model with masking","stage1_test_loss":0.6454590546200412,"stage2/raw_hard_mask_block2":"[0.0, 0.0, 0.0, 1.0, 0.0, 1.0, 1.0, 0.0, 0.0, 0.0, 0.0, 0.0, 0.0, 1.0, 0.0, 0.0, 1.0, 0.0, 0.0, 1.0, 1.0, 0.0, 1.0, 0.0, 1.0, 0.0, 1.0, 1.0, 0.0, 0.0, 0.0, 1.0, 1.0, 0.0, 0.0, 1.0, 0.0, 0.0, 0.0, 1.0, 0.0, 0.0, 0.0, 1.0, 1.0, 0.0, 1.0, 1.0, 0.0, 1.0, 0.0, 0.0, 0.0, 0.0, 1.0, 0.0, 0.0, 0.0, 0.0, 1.0, 0.0, 0.0, 0.0, 1.0]"}