{"stage2/stage_number":2,"_step":24,"stage2/train_acc":61.709132550815916,"stage2/test_loss":0.69182909332498,"block2_Pruned_%":67.1875,"stage1/use_pretrain_model":false,"stage2/final_mask_keep_ratio_block3":0.3515625,"model_param_count_pruned":9998,"stage1/test_acc":90.73634204275534,"_runtime":40,"best_val_loss":0.3415654989234487,"block3_Pruned_%":64.84375,"stage3_test_acc":89.14149983033593,"model_param_count":9998,"block4_Pruned_%":49.21875,"stage1/test_loss":0.26884880924891436,"stage2/test_acc":65.0152697658636,"stage2/raw_hard_mask_block3":"[0.0, 0.0, 0.0, 0.0, 1.0, 1.0, 1.0, 0.0, 0.0, 0.0, 1.0, 0.0, 1.0, 1.0, 1.0, 0.0, 0.0, 0.0, 0.0, 1.0, 1.0, 1.0, 0.0, 1.0, 0.0, 1.0, 1.0, 0.0, 0.0, 1.0, 0.0, 1.0, 0.0, 0.0, 1.0, 0.0, 0.0, 0.0, 0.0, 1.0, 0.0, 1.0, 0.0, 0.0, 0.0, 0.0, 1.0, 1.0, 0.0, 0.0, 1.0, 0.0, 0.0, 0.0, 0.0, 0.0, 1.0, 0.0, 0.0, 0.0, 1.0, 1.0, 1.0, 0.0, 1.0, 0.0, 1.0, 0.0, 0.0, 0.0, 0.0, 0.0, 0.0, 0.0, 0.0, 1.0, 1.0, 0.0, 0.0, 1.0, 0.0, 0.0, 1.0, 0.0, 0.0, 0.0, 0.0, 1.0, 0.0, 0.0, 0.0, 0.0, 1.0, 1.0, 0.0, 0.0, 1.0, 1.0, 1.0, 1.0, 1.0, 0.0, 0.0, 1.0, 0.0, 0.0, 0.0, 0.0, 0.0, 0.0, 0.0, 0.0, 0.0, 0.0, 0.0, 1.0, 0.0, 1.0, 0.0, 1.0, 0.0, 0.0, 0.0, 0.0, 0.0, 1.0, 0.0, 1.0]","stage2/block2_Pruned_%":67.1875,"stage2/block3_Pruned_%":64.84375,"model_param_reduction_pct":72.88163176738635,"epoch":60,"stage2/lr_backbone":0.0001,"final_summary_log_path":"/home/qphan/master-thesis/models/uci_best_model_three_stage_channel_subject16_val_final_summary_val_16.txt","train_acc":89.96564557686803,"stage2_test_loss":0.69182909332498,"Total_Pruned_%":59.06249999999999,"stage2/epoch":35,"_wandb":{"runtime":40},"stage2/val_acc":58.743169398907106,"stage3_test_f1":0.8933116076764743,"stage2/best_val_loss":0.6388105646077489,"val_loss":0.3415654989234487,"stage3_test_loss":0.309200465281097,"stage_1_separableconvcnn/confusion_matrix_table":{"_latest_artifact_path":"wandb-client-artifact://e62lqme35v7ov76fmkc9nlvspj7g44846d5gkmx66xy7ai3vr7a6o8t54vb42qiymh1jrpx1klmvjh2vy25n7crh4j5wr9qgyx7ovqdhyylbrkw61agpfol3tdojwu7q:latest/stage_1_separableconvcnn/confusion_matrix_table.table.json","nrows":36,"path":"media/table/stage_1_separableconvcnn/confusion_matrix_table_1_3a2724ddbaf80f19f678.table.json","size":1367,"artifact_path":"wandb-client-artifact://hi8ykm7gygjrat24d72a6p7hr1vs2wdlaylvpn8jfp6n04c1b6iefswcnst3i6prtf7qlelwdvrm15s6i2tnv99m63wxv3ywu4ckc4q6qk8tdbq9yenebjyteuwg5x9w/stage_1_separableconvcnn/confusion_matrix_table.table.json","sha256":"3a2724ddbaf80f19f6787a62d68af9739588620fdb28353f1eff1624d313c743","ncols":3,"log_mode":"IMMUTABLE","_type":"table-file"},"stage2_test_f1":0.6260459067716553,"stage1_test_f1":0.9084024900218363,"stage2/Total_Pruned_%":59.06249999999999,"stage2/block4_Pruned_%":49.21875,"stage2/val_loss":0.6453120978766209,"stage2/final_mask_keep_ratio_block2":0.328125,"model_param_count_dense":36868,"stage2/raw_hard_mask_block2":"[0.0, 0.0, 1.0, 0.0, 0.0, 0.0, 0.0, 0.0, 0.0, 1.0, 1.0, 1.0, 1.0, 0.0, 0.0, 1.0, 1.0, 0.0, 0.0, 0.0, 0.0, 0.0, 1.0, 1.0, 0.0, 0.0, 1.0, 0.0, 1.0, 0.0, 0.0, 1.0, 0.0, 1.0, 0.0, 0.0, 0.0, 0.0, 1.0, 0.0, 0.0, 0.0, 0.0, 0.0, 1.0, 1.0, 0.0, 0.0, 0.0, 1.0, 0.0, 1.0, 0.0, 1.0, 0.0, 0.0, 1.0, 0.0, 0.0, 0.0, 0.0, 0.0, 1.0, 0.0]","stage2/purpose":"train channel-pruning model with masking","stage2/best_epoch":25,"stage2/raw_hard_mask_block4":"[1.0, 1.0, 1.0, 1.0, 0.0, 1.0, 0.0, 1.0, 1.0, 1.0, 1.0, 0.0, 0.0, 1.0, 0.0, 0.0, 0.0, 0.0, 1.0, 0.0, 1.0, 0.0, 0.0, 0.0, 1.0, 1.0, 1.0, 0.0, 0.0, 0.0, 1.0, 1.0, 0.0, 0.0, 0.0, 1.0, 1.0, 1.0, 0.0, 0.0, 1.0, 0.0, 0.0, 0.0, 0.0, 0.0, 1.0, 0.0, 0.0, 1.0, 1.0, 1.0, 1.0, 0.0, 0.0, 1.0, 1.0, 0.0, 1.0, 0.0, 0.0, 0.0, 1.0, 0.0, 1.0, 0.0, 1.0, 1.0, 0.0, 1.0, 0.0, 1.0, 1.0, 1.0, 1.0, 0.0, 1.0, 0.0, 0.0, 1.0, 0.0, 0.0, 0.0, 0.0, 0.0, 1.0, 1.0, 1.0, 1.0, 1.0, 1.0, 0.0, 1.0, 0.0, 0.0, 1.0, 1.0, 1.0, 1.0, 1.0, 0.0, 0.0, 1.0, 0.0, 1.0, 1.0, 1.0, 0.0, 0.0, 0.0, 0.0, 0.0, 1.0, 1.0, 0.0, 0.0, 0.0, 1.0, 1.0, 1.0, 0.0, 0.0, 1.0, 0.0, 0.0, 1.0, 1.0, 1.0]","stage2/mask_l1":0.4346846044063568,"stage1/test_f1":0.9084024900218363,"stage2_test_acc":65.0152697658636,"stage1_test_loss":0.26884880924891436,"stage_3_prunedseparableconvcnn/confusion_matrix_table":{"nrows":36,"size":1367,"log_mode":"IMMUTABLE","ncols":3,"_type":"table-file","sha256":"dd63c77eadee1a7c86a410beb72b1b0e76710320d0605dbbe70497c50d240bcd","path":"media/table/stage_3_prunedseparableconvcnn/confusion_matrix_table_22_dd63c77eadee1a7c86a4.table.json","_latest_artifact_path":"wandb-client-artifact://k2p31b54w8ae0b0hx6ryy1toyx4x4b049lcc3t60sik9t93tm80hw0dtfi1hln6o0dsb6k02prbgav4f4wzc5jwj58kd2dx2k8ij3fqaajtebnn9493mkymgld4jfae4:latest/stage_3_prunedseparableconvcnn/confusion_matrix_table.table.json","artifact_path":"wandb-client-artifact://71uvy4w5q1yfdfn6bhdc5a4qphsbuzh46g0cthvw1008b08vm60soyubfsfjt8a9empr1ecofb5era73bubk1s2itj4a7n9cy37f7gpe19bbvgecht2a6h2ahavm5t9t/stage_3_prunedseparableconvcnn/confusion_matrix_table.table.json"},"stage2/train_loss":0.917792541367121,"_timestamp":1.7758545358035362e+09,"stage":3,"stage2/final_mask_keep_ratio_block4":0.5078125,"stage2/test_f1":0.6260459067716553,"train_loss":0.24437365742150194,"stage1_test_acc":90.73634204275534,"val_acc":86.06557377049181,"lr_loaded_weights":0.0001,"stage2/lr_gumbel":0.001}