{"stage_1_separableconvcnn/confusion_matrix_table":{"artifact_path":"wandb-client-artifact://oyerldlz2zun76ckjb0l474lq7rc3btzsmipj6ln9s3ewq4qsc588wzd80r7nbcdos73s6gfx33zs41nfr5uorhxk2t1ji63zu7ivn00m865fnzhgfm6trz68x8fi71c/stage_1_separableconvcnn/confusion_matrix_table.table.json","log_mode":"IMMUTABLE","path":"media/table/stage_1_separableconvcnn/confusion_matrix_table_1_1c6549e5282058c0e123.table.json","ncols":3,"nrows":36,"sha256":"1c6549e5282058c0e123c1b6cb880670e6f306016a237439dd216d2b10068da2","_latest_artifact_path":"wandb-client-artifact://19tfd9tz2jcbcna2prjn91ujhev76m718awgbp4by1lf6xk1js4wjdqccgov61l23nmfi3d8nqib40pyiume1cweiaq2ka4qwjw4vt66jc8p4uqsvzkn7txzi4fcmbkk:latest/stage_1_separableconvcnn/confusion_matrix_table.table.json","_type":"table-file","size":1367},"stage1/test_f1":0.9188217031957775,"bin_keep_ratio":0.3984375,"stage1_test_loss":0.2776626913950813,"stage2_test_loss":0.26152142186588784,"_step":10,"stage_3_separableconvcnn/confusion_matrix_table":{"nrows":36,"_latest_artifact_path":"wandb-client-artifact://mdsnvpotwrnzy1zz1utmhkpj7k9iggtvbrs0hihp280lex9cmos3m1fm8ddngaaiwy933k28vw8giee0obtpkoub2yjbyqdy9303ab4ixgp2xvpzsxzajo9r0x76chqx:latest/stage_3_separableconvcnn/confusion_matrix_table.table.json","path":"media/table/stage_3_separableconvcnn/confusion_matrix_table_9_18cbd5bb97d0f26d6815.table.json","size":1366,"log_mode":"IMMUTABLE","ncols":3,"_type":"table-file","artifact_path":"wandb-client-artifact://8lylfd5lovdz5crpbhgtz38za7esibk9bym9ojza17hy8pwzlv6t8upyxkpkprdzoz9w4td3j4wgkqpsr77q7lfhxfl76w5nxbtkc9k9080knc5vx7ykssdy7h72eh3k/stage_3_separableconvcnn/confusion_matrix_table.table.json","sha256":"18cbd5bb97d0f26d6815b4ad242a1f1771bf187bfdec3cb91a34f32524be4243"},"lr":0.001,"_wandb":{"runtime":17},"mask_l1":0.296875,"val_loss":0.5736363397197838,"stage3_test_f1":0.916844446059374,"epoch":10,"stage1_test_acc":91.78825924669155,"stage2_test_f1":0.9037759342407431,"stage3_test_acc":91.65252799457075,"val_acc":85.37234042553192,"stage3_test_loss":0.24978724036088912,"stage1/use_pretrain_model":false,"_runtime":17,"stage1/test_acc":91.78825924669155,"lr_backbone":0.0001,"lr_gumbel_bin":0.001,"best_val_loss":0.13438342659092667,"stage1_test_f1":0.9188217031957775,"stage2_hard_bin_mask_str":"[1.0, 1.0, 1.0, 1.0, 1.0, 1.0, 1.0, 1.0, 1.0, 1.0, 1.0, 1.0, 1.0, 1.0, 1.0, 1.0, 1.0, 1.0, 1.0, 1.0, 1.0, 1.0, 1.0, 1.0, 1.0, 1.0, 1.0, 1.0, 1.0, 1.0, 1.0, 1.0, 1.0, 1.0, 1.0, 0.0, 1.0, 0.0, 1.0, 0.0, 0.0, 1.0, 0.0, 1.0, 1.0, 1.0, 0.0, 1.0, 0.0, 1.0, 0.0, 0.0, 0.0, 1.0, 0.0, 0.0, 0.0, 1.0, 0.0, 0.0, 0.0, 1.0, 0.0, 1.0, 1.0, 0.0, 1.0, 1.0, 1.0, 0.0, 0.0, 0.0, 0.0, 0.0, 0.0, 0.0, 0.0, 0.0, 0.0, 0.0, 0.0, 0.0, 0.0, 0.0, 0.0, 0.0, 0.0, 0.0, 0.0, 0.0, 0.0, 0.0, 0.0, 0.0, 0.0, 0.0, 0.0, 0.0, 0.0, 0.0, 0.0, 0.0, 0.0, 0.0, 0.0, 0.0, 0.0, 0.0, 0.0, 0.0, 0.0, 0.0, 0.0, 0.0, 0.0, 0.0, 0.0, 0.0, 0.0, 0.0, 0.0, 0.0, 0.0, 0.0, 0.0, 0.0, 0.0, 0.0]","stage":3,"stage1/test_loss":0.2776626913950813,"stage2_test_acc":90.29521547336275,"train_loss":0.08696086665427466,"train_acc":96.35894495412845,"_timestamp":1.7757791408934026e+09}