{"_wandb":{"runtime":55},"val_loss":1.055654497880202,"train_acc":92.82766472178739,"stage2/purpose":"train channel-pruning model with masking","final_channel_mask_block3":[1,0,1,1,1,1,0,1,1,1,1,1,0,1,1,1,1,1,1,1,1,0,0,0,0,0,1,1,1,0,0,1,1,1,1,1,1,1,1,1,1,0,1,1,1,1,0,1,1,1,0,1,0,0,1,1,1,1,1,0,1,1,0,1,1,1,1,1,1,1,1,0,1,0,1,1,1,1,1,0,0,1,1,1,1,1,1,0,1,0,1,1,1,1,1,0,1,0,1,1,1,0,1,1,1,1,1,0,1,1,1,0,1,1,1,1,1,1,1,1,0,1,1,1,0,1,0,1],"stage1/use_pretrain_model":false,"stage5_test_acc":89.58262639972854,"stage":5,"stage1/test_loss":0.2887824049044412,"stage2/stage_number":2,"stage2/block3_Pruned_%":24.21875,"stage2/test_loss":0.6968370299643231,"stage2/block2_Pruned_%":23.4375,"stage2/best_epoch":14,"lr_backbone":0.0001,"stage2/epoch":20,"stage_5_prunedseparableconvcnn/confusion_matrix_table":{"_type":"table-file","nrows":36,"sha256":"4efb68d4f5435597f4d7ddf3eeb9aff06ea3621d23c717e4c3e2eda359cb4dec","_latest_artifact_path":"wandb-client-artifact://27bge1n58l6vpzkxcinb28agovc9pix0m18g7buw2l5hm184s4v1qp2raoeraebtayyo7j1b896yac41ggr6wk916uwrofasdu2g3ezmges516i5oyhha5jiflyrxlz0:latest/stage_5_prunedseparableconvcnn/confusion_matrix_table.table.json","ncols":3,"size":1368,"path":"media/table/stage_5_prunedseparableconvcnn/confusion_matrix_table_23_4efb68d4f5435597f4d7.table.json","log_mode":"IMMUTABLE","artifact_path":"wandb-client-artifact://ppfwctm4jk1tliwt1q68bc42s8by8kdz9gby2s4wuq7415dn7n2u4h0nmmapn8ddn0vc5fxiqskab75xtc8zz80o2ob33c3ucpn9uzx8uzbg2mxbkebzu2h7si6zhrgf/stage_5_prunedseparableconvcnn/confusion_matrix_table.table.json"},"_runtime":55,"lr_loaded_weights":0.0001,"stage1/test_f1":0.8915448237738737,"stage2/mask_l1":0.511710524559021,"stage2/final_mask_keep_ratio_block3":0.7578125,"_timestamp":1.7767050209372725e+09,"stage2/val_acc":55.38461538461539,"final_channel_mask_block4":[0,1,1,1,0,1,0,1,1,1,1,0,1,1,1,0,0,1,0,1,1,1,1,1,1,1,1,1,1,1,1,1,0,1,1,1,0,1,1,1,1,1,1,0,0,1,1,1,0,1,0,0,1,1,1,1,1,1,0,0,1,1,1,1,0,0,1,1,0,1,1,0,1,0,1,0,1,0,1,0,1,0,1,1,1,0,1,0,1,1,0,1,0,1,1,0,1,1,1,0,1,0,0,1,0,1,0,1,1,1,1,1,1,1,1,1,1,1,1,0,1,1,0,1,1,1,1,0],"stage1_test_acc":89.20936545639634,"lr":0.001,"stage2/lr_gumbel":0.001,"stage2/train_loss":0.7252782776037829,"stage2/Total_Pruned_%":26.249999999999996,"stage1_test_loss":0.2887824049044412,"model_param_count_pruned":22557,"_step":24,"stage2/final_mask_keep_ratio_block2":0.765625,"model_param_reduction_pct":38.81686014972334,"stage_1_separableconvcnn/confusion_matrix_table":{"ncols":3,"nrows":36,"_latest_artifact_path":"wandb-client-artifact://3xnshyecvqwhdlmk3ge4314312sxbt6qu88h8k6jin118uw815lzh3g4p3ld4zuwj80n9jsdchyddj9ih571urzthb0liw74kia33ytmoeloemq46vwhc3tm911q71te:latest/stage_1_separableconvcnn/confusion_matrix_table.table.json","path":"media/table/stage_1_separableconvcnn/confusion_matrix_table_1_430ec0ba43b3aba6cfeb.table.json","sha256":"430ec0ba43b3aba6cfebeea9ed04041986a5ac1adc24cf6d886e9876fa0e8f7b","size":1368,"artifact_path":"wandb-client-artifact://frdu0en4kuu1ux7b5njfyku9xqkucx8clo8rt8c95y57afa9b768m3glmanwzhk79lab244xjcxgge2rflu7f5ymlh0d6xla17pdsvmte3ddhlxm2inxj0ampe6ixm1t/stage_1_separableconvcnn/confusion_matrix_table.table.json","log_mode":"IMMUTABLE","_type":"table-file"},"final_channel_mask_block2":[1,1,0,0,0,1,1,1,1,1,0,0,1,1,1,1,0,1,1,1,0,1,0,1,0,1,1,1,1,1,1,1,1,1,1,1,1,0,1,1,1,1,1,1,1,1,1,0,1,1,0,0,1,0,1,1,1,1,1,1,1,1,1,0],"stage1_test_f1":0.8915448237738737,"stage5_test_loss":0.3340831579496361,"stage2/raw_hard_mask_block2":"[1.0, 1.0, 0.0, 0.0, 0.0, 1.0, 1.0, 1.0, 1.0, 1.0, 0.0, 0.0, 1.0, 1.0, 1.0, 1.0, 0.0, 1.0, 1.0, 1.0, 0.0, 1.0, 0.0, 1.0, 0.0, 1.0, 1.0, 1.0, 1.0, 1.0, 1.0, 1.0, 1.0, 1.0, 1.0, 1.0, 1.0, 0.0, 1.0, 1.0, 1.0, 1.0, 1.0, 1.0, 1.0, 1.0, 1.0, 0.0, 1.0, 1.0, 0.0, 0.0, 1.0, 0.0, 1.0, 1.0, 1.0, 1.0, 1.0, 1.0, 1.0, 1.0, 1.0, 0.0]","stage2/train_acc":64.5937099758076,"train_loss":0.16706039888753277,"stage2/raw_hard_mask_block3":"[1.0, 0.0, 1.0, 1.0, 1.0, 1.0, 0.0, 1.0, 1.0, 1.0, 1.0, 1.0, 0.0, 1.0, 1.0, 1.0, 1.0, 1.0, 1.0, 1.0, 1.0, 0.0, 0.0, 0.0, 0.0, 0.0, 1.0, 1.0, 1.0, 0.0, 0.0, 1.0, 1.0, 1.0, 1.0, 1.0, 1.0, 1.0, 1.0, 1.0, 1.0, 0.0, 1.0, 1.0, 1.0, 1.0, 0.0, 1.0, 1.0, 1.0, 0.0, 1.0, 0.0, 0.0, 1.0, 1.0, 1.0, 1.0, 1.0, 0.0, 1.0, 1.0, 0.0, 1.0, 1.0, 1.0, 1.0, 1.0, 1.0, 1.0, 1.0, 0.0, 1.0, 0.0, 1.0, 1.0, 1.0, 1.0, 1.0, 0.0, 0.0, 1.0, 1.0, 1.0, 1.0, 1.0, 1.0, 0.0, 1.0, 0.0, 1.0, 1.0, 1.0, 1.0, 1.0, 0.0, 1.0, 0.0, 1.0, 1.0, 1.0, 0.0, 1.0, 1.0, 1.0, 1.0, 1.0, 0.0, 1.0, 1.0, 1.0, 0.0, 1.0, 1.0, 1.0, 1.0, 1.0, 1.0, 1.0, 1.0, 0.0, 1.0, 1.0, 1.0, 0.0, 1.0, 0.0, 1.0]","stage2/test_acc":63.55615880556498,"stage2/test_f1":0.5794475637040745,"best_val_loss":1.0207096041165866,"stage2/final_mask_keep_ratio_block4":0.703125,"stage5_test_f1":0.8972964714135062,"stage2/val_loss":2.057335216815655,"stage2/raw_hard_mask_block4":"[0.0, 1.0, 1.0, 1.0, 0.0, 1.0, 0.0, 1.0, 1.0, 1.0, 1.0, 0.0, 1.0, 1.0, 1.0, 0.0, 0.0, 1.0, 0.0, 1.0, 1.0, 1.0, 1.0, 1.0, 1.0, 1.0, 1.0, 1.0, 1.0, 1.0, 1.0, 1.0, 0.0, 1.0, 1.0, 1.0, 0.0, 1.0, 1.0, 1.0, 1.0, 1.0, 1.0, 0.0, 0.0, 1.0, 1.0, 1.0, 0.0, 1.0, 0.0, 0.0, 1.0, 1.0, 1.0, 1.0, 1.0, 1.0, 0.0, 0.0, 1.0, 1.0, 1.0, 1.0, 0.0, 0.0, 1.0, 1.0, 0.0, 1.0, 1.0, 0.0, 1.0, 0.0, 1.0, 0.0, 1.0, 0.0, 1.0, 0.0, 1.0, 0.0, 1.0, 1.0, 1.0, 0.0, 1.0, 0.0, 1.0, 1.0, 0.0, 1.0, 0.0, 1.0, 1.0, 0.0, 1.0, 1.0, 1.0, 0.0, 1.0, 0.0, 0.0, 1.0, 0.0, 1.0, 0.0, 1.0, 1.0, 1.0, 1.0, 1.0, 1.0, 1.0, 1.0, 1.0, 1.0, 1.0, 1.0, 0.0, 1.0, 1.0, 0.0, 1.0, 1.0, 1.0, 1.0, 0.0]","stage1/test_acc":89.20936545639634,"stage2/block4_Pruned_%":29.6875,"hard_bin_mask":[0,1,1,1,1,1,1,1,1,1,0,1,1,1,1,1,1,1,1,1,1,1,1,1,1,1,0,0,0,0,0,1,1,1,0,1,0,1,0,1,0,0,1,1,0,1,0,0,1,1,1,0,0,1,0,1,1,1,0,0,0,0,0,0,0,1,0,0,0,0,0,0,0,0,0,0,0,0,0,0,0,0,0,0,0,0,0,0,0,0,0,0,0,0,0,0,0,0,0,0,0,0,0,0,0,0,0,0,0,0,0,0,0,0,0,0,0,0,0,0,0,0,0,0,0,0,0,0],"stage2/best_val_loss":1.6441492374126727,"model_param_count_dense":36868,"mask_l1":0.2890625,"epoch":20,"val_acc":76.92307692307692,"stage2/lr_backbone":0.0001,"stage_3_separableconvcnn/confusion_matrix_table":{"nrows":36,"sha256":"8cd1c833de882c953b315aa977503ee65c1d56dcec355de89b22dd54b6abe202","size":1368,"_latest_artifact_path":"wandb-client-artifact://09i8bzncqt6b1mjcf1p073psl4ibyzgtnjy49c9jxpzt0r817js0jm1srqu1sjq6qceug2v13ljq9r7xnh2xmecfvxwxn0w9bezofqtc258zpihbcu5lb1iuk9q6lwer:latest/stage_3_separableconvcnn/confusion_matrix_table.table.json","log_mode":"IMMUTABLE","path":"media/table/stage_3_separableconvcnn/confusion_matrix_table_13_8cd1c833de882c953b31.table.json","_type":"table-file","artifact_path":"wandb-client-artifact://gkn0h3w1ikqk003hhw3jaew7d8o7kfm78wq627x3zb7tqjojtl8aylu36d2qeqhkrsw188ou00tirhp0f1cg4krdusq1ya8sy17nmg6ks59kptnn1t72vnxm83an7wyb/stage_3_separableconvcnn/confusion_matrix_table.table.json","ncols":3},"lr_gumbel_bin":0.001}