{"val_acc":77.12609970674487,"_step":8,"_runtime":13,"stage_3_separableconvcnn/confusion_matrix_table":{"_type":"table-file","_latest_artifact_path":"wandb-client-artifact://gz9gryhige2f4f1lchl9humhb3dcqfdd8hnxmcqih7s3xtv8ux99ju4kxcrfswl41q95ii707u5jtmxp8ma9qyty0i1qcbyri9vf6rg3909izl54nrybfkof4hx9zxab:latest/stage_3_separableconvcnn/confusion_matrix_table.table.json","sha256":"42d6b4ea148d812d757034a866c794ad3296e66f317615bab92f446bd77bf733","artifact_path":"wandb-client-artifact://hm61g2svnz0fl515fa3lxspkrtwbhh5kdbnp2bh0vpm15kgkcqy3aagroiu5m1qn067d4da2k0lo44vgq8xay2x6xw7ryqecur1yz7flashw0owf36wka05smcqdbofq/stage_3_separableconvcnn/confusion_matrix_table.table.json","nrows":36,"ncols":3,"log_mode":"IMMUTABLE","size":1366,"path":"media/table/stage_3_separableconvcnn/confusion_matrix_table_7_42d6b4ea148d812d7570.table.json"},"_wandb":{"runtime":13},"stage3_test_f1":0.89686139371519,"epoch":15,"bin_keep_ratio":0.4296875,"stage1_test_f1":0.8992012196111356,"stage1_test_loss":0.4559599839993571,"stage1/use_pretrain_model":false,"stage3_test_acc":89.58262639972854,"stage2_test_f1":0.8771663885052629,"lr":0.001,"stage2_hard_bin_mask_str":"[0.0, 0.0, 1.0, 1.0, 1.0, 1.0, 1.0, 0.0, 1.0, 1.0, 1.0, 1.0, 1.0, 1.0, 1.0, 1.0, 1.0, 1.0, 1.0, 1.0, 1.0, 1.0, 1.0, 1.0, 1.0, 1.0, 1.0, 1.0, 1.0, 0.0, 0.0, 1.0, 1.0, 1.0, 1.0, 1.0, 1.0, 1.0, 1.0, 0.0, 1.0, 1.0, 1.0, 0.0, 1.0, 1.0, 1.0, 1.0, 1.0, 1.0, 1.0, 1.0, 1.0, 1.0, 1.0, 1.0, 1.0, 1.0, 1.0, 1.0, 1.0, 0.0, 0.0, 1.0, 0.0, 0.0, 0.0, 0.0, 0.0, 0.0, 0.0, 0.0, 0.0, 0.0, 0.0, 0.0, 0.0, 0.0, 0.0, 0.0, 0.0, 0.0, 0.0, 0.0, 0.0, 0.0, 0.0, 0.0, 0.0, 0.0, 0.0, 0.0, 0.0, 0.0, 0.0, 0.0, 0.0, 0.0, 0.0, 0.0, 0.0, 0.0, 0.0, 0.0, 0.0, 0.0, 0.0, 0.0, 0.0, 0.0, 0.0, 0.0, 0.0, 0.0, 0.0, 0.0, 0.0, 0.0, 0.0, 0.0, 0.0, 0.0, 0.0, 0.0, 0.0, 0.0, 0.0, 0.0]","stage1/test_loss":0.4559599839993571,"lr_gumbel_bin":0.001,"stage":3,"_timestamp":1.776430239150319e+09,"train_acc":95.6639566395664,"mask_l1":0.2421875,"stage_1_separableconvcnn/confusion_matrix_table":{"nrows":36,"sha256":"02c5a6fac2b98a2cce23216035c71184f8282e95afab8b7a4923ed0654b10cea","artifact_path":"wandb-client-artifact://piojcuuc94zh7jyf1h36vetjlh49pzeamdhbxac9lavu27louqt9pmeviialv13tlg4vi24kh8gsrt78juj04udwisphxq8atkvzc9jppx6fmwbciesp6u552y8xrb9t/stage_1_separableconvcnn/confusion_matrix_table.table.json","log_mode":"IMMUTABLE","_latest_artifact_path":"wandb-client-artifact://v134uzmqsq8buak5uqmvdym6kb2b9qykol7yctjocsfvo9rmhtbyweu68wppxcycp30gquuxaq0n52dv5yv0yipr0w91li3e39gfaqq7cm53nheui9riwiret3q3oon4:latest/stage_1_separableconvcnn/confusion_matrix_table.table.json","path":"media/table/stage_1_separableconvcnn/confusion_matrix_table_1_02c5a6fac2b98a2cce23.table.json","size":1368,"_type":"table-file","ncols":3},"stage1/test_f1":0.8992012196111356,"val_loss":0.8586880107604163,"stage3_test_loss":0.4413130297339081,"lr_backbone":0.0001,"train_loss":0.10109454281165858,"best_val_loss":0.18672990103052858,"stage2_test_loss":0.53827406642396,"stage2_test_acc":87.58059043094673,"stage1/test_acc":89.85408890397014,"stage1_test_acc":89.85408890397014}