{"final_channel_mask_block2":[1,1,1,1,1,1,1,1,0,0,1,1,1,1,0,0,1,1,1,1,0,1,1,1,1,1,1,1,1,1,1,1,1,1,1,0,1,1,1,1,1,1,1,1,1,1,1,1,1,1,1,1,1,1,1,1,1,1,1,1,1,1,1,0],"val_loss":0.6992813656900166,"model_param_count_pruned":23607,"Block2_Pruned_%":10.9375,"stage_5_prunedseparableconvcnn/confusion_matrix_table":{"_type":"table-file","sha256":"05b8b1803c386912d37a02473798ecde438e022f2862a31396a3988a62883ec3","nrows":64,"log_mode":"IMMUTABLE","size":2012,"_latest_artifact_path":"wandb-client-artifact://m14u9g27wmfc7mx6046dzpyzaefs0iz8q6p5fkqcdgflml7cplzunugcjydqvu4h473vgi4o6u7b8zc48rfuxnvg2wkl4crkk4qw7infoulewq9e6ubkuu2xlp5qrqcm:latest/stage_5_prunedseparableconvcnn/confusion_matrix_table.table.json","artifact_path":"wandb-client-artifact://mcrmsyx12zwlg3d3w409nrdv4qi665kkfw1j52qw84x1qoelupw332msmk8de9ta68spxzyiz0495ysjlhawbk57jqsun76f7bl9dwr36ftm3z5qiq2aiwb3a2239yxn/stage_5_prunedseparableconvcnn/confusion_matrix_table.table.json","ncols":3,"path":"media/table/stage_5_prunedseparableconvcnn/confusion_matrix_table_95_05b8b1803c386912d37a.table.json"},"Total_Pruned_%":24.062499999999996,"stage4_test_f1":0.6513429234703635,"val_acc":75.34910230834996,"_timestamp":1.7752212732455766e+09,"stage2_test_acc":70.11849562081402,"bin_keep_ratio":0.5098039507865906,"lr_gumbel_channel":0.001,"final_channel_mask_block4":[1,0,1,0,1,0,0,1,1,1,1,1,1,1,1,0,1,1,1,1,0,1,1,1,0,1,1,1,0,0,1,1,0,0,1,1,1,1,1,1,1,0,1,1,1,1,0,0,0,0,1,1,1,1,1,1,1,0,1,0,1,0,1,1,1,1,1,1,1,1,1,1,1,1,1,1,1,1,1,1,0,1,1,1,1,1,1,1,0,1,1,1,1,0,1,1,1,0,1,1,1,1,0,1,1,1,1,1,1,1,1,1,1,1,1,1,1,1,0,1,0,1,1,1,0,0,1,1],"final_channel_mask_block3":[0,1,0,1,1,1,1,0,0,1,1,0,0,1,1,0,1,0,1,1,1,0,1,0,1,1,1,1,1,0,1,1,0,1,0,0,0,1,1,0,1,1,1,0,1,0,1,1,0,1,1,1,1,1,1,1,0,1,1,1,1,1,1,1,0,1,0,1,0,0,1,0,1,0,0,0,1,0,1,0,1,1,1,1,1,1,1,1,1,1,0,0,0,1,1,1,1,1,1,1,1,1,1,0,0,1,1,1,0,1,0,0,1,1,1,1,1,1,1,0,0,1,1,1,1,0,1,0],"stage":5,"mask_l1":0.4117647111415863,"stage1_test_f1":0.6589896579483215,"stage4_test_acc":72.1380731581659,"best_val_loss":0.6810327560754201,"stage3_test_loss":0.7846618700402106,"stage3_test_f1":0.6643523600020714,"Block3_Pruned_%":32.8125,"lr_gumbel_bin":0.001,"stage5_test_acc":70.04636785162288,"epoch":17,"_step":96,"stage_3_separableconvcnn/confusion_matrix_table":{"ncols":3,"_type":"table-file","size":2013,"path":"media/table/stage_3_separableconvcnn/confusion_matrix_table_49_32b6a4883e383545cd1e.table.json","nrows":64,"artifact_path":"wandb-client-artifact://zf9n59yvc7bf9hk9hf10152aopk3s27j5xa57tqeu60yed47vw2mvfmvoqg8p1f89lx24gx5rr5i6epqtxkjggw5zh9abhreg93ybraymx40gu8m6ydofbcumop1c1na/stage_3_separableconvcnn/confusion_matrix_table.table.json","_latest_artifact_path":"wandb-client-artifact://xiqfflm4f5rzrybpw4239tyspn77dbasog1ax59i5w6twdffx2clnidv1jsw22ak93qz4cz6nbn3ye64uxz8nmu67oas7y5tdwfplw9xm9a50k9kcj3ysf2xvvj95rld:latest/stage_3_separableconvcnn/confusion_matrix_table.table.json","log_mode":"IMMUTABLE","sha256":"32b6a4883e383545cd1ec7954568527ce3390e8dc20fa8576ddcc5525c108675"},"stage2_test_f1":0.6468535007611551,"lr_loaded_weights":0.0001,"stage_1_separableconvcnn/confusion_matrix_table":{"sha256":"b0895a2e110ead49aa1b25635393e5a0ef26c9c1614deccc21300fe08644a952","nrows":64,"artifact_path":"wandb-client-artifact://lc767m2mayrfausu746rjtaazplcnvq6sgkr4lh4r76o4g94fm0jrbt3ktzcjd9h3ifaxzw1tqqubtpzzhoovkpejolz3ninpr84uzb1j1cf3z1x5lkw2t3s464nbxd0/stage_1_separableconvcnn/confusion_matrix_table.table.json","log_mode":"IMMUTABLE","path":"media/table/stage_1_separableconvcnn/confusion_matrix_table_15_b0895a2e110ead49aa1b.table.json","size":2011,"_type":"table-file","_latest_artifact_path":"wandb-client-artifact://cpc413fbcmr2j6cz5yu9y6kdoca21gpjk6peswudrm9deacxt5kdm0vhhhv47o2oa53quxavn0vu8kg56q5kvi5l14i78peahrpm7fwj83852t4866a9r65vevz69dgh:latest/stage_1_separableconvcnn/confusion_matrix_table.table.json","ncols":3},"train_acc":77.01821092655594,"model_param_reduction_pct":36.1938483161252,"lr":0.001,"_runtime":453,"stage5_test_loss":0.8016790390966603,"stage3_test_acc":71.7568263781556,"model_param_count_dense":36998,"stage5_test_f1":0.6592190004269644,"train_loss":0.6177586996020951,"stage1_test_loss":0.7849902403394565,"stage4_test_loss":0.816035542420233,"_wandb":{"runtime":453},"hard_bin_mask":[1,1,1,1,1,0,1,1,1,1,1,1,1,1,1,1,1,1,1,1,1,1,1,1,1,1,1,0,0,0,0,0,0,0,0,0,0,0,0,0,0,0,0,0,0,0,0,0,0,0,0],"lr_backbone":0.0001,"Block4_Pruned_%":21.875,"stage2_test_loss":0.7829263050445019,"stage1_test_acc":69.97424008243173}