{"stage2/Total_Pruned_%":70,"stage2/stage_number":2,"stage1/use_pretrain_model":false,"_step":20,"stage2/test_f1":0.6406070361071698,"stage2/purpose":"train channel-pruning model with masking","train_loss":0.6787256229786011,"stage2/val_loss":0.8771426455760318,"stage2/train_loss":1.2066212698169887,"model_param_count":6996,"stage2/final_mask_keep_ratio_block2":0.28125,"train_acc":63.77895276802273,"stage2/test_loss":0.7399467769232931,"stage2/test_acc":76.99124162802678,"stage2/block3_Pruned_%":78.90625,"stage3_test_f1":0.6872382807931148,"_wandb":{"runtime":224},"stage2_test_f1":0.6406070361071698,"stage_3_prunedseparableconvcnn/confusion_matrix_table":{"log_mode":"IMMUTABLE","_type":"table-file","size":2013,"nrows":64,"artifact_path":"wandb-client-artifact://vam3qwy58bgp0xoc3o1fpf2rs0b7a61viyv3fai6a7c2kfgegxezlu0v9edh402728j2mg2hmei1vfmaz5kuww03p0ip9lfw4zo371oyppdim2utd67cy31oc3grkzxc/stage_3_prunedseparableconvcnn/confusion_matrix_table.table.json","_latest_artifact_path":"wandb-client-artifact://83jcr8ktj9wz60upqhvlusseskkv5yf98we7xjrcww4p4wc5b8xqko797shvckavlkfp3ahngxoh0opkfzpnvuwhcogtv8a79nse3ayd2uliojn8272a80bw6u0qw6br:latest/stage_3_prunedseparableconvcnn/confusion_matrix_table.table.json","ncols":3,"sha256":"dc863e283f7a5da676e42dd913a9ab17eeb46afd01cd67669ad02567e867d026","path":"media/table/stage_3_prunedseparableconvcnn/confusion_matrix_table_18_dc863e283f7a5da676e4.table.json"},"stage3_test_acc":79.98969603297269,"stage2/epoch":25,"stage2/mask_l1":0.3272235691547394,"stage2_test_loss":0.7399467769232931,"Total_Pruned_%":70,"stage2/final_mask_keep_ratio_block3":0.2109375,"stage2/raw_hard_mask_block4":"[1.0, 1.0, 0.0, 0.0, 0.0, 1.0, 1.0, 0.0, 1.0, 1.0, 0.0, 0.0, 1.0, 0.0, 0.0, 0.0, 1.0, 1.0, 0.0, 0.0, 0.0, 0.0, 0.0, 1.0, 0.0, 1.0, 0.0, 1.0, 0.0, 1.0, 0.0, 0.0, 0.0, 0.0, 1.0, 1.0, 0.0, 0.0, 1.0, 1.0, 0.0, 0.0, 1.0, 0.0, 0.0, 1.0, 1.0, 0.0, 0.0, 0.0, 0.0, 1.0, 0.0, 1.0, 1.0, 0.0, 0.0, 1.0, 1.0, 0.0, 0.0, 0.0, 0.0, 0.0, 1.0, 0.0, 0.0, 0.0, 0.0, 0.0, 0.0, 0.0, 1.0, 0.0, 1.0, 1.0, 1.0, 0.0, 1.0, 0.0, 0.0, 0.0, 1.0, 0.0, 1.0, 0.0, 0.0, 0.0, 0.0, 0.0, 0.0, 1.0, 0.0, 1.0, 0.0, 1.0, 1.0, 1.0, 0.0, 0.0, 0.0, 0.0, 1.0, 1.0, 0.0, 0.0, 0.0, 0.0, 1.0, 1.0, 0.0, 0.0, 0.0, 0.0, 1.0, 0.0, 1.0, 0.0, 0.0, 0.0, 0.0, 1.0, 1.0, 1.0, 1.0, 1.0, 1.0, 1.0]","stage1_test_loss":0.6451507773950873,"model_param_count_pruned":6996,"stage2/block2_Pruned_%":71.875,"stage":3,"stage2/lr_gumbel":0.001,"stage3_test_loss":0.6150089188711598,"val_acc":66.73827425707125,"_timestamp":1.7753810482769172e+09,"block2_Pruned_%":71.875,"stage1/test_loss":0.6451507773950873,"stage2/val_acc":58.21697099892589,"stage2/best_val_loss":0.8591523160014236,"stage2/raw_hard_mask_block2":"[0.0, 0.0, 0.0, 0.0, 1.0, 0.0, 0.0, 1.0, 0.0, 1.0, 0.0, 1.0, 0.0, 0.0, 0.0, 1.0, 0.0, 0.0, 0.0, 0.0, 0.0, 1.0, 0.0, 1.0, 1.0, 1.0, 0.0, 0.0, 0.0, 0.0, 0.0, 0.0, 0.0, 0.0, 1.0, 0.0, 1.0, 1.0, 1.0, 0.0, 0.0, 0.0, 0.0, 0.0, 0.0, 0.0, 0.0, 1.0, 1.0, 1.0, 0.0, 1.0, 0.0, 1.0, 0.0, 0.0, 0.0, 0.0, 0.0, 0.0, 0.0, 0.0, 0.0, 0.0]","final_summary_log_path":"/home/qphan/master-thesis/models/wear_best_model_three_stage_channel_subject0_val_final_summary_val_0.txt","stage1/test_f1":0.6742216948894117,"val_loss":0.7690954655248804,"stage2/final_mask_keep_ratio_block4":0.3984375,"stage2/raw_hard_mask_block3":"[0.0, 0.0, 0.0, 1.0, 0.0, 0.0, 0.0, 1.0, 1.0, 0.0, 0.0, 0.0, 0.0, 0.0, 1.0, 0.0, 1.0, 1.0, 0.0, 0.0, 0.0, 0.0, 0.0, 0.0, 1.0, 0.0, 0.0, 0.0, 0.0, 0.0, 0.0, 0.0, 0.0, 0.0, 0.0, 0.0, 0.0, 1.0, 0.0, 0.0, 0.0, 1.0, 0.0, 1.0, 0.0, 0.0, 0.0, 0.0, 1.0, 0.0, 1.0, 0.0, 0.0, 0.0, 1.0, 0.0, 0.0, 1.0, 0.0, 0.0, 0.0, 0.0, 0.0, 0.0, 0.0, 0.0, 0.0, 0.0, 1.0, 0.0, 1.0, 1.0, 1.0, 0.0, 1.0, 0.0, 1.0, 0.0, 0.0, 0.0, 0.0, 1.0, 1.0, 0.0, 0.0, 0.0, 0.0, 0.0, 0.0, 0.0, 0.0, 1.0, 0.0, 0.0, 0.0, 0.0, 0.0, 0.0, 1.0, 0.0, 0.0, 0.0, 0.0, 0.0, 1.0, 0.0, 0.0, 0.0, 0.0, 0.0, 0.0, 0.0, 0.0, 1.0, 0.0, 0.0, 0.0, 0.0, 1.0, 0.0, 0.0, 0.0, 0.0, 0.0, 0.0, 0.0, 0.0, 0.0]","stage2_test_acc":76.99124162802678,"stage2/best_epoch":15,"block4_Pruned_%":60.15625,"model_param_count_dense":36998,"stage2/train_acc":50.97265517105315,"model_param_reduction_pct":81.09086977674468,"stage2/block4_Pruned_%":60.15625,"stage2/lr_backbone":0.0001,"lr_loaded_weights":0.0001,"best_val_loss":0.7603842283165929,"stage1_test_f1":0.6742216948894117,"stage1_test_acc":77.48583204533746,"stage1/test_acc":77.48583204533746,"stage_1_separableconvcnn/confusion_matrix_table":{"log_mode":"IMMUTABLE","_latest_artifact_path":"wandb-client-artifact://42k2geg3yp878pjwy5eo03qoklahoswoapgcfl3set9ka2z4lib7qj6d12df6rdnab2ymsta7muw11yat7gum0109cx10pf40j0qtxxdq7sqfz6gtl8ymhw0zn2rby4r:latest/stage_1_separableconvcnn/confusion_matrix_table.table.json","ncols":3,"nrows":64,"_type":"table-file","size":2015,"path":"media/table/stage_1_separableconvcnn/confusion_matrix_table_1_4c71ec94cf2c83db86b4.table.json","artifact_path":"wandb-client-artifact://aln90d9mddjw8inyjg1cu5q2rklkyg9or76casce6ajbr3boqdmmgnr9mxg4ihbv6xe0otuzlwh4h7wlp7sgaamq4gvno0qmjzp7imm30b9kqdig959ji5mxrvuvoxjn/stage_1_separableconvcnn/confusion_matrix_table.table.json","sha256":"4c71ec94cf2c83db86b494c32addd054f445d91a59497064ef560bc5319677b7"},"block3_Pruned_%":78.90625,"_runtime":224,"epoch":50}