{"stage2/raw_hard_mask_block4":"[0.0, 0.0, 0.0, 0.0, 1.0, 0.0, 0.0, 1.0, 0.0, 0.0, 1.0, 0.0, 0.0, 0.0, 0.0, 0.0, 1.0, 1.0, 1.0, 0.0, 0.0, 0.0, 1.0, 0.0, 0.0, 0.0, 1.0, 1.0, 0.0, 1.0, 1.0, 1.0, 1.0, 0.0, 1.0, 1.0, 1.0, 0.0, 0.0, 0.0, 1.0, 0.0, 1.0, 0.0, 0.0, 0.0, 1.0, 1.0, 0.0, 1.0, 1.0, 0.0, 0.0, 1.0, 0.0, 0.0, 1.0, 0.0, 0.0, 1.0, 1.0, 1.0, 1.0, 0.0, 0.0, 0.0, 0.0, 1.0, 0.0, 1.0, 0.0, 0.0, 1.0, 0.0, 1.0, 0.0, 0.0, 0.0, 1.0, 0.0, 1.0, 0.0, 0.0, 1.0, 0.0, 0.0, 1.0, 1.0, 1.0, 0.0, 1.0, 1.0, 0.0, 1.0, 0.0, 1.0, 1.0, 0.0, 1.0, 0.0, 0.0, 1.0, 0.0, 0.0, 1.0, 0.0, 1.0, 0.0, 0.0, 1.0, 0.0, 0.0, 0.0, 0.0, 0.0, 1.0, 1.0, 1.0, 0.0, 0.0, 0.0, 0.0, 1.0, 0.0, 1.0, 0.0, 1.0, 0.0]","stage2/final_mask_keep_ratio_block3":0.3984375,"stage1/use_pretrain_model":false,"model_param_count_pruned":10225,"train_acc":90.6107305936073,"stage2/raw_hard_mask_block3":"[1.0, 0.0, 1.0, 0.0, 0.0, 0.0, 1.0, 1.0, 1.0, 0.0, 1.0, 0.0, 1.0, 1.0, 1.0, 0.0, 0.0, 0.0, 0.0, 1.0, 0.0, 1.0, 1.0, 0.0, 1.0, 0.0, 0.0, 1.0, 1.0, 0.0, 1.0, 0.0, 1.0, 1.0, 0.0, 1.0, 0.0, 0.0, 0.0, 1.0, 0.0, 0.0, 0.0, 1.0, 1.0, 0.0, 0.0, 0.0, 0.0, 0.0, 0.0, 0.0, 1.0, 0.0, 0.0, 0.0, 0.0, 1.0, 0.0, 1.0, 0.0, 0.0, 0.0, 0.0, 0.0, 0.0, 1.0, 0.0, 1.0, 0.0, 1.0, 0.0, 1.0, 0.0, 1.0, 0.0, 0.0, 0.0, 0.0, 1.0, 0.0, 0.0, 0.0, 0.0, 0.0, 1.0, 1.0, 1.0, 1.0, 1.0, 1.0, 0.0, 0.0, 1.0, 0.0, 0.0, 0.0, 1.0, 0.0, 1.0, 0.0, 0.0, 0.0, 1.0, 1.0, 1.0, 1.0, 0.0, 0.0, 0.0, 0.0, 0.0, 0.0, 0.0, 1.0, 1.0, 0.0, 0.0, 0.0, 1.0, 0.0, 1.0, 0.0, 1.0, 1.0, 1.0, 0.0, 0.0]","stage2/test_loss":0.659254775467263,"model_param_count":10225,"stage2/lr_gumbel":0.001,"val_loss":0.239041936766562,"_timestamp":1.7758566661553612e+09,"stage2/best_epoch":10,"stage1_test_loss":0.26241459981148063,"model_param_count_dense":36868,"_runtime":26,"stage2/train_loss":1.0839819200507037,"stage1/test_f1":0.9114597953604786,"lr_loaded_weights":0.0001,"model_param_reduction_pct":72.26592166648584,"best_val_loss":0.2317928819630165,"stage1_test_acc":91.00780454699695,"stage_3_prunedseparableconvcnn/confusion_matrix_table":{"sha256":"a910fc793a53239e26cde7c28ecd749ac3af723caa01956a5e2e22968fac896a","artifact_path":"wandb-client-artifact://xhufykqu90bl5rxr77bfei5qm4pydylwfdl6uiyk2foyqs8p0lir6j2om6bz3plymd2kion1ddyrhjr1hv6t85vbk1ccaeop0oypoq4wcbwt9fof7n23bf5ky1a0qom9/stage_3_prunedseparableconvcnn/confusion_matrix_table.table.json","ncols":3,"path":"media/table/stage_3_prunedseparableconvcnn/confusion_matrix_table_15_a910fc793a53239e26cd.table.json","size":1366,"log_mode":"IMMUTABLE","_type":"table-file","_latest_artifact_path":"wandb-client-artifact://3tg7re2xchcwcps1pp5dm445o9zrwbfvjp5ufpe0g4e9y3zwb2mxvd1v14r6d9jqyjxfapdqglz7dsrvcdhmu5sgr6bl7sab55ou9828nvqut33p3mjizzsa2321yzf7:latest/stage_3_prunedseparableconvcnn/confusion_matrix_table.table.json","nrows":36},"stage2/test_acc":63.82762130980658,"stage2_test_loss":0.659254775467263,"stage2/val_loss":0.6966561634407573,"stage2/purpose":"train channel-pruning model with masking","stage2/epoch":20,"epoch":40,"stage":3,"stage_1_separableconvcnn/confusion_matrix_table":{"path":"media/table/stage_1_separableconvcnn/confusion_matrix_table_1_c00c763d302031feb986.table.json","artifact_path":"wandb-client-artifact://6ufxmbiis7molj8aimdg0ba0l3ukn3erupvx5029hhy1be4wodto4u71evebj5f5s4xhwo8bufke73trleh15gmhj846mpeln6jkejb67fb7jzcubmebiolw6palupzk/stage_1_separableconvcnn/confusion_matrix_table.table.json","_latest_artifact_path":"wandb-client-artifact://zfz3rcw5zhzgciqoyye2loxa61ymgu4h4y0d7atbjmfbceqsn6x4km2wxrov6sm20e8anbxcq6cwlxizcpnnriz9ihkb59zyinfjtbte4jlpxfchjbgwh1pwkplx7kow:latest/stage_1_separableconvcnn/confusion_matrix_table.table.json","sha256":"c00c763d302031feb9866229d0b7c28247ab821837d7399a92ca32ebb691d192","ncols":3,"log_mode":"IMMUTABLE","_type":"table-file","nrows":36,"size":1367},"stage2/best_val_loss":0.6054268901322313,"stage2/block2_Pruned_%":50,"val_acc":91.56976744186046,"stage2/Total_Pruned_%":57.1875,"stage2/final_mask_keep_ratio_block2":0.5,"stage2/final_mask_keep_ratio_block4":0.421875,"block4_Pruned_%":57.8125,"stage3_test_acc":89.54869358669833,"stage2/raw_hard_mask_block2":"[0.0, 1.0, 0.0, 0.0, 0.0, 0.0, 1.0, 1.0, 0.0, 1.0, 0.0, 1.0, 1.0, 1.0, 1.0, 0.0, 1.0, 0.0, 0.0, 0.0, 0.0, 0.0, 0.0, 1.0, 1.0, 0.0, 1.0, 1.0, 0.0, 0.0, 0.0, 0.0, 1.0, 1.0, 1.0, 0.0, 1.0, 1.0, 0.0, 0.0, 0.0, 0.0, 1.0, 0.0, 0.0, 0.0, 1.0, 1.0, 1.0, 1.0, 1.0, 1.0, 0.0, 1.0, 1.0, 1.0, 1.0, 1.0, 0.0, 1.0, 0.0, 0.0, 0.0, 1.0]","stage2/mask_l1":0.4760100841522217,"stage2/test_f1":0.604525598779213,"_wandb":{"runtime":26},"stage2_test_f1":0.604525598779213,"stage2/lr_backbone":0.0001,"stage2/block3_Pruned_%":60.15625,"stage2_test_acc":63.82762130980658,"stage1/test_loss":0.26241459981148063,"stage1_test_f1":0.9114597953604786,"stage2/stage_number":2,"Total_Pruned_%":57.1875,"_step":17,"block3_Pruned_%":60.15625,"block2_Pruned_%":50,"stage2/val_acc":59.30232558139535,"stage1/test_acc":91.00780454699695,"stage3_test_loss":0.28530690978277407,"stage2/block4_Pruned_%":57.8125,"train_loss":0.22057821761527563,"stage2/train_acc":59.83162100456621,"stage3_test_f1":0.8969620137537752,"final_summary_log_path":"/home/qphan/master-thesis/models/uci_best_model_three_stage_channel_subject29_val_final_summary_val_29.txt"}