{"stage":3,"stage3_test_f1":0.8315275721080816,"stage3_test_acc":83.5086528673227,"lr_backbone":0.0001,"_runtime":15,"stage2_test_f1":0.8413673438741794,"_step":9,"lr_gumbel_bin":0.001,"stage1/test_loss":0.618815944941849,"_timestamp":1.775773682599401e+09,"stage3_test_loss":0.4755038594770749,"bin_keep_ratio":0.5546875,"stage2_hard_bin_mask_str":"[0.0, 1.0, 1.0, 1.0, 1.0, 1.0, 1.0, 1.0, 1.0, 1.0, 1.0, 1.0, 1.0, 1.0, 1.0, 1.0, 1.0, 1.0, 1.0, 1.0, 1.0, 1.0, 1.0, 1.0, 1.0, 1.0, 1.0, 1.0, 1.0, 1.0, 1.0, 1.0, 1.0, 1.0, 1.0, 1.0, 1.0, 1.0, 1.0, 1.0, 1.0, 1.0, 1.0, 1.0, 1.0, 1.0, 1.0, 1.0, 1.0, 1.0, 1.0, 1.0, 1.0, 1.0, 1.0, 1.0, 1.0, 1.0, 1.0, 1.0, 1.0, 1.0, 1.0, 1.0, 0.0, 0.0, 0.0, 0.0, 0.0, 0.0, 0.0, 0.0, 1.0, 0.0, 0.0, 1.0, 0.0, 0.0, 0.0, 1.0, 0.0, 0.0, 0.0, 0.0, 0.0, 0.0, 0.0, 0.0, 0.0, 0.0, 1.0, 0.0, 0.0, 0.0, 0.0, 1.0, 0.0, 0.0, 0.0, 0.0, 0.0, 0.0, 0.0, 0.0, 1.0, 0.0, 0.0, 1.0, 0.0, 0.0, 0.0, 0.0, 0.0, 1.0, 0.0, 0.0, 0.0, 0.0, 0.0, 0.0, 0.0, 0.0, 0.0, 0.0, 0.0, 0.0, 0.0, 0.0]","mask_l1":0.5,"stage_3_separableconvcnn/confusion_matrix_table":{"nrows":36,"ncols":3,"_latest_artifact_path":"wandb-client-artifact://ex9ti1sfggfawezmoqxw5gcpuewt4sinq7k7p3mhx7kh1qu57w153rajhbz0pf9dtvpzntn169nsjvw3qg5099pi7fwau1z0ix89lyorhpwkjlcgbm83q3esvy5ak7ti:latest/stage_3_separableconvcnn/confusion_matrix_table.table.json","_type":"table-file","sha256":"162e326b09a940f0ba8ca39d6fb04f7896eed52d7306c5078f3224480c4bfde2","path":"media/table/stage_3_separableconvcnn/confusion_matrix_table_8_162e326b09a940f0ba8c.table.json","log_mode":"IMMUTABLE","size":1369,"artifact_path":"wandb-client-artifact://dspnt7om0j9tyq48vfqdpkb2hkci2eoz746itotnlwhwzmwgk7gap3o0vksskypnu95n9wnyrqdmpqj5gd48ungk545eit5zj6m5dixgs9os0y3oj7vjqz7i2745qolu/stage_3_separableconvcnn/confusion_matrix_table.table.json"},"lr":0.001,"stage1/use_pretrain_model":false,"stage1_test_acc":68.00135731252121,"stage1_test_f1":0.6590848048703898,"stage1_test_loss":0.618815944941849,"train_loss":0.16676723743334834,"best_val_loss":0.5732935515583538,"stage_1_separableconvcnn/confusion_matrix_table":{"sha256":"b67f3fa1745bd39b788a90d2420bc5303bab6fc67e8638c290e0a2d2210940a7","log_mode":"IMMUTABLE","path":"media/table/stage_1_separableconvcnn/confusion_matrix_table_1_b67f3fa1745bd39b788a.table.json","artifact_path":"wandb-client-artifact://ttldmjeal9skmye8jcbm43xnemhmo7ybcsy4ljguphguy1fxmd8auuq0eer41f2qxpbpvra3uq1ixghkhjdyhwe5rbit4ru108p2a0vaxivt3el1u9o8jl77qe4j2nc6/stage_1_separableconvcnn/confusion_matrix_table.table.json","size":1367,"_latest_artifact_path":"wandb-client-artifact://v15yj5a4tz20ab00xz5lf2yecf93p7l06mfjlwvm1cvfcvgc8ocuh5f2s3nd85elcf98ahx1nnx6k6mi7z78zgg00rh08c3dugoe1o6y9c9diajm85vdeznp2vc224k0:latest/stage_1_separableconvcnn/confusion_matrix_table.table.json","nrows":36,"_type":"table-file","ncols":3},"stage1/test_acc":68.00135731252121,"val_acc":66.12021857923497,"epoch":10,"stage2_test_acc":83.8140481845945,"stage2_test_loss":0.5098866936619113,"train_acc":92.72831377039793,"stage1/test_f1":0.6590848048703898,"_wandb":{"runtime":15},"val_loss":0.8072329679799211}