{"stage2_test_f1":0.9202632002726655,"_wandb":{"runtime":25},"stage1/test_loss":0.3393576698681941,"_runtime":25,"stage3_test_loss":0.27320615686333194,"lr":0.001,"train_loss":0.07784267530749296,"epoch":15,"stage3_test_acc":92.97590770274856,"train_acc":96.69070852778957,"mask_l1":0.4765625,"stage2_test_acc":91.89005768578215,"stage1_test_loss":0.3393576698681941,"stage1/test_f1":0.9144772340727608,"_timestamp":1.77577502515116e+09,"stage":3,"stage1_test_acc":91.24533423820834,"bin_keep_ratio":0.4921875,"lr_backbone":0.0001,"lr_gumbel_bin":0.001,"stage1/use_pretrain_model":false,"val_acc":88.61209964412811,"stage3_test_f1":0.9311124630054423,"_step":14,"stage1_test_f1":0.9144772340727608,"stage_3_separableconvcnn/confusion_matrix_table":{"artifact_path":"wandb-client-artifact://ij3ax9p79w7e5z2hz3zmse9rw3ljfhcocm44horzjlng618qis0av82zobyhka2lg1mokjedaf0mjezpr0yu84fdnjdqup2f9mor0h0ondcebome36zhlg6ofozrkpnn/stage_3_separableconvcnn/confusion_matrix_table.table.json","path":"media/table/stage_3_separableconvcnn/confusion_matrix_table_13_64bc22c67bea1dc1b7ba.table.json","ncols":3,"size":1365,"_latest_artifact_path":"wandb-client-artifact://ljvd2wz859ob5tycidvfqn8mb61mbnavas62tioa736pkle5yqdjpyw82cdglh0hdkgm4kyejnmv5r40iwytck60sgvubzdw0yp27c5pkvbk0zbpc50jmuy5cwxzne9a:latest/stage_3_separableconvcnn/confusion_matrix_table.table.json","log_mode":"IMMUTABLE","nrows":36,"_type":"table-file","sha256":"64bc22c67bea1dc1b7ba9060f6be9de89cb578e95d6628ab1b0cc49916e79ba3"},"stage2_hard_bin_mask_str":"[0.0, 1.0, 1.0, 1.0, 1.0, 1.0, 1.0, 1.0, 1.0, 1.0, 1.0, 1.0, 1.0, 1.0, 1.0, 1.0, 1.0, 1.0, 1.0, 1.0, 1.0, 1.0, 1.0, 1.0, 1.0, 1.0, 1.0, 1.0, 1.0, 1.0, 1.0, 1.0, 1.0, 1.0, 1.0, 1.0, 1.0, 1.0, 1.0, 1.0, 1.0, 1.0, 1.0, 1.0, 1.0, 1.0, 1.0, 1.0, 1.0, 1.0, 1.0, 1.0, 1.0, 1.0, 1.0, 1.0, 1.0, 1.0, 1.0, 1.0, 1.0, 1.0, 1.0, 1.0, 0.0, 0.0, 0.0, 0.0, 0.0, 0.0, 0.0, 0.0, 0.0, 0.0, 0.0, 0.0, 0.0, 0.0, 0.0, 0.0, 0.0, 0.0, 0.0, 0.0, 0.0, 0.0, 0.0, 0.0, 0.0, 0.0, 0.0, 0.0, 0.0, 0.0, 0.0, 0.0, 0.0, 0.0, 0.0, 0.0, 0.0, 0.0, 0.0, 0.0, 0.0, 0.0, 0.0, 0.0, 0.0, 0.0, 0.0, 0.0, 0.0, 0.0, 0.0, 0.0, 0.0, 0.0, 0.0, 0.0, 0.0, 0.0, 0.0, 0.0, 0.0, 0.0, 0.0, 0.0]","best_val_loss":0.10066935465892246,"stage2_test_loss":0.37166657512997664,"stage1/test_acc":91.24533423820834,"val_loss":0.4311854350860052,"stage_1_separableconvcnn/confusion_matrix_table":{"ncols":3,"_latest_artifact_path":"wandb-client-artifact://w1swmen80kcrebgr92xusume4s38s7zdzap9yl66jlb91o7zmfaj3lsc8ro0px341ro8w1mvtp2g2zjyn1hcw75yzwbc759c6fyk9s5wfnzcwl2cnnufxfn44vekt2j4:latest/stage_1_separableconvcnn/confusion_matrix_table.table.json","path":"media/table/stage_1_separableconvcnn/confusion_matrix_table_1_664cf793b2fa78623677.table.json","size":1365,"nrows":36,"sha256":"664cf793b2fa786236774bb749846c1cb5ed9bdb1154b6b86916ab2731fb7a5c","log_mode":"IMMUTABLE","_type":"table-file","artifact_path":"wandb-client-artifact://g5ag0orhy4xhvjzo624z1j12hs7ulx1apec322tuzphxofzpxbej7af1dlryodaf2rkyemwswokdjkgphtw595n8ao3dkcxzh82ywik17zxvj4nmgel1uo1ggkuyke4m/stage_1_separableconvcnn/confusion_matrix_table.table.json"}}