{"stage2_test_loss":0.4166772725123155,"_timestamp":1.7757704732498376e+09,"mask_l1":0.20000000298023224,"_runtime":20,"stage":3,"stage1_test_f1":0.903082410668676,"lr_backbone":0.0001,"stage_3_separableconvcnn/confusion_matrix_table":{"path":"media/table/stage_3_separableconvcnn/confusion_matrix_table_12_549cdea623a46774e0ce.table.json","ncols":3,"sha256":"549cdea623a46774e0ce7c33074f3a18586b575ea1302deab0b0e50771605c69","_latest_artifact_path":"wandb-client-artifact://ip3fjxj5d0mutqmqafvqmdwm1x4llq4bve1h7hk0aixxcmnxtwob9j72s6mwpz8a7c1f6zxs0gfypypla5t1lf27ln3u2vfcnnmcprpa1i5ikoy019idghrc87qhxrx9:latest/stage_3_separableconvcnn/confusion_matrix_table.table.json","log_mode":"IMMUTABLE","size":1368,"_type":"table-file","nrows":36,"artifact_path":"wandb-client-artifact://nrv0bhf4im2zz4wxph4n5for34bnbt6ql5qgtsaj6wfs93wjojitxuxil3p6ylg9nj6ttbe2srwtr0n768njsqn8pltjipm3epakk4z1x3vyd555n32e6l5k68a14dcc/stage_3_separableconvcnn/confusion_matrix_table.table.json"},"stage3_test_loss":0.28963690494574595,"stage1/test_loss":0.2619451821396462,"stage1_test_loss":0.2619451821396462,"stage1_test_acc":90.09161859518154,"stage1/test_acc":90.09161859518154,"bin_keep_ratio":0.2153846174478531,"_step":13,"lr":0.001,"stage_1_separableconvcnn/confusion_matrix_table":{"ncols":3,"size":1368,"nrows":36,"_type":"table-file","path":"media/table/stage_1_separableconvcnn/confusion_matrix_table_1_7564a7f0cb013ffdab37.table.json","log_mode":"IMMUTABLE","sha256":"7564a7f0cb013ffdab37b14a0d596fcd5b0e85878f66aeb5e1b86ab4c6ab1b99","artifact_path":"wandb-client-artifact://xpte9u65lld2zjzaodxiluxh41w37r7fm3jo1kgn2ghbguswuvk7cua3k1u2hozd03ldmccadte0fxa1848nduhjagkzr1nehp8m5ygtu0pin3kpfyr3np03sv8j5wk4/stage_1_separableconvcnn/confusion_matrix_table.table.json","_latest_artifact_path":"wandb-client-artifact://ecqwfemm3k549y2qlda95hzyo6m67tsk4fknyf1pz1t7s9xhhp1fe4w5vzj1a8vwlqrsr7lrrc5ckegma5j4s0o9gc4r9tkwij9rp3ucqqqflom92pujbktxf71oar0j:latest/stage_1_separableconvcnn/confusion_matrix_table.table.json"},"epoch":30,"stage2_hard_bin_mask_str":"[1.0, 1.0, 1.0, 1.0, 1.0, 1.0, 1.0, 1.0, 1.0, 1.0, 1.0, 1.0, 1.0, 1.0, 0.0, 0.0, 0.0, 0.0, 0.0, 0.0, 0.0, 0.0, 0.0, 0.0, 0.0, 0.0, 0.0, 0.0, 0.0, 0.0, 0.0, 0.0, 0.0, 0.0, 0.0, 0.0, 0.0, 0.0, 0.0, 0.0, 0.0, 0.0, 0.0, 0.0, 0.0, 0.0, 0.0, 0.0, 0.0, 0.0, 0.0, 0.0, 0.0, 0.0, 0.0, 0.0, 0.0, 0.0, 0.0, 0.0, 0.0, 0.0, 0.0, 0.0, 0.0]","best_val_loss":0.32785410039565144,"lr_gumbel_bin":0.001,"stage1/test_f1":0.903082410668676,"stage2_test_f1":0.8438178856634058,"val_loss":0.5086226603564095,"train_acc":92.62672811059907,"train_loss":0.1705797842364707,"_wandb":{"runtime":20},"stage2_test_acc":84.76416694944011,"stage3_test_acc":89.51476077366814,"stage1/use_pretrain_model":false,"stage3_test_f1":0.896842506622069,"val_acc":87.5}