{"epoch":25,"stage2_test_f1":0.8374832280459255,"stage3_test_loss":0.5196372253423167,"_timestamp":1.776417106025111e+09,"best_val_loss":0.30556460843563765,"stage1/use_pretrain_model":false,"stage1/test_acc":91.72039362063116,"val_acc":78.09798270893371,"_step":10,"stage2_test_loss":0.5167126256250753,"stage1_test_loss":0.25057173036076164,"_runtime":16,"lr":0.001,"stage_1_separableconvcnn/confusion_matrix_table":{"artifact_path":"wandb-client-artifact://mct8ntcdfpff62wjj8d00uzbztlk7my99noybqunydibqcdj1wh3y1rsb4dhadxh187vzwww4omsweutwv6v0hh1xc88bu1w301dq1oh86xxhoggma2o6pw4gufmvkd2/stage_1_separableconvcnn/confusion_matrix_table.table.json","size":1366,"path":"media/table/stage_1_separableconvcnn/confusion_matrix_table_1_ba1709b9ded253dca6f1.table.json","ncols":3,"sha256":"ba1709b9ded253dca6f14b8d1a777336f0cb86899167c45d58f90d5e787020ac","nrows":36,"_latest_artifact_path":"wandb-client-artifact://wauqunbfqb2bgt7gn3su0krjvacfufj9ypot8hitihovsdnkqrqr3z9k1ggqm7mu46e969lxy036bobsyrthrvizq0ew24huydmm63epp2gksnpugt7zmq5fiitnvtov:latest/stage_1_separableconvcnn/confusion_matrix_table.table.json","log_mode":"IMMUTABLE","_type":"table-file"},"stage":3,"train_acc":91.73447537473234,"train_loss":0.18469261771266074,"stage3_test_f1":0.8641641942009172,"stage1_test_acc":91.72039362063116,"stage1/test_loss":0.25057173036076164,"val_loss":0.7970786892543265,"stage_3_separableconvcnn/confusion_matrix_table":{"_latest_artifact_path":"wandb-client-artifact://lyvkhxohy8txp5lkuu1wuops0t0lwkhsrau7mjye431bw91o9jdq0ov5vchu9dv5aqgamhzou4n195h9baiy1i7775nslkcwi95t3ihr63z264d35wokxy8ixmnqsis9:latest/stage_3_separableconvcnn/confusion_matrix_table.table.json","log_mode":"IMMUTABLE","artifact_path":"wandb-client-artifact://3zs6tz6jwoukbv98sz4leln9vktijucj1u7cxinjgznf63g231wss177ulvtcatukwlrirbh602kpx1mqj2lqsanpiyuz3b5i1s4hw9sy2dt8yg6hq4z5apg8vguzxes/stage_3_separableconvcnn/confusion_matrix_table.table.json","_type":"table-file","path":"media/table/stage_3_separableconvcnn/confusion_matrix_table_9_982434bf63ce6f495972.table.json","size":1369,"nrows":36,"ncols":3,"sha256":"982434bf63ce6f495972736d5949d240a76e1a0c6a86cbdfa5eff08877bb00e7"},"stage3_test_acc":86.46080760095012,"lr_backbone":0.0001,"stage1_test_f1":0.9190924499938599,"lr_gumbel_bin":0.001,"mask_l1":0.0234375,"stage2_hard_bin_mask_str":"[0.0, 0.0, 0.0, 0.0, 0.0, 1.0, 0.0, 1.0, 0.0, 1.0, 0.0, 1.0, 1.0, 1.0, 1.0, 1.0, 0.0, 0.0, 0.0, 1.0, 1.0, 1.0, 0.0, 0.0, 0.0, 0.0, 0.0, 1.0, 1.0, 1.0, 1.0, 0.0, 0.0, 0.0, 0.0, 0.0, 1.0, 1.0, 1.0, 0.0, 0.0, 1.0, 0.0, 1.0, 1.0, 1.0, 0.0, 0.0, 1.0, 0.0, 1.0, 1.0, 1.0, 1.0, 0.0, 0.0, 1.0, 0.0, 0.0, 0.0, 0.0, 0.0, 0.0, 0.0, 0.0, 0.0, 0.0, 0.0, 0.0, 0.0, 0.0, 0.0, 0.0, 0.0, 0.0, 0.0, 0.0, 0.0, 0.0, 0.0, 0.0, 0.0, 0.0, 0.0, 0.0, 0.0, 0.0, 0.0, 0.0, 0.0, 0.0, 0.0, 0.0, 0.0, 0.0, 0.0, 0.0, 0.0, 0.0, 0.0, 0.0, 0.0, 0.0, 0.0, 0.0, 0.0, 0.0, 0.0, 0.0, 0.0, 0.0, 0.0, 0.0, 0.0, 0.0, 0.0, 0.0, 0.0, 0.0, 0.0, 0.0, 0.0, 0.0, 0.0, 0.0, 0.0, 0.0, 0.0]","_wandb":{"runtime":16},"bin_keep_ratio":0.21875,"stage1/test_f1":0.9190924499938599,"stage2_test_acc":83.8479809976247}