{"stage2/val_loss":0.6519548272753649,"stage2/final_mask_keep_ratio_block4":0.2890625,"_wandb":{"runtime":50},"stage":3,"stage2/test_loss":0.6470376233553529,"stage1/use_pretrain_model":false,"stage2/final_mask_keep_ratio_block2":0.234375,"stage2/val_acc":59.840425531914896,"stage2/block4_Pruned_%":71.09375,"_step":27,"stage1_test_loss":0.2774951138058333,"best_val_loss":0.29243467222066954,"stage2/test_f1":0.6003272448158222,"stage1_test_acc":90.60061079063455,"lr_loaded_weights":0.0001,"stage2/lr_backbone":0.0001,"stage2/stage_number":2,"stage2/raw_hard_mask_block4":"[1.0, 0.0, 0.0, 0.0, 0.0, 0.0, 0.0, 0.0, 0.0, 0.0, 0.0, 1.0, 0.0, 0.0, 0.0, 1.0, 0.0, 1.0, 0.0, 0.0, 0.0, 0.0, 1.0, 0.0, 0.0, 0.0, 1.0, 1.0, 0.0, 0.0, 0.0, 0.0, 0.0, 0.0, 0.0, 0.0, 1.0, 0.0, 1.0, 0.0, 0.0, 1.0, 0.0, 0.0, 1.0, 1.0, 0.0, 0.0, 0.0, 1.0, 0.0, 0.0, 1.0, 1.0, 0.0, 0.0, 0.0, 0.0, 1.0, 0.0, 0.0, 1.0, 0.0, 1.0, 0.0, 0.0, 1.0, 0.0, 0.0, 0.0, 0.0, 1.0, 1.0, 0.0, 1.0, 0.0, 0.0, 0.0, 0.0, 0.0, 1.0, 0.0, 1.0, 0.0, 0.0, 0.0, 0.0, 1.0, 0.0, 0.0, 0.0, 0.0, 0.0, 0.0, 0.0, 1.0, 1.0, 0.0, 0.0, 0.0, 0.0, 0.0, 0.0, 0.0, 1.0, 0.0, 1.0, 0.0, 0.0, 1.0, 0.0, 0.0, 0.0, 0.0, 0.0, 1.0, 1.0, 1.0, 0.0, 1.0, 1.0, 0.0, 1.0, 0.0, 0.0, 1.0, 0.0, 0.0]","stage1/test_acc":90.60061079063455,"stage2_test_acc":63.62402443162538,"model_param_count_pruned":4859,"val_acc":90.95744680851064,"stage2/epoch":50,"stage2/train_acc":62.2276376146789,"stage2/lr_gumbel":0.001,"stage1/test_loss":0.2774951138058333,"final_summary_log_path":"/home/qphan/master-thesis/models/uci_best_model_three_stage_channel_subject27_val_final_summary_val_27.txt","stage2/mask_l1":0.2975788116455078,"_timestamp":1.7758573717238083e+09,"block4_Pruned_%":71.09375,"block3_Pruned_%":85.9375,"model_param_count_dense":36868,"val_loss":0.29243467222066954,"stage2/test_acc":63.62402443162538,"stage2_test_f1":0.6003272448158222,"train_loss":0.31753201167517847,"stage2/final_mask_keep_ratio_block3":0.140625,"epoch":60,"model_param_reduction_pct":86.82054898557014,"stage_3_prunedseparableconvcnn/confusion_matrix_table":{"path":"media/table/stage_3_prunedseparableconvcnn/confusion_matrix_table_25_1b680360ed7b7aea95dc.table.json","size":1366,"_type":"table-file","nrows":36,"ncols":3,"sha256":"1b680360ed7b7aea95dcbf32d6527f93ff741116b2bce5cdecb2be182ee16e82","artifact_path":"wandb-client-artifact://7oybv5j2n8bptbvhx6hvseheaoh8lkf1okv7cferboj0kwh7rvvguz1et16ss48o0lpo10wqr01oa1z8nm8135awdpwrt28l3jp19x1gpvtujjy4fyzm0zlwtz0uxyxw/stage_3_prunedseparableconvcnn/confusion_matrix_table.table.json","_latest_artifact_path":"wandb-client-artifact://jyk9oml57ymt36icotgta03xg5sbpn9wzva26oqccy2nfpbverc53ruc29ih77q44w8n5w6ye0gs15xfpvyjgyxwv5iwg9i7sacnugz00wdwgcr69dt3vjdxs63keasa:latest/stage_3_prunedseparableconvcnn/confusion_matrix_table.table.json","log_mode":"IMMUTABLE"},"stage2/raw_hard_mask_block3":"[0.0, 0.0, 0.0, 0.0, 0.0, 1.0, 0.0, 0.0, 0.0, 0.0, 0.0, 0.0, 0.0, 0.0, 1.0, 1.0, 0.0, 0.0, 0.0, 0.0, 0.0, 0.0, 0.0, 0.0, 0.0, 0.0, 1.0, 0.0, 1.0, 0.0, 0.0, 0.0, 0.0, 1.0, 0.0, 0.0, 1.0, 0.0, 0.0, 0.0, 0.0, 1.0, 0.0, 0.0, 0.0, 0.0, 0.0, 0.0, 0.0, 0.0, 0.0, 0.0, 0.0, 0.0, 1.0, 0.0, 0.0, 0.0, 1.0, 0.0, 0.0, 0.0, 0.0, 1.0, 0.0, 0.0, 0.0, 0.0, 0.0, 0.0, 0.0, 0.0, 0.0, 0.0, 0.0, 0.0, 0.0, 0.0, 0.0, 1.0, 0.0, 0.0, 0.0, 0.0, 1.0, 1.0, 0.0, 0.0, 0.0, 0.0, 0.0, 0.0, 0.0, 0.0, 0.0, 0.0, 0.0, 0.0, 0.0, 1.0, 0.0, 0.0, 0.0, 0.0, 0.0, 0.0, 0.0, 0.0, 0.0, 1.0, 0.0, 0.0, 0.0, 0.0, 0.0, 0.0, 0.0, 0.0, 1.0, 0.0, 1.0, 0.0, 0.0, 0.0, 0.0, 0.0, 0.0, 0.0]","stage2/train_loss":0.9515457732961812,"stage2/block3_Pruned_%":85.9375,"Total_Pruned_%":78.125,"stage2/purpose":"train channel-pruning model with masking","stage3_test_acc":89.24329826942653,"stage1_test_f1":0.9075258537641089,"block2_Pruned_%":76.5625,"stage2/Total_Pruned_%":78.125,"stage2/best_epoch":43,"_runtime":50,"stage2/raw_hard_mask_block2":"[0.0, 0.0, 0.0, 1.0, 0.0, 0.0, 1.0, 0.0, 0.0, 0.0, 0.0, 0.0, 0.0, 1.0, 0.0, 0.0, 0.0, 0.0, 0.0, 0.0, 0.0, 0.0, 0.0, 0.0, 0.0, 1.0, 0.0, 1.0, 0.0, 0.0, 0.0, 1.0, 0.0, 0.0, 0.0, 0.0, 1.0, 1.0, 0.0, 1.0, 0.0, 0.0, 0.0, 0.0, 0.0, 1.0, 0.0, 0.0, 0.0, 0.0, 0.0, 0.0, 0.0, 0.0, 1.0, 0.0, 1.0, 0.0, 0.0, 1.0, 1.0, 1.0, 0.0, 0.0]","stage2_test_loss":0.6470376233553529,"stage3_test_f1":0.8948948595094183,"model_param_count":4859,"stage2/best_val_loss":0.6454489696572753,"stage2/block2_Pruned_%":76.5625,"stage1/test_f1":0.9075258537641089,"stage_1_separableconvcnn/confusion_matrix_table":{"size":1366,"nrows":36,"_latest_artifact_path":"wandb-client-artifact://ngg8pwerau9p8olzste065rhy0h30p7bpndka2ppdalrz1oaww8zn2e1f54zar4ny3exgrlt6ulcswwoemk0959rp1d73gdzt9vxyzx1ho6qt2czs977xhsn9st3a0yn:latest/stage_1_separableconvcnn/confusion_matrix_table.table.json","artifact_path":"wandb-client-artifact://vsy7e667bb9ti3j8j77zbnenz66kb0ebt562ap4e9uykl213tf7sfc1jwzhdyqt2xzk4tietp1lmlkqushq16gvftuvze0kc0m7udm4s1t9ujysrzxzhazq2yy6bmuuy/stage_1_separableconvcnn/confusion_matrix_table.table.json","log_mode":"IMMUTABLE","ncols":3,"_type":"table-file","sha256":"61885920cef9d037eaa1393bc587417e1046dc122040041ef3773957526f50b9","path":"media/table/stage_1_separableconvcnn/confusion_matrix_table_1_61885920cef9d037eaa1.table.json"},"train_acc":86.72591743119266,"stage3_test_loss":0.3235266944921201}