{"val_acc":82.11143695014663,"_wandb":{"runtime":17},"stage2_test_acc":86.56260604004072,"stage1_test_acc":89.85408890397014,"train_acc":94.8224219084296,"_step":10,"stage1_test_loss":0.4559599839993571,"lr_backbone":0.0001,"epoch":20,"_timestamp":1.7764266896677527e+09,"_runtime":17,"stage2_test_loss":0.4850794219218805,"stage1/test_acc":89.85408890397014,"bin_keep_ratio":0.328125,"stage2_hard_bin_mask_str":"[0.0, 0.0, 0.0, 0.0, 0.0, 0.0, 0.0, 1.0, 1.0, 1.0, 0.0, 1.0, 1.0, 1.0, 1.0, 0.0, 0.0, 1.0, 1.0, 1.0, 1.0, 1.0, 0.0, 1.0, 0.0, 1.0, 1.0, 1.0, 1.0, 0.0, 1.0, 1.0, 1.0, 1.0, 1.0, 0.0, 1.0, 1.0, 1.0, 1.0, 0.0, 1.0, 1.0, 1.0, 1.0, 1.0, 1.0, 0.0, 0.0, 1.0, 1.0, 1.0, 1.0, 1.0, 1.0, 1.0, 1.0, 1.0, 0.0, 1.0, 0.0, 0.0, 0.0, 0.0, 0.0, 0.0, 0.0, 0.0, 0.0, 0.0, 0.0, 0.0, 0.0, 0.0, 0.0, 0.0, 0.0, 0.0, 0.0, 0.0, 0.0, 0.0, 0.0, 0.0, 0.0, 0.0, 0.0, 0.0, 0.0, 0.0, 0.0, 0.0, 0.0, 0.0, 0.0, 0.0, 0.0, 0.0, 0.0, 0.0, 0.0, 0.0, 0.0, 0.0, 0.0, 0.0, 0.0, 0.0, 0.0, 0.0, 0.0, 0.0, 0.0, 0.0, 0.0, 0.0, 0.0, 0.0, 0.0, 0.0, 0.0, 0.0, 0.0, 0.0, 0.0, 0.0, 0.0, 0.0]","stage":3,"val_loss":0.5265627351324579,"stage3_test_acc":89.48082796063794,"stage1/test_f1":0.8992012196111356,"stage1/test_loss":0.4559599839993571,"stage_3_separableconvcnn/confusion_matrix_table":{"size":1368,"log_mode":"IMMUTABLE","sha256":"a765a499564fd5fcc67595be5666faf9b18c58f53c814a4a304d24d3b1d8326c","path":"media/table/stage_3_separableconvcnn/confusion_matrix_table_9_a765a499564fd5fcc675.table.json","nrows":36,"_type":"table-file","artifact_path":"wandb-client-artifact://7q66eb0bym2s7isjni5jnq7zgodliwyxaknhp98gyrr7t7jg9spjrqs36609y2tt9sb4dysgp3dmz5lki6gur1yohtajsfnffzsx3rb63a3zmqqx6e1qyo1edudzbojd/stage_3_separableconvcnn/confusion_matrix_table.table.json","ncols":3,"_latest_artifact_path":"wandb-client-artifact://y0zfpw5hzsf3vb5u37rl0dl044dovmduxfwpfih4i5fesgpiyprpd4efay8tldyw51i8o0v6ix8ks8f6qlf0fu3nyvcekqjmjqo3ql4buouiej797sxw1rdjktglya4u:latest/stage_3_separableconvcnn/confusion_matrix_table.table.json"},"stage1_test_f1":0.8992012196111356,"lr":0.001,"stage1/use_pretrain_model":false,"stage3_test_loss":0.3993622335351872,"stage2_test_f1":0.866969912607642,"train_loss":0.12262278241788825,"lr_gumbel_bin":0.001,"stage_1_separableconvcnn/confusion_matrix_table":{"size":1368,"_latest_artifact_path":"wandb-client-artifact://mj1gt79wc1bj7kg9h4ho2n9av5rskd948p7m938hm71x3cz1l16xexdhvb0by6gqcr9q9v8gho3k732pimhs5xypsk3aoiqj1snd1ju3tlu6pcoynjy9n0k55p2gu76s:latest/stage_1_separableconvcnn/confusion_matrix_table.table.json","_type":"table-file","path":"media/table/stage_1_separableconvcnn/confusion_matrix_table_1_02c5a6fac2b98a2cce23.table.json","log_mode":"IMMUTABLE","artifact_path":"wandb-client-artifact://5hbm2tu7n71wsakpyjsyzudl8a09264cclbhjvx6omx9c5dovjyjgxrxfm62jytx0dk7mc6xmuauu17aamxaiqk5za4xkxfefhberpsq4w1bgj7o2gwzeq5hvf6zpa1h/stage_1_separableconvcnn/confusion_matrix_table.table.json","sha256":"02c5a6fac2b98a2cce23216035c71184f8282e95afab8b7a4923ed0654b10cea","nrows":36,"ncols":3},"mask_l1":0.1640625,"best_val_loss":0.38235552761911296,"stage3_test_f1":0.8967216467529401}