{"test_acc":80.88614116434827,"_runtime":70,"stage1_test_acc":80.88614116434827,"test_loss":0.5817322335668994,"stage1/test_loss":0.5817322335668994,"stage1_test_loss":0.5817322335668994,"stage_1_separableconvcnn/confusion_matrix_table":{"log_mode":"IMMUTABLE","_type":"table-file","path":"media/table/stage_1_separableconvcnn/confusion_matrix_table_6_c1f94f1aacb46ad7e6da.table.json","nrows":64,"artifact_path":"wandb-client-artifact://oh5m9c66twis8xvyzykeh89qbq01q1uh8euv5tqmxv2uazf3zkwo8zcevygw5kkcksb6lde3zbd57fgoc7z1en0ax5pyizafkaxws1bfestk4bc3r1elpvikwztznrli/stage_1_separableconvcnn/confusion_matrix_table.table.json","sha256":"c1f94f1aacb46ad7e6da859c1d45ef2720c157f4f55c642daf90b04e51e45b9c","ncols":3,"_latest_artifact_path":"wandb-client-artifact://6sdqbtoi5lllzw6wz54e4dv74vzqhouihpqvfzkga7skr4tb5v1lpzni540pmk755jp9sigthl9l1q7d5yk2afxxg1pl4hqzpnazhjwv3e2dtt0mrq4vrzm5cbs62fmb:latest/stage_1_separableconvcnn/confusion_matrix_table.table.json","size":2009},"best_epoch":14,"_timestamp":1.776366202459038e+09,"stage1/best_val_loss":0.7496393250405924,"stage1/test_f1":0.7247378315162811,"stage1/train_loss":0.40916485750508075,"stage1/train_acc":75.52826148438447,"best_val_loss":0.7496393250405924,"stage1/epoch":20,"stage1/purpose":"train baseline model","_wandb":{"runtime":70},"stage1/stage_number":1,"stage1_test_f1":0.7247378315162811,"stage1/val_loss":0.8474249467796976,"stage1/lr":0.001,"_step":6,"stage1/val_acc":68.3429720895147,"stage1/test_acc":80.88614116434827,"stage1/use_pretrain_model":false,"test_f1_macro":0.7247378315162811}