{"test_acc":82.25656877897991,"best_val_loss":0.6723336866985082,"stage1/stage_number":1,"stage1_test_acc":82.25656877897991,"stage1/use_pretrain_model":false,"stage1/epoch":38,"stage1/lr":0.001,"stage1/test_f1":0.741126786173637,"test_loss":0.5518633859497406,"stage1/train_loss":0.32881370614264216,"stage1/val_acc":71.63439891940567,"stage1/purpose":"train baseline model","best_epoch":28,"test_f1_macro":0.741126786173637,"stage1/train_acc":78.12634125404814,"stage1/test_acc":82.25656877897991,"_runtime":116,"_step":39,"stage1_test_loss":0.5518633859497406,"stage1/val_loss":0.897646035873262,"stage1_test_f1":0.741126786173637,"stage1/best_val_loss":0.6723336866985082,"_wandb":{"runtime":116},"stage1/test_loss":0.5518633859497406,"_timestamp":1.7753014913084238e+09}