{"stage":3,"model_param_reduction_pct":75.6916567212759,"stage2/purpose":"train channel-pruning model with masking","stage2/final_mask_keep_ratio_block4":0.4609375,"stage2/lr_gumbel":0.001,"stage2/raw_hard_mask_block3":"[0.0, 1.0, 0.0, 0.0, 0.0, 0.0, 1.0, 0.0, 0.0, 0.0, 0.0, 0.0, 0.0, 0.0, 0.0, 1.0, 0.0, 0.0, 1.0, 1.0, 0.0, 1.0, 0.0, 0.0, 0.0, 0.0, 1.0, 0.0, 0.0, 0.0, 0.0, 0.0, 0.0, 1.0, 0.0, 0.0, 1.0, 0.0, 0.0, 0.0, 1.0, 1.0, 1.0, 0.0, 0.0, 0.0, 1.0, 0.0, 1.0, 0.0, 1.0, 1.0, 0.0, 0.0, 1.0, 0.0, 1.0, 1.0, 1.0, 0.0, 0.0, 0.0, 1.0, 1.0, 0.0, 0.0, 1.0, 0.0, 0.0, 0.0, 0.0, 0.0, 0.0, 0.0, 1.0, 0.0, 0.0, 0.0, 0.0, 0.0, 0.0, 1.0, 0.0, 0.0, 1.0, 1.0, 0.0, 0.0, 0.0, 0.0, 1.0, 1.0, 1.0, 0.0, 0.0, 1.0, 1.0, 0.0, 0.0, 0.0, 0.0, 0.0, 0.0, 1.0, 1.0, 1.0, 0.0, 0.0, 0.0, 1.0, 0.0, 0.0, 1.0, 1.0, 0.0, 0.0, 0.0, 0.0, 0.0, 0.0, 0.0, 0.0, 0.0, 0.0, 0.0, 0.0, 0.0, 0.0]","stage2/train_loss":1.0285447529073728,"stage1/test_f1":0.88700545532366,"stage1_test_loss":0.27359851776276795,"stage2/train_acc":59.99430523917995,"stage2/block4_Pruned_%":53.90625,"stage2/test_loss":0.6461245201369744,"stage1/use_pretrain_model":false,"stage2/lr_backbone":0.0001,"_runtime":22,"stage2/raw_hard_mask_block4":"[1.0, 1.0, 0.0, 0.0, 0.0, 1.0, 0.0, 1.0, 0.0, 1.0, 0.0, 0.0, 1.0, 1.0, 0.0, 0.0, 0.0, 0.0, 1.0, 1.0, 0.0, 0.0, 1.0, 0.0, 1.0, 1.0, 0.0, 0.0, 1.0, 0.0, 0.0, 1.0, 1.0, 0.0, 0.0, 1.0, 0.0, 1.0, 1.0, 1.0, 1.0, 1.0, 1.0, 1.0, 0.0, 0.0, 0.0, 1.0, 0.0, 0.0, 0.0, 0.0, 0.0, 0.0, 0.0, 1.0, 0.0, 1.0, 0.0, 1.0, 0.0, 0.0, 0.0, 1.0, 0.0, 0.0, 1.0, 0.0, 1.0, 1.0, 0.0, 0.0, 0.0, 0.0, 1.0, 1.0, 1.0, 0.0, 0.0, 1.0, 0.0, 0.0, 0.0, 0.0, 1.0, 1.0, 0.0, 0.0, 0.0, 0.0, 0.0, 1.0, 1.0, 0.0, 0.0, 0.0, 0.0, 1.0, 1.0, 1.0, 1.0, 0.0, 0.0, 1.0, 1.0, 1.0, 1.0, 1.0, 0.0, 1.0, 0.0, 0.0, 1.0, 0.0, 1.0, 1.0, 1.0, 0.0, 1.0, 0.0, 0.0, 1.0, 1.0, 0.0, 1.0, 0.0, 1.0, 1.0]","stage1/test_acc":88.29317950458093,"stage2/raw_hard_mask_block2":"[1.0, 0.0, 0.0, 1.0, 1.0, 0.0, 0.0, 1.0, 0.0, 1.0, 0.0, 0.0, 0.0, 0.0, 0.0, 0.0, 0.0, 0.0, 1.0, 1.0, 0.0, 0.0, 1.0, 1.0, 0.0, 0.0, 0.0, 0.0, 1.0, 1.0, 1.0, 0.0, 0.0, 0.0, 0.0, 0.0, 0.0, 1.0, 1.0, 0.0, 0.0, 1.0, 1.0, 0.0, 0.0, 0.0, 0.0, 1.0, 0.0, 0.0, 1.0, 0.0, 0.0, 1.0, 1.0, 0.0, 0.0, 0.0, 1.0, 1.0, 0.0, 1.0, 1.0, 0.0]","_wandb":{"runtime":22},"Total_Pruned_%":62.18749999999999,"stage2/test_f1":0.6177848675082863,"stage2_test_f1":0.6177848675082863,"stage2_test_loss":0.6461245201369744,"model_param_count_pruned":8962,"_step":13,"train_acc":86.48917995444191,"final_summary_log_path":"/home/qphan/master-thesis/models/uci_best_model_three_stage_channel_subject15_val_final_summary_val_15.txt","block4_Pruned_%":53.90625,"stage2_test_acc":64.77774007465219,"block3_Pruned_%":70.3125,"stage2/epoch":20,"stage_1_separableconvcnn/confusion_matrix_table":{"log_mode":"IMMUTABLE","sha256":"3e9a7dfa6ae532a6f998e7bfcfd24fdc54498a7eeb455661699d246113d1eec8","path":"media/table/stage_1_separableconvcnn/confusion_matrix_table_1_3e9a7dfa6ae532a6f998.table.json","ncols":3,"size":1366,"nrows":36,"_type":"table-file","artifact_path":"wandb-client-artifact://wj6gcipgzlhh4yj3te94h0zaaeuv5lr5dn9lekdgy2zjp3wddxldpjsmon2252l4lnf20vhd3aq2dcu2jflxu5ygyhhwc17syohq3kzp96mzmouo3fda39hy76ik8e8i/stage_1_separableconvcnn/confusion_matrix_table.table.json","_latest_artifact_path":"wandb-client-artifact://9uc6nlkipt6xuzvz1av5nres5q6hd4pq9i0to5p6rb1ln8ib2o6odkil513djku0sm55967zel88kvnq8fnsf9dtae23r08abclj52a1387yhos088c10ud1ofocgzy9:latest/stage_1_separableconvcnn/confusion_matrix_table.table.json"},"stage2/val_loss":0.8691131545276176,"model_param_count_dense":36868,"epoch":20,"stage2/stage_number":2,"stage2/mask_l1":0.46688026189804077,"stage1/test_loss":0.27359851776276795,"val_loss":0.4766595280933671,"lr_loaded_weights":0.0001,"_timestamp":1.7758742253496702e+09,"stage1_test_acc":88.29317950458093,"stage2/val_acc":55.48780487804878,"stage1_test_f1":0.88700545532366,"train_loss":0.2867934748632218,"stage2/block2_Pruned_%":62.5,"stage2/block3_Pruned_%":70.3125,"stage2/final_mask_keep_ratio_block3":0.296875,"val_acc":78.04878048780488,"stage_3_prunedseparableconvcnn/confusion_matrix_table":{"size":1367,"nrows":36,"_type":"table-file","sha256":"e90c6a0d9dbc3e566fe7da113b49862c93674b86c1e3f8023337ae46ffb43685","ncols":3,"log_mode":"IMMUTABLE","_latest_artifact_path":"wandb-client-artifact://dsf24tv8mbi0oywt6eoqilc5pj89rpoq47kismep4iyiur145weho5xfmcalroqj6yy11erearx8pprpy9bd1ekoykk2qugmemtd6j9zmbpjorf1j4hbd6l0ixslqlb1:latest/stage_3_prunedseparableconvcnn/confusion_matrix_table.table.json","artifact_path":"wandb-client-artifact://vxzvwn4jp16f1405e2l67z5a3a6h2qzjbq3x69y5g10xi3g1bssl3jabttkwoliweuq7r9e9iq784pa9wvt32el1efgsdgcqfwu1qm03qulgsj0g4fjd759gcii47w1h/stage_3_prunedseparableconvcnn/confusion_matrix_table.table.json","path":"media/table/stage_3_prunedseparableconvcnn/confusion_matrix_table_11_e90c6a0d9dbc3e566fe7.table.json"},"block2_Pruned_%":62.5,"stage2/Total_Pruned_%":62.18749999999999,"stage3_test_f1":0.865833373330202,"stage2/final_mask_keep_ratio_block2":0.375,"stage3_test_loss":0.33858794404962483,"stage2/test_acc":64.77774007465219,"best_val_loss":0.3875162305719242,"stage2/best_val_loss":0.6659495874149043,"model_param_count":8962,"stage3_test_acc":86.39294197488972,"stage2/best_epoch":14}