{"_runtime":115,"_step":22,"stage2_test_acc":73.00360638845956,"epoch":11,"train_acc":70.67237501479698,"lr_gumbel_bin":0.001,"stage1_test_loss":0.6162942533515152,"_wandb":{"runtime":115},"val_loss":0.8902964766760518,"stage3_test_loss":0.6216553285188248,"val_acc":66.30862871464375,"mask_l1":0.2549019753932953,"stage3_test_f1":0.688103834145987,"stage":3,"stage3_test_acc":79.21689850592477,"stage1_test_acc":79.19629057187016,"stage2_test_f1":0.6359483569109419,"train_loss":0.5509953538822929,"lr":0.001,"lr_backbone":0.0001,"stage2_test_loss":0.7944261132688144,"_timestamp":1.7752986478901095e+09,"best_val_loss":0.7626734118797939,"stage1_test_f1":0.684081882695557,"bin_keep_ratio":0.5098039507865906}