{"epoch":35,"stage1/test_acc":91.72039362063116,"stage3_test_acc":84.39090600610791,"stage2_test_f1":0.7767683134772247,"_step":12,"_timestamp":1.776418227037914e+09,"val_loss":0.8019660000155227,"stage2_test_loss":0.626568818066053,"stage1/use_pretrain_model":false,"train_loss":0.1842897022157631,"_wandb":{"runtime":19},"stage_1_separableconvcnn/confusion_matrix_table":{"log_mode":"IMMUTABLE","nrows":36,"path":"media/table/stage_1_separableconvcnn/confusion_matrix_table_1_ba1709b9ded253dca6f1.table.json","sha256":"ba1709b9ded253dca6f14b8d1a777336f0cb86899167c45d58f90d5e787020ac","ncols":3,"artifact_path":"wandb-client-artifact://6p3jhzhwm8gvqz8kqj9mukgebufj9b0avxlhzds911cq0alm3kopvp71cmr51l0u0v7hr4zs36z2nz5lf0phefrw6y9tyzu89qez83sbho9bobkel0d20y3mod504vh7/stage_1_separableconvcnn/confusion_matrix_table.table.json","_type":"table-file","size":1366,"_latest_artifact_path":"wandb-client-artifact://xolo1ncsu2tq19hcgubwjm7ksiqrt3dqiyrt9dgklve1xaexfr9ts2oneir6lfcy9r1gklth6tbg8gunsl4st2lz6ghpwzt4lkljlw9wtftnb0mr77nqmd6ggcci3jmc:latest/stage_1_separableconvcnn/confusion_matrix_table.table.json"},"stage1_test_f1":0.9190924499938599,"train_acc":91.56316916488223,"stage2_hard_bin_mask_str":"[0.0, 0.0, 0.0, 0.0, 0.0, 0.0, 1.0, 0.0, 0.0, 1.0, 0.0, 0.0, 0.0, 0.0, 1.0, 0.0, 0.0, 0.0, 1.0, 0.0, 1.0, 1.0, 1.0, 1.0, 0.0, 1.0, 0.0, 0.0, 0.0, 0.0, 0.0, 0.0, 1.0, 0.0, 1.0, 1.0, 1.0, 0.0, 1.0, 0.0, 0.0, 1.0, 0.0, 0.0, 1.0, 0.0, 1.0, 1.0, 0.0, 0.0, 1.0, 0.0, 0.0, 1.0, 0.0, 0.0, 1.0, 0.0, 0.0, 0.0, 0.0, 0.0, 0.0, 0.0, 0.0, 0.0, 0.0, 0.0, 0.0, 0.0, 0.0, 0.0, 0.0, 0.0, 0.0, 0.0, 0.0, 0.0, 0.0, 0.0, 0.0, 0.0, 0.0, 0.0, 0.0, 0.0, 0.0, 0.0, 0.0, 0.0, 0.0, 0.0, 0.0, 0.0, 0.0, 0.0, 0.0, 0.0, 0.0, 0.0, 0.0, 0.0, 0.0, 0.0, 0.0, 0.0, 0.0, 0.0, 0.0, 0.0, 0.0, 0.0, 0.0, 0.0, 0.0, 0.0, 0.0, 0.0, 0.0, 0.0, 0.0, 0.0, 0.0, 0.0, 0.0, 0.0, 0.0, 0.0]","stage1/test_loss":0.25057173036076164,"_runtime":19,"stage":3,"stage3_test_loss":0.5677073769622792,"val_acc":78.09798270893371,"best_val_loss":0.34093878815428325,"lr":0.001,"bin_keep_ratio":0.1640625,"stage3_test_f1":0.8449215318756117,"stage2_test_acc":77.77400746521887,"stage1/test_f1":0.9190924499938599,"lr_backbone":0.0001,"stage_3_separableconvcnn/confusion_matrix_table":{"path":"media/table/stage_3_separableconvcnn/confusion_matrix_table_11_cea7931eab43a08a6ba9.table.json","size":1370,"log_mode":"IMMUTABLE","_latest_artifact_path":"wandb-client-artifact://d5qecegz5d5cooo5zeutsec2ga1ibostm7tsxhh65r1oxehwd0zykd2ahhtiupnertr82vtptxyjtyypmfddpnxwk60obo2xpur7kuei3myyr143gone6ccafxccbksn:latest/stage_3_separableconvcnn/confusion_matrix_table.table.json","ncols":3,"nrows":36,"artifact_path":"wandb-client-artifact://sj7c7xi76e8aqwwzigy28xcfev050r1kifcysaterq5i6ssuhnayqtga7qq3ilcsvo3san0rplwm1gvz4jfxok64wde1wg8xgn86a6zsnlgn5ov0drg37k4as05jc5yc/stage_3_separableconvcnn/confusion_matrix_table.table.json","_type":"table-file","sha256":"cea7931eab43a08a6ba942669c8b01eb00ef365c85425d070f6c07fb62c7ab9b"},"stage1_test_loss":0.25057173036076164,"lr_gumbel_bin":0.001,"mask_l1":0.03125,"stage1_test_acc":91.72039362063116}