{"stage1_test_loss":0.5304105860130772,"lr":0.001,"stage1_test_f1":0.7322670397501414,"stage":3,"stage2_hard_bin_mask_str":"[1.0, 1.0, 1.0, 1.0, 1.0, 1.0, 1.0, 1.0, 1.0, 1.0, 1.0, 1.0, 1.0, 1.0, 1.0, 1.0, 1.0, 1.0, 1.0, 1.0, 1.0, 1.0, 1.0, 1.0, 1.0, 1.0, 1.0, 1.0, 1.0, 1.0, 1.0, 1.0, 1.0, 1.0, 1.0, 1.0, 1.0, 1.0, 1.0, 1.0, 1.0, 1.0, 1.0, 1.0, 1.0, 1.0, 1.0, 1.0, 1.0, 1.0, 0.0, 0.0, 0.0, 0.0, 0.0, 0.0, 0.0, 0.0, 0.0, 0.0, 0.0, 0.0, 0.0, 0.0, 0.0, 0.0, 0.0, 0.0, 0.0, 0.0, 0.0, 0.0, 0.0, 0.0, 0.0, 0.0, 0.0, 0.0, 0.0, 0.0, 0.0, 0.0, 0.0, 0.0, 0.0, 0.0, 0.0, 0.0, 0.0, 0.0, 0.0, 0.0, 0.0, 0.0, 0.0, 0.0, 0.0, 0.0, 0.0, 0.0]","val_acc":74.82014388489209,"train_acc":73.1349432096828,"_wandb":{"runtime":152},"stage2_test_f1":0.7265003555502998,"stage1_test_acc":83.23544564657394,"stage2_test_acc":82.73055126223596,"stage3_test_acc":82.10200927357033,"stage_1_separableconvcnn/confusion_matrix_table":{"log_mode":"IMMUTABLE","artifact_path":"wandb-client-artifact://xlien66u63qaszrhowgygnind9v99kpetteoxt3edc0opx9vzpw6y8r0m8y7wnmobbhv0jhu5gafzw8thqsutjj52r9385twymj87c485zos3no2aklg7rmbkdjovqao/stage_1_separableconvcnn/confusion_matrix_table.table.json","_type":"table-file","size":2013,"nrows":64,"sha256":"83b61af914d89300b43af67db33d257534bf02e2c487dd4716529556439eda11","ncols":3,"_latest_artifact_path":"wandb-client-artifact://p1q1skzxpb4utuxhj7wg1ptwpa4qqwo95ow79vvwn28ibfcn6cjdvgzu1fbj8yx90i0gd601u1suc0v1tpc3xcl15q2icx96eej374hn9guvzn7ngc6lcn1qua4ck2q1:latest/stage_1_separableconvcnn/confusion_matrix_table.table.json","path":"media/table/stage_1_separableconvcnn/confusion_matrix_table_0_83b61af914d89300b43a.table.json"},"_runtime":152,"_timestamp":1.7764567218594704e+09,"epoch":10,"stage2_test_loss":0.5439680526145321,"stage3_test_f1":0.7203017040836222,"stage3_test_loss":0.5789519363230249,"best_val_loss":0.43418118741205464,"lr_gumbel_bin":0.001,"bin_keep_ratio":0.5,"lr_backbone":0.0001,"train_loss":0.42151525942690016,"stage_3_separableconvcnn/confusion_matrix_table":{"sha256":"2f7a26de5e1cb14ded0116bf0fd56f9c82e81bf7332c3f769e73d20a098a0748","ncols":3,"artifact_path":"wandb-client-artifact://pcudyxmb2uircc1ugpk2ob6kbmh6a1x2lzy5vuujg1vt3xxbp6lnfe1idpdy36dnk7dy46c8nfpmtwoa4jf9fqdvhv43rp0qk99zu04r1h4ppz0530eyiaxnqydo4w7v/stage_3_separableconvcnn/confusion_matrix_table.table.json","_type":"table-file","_latest_artifact_path":"wandb-client-artifact://2q4stu5ca441hdzsxidauxyd7f44doz1ow9vb5zy80mfdy7jyp2qfkr5oajq1ylm2zg7gta2kg29j0eo61hp2gwdv2elktp53lqu6r673ebwidxatqwsf7q89iyn2ed0:latest/stage_3_separableconvcnn/confusion_matrix_table.table.json","nrows":64,"log_mode":"IMMUTABLE","path":"media/table/stage_3_separableconvcnn/confusion_matrix_table_7_2f7a26de5e1cb14ded01.table.json","size":2013},"val_loss":0.5639032971539752,"_step":8,"mask_l1":0.4699999988079071}