{"stage2/train_acc":56.63715041269332,"stage2/purpose":"train channel-pruning model with masking","stage3_test_f1":0.6851828149145147,"stage2/raw_hard_mask_block4":"[0.0, 0.0, 0.0, 0.0, 1.0, 0.0, 1.0, 0.0, 1.0, 0.0, 1.0, 0.0, 0.0, 0.0, 1.0, 0.0, 0.0, 1.0, 0.0, 1.0, 0.0, 1.0, 0.0, 0.0, 0.0, 1.0, 1.0, 0.0, 0.0, 0.0, 1.0, 1.0, 0.0, 0.0, 1.0, 0.0, 1.0, 1.0, 1.0, 0.0, 0.0, 0.0, 0.0, 0.0, 0.0, 1.0, 1.0, 0.0, 0.0, 0.0, 1.0, 1.0, 1.0, 1.0, 0.0, 1.0, 0.0, 0.0, 0.0, 1.0, 1.0, 0.0, 0.0, 0.0, 0.0, 0.0, 1.0, 1.0, 0.0, 0.0, 0.0, 1.0, 0.0, 0.0, 0.0, 1.0, 1.0, 0.0, 0.0, 0.0, 1.0, 1.0, 0.0, 1.0, 0.0, 0.0, 0.0, 0.0, 0.0, 1.0, 0.0, 1.0, 1.0, 1.0, 1.0, 1.0, 0.0, 0.0, 0.0, 1.0, 1.0, 0.0, 1.0, 1.0, 0.0, 0.0, 1.0, 0.0, 1.0, 0.0, 0.0, 1.0, 0.0, 0.0, 0.0, 1.0, 0.0, 1.0, 1.0, 1.0, 1.0, 1.0, 1.0, 1.0, 0.0, 0.0, 0.0, 1.0]","stage2/best_epoch":59,"train_acc":63.29233111627534,"val_acc":61.43699129946674,"stage2/best_val_loss":0.7660111309001193,"stage2_test_acc":78.60896445131375,"stage2/test_loss":0.6726837329869723,"stage1/test_f1":0.6895704214321337,"val_loss":0.6900475569866094,"model_param_count_pruned":6708,"stage1_test_acc":77.7537351880474,"stage1/test_acc":77.7537351880474,"stage2/test_f1":0.6689081633458724,"stage2/lr_gumbel":0.001,"_runtime":369,"stage2/val_loss":0.7909472367417568,"_wandb":{"runtime":369},"stage1_test_loss":0.6374512334572539,"stage2/train_loss":0.9759358647293994,"stage2/Total_Pruned_%":71.5625,"stage1/test_loss":0.6374512334572539,"Total_Pruned_%":71.5625,"best_val_loss":0.6827999707055232,"model_param_count_dense":36998,"stage2_test_loss":0.6726837329869723,"stage1/use_pretrain_model":false,"stage2/final_mask_keep_ratio_block3":0.15625,"lr_loaded_weights":0.0001,"stage2/block3_Pruned_%":84.375,"stage2/val_acc":55.79567779960707,"_timestamp":1.7753728417300277e+09,"block2_Pruned_%":75,"stage2/block2_Pruned_%":75,"epoch":60,"stage_1_separableconvcnn/confusion_matrix_table":{"path":"media/table/stage_1_separableconvcnn/confusion_matrix_table_1_663a0b694daba5967b72.table.json","sha256":"663a0b694daba5967b72c9264955e7ab416aa95e7aa2887df9443b82d3a236a6","_type":"table-file","size":2014,"artifact_path":"wandb-client-artifact://hnyu5u7lqqc1d3oro2e9urw8x1qyo445uj3j15utxhwqf215wycrw18nv02pvqpujme04av5tvswd0xc3mf3hqyvpez7weak4m83ztpdg9rw37abty9ieanj0rxdmo05/stage_1_separableconvcnn/confusion_matrix_table.table.json","ncols":3,"log_mode":"IMMUTABLE","nrows":64,"_latest_artifact_path":"wandb-client-artifact://w42rku6vng9gffjw3kdfvsw7bghwv8fugqu4fi5kza9m2fjejzeu7ich92a0lgvb5bkhetkv1g2rfuk55w15w788lq7mpp054va4uk78xjashg1n7dj32n8tpi74g7qk:latest/stage_1_separableconvcnn/confusion_matrix_table.table.json"},"stage2/raw_hard_mask_block2":"[0.0, 1.0, 0.0, 0.0, 0.0, 1.0, 1.0, 0.0, 0.0, 0.0, 0.0, 0.0, 0.0, 0.0, 0.0, 1.0, 0.0, 0.0, 0.0, 0.0, 0.0, 0.0, 1.0, 1.0, 0.0, 1.0, 0.0, 0.0, 0.0, 0.0, 0.0, 0.0, 0.0, 0.0, 0.0, 1.0, 1.0, 1.0, 0.0, 0.0, 1.0, 1.0, 0.0, 0.0, 1.0, 0.0, 0.0, 0.0, 1.0, 1.0, 0.0, 0.0, 0.0, 0.0, 0.0, 0.0, 0.0, 0.0, 0.0, 1.0, 0.0, 0.0, 0.0, 0.0]","model_param_reduction_pct":81.86929023190443,"final_summary_log_path":"/home/qphan/master-thesis/models/wear_best_model_three_stage_channel_subject2_val_final_summary_val_2.txt","model_param_count":6708,"_step":29,"stage2/stage_number":2,"stage2/block4_Pruned_%":57.03125,"stage":3,"stage3_test_acc":78.80473982483257,"stage2/final_mask_keep_ratio_block4":0.4296875,"stage_3_prunedseparableconvcnn/confusion_matrix_table":{"log_mode":"IMMUTABLE","_type":"table-file","_latest_artifact_path":"wandb-client-artifact://l3s0x16bl025cu73zu5ulk575b78sxgil58vj54wpj9ga6sidark61h10ivxgd9aeubio019ucwoqhis4puals2h58bgb1jduo1ja3dc8iyyg3uwbk1ju7047hh7q66a:latest/stage_3_prunedseparableconvcnn/confusion_matrix_table.table.json","nrows":64,"sha256":"52141c0dba06bec1ab0b327c06cf0cc3596ee70fbe3d6581427c0154593f6839","size":2013,"ncols":3,"artifact_path":"wandb-client-artifact://5baypg6py9efws3gavbw3kz55zlv59kyxkj6ws9nyd1gpl7yb5pupypye45jhosf0mqg8mk4n3umdrqojzo2u7tzpmnakfmjtl2wld6nnbpm0bekihbguepnjr9qtfaf/stage_3_prunedseparableconvcnn/confusion_matrix_table.table.json","path":"media/table/stage_3_prunedseparableconvcnn/confusion_matrix_table_27_52141c0dba06bec1ab0b.table.json"},"block3_Pruned_%":84.375,"stage2/mask_l1":0.2439652681350708,"block4_Pruned_%":57.03125,"train_loss":0.6946110092578136,"stage2/epoch":60,"stage2/lr_backbone":0.0001,"stage2/test_acc":78.60896445131375,"stage2/raw_hard_mask_block3":"[0.0, 0.0, 0.0, 0.0, 0.0, 0.0, 0.0, 0.0, 0.0, 0.0, 0.0, 0.0, 0.0, 0.0, 0.0, 1.0, 1.0, 0.0, 1.0, 1.0, 0.0, 0.0, 0.0, 0.0, 1.0, 0.0, 0.0, 0.0, 0.0, 0.0, 1.0, 0.0, 0.0, 0.0, 1.0, 0.0, 0.0, 0.0, 0.0, 0.0, 0.0, 0.0, 0.0, 0.0, 0.0, 0.0, 0.0, 1.0, 0.0, 0.0, 0.0, 0.0, 0.0, 0.0, 0.0, 0.0, 0.0, 0.0, 1.0, 0.0, 1.0, 0.0, 0.0, 0.0, 1.0, 0.0, 0.0, 0.0, 0.0, 0.0, 0.0, 0.0, 1.0, 1.0, 0.0, 1.0, 0.0, 1.0, 1.0, 1.0, 0.0, 0.0, 0.0, 0.0, 0.0, 0.0, 0.0, 0.0, 0.0, 1.0, 1.0, 0.0, 0.0, 0.0, 1.0, 0.0, 0.0, 0.0, 0.0, 0.0, 0.0, 0.0, 0.0, 0.0, 0.0, 0.0, 0.0, 0.0, 0.0, 0.0, 0.0, 0.0, 0.0, 0.0, 0.0, 0.0, 0.0, 0.0, 0.0, 0.0, 0.0, 0.0, 0.0, 0.0, 0.0, 0.0, 0.0, 0.0]","stage2_test_f1":0.6689081633458724,"stage2/final_mask_keep_ratio_block2":0.25,"stage3_test_loss":0.6472387466186227,"stage1_test_f1":0.6895704214321337}