{"val_acc":75.40453074433657,"train_loss":0.539514406424014,"params_before_pruning":36998,"Block4_Pruned_%":4.6875,"stage2_test_loss":0.7728973286981622,"val_loss":0.6466064282026878,"stage":2,"params_after_pruning":34211,"_wandb":{"runtime":158},"lr":0.0001,"stage2_test_acc":71.16950025759918,"Total_Pruned_%":4.6875,"stage1_checkpoint_path":"/home/qphan/master-thesis/models/stage1/fft/wear_best_model_subject17_val.pth","Block3_Pruned_%":4.6875,"stage1_test_loss":0.6236067064471125,"stage2_channel_metadata_json":"{\"block2\": {\"kept_indices\": [0, 1, 2, 4, 5, 6, 7, 8, 9, 10, 11, 12, 13, 14, 15, 16, 17, 19, 20, 21, 22, 23, 24, 25, 26, 27, 28, 29, 30, 31, 32, 33, 34, 35, 36, 37, 38, 39, 40, 41, 42, 43, 45, 46, 47, 48, 49, 50, 51, 52, 53, 54, 55, 56, 57, 58, 59, 60, 61, 62, 63], \"pruned_indices\": [3, 18, 44], \"kept_count\": 61, \"pruned_count\": 3, \"total_channels\": 64}, \"block3\": {\"kept_indices\": [0, 1, 2, 3, 4, 5, 6, 7, 8, 9, 10, 11, 12, 13, 15, 16, 17, 18, 19, 20, 21, 22, 23, 24, 25, 26, 27, 28, 29, 30, 31, 32, 33, 34, 35, 36, 37, 38, 39, 40, 42, 43, 44, 45, 46, 47, 48, 49, 50, 51, 52, 53, 54, 55, 56, 57, 58, 59, 60, 61, 62, 63, 64, 66, 67, 68, 69, 70, 71, 72, 73, 74, 75, 76, 77, 78, 79, 80, 81, 82, 83, 84, 85, 86, 87, 88, 89, 90, 91, 92, 93, 94, 95, 96, 98, 99, 100, 101, 102, 103, 104, 105, 106, 107, 108, 109, 110, 111, 112, 113, 114, 116, 117, 118, 120, 121, 122, 123, 124, 125, 126, 127], \"pruned_indices\": [14, 41, 65, 97, 115, 119], \"kept_count\": 122, \"pruned_count\": 6, \"total_channels\": 128}, \"block4\": {\"kept_indices\": [0, 1, 2, 3, 4, 5, 6, 7, 8, 9, 10, 11, 12, 13, 14, 15, 16, 17, 18, 19, 20, 21, 22, 23, 24, 25, 27, 28, 29, 30, 31, 32, 33, 34, 35, 36, 37, 38, 39, 40, 41, 42, 43, 44, 45, 46, 47, 48, 49, 50, 51, 52, 53, 54, 55, 56, 57, 58, 59, 60, 61, 63, 64, 65, 66, 67, 68, 69, 70, 71, 72, 73, 74, 75, 76, 77, 78, 80, 81, 82, 83, 84, 85, 87, 88, 89, 90, 91, 92, 93, 94, 95, 96, 97, 98, 99, 100, 101, 102, 103, 104, 105, 106, 107, 108, 109, 110, 111, 112, 113, 114, 115, 117, 118, 119, 121, 122, 123, 124, 125, 126, 127], \"pruned_indices\": [26, 62, 79, 86, 116, 120], \"kept_count\": 122, \"pruned_count\": 6, \"total_channels\": 128}}","_runtime":158,"stage1_test_acc":78.8768675940237,"stage1_test_f1":0.6920721084359487,"Block2_Pruned_%":4.6875,"epoch":59,"_timestamp":1.7754020388713048e+09,"best_val_loss":0.6093855059431401,"stage1_loaded_from_checkpoint":true,"stage2_test_f1":0.663250602108471,"train_acc":79.75153307269444,"_step":13}