{"stage3_test_loss":1.3040670311862448,"_wandb":{"runtime":133},"lr_backbone":0.0001,"train_loss":1.316917859072733,"stage_1_separableconvcnn/confusion_matrix_table":{"size":2012,"_type":"table-file","_latest_artifact_path":"wandb-client-artifact://apkx30ahe907whrdux86cd9hfmsdnqgn7fsa371wo1am4xiertsotumq0al69mh876uk3qxnbcso8dj3f4ze1cvpnml5q9miq7hpu8dkasfl9uvx55nxlchkch6spx1v:latest/stage_1_separableconvcnn/confusion_matrix_table.table.json","path":"media/table/stage_1_separableconvcnn/confusion_matrix_table_0_41e0e97869cda5d4f39f.table.json","artifact_path":"wandb-client-artifact://a9y7983qepj55ldmjytw6n3z3cxsrhzl71dwl78p2o69c24f0ro5cwc3tel6zdeq2wbi3ab6p9hu6i32ebglxwdqbsvhbq55yz55bsp2b239t7fect6uere8mf8d6mah/stage_1_separableconvcnn/confusion_matrix_table.table.json","nrows":64,"sha256":"41e0e97869cda5d4f39f5eb29c50ede05b4b9fc64abbbda1ce57ff54181bc3bb","log_mode":"IMMUTABLE","ncols":3},"bin_keep_ratio":0.019607843831181526,"stage2_test_acc":48.07831014940752,"_step":8,"best_val_loss":1.3989606669951256,"stage2_test_loss":1.391647935073318,"epoch":10,"mask_l1":0,"stage2_test_f1":0.416337674362684,"_runtime":133,"stage2_hard_bin_mask_str":"[0.0, 1.0, 0.0, 0.0, 0.0, 0.0, 0.0, 0.0, 0.0, 0.0, 0.0, 0.0, 0.0, 0.0, 0.0, 0.0, 0.0, 0.0, 0.0, 0.0, 0.0, 0.0, 0.0, 0.0, 0.0, 0.0, 0.0, 0.0, 0.0, 0.0, 0.0, 0.0, 0.0, 0.0, 0.0, 0.0, 0.0, 0.0, 0.0, 0.0, 0.0, 0.0, 0.0, 0.0, 0.0, 0.0, 0.0, 0.0, 0.0, 0.0, 0.0]","stage1_test_f1":0.6910884547576478,"_timestamp":1.7759050035200388e+09,"val_loss":1.487129693411239,"stage3_test_acc":49.73724884080371,"train_acc":39.91893050629458,"stage":3,"stage1_test_acc":79.31993817619784,"lr_gumbel_bin":0.001,"val_acc":39.722863741339495,"stage_3_separableconvcnn/confusion_matrix_table":{"size":2036,"log_mode":"IMMUTABLE","_latest_artifact_path":"wandb-client-artifact://h5rg5ea2d0m93i471hi2xisqng9rk4a1uzm0x07ow6igkozvmxtrk37yxewke9lp2v1wpx6vbi4dzv1z1403p8iimsie44cfzf1qgymax67czha7e9mb79ghs1cey8az:latest/stage_3_separableconvcnn/confusion_matrix_table.table.json","path":"media/table/stage_3_separableconvcnn/confusion_matrix_table_7_aec56738f0358fe2bca5.table.json","sha256":"aec56738f0358fe2bca5f13f1cbf7fc1a45c169fec4b3ea881fcc28fa84ff1d8","ncols":3,"nrows":64,"artifact_path":"wandb-client-artifact://hxxq33lxyrlmerlhd2be15i09qm5idsln0pisqb18hdiermkfc0atiepw3mjaq9vl4p1gjtoa279x425vnvcf72umpka6y8akt9cp16aoio73is3oe691i57is9tkbv5/stage_3_separableconvcnn/confusion_matrix_table.table.json","_type":"table-file"},"stage1_test_loss":0.6016351643924797,"lr":0.001,"stage3_test_f1":0.43987544770291587}