{"lr_gumbel_bin":0.001,"train_acc":90.53533190578159,"lr_backbone":0.0001,"stage1/test_acc":91.72039362063116,"stage3_test_loss":0.477998473918146,"val_acc":81.55619596541787,"mask_l1":0.0234375,"stage1/use_pretrain_model":false,"stage1_test_loss":0.25057173036076164,"stage1_test_f1":0.9190924499938599,"epoch":10,"stage1_test_acc":91.72039362063116,"_step":7,"stage3_test_acc":86.39294197488972,"stage3_test_f1":0.8652397697878413,"stage2_test_f1":0.8677562729769949,"stage1/test_loss":0.25057173036076164,"lr":0.001,"stage_3_separableconvcnn/confusion_matrix_table":{"ncols":3,"size":1369,"sha256":"df6ea9e99e2d6dfff32e5db6d49b71293251dcc0959ddfe7a2aeba73a22138ba","path":"media/table/stage_3_separableconvcnn/confusion_matrix_table_6_df6ea9e99e2d6dfff32e.table.json","_type":"table-file","_latest_artifact_path":"wandb-client-artifact://qm7sqtn8v1eqosqdn3wp30lrfd2bhr36g0ockcok3r5py0e788ewdza9ckj6ug81vqzy712e0stvmz4teny912m4w1q616gvmcbw35whk4mtsses1ur1zuiw09hriswx:latest/stage_3_separableconvcnn/confusion_matrix_table.table.json","nrows":36,"artifact_path":"wandb-client-artifact://g4vuvb600ywnam3e02v6yqld732w5xi6t2ok5gb3bh41ku3dgna3c5iet28bzzd9ppw7x7qp3yvnvc5pdk99dsvvs3dslnp63ttgan8t8y89kvabw4v26ew0uimhrtlm/stage_3_separableconvcnn/confusion_matrix_table.table.json","log_mode":"IMMUTABLE"},"_timestamp":1.7764223742837777e+09,"stage":3,"val_loss":0.47053163259959296,"best_val_loss":0.2638603826046731,"stage2_hard_bin_mask_str":"[0.0, 0.0, 0.0, 1.0, 1.0, 0.0, 1.0, 1.0, 0.0, 0.0, 0.0, 1.0, 1.0, 1.0, 1.0, 1.0, 1.0, 1.0, 0.0, 0.0, 0.0, 1.0, 1.0, 1.0, 1.0, 0.0, 0.0, 0.0, 1.0, 1.0, 0.0, 0.0, 0.0, 1.0, 1.0, 1.0, 1.0, 1.0, 1.0, 1.0, 1.0, 1.0, 0.0, 0.0, 1.0, 1.0, 1.0, 0.0, 0.0, 0.0, 1.0, 0.0, 1.0, 0.0, 1.0, 1.0, 1.0, 0.0, 0.0, 0.0, 0.0, 0.0, 1.0, 0.0, 0.0, 0.0, 0.0, 0.0, 0.0, 0.0, 0.0, 0.0, 0.0, 0.0, 0.0, 0.0, 0.0, 0.0, 0.0, 0.0, 0.0, 0.0, 0.0, 0.0, 0.0, 0.0, 0.0, 0.0, 0.0, 0.0, 0.0, 0.0, 0.0, 0.0, 0.0, 0.0, 0.0, 0.0, 0.0, 0.0, 0.0, 0.0, 0.0, 0.0, 0.0, 0.0, 0.0, 0.0, 0.0, 0.0, 0.0, 0.0, 0.0, 0.0, 0.0, 0.0, 0.0, 0.0, 0.0, 0.0, 0.0, 0.0, 0.0, 0.0, 0.0, 0.0, 0.0, 0.0]","stage1/test_f1":0.9190924499938599,"stage2_test_loss":0.4154176371524279,"_runtime":12,"_wandb":{"runtime":12},"train_loss":0.19795501189390138,"bin_keep_ratio":0.2734375,"stage2_test_acc":86.80013573125213,"stage_1_separableconvcnn/confusion_matrix_table":{"size":1366,"log_mode":"IMMUTABLE","ncols":3,"_latest_artifact_path":"wandb-client-artifact://mz4vqcv1bm98dq999s6wcstxn2otzy45hcfh5ck6zpdf68lnhh1olfnpbhtwgt648b8a0argzygsg2jfz9or9tvvcy0x0dzgxveowta3afrio3mtfretfbtxwa8akcmm:latest/stage_1_separableconvcnn/confusion_matrix_table.table.json","_type":"table-file","artifact_path":"wandb-client-artifact://ijdyrbkcgpj59043ipmuhw6ww94s016zc5f441p2nfcoxiu1tyvx61z3ccpthsphg6hoapooogoisxjlz895qxkqzgt9e6mkkk3g0w2c7izk90r1iyhk1zvv02itq8sj/stage_1_separableconvcnn/confusion_matrix_table.table.json","path":"media/table/stage_1_separableconvcnn/confusion_matrix_table_1_ba1709b9ded253dca6f1.table.json","sha256":"ba1709b9ded253dca6f14b8d1a777336f0cb86899167c45d58f90d5e787020ac","nrows":36}}