{"_step":14,"stage1/best_val_loss":1.454149974618455,"stage1_test_f1":0.6135161009285506,"stage1/test_loss":0.7523484941362751,"_timestamp":1.775301372653696e+09,"best_val_loss":1.454149974618455,"stage1/epoch":13,"stage1/lr":0.001,"stage1/train_acc":74.44728143617758,"best_epoch":3,"stage1/purpose":"train baseline model","stage1_test_acc":78.78413189077794,"stage1/val_loss":1.9147596181810145,"_runtime":50,"stage1/stage_number":1,"stage1/test_acc":78.78413189077794,"_wandb":{"runtime":50},"test_acc":78.78413189077794,"stage1/val_acc":44.48579161028417,"test_f1_macro":0.6135161009285506,"stage1/test_f1":0.6135161009285506,"stage1/train_loss":0.4383124822892885,"stage1_test_loss":0.7523484941362751,"test_loss":0.7523484941362751,"stage1/use_pretrain_model":false}