{"stage3_test_f1":0.6798303819251748,"stage":3,"stage1_test_f1":0.6788417622107312,"channels_block3":64,"stage3_test_acc":74.73467284904689,"_timestamp":1.7754333394328294e+09,"channels_block2":32,"stage3_channel_metadata_json":"{\"block2\": {\"kept_indices\": [0, 4, 8, 9, 10, 13, 15, 17, 18, 19, 21, 22, 24, 25, 30, 31, 32, 33, 34, 35, 37, 44, 45, 46, 51, 53, 55, 56, 57, 58, 60, 61], \"pruned_indices\": [1, 2, 3, 5, 6, 7, 11, 12, 14, 16, 20, 23, 26, 27, 28, 29, 36, 38, 39, 40, 41, 42, 43, 47, 48, 49, 50, 52, 54, 59, 62, 63], \"kept_count\": 32, \"pruned_count\": 32, \"total_channels\": 64}, \"block3\": {\"kept_indices\": [3, 5, 6, 8, 10, 13, 14, 15, 16, 18, 21, 22, 24, 28, 29, 30, 33, 36, 37, 38, 41, 42, 44, 45, 48, 50, 51, 53, 54, 55, 56, 58, 61, 66, 67, 68, 69, 70, 72, 73, 74, 76, 77, 86, 88, 89, 91, 92, 93, 94, 98, 100, 101, 102, 103, 105, 108, 109, 110, 113, 120, 121, 122, 124], \"pruned_indices\": [0, 1, 2, 4, 7, 9, 11, 12, 17, 19, 20, 23, 25, 26, 27, 31, 32, 34, 35, 39, 40, 43, 46, 47, 49, 52, 57, 59, 60, 62, 63, 64, 65, 71, 75, 78, 79, 80, 81, 82, 83, 84, 85, 87, 90, 95, 96, 97, 99, 104, 106, 107, 111, 112, 114, 115, 116, 117, 118, 119, 123, 125, 126, 127], \"kept_count\": 64, \"pruned_count\": 64, \"total_channels\": 128}, \"block4\": {\"kept_indices\": [1, 2, 4, 8, 11, 12, 16, 19, 20, 22, 23, 24, 26, 28, 31, 32, 33, 35, 36, 38, 40, 43, 45, 52, 53, 57, 60, 61, 62, 63, 64, 66, 69, 70, 77, 78, 79, 80, 81, 82, 83, 84, 86, 87, 91, 94, 95, 97, 98, 99, 101, 104, 106, 107, 110, 112, 114, 115, 117, 120, 123, 124, 126, 127], \"pruned_indices\": [0, 3, 5, 6, 7, 9, 10, 13, 14, 15, 17, 18, 21, 25, 27, 29, 30, 34, 37, 39, 41, 42, 44, 46, 47, 48, 49, 50, 51, 54, 55, 56, 58, 59, 65, 67, 68, 71, 72, 73, 74, 75, 76, 85, 88, 89, 90, 92, 93, 96, 100, 102, 103, 105, 108, 109, 111, 113, 116, 118, 119, 121, 122, 125], \"kept_count\": 64, \"pruned_count\": 64, \"total_channels\": 128}}","stage1_test_acc":78.37197320968573,"params_after_pruning":12838,"_wandb":{"runtime":58},"val_loss":0.8217058595586929,"stage_1_separableconvcnn/confusion_matrix_table":{"artifact_path":"wandb-client-artifact://6mp0d0xzja4hgzkohczycx8tk25t5viu47wdeo62rraw1rnpokj1tjr9rkbhxx1f6y6q27i0944893nviuh5lkzy2wlqgimvifh7todyq0r3lv5llxcnphi5apf63bkd/stage_1_separableconvcnn/confusion_matrix_table.table.json","path":"media/table/stage_1_separableconvcnn/confusion_matrix_table_0_a9e697e2119585023eba.table.json","log_mode":"IMMUTABLE","sha256":"a9e697e2119585023eba2e26192d1547a0ce353f171d14a3bf5a2c82a6538330","size":2014,"_latest_artifact_path":"wandb-client-artifact://840lfvenye7xl0npblxmdmtttmtlqjgs27u5995c5punz6q09p4mpkp9iit7onumvnr91p1qdvmye273biogqi0vwixvxhoesbr7kl2tyf2ymblx9zzuet30iyinm9qn:latest/stage_1_separableconvcnn/confusion_matrix_table.table.json","_type":"table-file","nrows":64,"ncols":3},"_runtime":58,"stage_3_prunedseparableconvcnn/confusion_matrix_table":{"sha256":"e1b0436dfe533bd75b558418fb4cf6db430a3c95a7bef1120f87941ca969c562","log_mode":"IMMUTABLE","size":2009,"path":"media/table/stage_3_prunedseparableconvcnn/confusion_matrix_table_5_e1b0436dfe533bd75b55.table.json","_type":"table-file","artifact_path":"wandb-client-artifact://gwzowvq3t91xvwn8iupn0ut51c189zpv43lnrhy7ei8yidxdkj0ta3b0w9c3ed0ejrmjv43vg30dxoglmr46zyhnyivgv9fb5g4ewqixrqmvx1zdday455h6e1kly04s/stage_3_prunedseparableconvcnn/confusion_matrix_table.table.json","ncols":3,"nrows":64,"_latest_artifact_path":"wandb-client-artifact://o00faxl1006xkkl5e7qfh6bi5yg27ab0xgdy4xaaiuk7zynqmf45l9dlhswav58g2tuyb0r3nj3b6uxtbddqkgk2el68tlky25z8ovkkwr1bcw2cts630i3wwntq358j:latest/stage_3_prunedseparableconvcnn/confusion_matrix_table.table.json"},"best_val_loss":0.7623114925630992,"train_loss":0.6024010072794869,"lr":0.001,"stage3_final_mask_json":"{\"block2\": [1.0, 0.0, 0.0, 0.0, 1.0, 0.0, 0.0, 0.0, 1.0, 1.0, 1.0, 0.0, 0.0, 1.0, 0.0, 1.0, 0.0, 1.0, 1.0, 1.0, 0.0, 1.0, 1.0, 0.0, 1.0, 1.0, 0.0, 0.0, 0.0, 0.0, 1.0, 1.0, 1.0, 1.0, 1.0, 1.0, 0.0, 1.0, 0.0, 0.0, 0.0, 0.0, 0.0, 0.0, 1.0, 1.0, 1.0, 0.0, 0.0, 0.0, 0.0, 1.0, 0.0, 1.0, 0.0, 1.0, 1.0, 1.0, 1.0, 0.0, 1.0, 1.0, 0.0, 0.0], \"block3\": [0.0, 0.0, 0.0, 1.0, 0.0, 1.0, 1.0, 0.0, 1.0, 0.0, 1.0, 0.0, 0.0, 1.0, 1.0, 1.0, 1.0, 0.0, 1.0, 0.0, 0.0, 1.0, 1.0, 0.0, 1.0, 0.0, 0.0, 0.0, 1.0, 1.0, 1.0, 0.0, 0.0, 1.0, 0.0, 0.0, 1.0, 1.0, 1.0, 0.0, 0.0, 1.0, 1.0, 0.0, 1.0, 1.0, 0.0, 0.0, 1.0, 0.0, 1.0, 1.0, 0.0, 1.0, 1.0, 1.0, 1.0, 0.0, 1.0, 0.0, 0.0, 1.0, 0.0, 0.0, 0.0, 0.0, 1.0, 1.0, 1.0, 1.0, 1.0, 0.0, 1.0, 1.0, 1.0, 0.0, 1.0, 1.0, 0.0, 0.0, 0.0, 0.0, 0.0, 0.0, 0.0, 0.0, 1.0, 0.0, 1.0, 1.0, 0.0, 1.0, 1.0, 1.0, 1.0, 0.0, 0.0, 0.0, 1.0, 0.0, 1.0, 1.0, 1.0, 1.0, 0.0, 1.0, 0.0, 0.0, 1.0, 1.0, 1.0, 0.0, 0.0, 1.0, 0.0, 0.0, 0.0, 0.0, 0.0, 0.0, 1.0, 1.0, 1.0, 0.0, 1.0, 0.0, 0.0, 0.0], \"block4\": [0.0, 1.0, 1.0, 0.0, 1.0, 0.0, 0.0, 0.0, 1.0, 0.0, 0.0, 1.0, 1.0, 0.0, 0.0, 0.0, 1.0, 0.0, 0.0, 1.0, 1.0, 0.0, 1.0, 1.0, 1.0, 0.0, 1.0, 0.0, 1.0, 0.0, 0.0, 1.0, 1.0, 1.0, 0.0, 1.0, 1.0, 0.0, 1.0, 0.0, 1.0, 0.0, 0.0, 1.0, 0.0, 1.0, 0.0, 0.0, 0.0, 0.0, 0.0, 0.0, 1.0, 1.0, 0.0, 0.0, 0.0, 1.0, 0.0, 0.0, 1.0, 1.0, 1.0, 1.0, 1.0, 0.0, 1.0, 0.0, 0.0, 1.0, 1.0, 0.0, 0.0, 0.0, 0.0, 0.0, 0.0, 1.0, 1.0, 1.0, 1.0, 1.0, 1.0, 1.0, 1.0, 0.0, 1.0, 1.0, 0.0, 0.0, 0.0, 1.0, 0.0, 0.0, 1.0, 1.0, 0.0, 1.0, 1.0, 1.0, 0.0, 1.0, 0.0, 0.0, 1.0, 0.0, 1.0, 1.0, 0.0, 0.0, 1.0, 0.0, 1.0, 0.0, 1.0, 1.0, 0.0, 1.0, 0.0, 0.0, 1.0, 0.0, 0.0, 1.0, 1.0, 0.0, 1.0, 1.0]}","epoch":14,"train_acc":77.94100433103125,"val_acc":69.96848266546601,"_step":6,"channels_block4":64,"params_before_pruning":36998}