{"stage3_test_loss":0.4757277819359099,"stage2_test_loss":0.5003638465604061,"lr_gumbel_bin":0.001,"stage_3_separableconvcnn/confusion_matrix_table":{"ncols":3,"_latest_artifact_path":"wandb-client-artifact://t784fdss5g96vcsbuzp9ua1izlag2jnjwzpihtlayqi5pahpixzl2nfdvchwsr93jpj71hsayrjitnp8q6s3358e9mrvgxqarlefk6tzi4um974t9sku09ncpxdr7n71:latest/stage_3_separableconvcnn/confusion_matrix_table.table.json","artifact_path":"wandb-client-artifact://no4pua64bax8a237u02z4g48iiibt88i1qd8k8tol4zazfwtq1gh1xq5p7vazxgq7su21bvjpxk4wty4wt6dhw8ly6vixx4vf22kxfqlkj91ylnnff3gcx91fd1q0e32/stage_3_separableconvcnn/confusion_matrix_table.table.json","sha256":"c898af7cd5403fb8dc3a7ce974b04f2900b6e6c04dbd372452fbb63412e6b66f","path":"media/table/stage_3_separableconvcnn/confusion_matrix_table_7_c898af7cd5403fb8dc3a.table.json","size":1369,"_type":"table-file","nrows":36,"log_mode":"IMMUTABLE"},"best_val_loss":0.41459764681906797,"val_acc":81.26801152737752,"_wandb":{"runtime":14},"mask_l1":0.015625,"stage1/use_pretrain_model":false,"epoch":15,"stage2_hard_bin_mask_str":"[0.0, 0.0, 1.0, 0.0, 0.0, 0.0, 0.0, 0.0, 0.0, 0.0, 1.0, 1.0, 1.0, 1.0, 1.0, 1.0, 1.0, 0.0, 1.0, 1.0, 1.0, 1.0, 1.0, 1.0, 1.0, 0.0, 0.0, 0.0, 0.0, 0.0, 1.0, 0.0, 0.0, 0.0, 0.0, 0.0, 1.0, 1.0, 1.0, 1.0, 1.0, 1.0, 1.0, 0.0, 0.0, 0.0, 0.0, 0.0, 1.0, 0.0, 1.0, 0.0, 0.0, 1.0, 1.0, 1.0, 1.0, 0.0, 0.0, 0.0, 0.0, 0.0, 1.0, 0.0, 0.0, 0.0, 0.0, 0.0, 0.0, 0.0, 0.0, 0.0, 0.0, 0.0, 0.0, 0.0, 0.0, 0.0, 0.0, 0.0, 0.0, 0.0, 0.0, 0.0, 0.0, 0.0, 0.0, 0.0, 0.0, 0.0, 0.0, 0.0, 0.0, 0.0, 0.0, 0.0, 0.0, 0.0, 0.0, 0.0, 0.0, 0.0, 0.0, 0.0, 0.0, 0.0, 0.0, 0.0, 0.0, 0.0, 0.0, 0.0, 0.0, 0.0, 0.0, 0.0, 0.0, 0.0, 0.0, 0.0, 0.0, 0.0, 0.0, 0.0, 0.0, 0.0, 0.0, 0.0]","stage3_test_acc":85.78215134034612,"stage1_test_acc":91.72039362063116,"stage1_test_loss":0.25057173036076164,"stage2_test_f1":0.832946164056351,"train_acc":90.74946466809422,"stage1/test_f1":0.9190924499938599,"stage1/test_acc":91.72039362063116,"val_loss":0.6365605853390625,"_step":8,"stage1_test_f1":0.9190924499938599,"_runtime":14,"stage_1_separableconvcnn/confusion_matrix_table":{"ncols":3,"_latest_artifact_path":"wandb-client-artifact://jw8o6m0wir98dsqxd167extw01kb4ue1efp837ae1iynsz0bio6rxkvuw12w80f2s18orqpzmnxuzxim4rmaqnc7n6idodtylp16iasyxxlgr6yb2isppqqa8hujone2:latest/stage_1_separableconvcnn/confusion_matrix_table.table.json","nrows":36,"path":"media/table/stage_1_separableconvcnn/confusion_matrix_table_1_ba1709b9ded253dca6f1.table.json","log_mode":"IMMUTABLE","artifact_path":"wandb-client-artifact://snw2y8jrw7vs49sbeaep3ax619j218xc8obvdg2lodssxg63qjgemhpfw8gj0paont6r8wdd1bsqrv8r4p1griub1agn4netsnfeeokmqyxyire9g6qi8xqmq8z52svp/stage_1_separableconvcnn/confusion_matrix_table.table.json","_type":"table-file","sha256":"ba1709b9ded253dca6f14b8d1a777336f0cb86899167c45d58f90d5e787020ac","size":1366},"lr_backbone":0.0001,"stage":3,"stage2_test_acc":83.3389888021717,"bin_keep_ratio":0.234375,"train_loss":0.2073110209329906,"lr":0.001,"stage3_test_f1":0.8589067085882681,"_timestamp":1.7764150793383107e+09,"stage1/test_loss":0.25057173036076164}