{"stage3_test_acc":86.05361384458772,"stage2_test_acc":86.93586698337292,"stage1_test_f1":0.8992012196111356,"lr_backbone":0.0001,"stage2_test_loss":0.48319958025634874,"lr_gumbel_bin":0.001,"stage_3_separableconvcnn/confusion_matrix_table":{"size":1369,"sha256":"2ae4ad938dcc84d6764c32d4b518514b015f9b6fcbdc3eb5b064e976c994d6ee","nrows":36,"_type":"table-file","ncols":3,"log_mode":"IMMUTABLE","path":"media/table/stage_3_separableconvcnn/confusion_matrix_table_9_2ae4ad938dcc84d6764c.table.json","artifact_path":"wandb-client-artifact://8toz585fn5y5d6qiy98nptam3y9ccntddy0w4fb2mu5p2hgyl8qgvwkkz4euw1nrhl873vlow5yjpmgd5frzmn1lenhvnnptxf7l9cfuvb3k7if116h2rhf3uvdtbf8c/stage_3_separableconvcnn/confusion_matrix_table.table.json","_latest_artifact_path":"wandb-client-artifact://i4pnaak5o0s5fh34wbdrl6l7johxtmej9654l8syz6rdua8jym5ale95wjr2vbhnwndk2ntus1ebg6fnxyxmxckndeignhrp51z1lb2cpy7yuof7sqypzveu1mpfv0rg:latest/stage_3_separableconvcnn/confusion_matrix_table.table.json"},"_step":10,"stage1_test_loss":0.4559599839993571,"epoch":20,"train_acc":95.00784481529026,"best_val_loss":0.40455910240100623,"stage1/test_loss":0.4559599839993571,"val_loss":0.8036193316283464,"stage1_test_acc":89.85408890397014,"stage2_test_f1":0.8706605262984005,"stage1/use_pretrain_model":false,"_timestamp":1.776424853867003e+09,"train_loss":0.11639625829171733,"stage3_test_f1":0.8625740884782483,"bin_keep_ratio":0.3359375,"_wandb":{"runtime":16},"stage3_test_loss":0.5194781592419989,"_runtime":16,"stage2_hard_bin_mask_str":"[0.0, 0.0, 0.0, 1.0, 0.0, 0.0, 0.0, 0.0, 1.0, 1.0, 1.0, 1.0, 1.0, 1.0, 1.0, 1.0, 1.0, 1.0, 1.0, 0.0, 0.0, 1.0, 1.0, 1.0, 0.0, 1.0, 1.0, 1.0, 1.0, 1.0, 0.0, 0.0, 0.0, 1.0, 1.0, 1.0, 1.0, 0.0, 1.0, 1.0, 1.0, 1.0, 1.0, 1.0, 0.0, 1.0, 1.0, 1.0, 0.0, 1.0, 1.0, 1.0, 1.0, 1.0, 1.0, 1.0, 1.0, 1.0, 0.0, 1.0, 0.0, 0.0, 0.0, 0.0, 0.0, 0.0, 0.0, 0.0, 0.0, 0.0, 0.0, 0.0, 0.0, 0.0, 0.0, 0.0, 0.0, 0.0, 0.0, 0.0, 0.0, 0.0, 0.0, 0.0, 0.0, 0.0, 0.0, 0.0, 0.0, 0.0, 0.0, 0.0, 0.0, 0.0, 0.0, 0.0, 0.0, 0.0, 0.0, 0.0, 0.0, 0.0, 0.0, 0.0, 0.0, 0.0, 0.0, 0.0, 0.0, 0.0, 0.0, 0.0, 0.0, 0.0, 0.0, 0.0, 0.0, 0.0, 0.0, 0.0, 0.0, 0.0, 0.0, 0.0, 0.0, 0.0, 0.0, 0.0]","lr":0.001,"stage_1_separableconvcnn/confusion_matrix_table":{"ncols":3,"path":"media/table/stage_1_separableconvcnn/confusion_matrix_table_1_02c5a6fac2b98a2cce23.table.json","_type":"table-file","nrows":36,"size":1368,"sha256":"02c5a6fac2b98a2cce23216035c71184f8282e95afab8b7a4923ed0654b10cea","_latest_artifact_path":"wandb-client-artifact://brfpdjae10ryi58abkemmtxm5nxzs2m3a27gbsuqt92s564c9i7q3c2h6aosqhb4aj65o9xm1yhwubuuzetixbsdqyfwux2dflinube92gumcj7ufk7ku5qtuid6ojln:latest/stage_1_separableconvcnn/confusion_matrix_table.table.json","log_mode":"IMMUTABLE","artifact_path":"wandb-client-artifact://dswgfyl7q2u9r1w36flhbui7y9zql9rmprpot5jyh53obwf0e7rfxmv50zahrwqkspq847ydy311q6qklbkqottjaoypwzqvqsp8wyxi3w3ldsczh7dqtb3geykokvnf/stage_1_separableconvcnn/confusion_matrix_table.table.json"},"val_acc":78.59237536656892,"stage1/test_f1":0.8992012196111356,"mask_l1":0.1640625,"stage":3,"stage1/test_acc":89.85408890397014}