{"val_loss":0.314265109743509,"stage1/test_loss":0.2595700413673605,"stage2/lr_gumbel":0.001,"train_acc":92.82036613272311,"stage2/epoch":15,"model_param_count":21123,"lr_loaded_weights":0.0001,"model_param_count_dense":36868,"stage2/mask_l1":0.5083654522895813,"stage1_test_f1":0.8918346350058876,"epoch":25,"model_param_count_pruned":21123,"stage2/best_epoch":5,"stage2/raw_hard_mask_block3":"[1.0, 1.0, 1.0, 1.0, 1.0, 1.0, 1.0, 1.0, 1.0, 1.0, 1.0, 1.0, 1.0, 1.0, 1.0, 0.0, 1.0, 1.0, 1.0, 1.0, 1.0, 1.0, 0.0, 1.0, 1.0, 1.0, 0.0, 1.0, 1.0, 1.0, 1.0, 1.0, 1.0, 1.0, 1.0, 1.0, 1.0, 1.0, 1.0, 1.0, 1.0, 0.0, 1.0, 0.0, 1.0, 1.0, 1.0, 0.0, 1.0, 1.0, 1.0, 1.0, 0.0, 0.0, 1.0, 1.0, 0.0, 0.0, 1.0, 1.0, 0.0, 1.0, 0.0, 1.0, 1.0, 1.0, 0.0, 0.0, 0.0, 0.0, 0.0, 0.0, 1.0, 1.0, 1.0, 0.0, 1.0, 1.0, 0.0, 0.0, 1.0, 0.0, 0.0, 0.0, 1.0, 0.0, 1.0, 0.0, 0.0, 1.0, 0.0, 1.0, 1.0, 1.0, 1.0, 1.0, 0.0, 1.0, 1.0, 1.0, 1.0, 1.0, 0.0, 0.0, 1.0, 1.0, 1.0, 1.0, 1.0, 1.0, 0.0, 0.0, 0.0, 1.0, 1.0, 1.0, 1.0, 0.0, 1.0, 1.0, 1.0, 1.0, 1.0, 1.0, 0.0, 1.0, 0.0, 1.0]","val_acc":88.05555555555556,"_runtime":19,"Total_Pruned_%":29.374999999999996,"train_loss":0.1851306847835842,"stage2/block2_Pruned_%":26.5625,"stage2/best_val_loss":0.7407767625318633,"stage":3,"stage1/test_acc":88.97183576518493,"stage2/block4_Pruned_%":31.25,"_step":13,"stage2/raw_hard_mask_block4":"[1.0, 0.0, 1.0, 0.0, 1.0, 1.0, 0.0, 1.0, 1.0, 1.0, 1.0, 1.0, 0.0, 0.0, 1.0, 1.0, 0.0, 1.0, 0.0, 1.0, 0.0, 1.0, 0.0, 0.0, 1.0, 1.0, 1.0, 0.0, 1.0, 1.0, 1.0, 1.0, 0.0, 1.0, 0.0, 1.0, 1.0, 1.0, 1.0, 1.0, 1.0, 0.0, 0.0, 1.0, 1.0, 0.0, 0.0, 1.0, 1.0, 1.0, 1.0, 1.0, 1.0, 1.0, 0.0, 0.0, 0.0, 1.0, 0.0, 1.0, 1.0, 0.0, 0.0, 0.0, 1.0, 0.0, 0.0, 1.0, 1.0, 1.0, 1.0, 1.0, 1.0, 1.0, 1.0, 1.0, 1.0, 1.0, 1.0, 1.0, 0.0, 1.0, 0.0, 1.0, 1.0, 1.0, 1.0, 0.0, 1.0, 0.0, 0.0, 1.0, 0.0, 0.0, 0.0, 1.0, 1.0, 1.0, 1.0, 1.0, 1.0, 0.0, 1.0, 1.0, 1.0, 0.0, 1.0, 1.0, 1.0, 0.0, 1.0, 1.0, 1.0, 0.0, 1.0, 1.0, 1.0, 1.0, 0.0, 0.0, 1.0, 1.0, 1.0, 1.0, 1.0, 1.0, 1.0, 1.0]","stage_3_prunedseparableconvcnn/confusion_matrix_table":{"path":"media/table/stage_3_prunedseparableconvcnn/confusion_matrix_table_11_33b160bb361ccf12854f.table.json","_latest_artifact_path":"wandb-client-artifact://f6rygi4r1dmhimms8rn1b1zctq7vp2fldzs7szses2xjp693xoxh6rhemyby77urrbhjdp2w212md18y5s26yhd7mn653bka97ub9z8g9rhguad7mm5inanpp3h8t2k2:latest/stage_3_prunedseparableconvcnn/confusion_matrix_table.table.json","artifact_path":"wandb-client-artifact://dv0jtm52v7joabl22y8o574j441kjfem5mioe3yv0e70u5zuwudk5z32ua8oullvrj96rd3l5oipq9cbc934s1bhimhecwwaamatejg4x0vu66f1xv4h7ctahttzdxse/stage_3_prunedseparableconvcnn/confusion_matrix_table.table.json","_type":"table-file","nrows":36,"size":1367,"ncols":3,"log_mode":"IMMUTABLE","sha256":"33b160bb361ccf12854f5c890fc2e602465e95f856ed4b4c5ede7497c7c5974c"},"best_val_loss":0.3024313524365425,"stage2/val_acc":57.22222222222222,"stage2_test_f1":0.5743197496745361,"block4_Pruned_%":31.25,"stage2/test_loss":0.6989943926461774,"stage1/use_pretrain_model":false,"stage1_test_loss":0.2595700413673605,"stage2/stage_number":2,"block2_Pruned_%":26.5625,"stage2/val_loss":0.7477316671361526,"stage2/test_f1":0.5743197496745361,"stage2/lr_backbone":0.0001,"stage2/raw_hard_mask_block2":"[0.0, 0.0, 1.0, 1.0, 1.0, 0.0, 1.0, 1.0, 1.0, 1.0, 1.0, 1.0, 1.0, 1.0, 1.0, 1.0, 1.0, 1.0, 1.0, 0.0, 1.0, 1.0, 1.0, 1.0, 1.0, 1.0, 1.0, 1.0, 1.0, 1.0, 0.0, 0.0, 0.0, 1.0, 1.0, 1.0, 1.0, 1.0, 1.0, 0.0, 1.0, 1.0, 1.0, 1.0, 0.0, 1.0, 0.0, 0.0, 1.0, 1.0, 1.0, 1.0, 1.0, 0.0, 0.0, 0.0, 0.0, 0.0, 1.0, 1.0, 1.0, 0.0, 1.0, 1.0]","stage2_test_loss":0.6989943926461774,"stage2/final_mask_keep_ratio_block4":0.6875,"stage2/Total_Pruned_%":29.374999999999996,"stage1/test_f1":0.8918346350058876,"_timestamp":1.7758597151554964e+09,"_wandb":{"runtime":19},"stage2/train_acc":61.08409610983982,"stage1_test_acc":88.97183576518493,"stage_1_separableconvcnn/confusion_matrix_table":{"_latest_artifact_path":"wandb-client-artifact://nees49o1gwyd4vruyzobnnsij5r89dotcizjnbjxpm2e9bfrp3n0yzkl2uqg3g8pdasm3u9v1blbhw4768nrjtd4yktk937pkpzyc3y8k6n37dnwo70u6c8sudgadp8p:latest/stage_1_separableconvcnn/confusion_matrix_table.table.json","path":"media/table/stage_1_separableconvcnn/confusion_matrix_table_1_880c447eac1a9a77c7fa.table.json","ncols":3,"nrows":36,"log_mode":"IMMUTABLE","sha256":"880c447eac1a9a77c7fa2e8846a50891fe02ccdbcf95146150818555860496db","size":1368,"_type":"table-file","artifact_path":"wandb-client-artifact://vbjz0urm1l7jva4zw62dxdxm26xlf345w109zl3idei47eec96n367zth0i81fpvueyi0kl60tgx6446ndrdg3xtre5jn8m3v83666c2cfk7977fiic51bvztmhjv51m/stage_1_separableconvcnn/confusion_matrix_table.table.json"},"stage2/block3_Pruned_%":28.90625,"block3_Pruned_%":28.90625,"stage3_test_f1":0.8895365360116304,"stage3_test_acc":88.73430607397353,"stage2/final_mask_keep_ratio_block3":0.7109375,"final_summary_log_path":"/home/qphan/master-thesis/models/uci_best_model_three_stage_channel_subject19_val_final_summary_val_19.txt","stage2/test_acc":61.18086189345097,"stage2/final_mask_keep_ratio_block2":0.734375,"model_param_reduction_pct":42.70641206466313,"stage2_test_acc":61.18086189345097,"stage2/train_loss":0.7781177682789294,"stage2/purpose":"train channel-pruning model with masking","stage3_test_loss":0.2715671403526082}