{"best_val_loss":0.3542824447253682,"stage_1_separableconvcnn/confusion_matrix_table":{"size":1367,"artifact_path":"wandb-client-artifact://eopsrbywzjkszizhtqd5eohvrzodi5f4ias97te77cwnc39l18uao6tbo4mhhlbzgypfirbm8vjapqd3qcocufukmll9pulabaeym7tm44czpo7th8uaaodfp6he98uq/stage_1_separableconvcnn/confusion_matrix_table.table.json","sha256":"03dfbd2c4e1796b6f14c9c6ff1c6762d4bce54ff6391a5bae0814e1d8b095def","log_mode":"IMMUTABLE","_type":"table-file","_latest_artifact_path":"wandb-client-artifact://6fhgar9w9ulcvb45gcc4ocwjhju0bz1q91er22692v9452s5psgviol20hk54a5fm91cfcrvsqj3tl19up1a1jfumoenifsqzripwdbo4rcv0grc7scwg8s3zsa1gt2s:latest/stage_1_separableconvcnn/confusion_matrix_table.table.json","path":"media/table/stage_1_separableconvcnn/confusion_matrix_table_6_03dfbd2c4e1796b6f14c.table.json","ncols":3,"nrows":36},"stage1/train_loss":0.13151637873751051,"stage1_test_acc":89.75229046487954,"test_acc":89.75229046487954,"stage1/val_acc":87.74834437086092,"stage1/stage_number":1,"_runtime":8,"stage1/test_acc":89.75229046487954,"stage1/best_val_loss":0.3542824447253682,"best_epoch":10,"stage1/test_f1":0.8986571403146842,"_step":6,"stage1/test_loss":0.268587467844987,"stage1/val_loss":0.42013124559099313,"stage1/epoch":20,"_wandb":{"runtime":8},"stage1/lr":0.001,"test_loss":0.268587467844987,"_timestamp":1.7757578417139335e+09,"stage1_test_loss":0.268587467844987,"stage1/purpose":"train baseline model","test_f1_macro":0.8986571403146842,"stage1_test_f1":0.8986571403146842,"stage1/train_acc":94.49645390070921,"stage1/use_pretrain_model":false}