{"lr_loaded_weights":0.0001,"stage2/purpose":"train channel-pruning model with masking","stage1/test_acc":89.85408890397014,"stage2/best_epoch":15,"block3_Pruned_%":59.375,"stage2/block3_Pruned_%":59.375,"stage2/lr_gumbel":0.001,"stage2/final_mask_keep_ratio_block4":0.4453125,"_runtime":23,"best_val_loss":0.33062492088138884,"stage2/train_loss":0.9101906649618512,"model_param_count_pruned":9958,"stage1_test_loss":0.4559599839993571,"stage2/val_acc":63.63636363636363,"model_param_count":9958,"stage2/final_mask_keep_ratio_block3":0.40625,"stage2/raw_hard_mask_block3":"[1.0, 1.0, 0.0, 0.0, 1.0, 1.0, 1.0, 0.0, 0.0, 0.0, 1.0, 1.0, 0.0, 0.0, 1.0, 0.0, 0.0, 1.0, 1.0, 1.0, 0.0, 0.0, 1.0, 1.0, 0.0, 1.0, 1.0, 0.0, 0.0, 1.0, 0.0, 0.0, 0.0, 0.0, 0.0, 0.0, 0.0, 1.0, 0.0, 1.0, 1.0, 0.0, 1.0, 0.0, 1.0, 1.0, 1.0, 1.0, 0.0, 0.0, 1.0, 1.0, 0.0, 0.0, 1.0, 0.0, 1.0, 0.0, 1.0, 1.0, 0.0, 0.0, 0.0, 1.0, 0.0, 0.0, 0.0, 0.0, 0.0, 0.0, 0.0, 1.0, 0.0, 0.0, 1.0, 1.0, 1.0, 1.0, 0.0, 1.0, 0.0, 0.0, 0.0, 0.0, 1.0, 1.0, 0.0, 1.0, 0.0, 0.0, 0.0, 0.0, 0.0, 0.0, 0.0, 0.0, 1.0, 0.0, 0.0, 0.0, 1.0, 1.0, 0.0, 0.0, 0.0, 0.0, 0.0, 0.0, 0.0, 1.0, 1.0, 1.0, 0.0, 1.0, 0.0, 0.0, 0.0, 1.0, 1.0, 0.0, 0.0, 1.0, 0.0, 0.0, 1.0, 0.0, 1.0, 0.0]","stage2/stage_number":2,"val_acc":85.33724340175954,"stage1_test_acc":89.85408890397014,"stage2/block4_Pruned_%":55.46875,"stage1/use_pretrain_model":false,"model_param_count_dense":36868,"stage1/test_loss":0.4559599839993571,"stage":3,"stage2_test_acc":59.82354937224296,"stage2/epoch":25,"stage2/raw_hard_mask_block4":"[1.0, 1.0, 0.0, 0.0, 1.0, 1.0, 1.0, 1.0, 1.0, 0.0, 0.0, 0.0, 0.0, 0.0, 0.0, 0.0, 1.0, 0.0, 0.0, 1.0, 0.0, 0.0, 0.0, 1.0, 1.0, 0.0, 1.0, 1.0, 1.0, 0.0, 1.0, 0.0, 0.0, 1.0, 1.0, 0.0, 1.0, 1.0, 0.0, 0.0, 0.0, 0.0, 1.0, 0.0, 1.0, 0.0, 0.0, 0.0, 1.0, 0.0, 0.0, 0.0, 0.0, 1.0, 0.0, 0.0, 0.0, 0.0, 0.0, 0.0, 0.0, 1.0, 1.0, 1.0, 1.0, 0.0, 1.0, 0.0, 1.0, 1.0, 0.0, 0.0, 0.0, 0.0, 0.0, 0.0, 1.0, 0.0, 0.0, 0.0, 1.0, 0.0, 0.0, 0.0, 0.0, 1.0, 0.0, 0.0, 1.0, 0.0, 1.0, 0.0, 0.0, 1.0, 1.0, 1.0, 1.0, 1.0, 1.0, 0.0, 1.0, 0.0, 1.0, 0.0, 1.0, 1.0, 1.0, 0.0, 1.0, 1.0, 0.0, 0.0, 1.0, 0.0, 1.0, 0.0, 0.0, 1.0, 1.0, 0.0, 1.0, 1.0, 1.0, 0.0, 1.0, 1.0, 0.0, 0.0]","stage2/val_loss":0.6912698503692916,"stage2/Total_Pruned_%":58.4375,"stage2/final_mask_keep_ratio_block2":0.375,"_step":14,"Total_Pruned_%":58.4375,"final_summary_log_path":"/home/qphan/master-thesis/models/uci_best_model_three_stage_channel_subject3_val_final_summary_val_3.txt","stage2/mask_l1":0.46677038073539734,"block2_Pruned_%":62.5,"stage2/train_acc":62.64441591784339,"stage2_test_loss":0.7348972261740475,"train_acc":90.55769505063472,"stage2/raw_hard_mask_block2":"[0.0, 0.0, 1.0, 0.0, 1.0, 0.0, 0.0, 0.0, 0.0, 0.0, 0.0, 1.0, 0.0, 1.0, 0.0, 0.0, 1.0, 1.0, 1.0, 0.0, 0.0, 1.0, 0.0, 0.0, 0.0, 0.0, 0.0, 0.0, 0.0, 0.0, 1.0, 0.0, 0.0, 0.0, 0.0, 1.0, 1.0, 1.0, 0.0, 0.0, 1.0, 0.0, 1.0, 0.0, 0.0, 1.0, 1.0, 1.0, 0.0, 0.0, 1.0, 0.0, 0.0, 0.0, 1.0, 0.0, 0.0, 1.0, 1.0, 1.0, 1.0, 0.0, 1.0, 0.0]","model_param_reduction_pct":72.9901269393512,"_wandb":{"runtime":23},"stage2/test_f1":0.542972402727052,"stage3_test_f1":0.8856535503838286,"stage_1_separableconvcnn/confusion_matrix_table":{"log_mode":"IMMUTABLE","nrows":36,"artifact_path":"wandb-client-artifact://1zop4q3bf1l4ez7g0arb7nqjigyzesv4kw2u1ggob4pk8n1x4wm8cbyqi54swxyic7rtquo4hqj67buckcrbsdwvdb4b70eshutfzly1ers8o9oam30yqhtkxolm2pl9/stage_1_separableconvcnn/confusion_matrix_table.table.json","_latest_artifact_path":"wandb-client-artifact://cv2ilrtl8xz1r9zsjkez4xumn7cti6cd8lkf1h03hoftlw11jsqq37pdwndmetd17s4c5oax93swulcxfua3lwtbt2rmi0izwzcb3524zj5rpg1cioat1qwzg5s147k6:latest/stage_1_separableconvcnn/confusion_matrix_table.table.json","_type":"table-file","sha256":"02c5a6fac2b98a2cce23216035c71184f8282e95afab8b7a4923ed0654b10cea","ncols":3,"path":"media/table/stage_1_separableconvcnn/confusion_matrix_table_1_02c5a6fac2b98a2cce23.table.json","size":1368},"val_loss":0.3420659437382326,"epoch":20,"train_loss":0.22381396642885437,"stage_3_prunedseparableconvcnn/confusion_matrix_table":{"sha256":"fa73d70485a78fa8b7dc0fee787e1823b67c33327e2cc92d05e24b389f9ef00c","size":1368,"artifact_path":"wandb-client-artifact://74qsw6ili83sjq684w36ejg4ke4wtlmsukjcqbr8okm329ygsf8kgztfsm6u6xjltdtulfw2gez6z9e10u7xe94uv8fwj5jx4j26wfjhg1lkkgfovn97ihvnswk5yclu/stage_3_prunedseparableconvcnn/confusion_matrix_table.table.json","_latest_artifact_path":"wandb-client-artifact://y4izfqyc2sozbx4whvm4pf1jvt01op2uo7rcibam0ks3ofz2lcl27g6wemia7jrasi3of1aood0eg674hixdncc5u7km8bm03ofwdvajmry1nvbambz93oamnyovtwq3:latest/stage_3_prunedseparableconvcnn/confusion_matrix_table.table.json","_type":"table-file","nrows":36,"path":"media/table/stage_3_prunedseparableconvcnn/confusion_matrix_table_12_fa73d70485a78fa8b7dc.table.json","ncols":3,"log_mode":"IMMUTABLE"},"stage2/lr_backbone":0.0001,"stage2/test_acc":59.82354937224296,"stage2/best_val_loss":0.6898067861992069,"stage2_test_f1":0.542972402727052,"stage3_test_loss":0.34672354078000905,"stage3_test_acc":88.36104513064133,"block4_Pruned_%":55.46875,"stage2/test_loss":0.7348972261740475,"stage1/test_f1":0.8992012196111356,"stage2/block2_Pruned_%":62.5,"stage1_test_f1":0.8992012196111356,"_timestamp":1.7758718997247741e+09}