{"stage1/use_pretrain_model":false,"stage3_test_f1":0.8761418445800414,"stage3_test_acc":87.64845605700712,"stage1/test_acc":89.85408890397014,"stage1/test_f1":0.8992012196111356,"epoch":25,"stage1_test_acc":89.85408890397014,"stage1/test_loss":0.4559599839993571,"_step":11,"lr_backbone":0.0001,"best_val_loss":0.27622516599860686,"train_loss":0.10597426889801932,"stage2_test_loss":0.5043576372592053,"val_loss":0.5414234325289726,"train_acc":95.74953644273285,"_wandb":{"runtime":19},"lr":0.001,"_runtime":19,"stage2_test_acc":85.74821852731591,"stage_3_separableconvcnn/confusion_matrix_table":{"ncols":3,"nrows":36,"_type":"table-file","log_mode":"IMMUTABLE","artifact_path":"wandb-client-artifact://l38lzkqhdmzp0xl5mbv2aj76v63apcv7rk8tnm4waf5yx4zcoj2hoj5gulu8dnmm0z1m9tn7d7sqye3oihvcny2zwc7ok944xpem3eoq9vitneiej77vfdfgbffjqd21/stage_3_separableconvcnn/confusion_matrix_table.table.json","size":1369,"sha256":"5cde45379b10c66c6b91aedc50c647d64a9d4489dbe6fa4590d0ad7c17afb7c6","path":"media/table/stage_3_separableconvcnn/confusion_matrix_table_10_5cde45379b10c66c6b91.table.json","_latest_artifact_path":"wandb-client-artifact://tfumi8rcsn9dx8vsyh97s669xjxhahe80wv428z30ii6yi6pzww72fhsfauth5so5wo908sy8atpsk1pi9kcd1fu43nhu0d2xli33h8da64xo2wgokdg1uvxzbpry8v7:latest/stage_3_separableconvcnn/confusion_matrix_table.table.json"},"stage2_test_f1":0.8604585076885494,"stage":3,"stage2_hard_bin_mask_str":"[0.0, 0.0, 0.0, 0.0, 0.0, 0.0, 0.0, 1.0, 1.0, 1.0, 1.0, 0.0, 1.0, 1.0, 1.0, 1.0, 1.0, 1.0, 1.0, 1.0, 1.0, 1.0, 0.0, 1.0, 1.0, 1.0, 1.0, 1.0, 1.0, 1.0, 1.0, 0.0, 1.0, 1.0, 1.0, 1.0, 1.0, 1.0, 1.0, 1.0, 1.0, 1.0, 0.0, 0.0, 1.0, 1.0, 1.0, 0.0, 0.0, 1.0, 1.0, 1.0, 1.0, 1.0, 1.0, 1.0, 0.0, 0.0, 0.0, 1.0, 1.0, 0.0, 0.0, 1.0, 0.0, 0.0, 0.0, 0.0, 0.0, 0.0, 0.0, 0.0, 0.0, 0.0, 0.0, 0.0, 0.0, 0.0, 0.0, 0.0, 0.0, 0.0, 0.0, 0.0, 0.0, 0.0, 0.0, 0.0, 0.0, 0.0, 0.0, 0.0, 0.0, 0.0, 0.0, 0.0, 0.0, 0.0, 0.0, 0.0, 0.0, 0.0, 0.0, 0.0, 0.0, 0.0, 0.0, 0.0, 0.0, 0.0, 0.0, 0.0, 0.0, 0.0, 0.0, 0.0, 0.0, 0.0, 0.0, 0.0, 0.0, 0.0, 0.0, 0.0, 0.0, 0.0, 0.0, 0.0]","_timestamp":1.7764265780641456e+09,"stage1_test_loss":0.4559599839993571,"mask_l1":0.125,"val_acc":81.81818181818181,"lr_gumbel_bin":0.001,"bin_keep_ratio":0.3515625,"stage_1_separableconvcnn/confusion_matrix_table":{"path":"media/table/stage_1_separableconvcnn/confusion_matrix_table_1_02c5a6fac2b98a2cce23.table.json","nrows":36,"ncols":3,"log_mode":"IMMUTABLE","_type":"table-file","artifact_path":"wandb-client-artifact://58ly3szpp5hgfll8qs8crdp45wi6s6jw1du61fqwuwjmpdmnkkegkifl3uo3v6z8fy7e2mcse808d25froszcrim39gkjjhoxmodre25r7b8trg3gn9gsl0paijbu6m8/stage_1_separableconvcnn/confusion_matrix_table.table.json","sha256":"02c5a6fac2b98a2cce23216035c71184f8282e95afab8b7a4923ed0654b10cea","size":1368,"_latest_artifact_path":"wandb-client-artifact://rodvy0188nj6eg5aoocls4f47l5ldtismrhtjjvetmxd2k1lzx8a051land3jsqbopx0a4xmgtkri593f7og3n059mz10fbcehhnqki8dihp2mrzhf8ue8trzho6ev7v:latest/stage_1_separableconvcnn/confusion_matrix_table.table.json"},"stage3_test_loss":0.46398896313458715,"stage1_test_f1":0.8992012196111356}