{"best_val_loss":0.6968396484199415,"stage_3_prunedseparableconvcnn/confusion_matrix_table":{"size":2011,"path":"media/table/stage_3_prunedseparableconvcnn/confusion_matrix_table_15_ef8d515365cf28689e44.table.json","_type":"table-file","log_mode":"IMMUTABLE","nrows":64,"_latest_artifact_path":"wandb-client-artifact://xxeovuc33mpnakj2aawrr1xgzn4xy8fy4tl87fl20qc22qne0u20tdkbho36xav4abbx99ikppukztrjzfvktg17y3gzyywgerwzyll00e0u4le04gq5jgdaxl1m5gnv:latest/stage_3_prunedseparableconvcnn/confusion_matrix_table.table.json","ncols":3,"artifact_path":"wandb-client-artifact://5va938lmeek6puq70uefk3he4wek7pyvw1muyj21i5yi335gzlw6shwxl0idiwji8ztfdu1eodke2irlbappq9dhlrzgzlmf0h9cbs888hjpixlf0az39zpqmitez06g/stage_3_prunedseparableconvcnn/confusion_matrix_table.table.json","sha256":"ef8d515365cf28689e44758d17865a4406e0dc55d6240f381617ff67cf2421e7"},"val_loss":0.7146688123248516,"stage2/best_val_loss":0.7651101107547834,"final_summary_log_path":"/home/qphan/master-thesis/models/wear_best_model_three_stage_channel_subject2_val_final_summary_val_2.txt","_timestamp":1.7753305540015528e+09,"block2_Pruned_%":37.5,"stage1_test_f1":0.6895704214321337,"stage2/train_acc":56.81344659027166,"train_acc":68.70141838288325,"stage2/epoch":25,"stage2/mask_l1":0.47713610529899597,"train_loss":0.5880917504875216,"stage2/raw_hard_mask_block4":"[0.0, 1.0, 0.0, 0.0, 1.0, 0.0, 1.0, 0.0, 1.0, 0.0, 1.0, 0.0, 1.0, 1.0, 1.0, 1.0, 1.0, 1.0, 1.0, 1.0, 0.0, 1.0, 0.0, 0.0, 1.0, 1.0, 1.0, 0.0, 1.0, 0.0, 1.0, 1.0, 0.0, 1.0, 1.0, 1.0, 1.0, 1.0, 1.0, 0.0, 1.0, 0.0, 0.0, 0.0, 0.0, 1.0, 1.0, 0.0, 1.0, 1.0, 1.0, 1.0, 1.0, 1.0, 0.0, 1.0, 0.0, 0.0, 0.0, 1.0, 1.0, 0.0, 0.0, 0.0, 1.0, 1.0, 1.0, 1.0, 1.0, 1.0, 1.0, 1.0, 0.0, 1.0, 0.0, 1.0, 1.0, 1.0, 1.0, 0.0, 1.0, 1.0, 0.0, 1.0, 0.0, 0.0, 0.0, 0.0, 1.0, 1.0, 1.0, 1.0, 1.0, 1.0, 1.0, 1.0, 0.0, 0.0, 0.0, 1.0, 1.0, 0.0, 1.0, 1.0, 1.0, 1.0, 1.0, 0.0, 1.0, 0.0, 0.0, 1.0, 1.0, 0.0, 1.0, 1.0, 0.0, 1.0, 1.0, 1.0, 1.0, 1.0, 1.0, 1.0, 1.0, 0.0, 1.0, 1.0]","stage2/block3_Pruned_%":60.9375,"stage2/val_acc":56.60959865282066,"block3_Pruned_%":60.9375,"stage3_test_f1":0.6942138571939587,"stage2/final_mask_keep_ratio_block2":0.625,"stage1/test_acc":77.7537351880474,"stage1/test_loss":0.6374512334572539,"stage2/val_loss":0.7725253648514363,"val_acc":63.82262138647207,"_step":17,"block4_Pruned_%":34.375,"stage3_test_acc":79.33024214322514,"stage2_test_f1":0.6771575324349273,"_runtime":203,"stage2/best_epoch":19,"_wandb":{"runtime":203},"model_param_count_dense":36998,"stage2/raw_hard_mask_block3":"[0.0, 0.0, 0.0, 1.0, 0.0, 0.0, 0.0, 0.0, 0.0, 0.0, 1.0, 0.0, 1.0, 0.0, 1.0, 1.0, 1.0, 1.0, 1.0, 1.0, 0.0, 0.0, 0.0, 1.0, 1.0, 0.0, 1.0, 0.0, 0.0, 0.0, 1.0, 0.0, 0.0, 0.0, 1.0, 1.0, 0.0, 0.0, 0.0, 0.0, 1.0, 0.0, 1.0, 0.0, 0.0, 0.0, 0.0, 1.0, 0.0, 0.0, 0.0, 1.0, 1.0, 0.0, 0.0, 1.0, 0.0, 1.0, 1.0, 0.0, 1.0, 1.0, 0.0, 0.0, 1.0, 0.0, 0.0, 1.0, 0.0, 0.0, 1.0, 1.0, 1.0, 1.0, 1.0, 1.0, 1.0, 1.0, 1.0, 1.0, 0.0, 0.0, 0.0, 0.0, 0.0, 0.0, 0.0, 0.0, 1.0, 1.0, 1.0, 1.0, 0.0, 0.0, 1.0, 0.0, 0.0, 0.0, 0.0, 0.0, 0.0, 0.0, 0.0, 1.0, 0.0, 0.0, 0.0, 0.0, 1.0, 0.0, 0.0, 0.0, 0.0, 1.0, 0.0, 1.0, 0.0, 0.0, 0.0, 1.0, 0.0, 0.0, 1.0, 0.0, 1.0, 0.0, 0.0, 1.0]","stage2_test_loss":0.6483135638178443,"stage2/test_acc":79.28902627511592,"stage2/lr_gumbel":0.001,"model_param_count":14440,"stage1_test_loss":0.6374512334572539,"lr_loaded_weights":0.0001,"stage3_test_loss":0.6105193695967988,"epoch":35,"stage1/test_f1":0.6895704214321337,"stage2/lr_backbone":0.0001,"stage2/final_mask_keep_ratio_block3":0.390625,"stage":3,"stage_1_separableconvcnn/confusion_matrix_table":{"path":"media/table/stage_1_separableconvcnn/confusion_matrix_table_1_663a0b694daba5967b72.table.json","ncols":3,"_type":"table-file","nrows":64,"_latest_artifact_path":"wandb-client-artifact://ycae56ulh8ap1tejcszb6g7964go8camsdw1i4hbufa10zev8uovd7zreaijhnj0sjyf3onlmfqqtocmjkx7rmpof1fdah6kerf0h2mvrbgw2pqxb73epbytay9r98vp:latest/stage_1_separableconvcnn/confusion_matrix_table.table.json","log_mode":"IMMUTABLE","sha256":"663a0b694daba5967b72c9264955e7ab416aa95e7aa2887df9443b82d3a236a6","artifact_path":"wandb-client-artifact://tl840uu20slu2g82j6dn7z8o71d4m6o08upxqnjz0ofdnustycw9p60d8uulzx7o6hukkngxrekw6frbacbjd2tsgcbh6hvio6u0w8iojle3udvnkbny6o856f4hi8xo/stage_1_separableconvcnn/confusion_matrix_table.table.json","size":2014},"stage2/purpose":"train channel-pruning model with masking","stage2/block4_Pruned_%":34.375,"Total_Pruned_%":45.62500000000001,"stage1/use_pretrain_model":false,"stage2/train_loss":0.9630100545434962,"model_param_reduction_pct":60.97086328990756,"stage2/test_loss":0.6483135638178443,"model_param_count_pruned":14440,"stage2/Total_Pruned_%":45.62500000000001,"stage2_test_acc":79.28902627511592,"stage2/test_f1":0.6771575324349273,"stage2/stage_number":2,"stage2/raw_hard_mask_block2":"[0.0, 1.0, 0.0, 1.0, 1.0, 1.0, 1.0, 1.0, 0.0, 1.0, 0.0, 1.0, 0.0, 1.0, 1.0, 1.0, 1.0, 0.0, 0.0, 1.0, 1.0, 0.0, 1.0, 1.0, 0.0, 1.0, 1.0, 1.0, 0.0, 0.0, 1.0, 1.0, 0.0, 0.0, 1.0, 1.0, 1.0, 1.0, 0.0, 1.0, 1.0, 1.0, 0.0, 0.0, 1.0, 1.0, 1.0, 1.0, 1.0, 1.0, 0.0, 0.0, 1.0, 0.0, 0.0, 0.0, 1.0, 1.0, 1.0, 1.0, 0.0, 0.0, 1.0, 0.0]","stage2/final_mask_keep_ratio_block4":0.65625,"stage1_test_acc":77.7537351880474,"stage2/block2_Pruned_%":37.5}