{"stage_1_separableconvcnn/confusion_matrix_table":{"sha256":"4914c57416d7d97c05d71336b6dd88502669ddc7eb128e5dae27a54e7be414ec","_type":"table-file","nrows":64,"_latest_artifact_path":"wandb-client-artifact://z5walc35j4ofvvej8np2q76sbnrz9qo1tk4qdrm5ujo7hwpi79obkcljxabqfjic6kw8mxyzs01gfwcksw1gkq6l4j2isw6nwrn4466cdao1zr2exsoyd0i2j0rh114i:latest/stage_1_separableconvcnn/confusion_matrix_table.table.json","artifact_path":"wandb-client-artifact://5rfnoh13wlu41rntx8aobmzjgc9zwxq5pgf7foa8txnj3c27r8xzhua7oha1mpwq12tbu820fxrjprttb8nk7lawu2zoco14g67jqr2geoj0tt6gow33gnrc79iwqobd/stage_1_separableconvcnn/confusion_matrix_table.table.json","size":2013,"path":"media/table/stage_1_separableconvcnn/confusion_matrix_table_4_4914c57416d7d97c05d7.table.json","ncols":3,"log_mode":"IMMUTABLE"},"stage1/test_acc":80.9273570324575,"stage1_test_loss":0.581220023251498,"stage1/purpose":"train baseline model","stage1_test_f1":0.715260829706252,"stage1/stage_number":1,"stage1_test_acc":80.9273570324575,"stage1/best_val_loss":0.7812666099130403,"test_f1_macro":0.715260829706252,"_runtime":49,"stage1/epoch":10,"_wandb":{"runtime":49},"_step":4,"stage1/lr":0.001,"best_val_loss":0.7812666099130403,"stage1/train_acc":70.55597206329163,"stage1/test_loss":0.581220023251498,"test_acc":80.9273570324575,"_timestamp":1.7766701133533924e+09,"stage1/test_f1":0.715260829706252,"test_loss":0.581220023251498,"stage1/train_loss":0.47800446380987704,"best_epoch":4,"stage1/use_pretrain_model":false,"stage1/val_loss":0.9518548039352002,"stage1/val_acc":66.34443250984604}