{"stage3_final_mask_json":"{\"block2\": [0.0, 0.0, 0.0, 0.0, 0.0, 1.0, 0.0, 0.0, 0.0, 0.0, 1.0, 0.0, 0.0, 0.0, 0.0, 1.0, 0.0, 0.0, 0.0, 0.0, 1.0, 0.0, 1.0, 0.0, 1.0, 1.0, 0.0, 0.0, 0.0, 1.0, 0.0, 1.0, 1.0, 0.0, 0.0, 0.0, 0.0, 0.0, 0.0, 0.0, 0.0, 0.0, 0.0, 0.0, 1.0, 0.0, 1.0, 0.0, 0.0, 0.0, 0.0, 0.0, 0.0, 0.0, 0.0, 0.0, 1.0, 0.0, 0.0, 0.0, 0.0, 0.0, 0.0, 0.0], \"block3\": [0.0, 1.0, 0.0, 0.0, 0.0, 0.0, 0.0, 0.0, 0.0, 0.0, 0.0, 1.0, 0.0, 0.0, 0.0, 1.0, 0.0, 0.0, 0.0, 1.0, 0.0, 0.0, 0.0, 1.0, 0.0, 1.0, 0.0, 0.0, 0.0, 1.0, 0.0, 1.0, 1.0, 0.0, 0.0, 0.0, 0.0, 1.0, 0.0, 0.0, 1.0, 1.0, 1.0, 0.0, 0.0, 0.0, 0.0, 0.0, 0.0, 0.0, 0.0, 0.0, 1.0, 0.0, 0.0, 0.0, 0.0, 0.0, 0.0, 0.0, 0.0, 1.0, 0.0, 1.0, 0.0, 0.0, 1.0, 0.0, 0.0, 0.0, 0.0, 1.0, 0.0, 0.0, 0.0, 0.0, 0.0, 0.0, 0.0, 0.0, 0.0, 1.0, 0.0, 0.0, 0.0, 0.0, 0.0, 1.0, 0.0, 0.0, 0.0, 1.0, 0.0, 0.0, 0.0, 0.0, 0.0, 0.0, 0.0, 0.0, 0.0, 0.0, 0.0, 0.0, 0.0, 0.0, 0.0, 1.0, 0.0, 0.0, 0.0, 1.0, 0.0, 0.0, 0.0, 0.0, 1.0, 0.0, 1.0, 0.0, 0.0, 1.0, 0.0, 0.0, 0.0, 0.0, 0.0, 0.0], \"block4\": [0.0, 0.0, 0.0, 1.0, 0.0, 0.0, 0.0, 0.0, 0.0, 0.0, 0.0, 0.0, 0.0, 0.0, 0.0, 1.0, 0.0, 0.0, 0.0, 0.0, 1.0, 1.0, 0.0, 1.0, 0.0, 0.0, 0.0, 0.0, 0.0, 0.0, 0.0, 0.0, 0.0, 0.0, 0.0, 0.0, 1.0, 0.0, 0.0, 0.0, 0.0, 0.0, 1.0, 0.0, 0.0, 0.0, 0.0, 0.0, 0.0, 0.0, 1.0, 1.0, 0.0, 0.0, 0.0, 0.0, 0.0, 0.0, 0.0, 0.0, 1.0, 0.0, 0.0, 0.0, 0.0, 1.0, 0.0, 0.0, 0.0, 1.0, 1.0, 1.0, 0.0, 0.0, 0.0, 0.0, 1.0, 0.0, 0.0, 1.0, 0.0, 1.0, 0.0, 0.0, 0.0, 0.0, 0.0, 1.0, 0.0, 0.0, 0.0, 0.0, 0.0, 0.0, 0.0, 0.0, 0.0, 1.0, 0.0, 0.0, 0.0, 0.0, 0.0, 0.0, 1.0, 1.0, 1.0, 0.0, 1.0, 1.0, 0.0, 1.0, 0.0, 0.0, 0.0, 0.0, 0.0, 0.0, 0.0, 0.0, 0.0, 0.0, 0.0, 0.0, 1.0, 0.0, 0.0, 0.0]}","channels_block2":13,"train_acc":75.14908212183809,"_wandb":{"runtime":130},"val_loss":0.8975501987317418,"stage3_channel_metadata_json":"{\"block2\": {\"kept_indices\": [5, 10, 15, 20, 22, 24, 25, 29, 31, 32, 44, 46, 56], \"pruned_indices\": [0, 1, 2, 3, 4, 6, 7, 8, 9, 11, 12, 13, 14, 16, 17, 18, 19, 21, 23, 26, 27, 28, 30, 33, 34, 35, 36, 37, 38, 39, 40, 41, 42, 43, 45, 47, 48, 49, 50, 51, 52, 53, 54, 55, 57, 58, 59, 60, 61, 62, 63], \"kept_count\": 13, \"pruned_count\": 51, \"total_channels\": 64}, \"block3\": {\"kept_indices\": [1, 11, 15, 19, 23, 25, 29, 31, 32, 37, 40, 41, 42, 52, 61, 63, 66, 71, 81, 87, 91, 107, 111, 116, 118, 121], \"pruned_indices\": [0, 2, 3, 4, 5, 6, 7, 8, 9, 10, 12, 13, 14, 16, 17, 18, 20, 21, 22, 24, 26, 27, 28, 30, 33, 34, 35, 36, 38, 39, 43, 44, 45, 46, 47, 48, 49, 50, 51, 53, 54, 55, 56, 57, 58, 59, 60, 62, 64, 65, 67, 68, 69, 70, 72, 73, 74, 75, 76, 77, 78, 79, 80, 82, 83, 84, 85, 86, 88, 89, 90, 92, 93, 94, 95, 96, 97, 98, 99, 100, 101, 102, 103, 104, 105, 106, 108, 109, 110, 112, 113, 114, 115, 117, 119, 120, 122, 123, 124, 125, 126, 127], \"kept_count\": 26, \"pruned_count\": 102, \"total_channels\": 128}, \"block4\": {\"kept_indices\": [3, 15, 20, 21, 23, 36, 42, 50, 51, 60, 65, 69, 70, 71, 76, 79, 81, 87, 97, 104, 105, 106, 108, 109, 111, 124], \"pruned_indices\": [0, 1, 2, 4, 5, 6, 7, 8, 9, 10, 11, 12, 13, 14, 16, 17, 18, 19, 22, 24, 25, 26, 27, 28, 29, 30, 31, 32, 33, 34, 35, 37, 38, 39, 40, 41, 43, 44, 45, 46, 47, 48, 49, 52, 53, 54, 55, 56, 57, 58, 59, 61, 62, 63, 64, 66, 67, 68, 72, 73, 74, 75, 77, 78, 80, 82, 83, 84, 85, 86, 88, 89, 90, 91, 92, 93, 94, 95, 96, 98, 99, 100, 101, 102, 103, 107, 110, 112, 113, 114, 115, 116, 117, 118, 119, 120, 121, 122, 123, 125, 126, 127], \"kept_count\": 26, \"pruned_count\": 102, \"total_channels\": 128}}","stage_1_separableconvcnn/confusion_matrix_table":{"sha256":"41e0e97869cda5d4f39f5eb29c50ede05b4b9fc64abbbda1ce57ff54181bc3bb","_type":"table-file","size":2012,"log_mode":"IMMUTABLE","artifact_path":"wandb-client-artifact://890me8n28g3bla8zqy19ogrbpin9b7818tbucp6n547dqbscdmb4sd0wr5gwsy1y9z73nnh3lih5ltl4vodsmps6tpo88fvjgc8nju6itr4kai3bhfpesiliu1ljjgwy/stage_1_separableconvcnn/confusion_matrix_table.table.json","path":"media/table/stage_1_separableconvcnn/confusion_matrix_table_0_41e0e97869cda5d4f39f.table.json","nrows":64,"ncols":3,"_latest_artifact_path":"wandb-client-artifact://r2hdv9qiepltaz9kuky1w2ld9fglewac2p2bs6epunmu1cgqs6z3ejg0i9temjmqrnnnn01an0a0fb59x1ta67s9qvpjsvzmw0a6fzr7soxn4fwt7w0iykr5qtndslbs:latest/stage_1_separableconvcnn/confusion_matrix_table.table.json"},"stage3_test_acc":70.01545595054095,"_timestamp":1.7754385550361078e+09,"train_loss":0.68258766906689,"stage1_test_f1":0.6910884547576478,"_step":11,"best_val_loss":0.7998438515784283,"lr":0.001,"stage1_test_acc":79.31993817619784,"epoch":40,"stage":3,"channels_block4":26,"channels_block3":26,"val_acc":66.74364896073904,"stage3_test_f1":0.6245180421138711,"stage_3_prunedseparableconvcnn/confusion_matrix_table":{"log_mode":"IMMUTABLE","sha256":"ca615cb0f164053891709133c4d4191207b4d021bd7abb9f603679f785a75187","_type":"table-file","path":"media/table/stage_3_prunedseparableconvcnn/confusion_matrix_table_10_ca615cb0f16405389170.table.json","nrows":64,"_latest_artifact_path":"wandb-client-artifact://cep9qvts3d1jhhzxs6boomgun3t34lopgf1u72ltkd2qatdfklmlyy36r8s7r6eizsrf0p636q2ujnmbbnina38zumqo0kalwcxkcxtgio6rbpdwnav95ceupx2xoe5r:latest/stage_3_prunedseparableconvcnn/confusion_matrix_table.table.json","size":2012,"artifact_path":"wandb-client-artifact://lfx5rawoctgsk548jkk2nv18v25hxusdr917qjp2w4679133xmtyyysr425xxyu0zd9zgww8tx7fcbus81falq0gf4cleebtwz2ia69ejktpwqmimtqaddqpd6rw52qi/stage_3_prunedseparableconvcnn/confusion_matrix_table.table.json","ncols":3},"params_before_pruning":36998,"params_after_pruning":4307,"_runtime":130}