{"stage1/test_loss":0.2714190853227043,"stage2/test_loss":0.4694705440165587,"stage2/block4_Pruned_%":27.34375,"stage2/raw_hard_mask_block3":"[0.0, 1.0, 1.0, 1.0, 0.0, 1.0, 0.0, 0.0, 1.0, 0.0, 1.0, 0.0, 0.0, 1.0, 0.0, 1.0, 1.0, 0.0, 0.0, 1.0, 0.0, 1.0, 0.0, 0.0, 0.0, 0.0, 0.0, 1.0, 1.0, 1.0, 0.0, 1.0, 0.0, 1.0, 1.0, 0.0, 0.0, 0.0, 0.0, 0.0, 1.0, 0.0, 1.0, 0.0, 0.0, 1.0, 0.0, 1.0, 0.0, 0.0, 1.0, 0.0, 0.0, 0.0, 0.0, 0.0, 0.0, 1.0, 0.0, 0.0, 0.0, 1.0, 0.0, 1.0, 0.0, 1.0, 1.0, 1.0, 1.0, 0.0, 1.0, 0.0, 0.0, 1.0, 0.0, 1.0, 0.0, 1.0, 1.0, 0.0, 0.0, 1.0, 0.0, 1.0, 1.0, 0.0, 1.0, 0.0, 0.0, 0.0, 1.0, 1.0, 1.0, 0.0, 0.0, 1.0, 1.0, 0.0, 1.0, 0.0, 1.0, 0.0, 1.0, 1.0, 0.0, 1.0, 0.0, 1.0, 1.0, 0.0, 1.0, 0.0, 1.0, 1.0, 1.0, 1.0, 1.0, 0.0, 0.0, 0.0, 1.0, 0.0, 0.0, 0.0, 1.0, 1.0, 0.0, 0.0]","stage1/use_pretrain_model":false,"stage2/val_acc":90.69767441860465,"epoch":25,"stage2_test_f1":0.9014400898483493,"stage2/test_f1":0.9014400898483493,"stage2_test_loss":0.4694705440165587,"stage2/stage_number":2,"train_loss":0.08168123216797772,"stage2/lr_gumbel":0.001,"_wandb":{"runtime":28},"stage2/raw_hard_mask_block2":"[1.0, 0.0, 0.0, 0.0, 0.0, 1.0, 1.0, 1.0, 1.0, 1.0, 1.0, 1.0, 1.0, 1.0, 0.0, 1.0, 0.0, 0.0, 0.0, 1.0, 1.0, 0.0, 0.0, 1.0, 0.0, 1.0, 1.0, 0.0, 1.0, 1.0, 1.0, 0.0, 0.0, 0.0, 1.0, 1.0, 1.0, 1.0, 1.0, 1.0, 0.0, 1.0, 0.0, 1.0, 0.0, 0.0, 1.0, 0.0, 0.0, 0.0, 0.0, 0.0, 0.0, 1.0, 0.0, 1.0, 1.0, 0.0, 1.0, 0.0, 0.0, 1.0, 1.0, 0.0]","stage2/best_val_loss":0.18407264620412228,"stage3_test_loss":0.2741263701326873,"stage2/test_acc":90.19341703427214,"model_param_count":16020,"stage2/val_loss":0.21756036856839822,"stage2/final_mask_keep_ratio_block2":0.53125,"final_summary_log_path":"/home/qphan/master-thesis/models/uci_best_model_three_stage_channel_subject29_val_final_summary_val_29.txt","stage2/best_epoch":23,"stage1/test_f1":0.9258141393780032,"stage2/final_mask_keep_ratio_block3":0.4609375,"stage2/epoch":30,"stage_1_separableconvcnn/confusion_matrix_table":{"_latest_artifact_path":"wandb-client-artifact://vqz6nyscqwvpz4iztc0w31w40hgx6dc96906s8x8hhom2jw89nv3mwh6qka5szlthvryi8k17w4k29vlyhwd5d1sfcq8iwy3zj4biy82thhs217qczcahhw9b94en4xj:latest/stage_1_separableconvcnn/confusion_matrix_table.table.json","size":1363,"path":"media/table/stage_1_separableconvcnn/confusion_matrix_table_1_00a27720fcc16831040b.table.json","sha256":"00a27720fcc16831040b8da43bbf43280c4e1052c8c77952bc67fc635976c907","ncols":3,"artifact_path":"wandb-client-artifact://4020m590yhyjpqcb3la6apw55m7c6ca9i4jae01rh51dp0qi4t0nz1fhxr8190ka0kxw0klrcshenou3vwbpu7t901w45cat09sqai9cakwsp581zjqg6kmx71zt16bw/stage_1_separableconvcnn/confusion_matrix_table.table.json","_type":"table-file","log_mode":"IMMUTABLE","nrows":36},"stage2/purpose":"train channel-pruning model with masking","stage2/train_loss":0.5397141306367639,"stage":3,"block4_Pruned_%":27.34375,"model_param_count_dense":36868,"stage3_test_f1":0.9202049955295976,"val_loss":0.12221611248267351,"block2_Pruned_%":46.875,"stage2/train_acc":92.72260273972603,"stage2/mask_l1":0.4796091318130493,"_runtime":28,"stage2_test_acc":90.19341703427214,"stage1/test_acc":92.63657957244655,"stage2/block2_Pruned_%":46.875,"Total_Pruned_%":41.87499999999999,"stage3_test_acc":91.99185612487275,"model_param_reduction_pct":56.54768362807855,"stage2/lr_backbone":0.0001,"stage2/raw_hard_mask_block4":"[0.0, 0.0, 1.0, 1.0, 1.0, 0.0, 0.0, 1.0, 1.0, 1.0, 0.0, 0.0, 1.0, 1.0, 1.0, 1.0, 1.0, 1.0, 1.0, 1.0, 0.0, 0.0, 0.0, 0.0, 0.0, 0.0, 1.0, 1.0, 0.0, 0.0, 1.0, 0.0, 1.0, 1.0, 0.0, 1.0, 1.0, 0.0, 0.0, 1.0, 1.0, 1.0, 1.0, 1.0, 0.0, 1.0, 1.0, 1.0, 1.0, 0.0, 1.0, 1.0, 1.0, 1.0, 1.0, 1.0, 1.0, 0.0, 0.0, 1.0, 1.0, 1.0, 1.0, 0.0, 1.0, 1.0, 1.0, 1.0, 1.0, 0.0, 1.0, 1.0, 0.0, 1.0, 1.0, 0.0, 1.0, 1.0, 1.0, 1.0, 1.0, 1.0, 1.0, 1.0, 1.0, 1.0, 1.0, 1.0, 1.0, 1.0, 0.0, 1.0, 1.0, 0.0, 1.0, 1.0, 1.0, 1.0, 1.0, 1.0, 1.0, 1.0, 1.0, 1.0, 1.0, 0.0, 1.0, 1.0, 1.0, 1.0, 1.0, 1.0, 1.0, 1.0, 1.0, 0.0, 1.0, 0.0, 1.0, 0.0, 1.0, 1.0, 0.0, 1.0, 0.0, 1.0, 0.0, 1.0]","lr_loaded_weights":0.0001,"stage1_test_acc":92.63657957244655,"stage_3_prunedseparableconvcnn/confusion_matrix_table":{"_type":"table-file","size":1363,"nrows":36,"sha256":"657ec197c8421747002ad04752c0262703cd50d94687a3726fccbd8c9020a8c7","log_mode":"IMMUTABLE","artifact_path":"wandb-client-artifact://fn2fnefkw16zirprym9rwbetu5na6z4bazlcaedi8a8xi8r5emvn0etq9dbaveeveyx8l6w16qiwz88y6mymc9nvkn9vtk5wn5w6iawv5sys8fcrxq64wd501i29ejoj/stage_3_prunedseparableconvcnn/confusion_matrix_table.table.json","_latest_artifact_path":"wandb-client-artifact://e7h3se7v4rvcag4kfemkg1fg89e0knnkq22b5a47x7pmntsipi0shoqebdh20vxjlrgzhmsqrpoohde5vp0qugxt2d3wlrb7pltkodt0nok4qmqlh6v4cegheg00b8eb:latest/stage_3_prunedseparableconvcnn/confusion_matrix_table.table.json","path":"media/table/stage_3_prunedseparableconvcnn/confusion_matrix_table_14_657ec197c8421747002a.table.json","ncols":3},"stage1_test_loss":0.2714190853227043,"train_acc":96.00456621004567,"model_param_count_pruned":16020,"_step":16,"best_val_loss":0.11227198011635854,"stage2/final_mask_keep_ratio_block4":0.7265625,"block3_Pruned_%":53.90625,"stage1_test_f1":0.9258141393780032,"stage2/Total_Pruned_%":41.87499999999999,"val_acc":90.98837209302326,"stage2/block3_Pruned_%":53.90625,"_timestamp":1.7768003796218438e+09}