{"stage3_test_loss":0.4085503587234416,"_wandb":{"runtime":14},"stage_3_separableconvcnn/confusion_matrix_table":{"ncols":3,"path":"media/table/stage_3_separableconvcnn/confusion_matrix_table_8_0991b369d5db5f9733ed.table.json","_type":"table-file","nrows":36,"artifact_path":"wandb-client-artifact://njh3qf0nymuyk1n0yi89vfodtzio0tjlp5s4s8p5ybdmiol8x9r5gmuwszanqskf4b04ypfpyaq64h62w2o9tb8lw4adtsxx6iluvk4o8pwrboe6fki6w8s3tu70j4fc/stage_3_separableconvcnn/confusion_matrix_table.table.json","sha256":"0991b369d5db5f9733ed7dbc5854d9ba4edf538e9320654f57ceb4acc4ea0b6d","log_mode":"IMMUTABLE","_latest_artifact_path":"wandb-client-artifact://z7seyjoo4p01yt27kd563p1kgam8e6ts69mgbmncqydfne3zmedous93zzjow2grojujobxeajcom4e76gpgy6km7rimm6s29lborjv8xkh9p7v7ixq6l5q1bvv340m6:latest/stage_3_separableconvcnn/confusion_matrix_table.table.json","size":1367},"stage1/test_loss":0.31293068061798196,"_timestamp":1.775771662359491e+09,"_runtime":14,"bin_keep_ratio":0.26153847575187683,"stage1_test_acc":90.63454360366474,"stage1/test_f1":0.9073731888403188,"mask_l1":0.20000000298023224,"epoch":15,"lr":0.001,"stage1/test_acc":90.63454360366474,"_step":9,"stage1_test_f1":0.9073731888403188,"stage3_test_f1":0.8682047253598387,"stage2_test_acc":87.54665761791652,"val_loss":0.20188748948676613,"stage2_test_loss":0.35529754824310805,"lr_backbone":0.0001,"stage2_hard_bin_mask_str":"[1.0, 1.0, 1.0, 1.0, 1.0, 1.0, 1.0, 1.0, 1.0, 1.0, 1.0, 1.0, 1.0, 1.0, 1.0, 1.0, 1.0, 0.0, 0.0, 0.0, 0.0, 0.0, 0.0, 0.0, 0.0, 0.0, 0.0, 0.0, 0.0, 0.0, 0.0, 0.0, 0.0, 0.0, 0.0, 0.0, 0.0, 0.0, 0.0, 0.0, 0.0, 0.0, 0.0, 0.0, 0.0, 0.0, 0.0, 0.0, 0.0, 0.0, 0.0, 0.0, 0.0, 0.0, 0.0, 0.0, 0.0, 0.0, 0.0, 0.0, 0.0, 0.0, 0.0, 0.0, 0.0]","stage2_test_f1":0.8760228862113038,"best_val_loss":0.20113938822541186,"stage_1_separableconvcnn/confusion_matrix_table":{"_type":"table-file","size":1367,"sha256":"8092b63f36cc3eeede6f51599ff92baa72951bd76a7b56754f2aeb0be43f14ce","artifact_path":"wandb-client-artifact://lidz5h2vv1e0dygdge667i1l8b3b39ck4n827valw79g9bfk7ot0k6yqimwuhlontf87rg7pp3ao9g58mzyqo0gtuss0z6mp33x7heg3sly5h400oy66dfhatoiypcpl/stage_1_separableconvcnn/confusion_matrix_table.table.json","nrows":36,"_latest_artifact_path":"wandb-client-artifact://whknc0s37vax4pzach8jt3kzw8o8f9mz9e706lm1j15wvjjwdjn89ddw5n27onmq7c66mj7467uj00r8mvnxqprljkwycw0xije2irzzj85ikesr5j6t4l1j4d6ndzws:latest/stage_1_separableconvcnn/confusion_matrix_table.table.json","log_mode":"IMMUTABLE","ncols":3,"path":"media/table/stage_1_separableconvcnn/confusion_matrix_table_1_8092b63f36cc3eeede6f.table.json"},"stage1/use_pretrain_model":false,"val_acc":93.27956989247312,"train_acc":93.0515759312321,"lr_gumbel_bin":0.001,"train_loss":0.15864241600213747,"stage":3,"stage1_test_loss":0.31293068061798196,"stage3_test_acc":86.66440447913132}