{"stage1_test_loss":0.44262730964180746,"stage1/test_loss":0.44262730964180746,"lr_backbone":0.0001,"lr_gumbel_bin":0.001,"val_loss":0.44955348235150283,"mask_l1":0.015625,"stage_3_separableconvcnn/confusion_matrix_table":{"sha256":"ed99ab98723e273e88283ab162856654905235ca63160edb8b0e5f24d3655f74","size":1371,"artifact_path":"wandb-client-artifact://415m9mifr8ynprwguhdwkwdygg8jbvk16et054vvmq9kvyofhq7h9uhcl7279k2ext1nsgxfy3nnqjew7nogoo51sr7zyh56eomsl9kl4d2fglo1xbkq2h49oh88b7ma/stage_3_separableconvcnn/confusion_matrix_table.table.json","path":"media/table/stage_3_separableconvcnn/confusion_matrix_table_9_ed99ab98723e273e8828.table.json","nrows":36,"log_mode":"IMMUTABLE","_latest_artifact_path":"wandb-client-artifact://zecxpy07oyohnt296jlx21c7euzywlpsqn3mg8x4zdpnpkgxmylueycapjag2253ma89lri11qtu388bo7heurqqv15y2ul0vkoisetpnvytz7szrr6x7te17ez9depb:latest/stage_3_separableconvcnn/confusion_matrix_table.table.json","ncols":3,"_type":"table-file"},"stage_1_separableconvcnn/confusion_matrix_table":{"size":1368,"nrows":36,"sha256":"6c2812e57fc145c7e6ad554c8338b2f7a3e0be826ded9bccff33b24ae35287e9","ncols":3,"artifact_path":"wandb-client-artifact://urs2x49re93y958y53jmpij85a1p3jtcal9dyf08rifx9r552lw492xavyfikv8jzo6li8vwp73tank2riq8zbqkgmswp57l55d55x53fip51yvv0f74nowdrpkhl30q/stage_1_separableconvcnn/confusion_matrix_table.table.json","log_mode":"IMMUTABLE","_latest_artifact_path":"wandb-client-artifact://depm1ewbkygjzk5deleluqhxu27lnk29vlti4076q0wm9nsl9np5rvhxvfdmo5mjxjf4os3ta3d11c7jy483nl7dphb0lratm5uth3n8ydcszcd2ikhc05reoit4kpl0:latest/stage_1_separableconvcnn/confusion_matrix_table.table.json","_type":"table-file","path":"media/table/stage_1_separableconvcnn/confusion_matrix_table_1_6c2812e57fc145c7e6ad.table.json"},"train_loss":0.20366143644540177,"lr":0.001,"stage2_test_f1":0.7785812418937818,"stage3_test_acc":82.0834747200543,"_runtime":22,"_step":10,"stage1/use_pretrain_model":false,"stage1_test_f1":0.821396404588998,"stage2_test_loss":0.6143424818181652,"stage1/test_acc":81.5744825246013,"stage3_test_f1":0.8253176972337105,"stage":3,"epoch":25,"stage1_test_acc":81.5744825246013,"stage2_test_acc":77.63827621309807,"bin_keep_ratio":0.203125,"_wandb":{"runtime":22},"stage2_hard_bin_mask_str":"[0.0, 0.0, 0.0, 0.0, 0.0, 0.0, 1.0, 1.0, 1.0, 1.0, 1.0, 1.0, 1.0, 1.0, 1.0, 0.0, 1.0, 0.0, 1.0, 0.0, 0.0, 1.0, 1.0, 0.0, 0.0, 0.0, 1.0, 1.0, 0.0, 0.0, 0.0, 0.0, 1.0, 0.0, 0.0, 0.0, 0.0, 0.0, 1.0, 1.0, 0.0, 0.0, 1.0, 1.0, 0.0, 1.0, 1.0, 1.0, 0.0, 0.0, 1.0, 1.0, 0.0, 0.0, 0.0, 0.0, 0.0, 0.0, 0.0, 1.0, 0.0, 0.0, 0.0, 0.0, 0.0, 0.0, 0.0, 0.0, 0.0, 0.0, 0.0, 0.0, 0.0, 0.0, 0.0, 0.0, 0.0, 0.0, 0.0, 0.0, 0.0, 0.0, 0.0, 0.0, 0.0, 0.0, 0.0, 0.0, 0.0, 0.0, 0.0, 0.0, 0.0, 0.0, 0.0, 0.0, 0.0, 0.0, 0.0, 0.0, 0.0, 0.0, 0.0, 0.0, 0.0, 0.0, 0.0, 0.0, 0.0, 0.0, 0.0, 0.0, 0.0, 0.0, 0.0, 0.0, 0.0, 0.0, 0.0, 0.0, 0.0, 0.0, 0.0, 0.0, 0.0, 0.0, 0.0, 0.0]","stage3_test_loss":0.5452463964703813,"train_acc":91.09038737446198,"stage1/test_f1":0.821396404588998,"best_val_loss":0.38705768596188345,"_timestamp":1.7764318544646635e+09,"val_acc":87.95811518324608}