{"stage2/train_loss":0.9607040541512626,"stage2_test_f1":0.8435241459090778,"stage1/test_f1":0.9215692568944346,"stage1_test_acc":91.99185612487275,"stage2/epoch":40,"stage2/raw_hard_mask_block3":"[0.0, 0.0, 1.0, 0.0, 0.0, 0.0, 1.0, 0.0, 0.0, 1.0, 0.0, 0.0, 1.0, 0.0, 0.0, 1.0, 1.0, 1.0, 0.0, 0.0, 0.0, 0.0, 0.0, 0.0, 0.0, 0.0, 0.0, 0.0, 0.0, 0.0, 0.0, 0.0, 0.0, 0.0, 0.0, 1.0, 0.0, 0.0, 0.0, 0.0, 0.0, 0.0, 0.0, 0.0, 0.0, 0.0, 0.0, 0.0, 0.0, 0.0, 0.0, 0.0, 0.0, 0.0, 1.0, 0.0, 0.0, 0.0, 0.0, 0.0, 1.0, 0.0, 0.0, 0.0, 0.0, 0.0, 0.0, 1.0, 0.0, 0.0, 0.0, 1.0, 1.0, 0.0, 1.0, 0.0, 0.0, 0.0, 0.0, 1.0, 0.0, 0.0, 0.0, 0.0, 0.0, 0.0, 0.0, 0.0, 1.0, 0.0, 0.0, 0.0, 0.0, 0.0, 0.0, 0.0, 0.0, 0.0, 0.0, 0.0, 1.0, 0.0, 0.0, 0.0, 0.0, 0.0, 1.0, 0.0, 0.0, 0.0, 0.0, 0.0, 0.0, 0.0, 0.0, 1.0, 0.0, 0.0, 0.0, 0.0, 0.0, 0.0, 0.0, 1.0, 0.0, 0.0, 0.0, 0.0]","model_param_count_dense":36868,"train_loss":0.1126658926087041,"block3_Pruned_%":84.375,"stage2/raw_hard_mask_block4":"[0.0, 0.0, 0.0, 1.0, 1.0, 1.0, 0.0, 0.0, 0.0, 0.0, 0.0, 0.0, 0.0, 1.0, 0.0, 0.0, 0.0, 0.0, 1.0, 0.0, 0.0, 0.0, 0.0, 0.0, 1.0, 0.0, 0.0, 0.0, 1.0, 0.0, 0.0, 0.0, 0.0, 0.0, 0.0, 1.0, 1.0, 0.0, 0.0, 0.0, 1.0, 0.0, 1.0, 0.0, 0.0, 1.0, 0.0, 0.0, 0.0, 0.0, 0.0, 0.0, 1.0, 0.0, 1.0, 0.0, 0.0, 0.0, 0.0, 0.0, 0.0, 0.0, 0.0, 0.0, 1.0, 0.0, 0.0, 0.0, 0.0, 0.0, 0.0, 0.0, 0.0, 1.0, 0.0, 0.0, 0.0, 0.0, 0.0, 0.0, 0.0, 0.0, 0.0, 0.0, 0.0, 1.0, 1.0, 0.0, 0.0, 0.0, 1.0, 0.0, 1.0, 0.0, 0.0, 0.0, 1.0, 0.0, 0.0, 0.0, 0.0, 0.0, 0.0, 0.0, 0.0, 1.0, 1.0, 1.0, 0.0, 0.0, 1.0, 0.0, 0.0, 0.0, 1.0, 1.0, 0.0, 0.0, 0.0, 0.0, 0.0, 0.0, 0.0, 1.0, 0.0, 0.0, 0.0, 0.0]","stage3_test_acc":90.26128266033254,"_runtime":34,"model_param_count_pruned":3914,"train_acc":95.3197004608295,"_step":17,"val_acc":83.57843137254902,"stage2/test_acc":83.9497794367153,"Total_Pruned_%":81.875,"_timestamp":1.7767959309613626e+09,"stage2/block3_Pruned_%":84.375,"stage1/test_loss":0.3433379850122665,"stage2/block4_Pruned_%":78.125,"stage2/stage_number":2,"block4_Pruned_%":78.125,"lr_loaded_weights":0.0001,"stage2/test_f1":0.8435241459090778,"stage2/purpose":"train channel-pruning model with masking","stage2_test_acc":83.9497794367153,"stage2_test_loss":0.4226883152682457,"epoch":20,"stage2/best_epoch":33,"stage2/lr_gumbel":0.001,"stage2/val_acc":82.1078431372549,"stage_3_prunedseparableconvcnn/confusion_matrix_table":{"_latest_artifact_path":"wandb-client-artifact://f4qcmlgqv6pk73a1fihapeqkq2d6vnnegz9uanscczuk44jt31byvouhoyhmxyzcw0rrmbx4tylb3wap2r6g3r3x3nyxi7h74g42fhumv5gu7i5fqow83eymp5678rvb:latest/stage_3_prunedseparableconvcnn/confusion_matrix_table.table.json","size":1365,"artifact_path":"wandb-client-artifact://j3ln9sca6r2nzh3hapl1tgtymfqvu0x5h3tu1v2wxtcl120xnxdlw1g4gjf8sv1mkdvf8rbp2ui0xt6u5uqje6b4tvuezvbr5gn0rhrlrcofxnh1njpqt5a5hd1e1o8k/stage_3_prunedseparableconvcnn/confusion_matrix_table.table.json","nrows":36,"path":"media/table/stage_3_prunedseparableconvcnn/confusion_matrix_table_15_d7100520f3478c62e263.table.json","log_mode":"IMMUTABLE","_type":"table-file","ncols":3,"sha256":"d7100520f3478c62e26345f28a5d9ae32edaf3af7e9a9a513621ca1930e3f675"},"stage2/test_loss":0.4226883152682457,"stage2/lr_backbone":0.0001,"stage2/best_val_loss":0.20067943223551207,"stage1/test_acc":91.99185612487275,"val_loss":0.16654782165207116,"stage1/use_pretrain_model":false,"stage2/final_mask_keep_ratio_block2":0.15625,"stage2/Total_Pruned_%":81.875,"stage_1_separableconvcnn/confusion_matrix_table":{"_type":"table-file","size":1364,"path":"media/table/stage_1_separableconvcnn/confusion_matrix_table_1_bd6643c70cdf3c8c12db.table.json","artifact_path":"wandb-client-artifact://reiggbainvtm94gf45obghe8825j4a9lpg64gck1kh3ylcog0gozvz4rghrzp4mcwh17gcv7qelagfaohs7putbhg1jrq7q7ksnsurgj3cp8sutxkf0ww8555ouacwch/stage_1_separableconvcnn/confusion_matrix_table.table.json","sha256":"bd6643c70cdf3c8c12db0a75fdc0e454500c5af47221ef1884ca85b3e2363a55","log_mode":"IMMUTABLE","nrows":36,"ncols":3,"_latest_artifact_path":"wandb-client-artifact://m6ybi2vi6k8ye3cxdgpzj1ct09lep5r7vg7t9lty4laa83bfrh23iwn86l97d149i346xgsry3ofuppk956khqcrlb3paej0zv54koe5bd6nqzfgtp6zyncun9dcogt1:latest/stage_1_separableconvcnn/confusion_matrix_table.table.json"},"stage2/raw_hard_mask_block2":"[0.0, 0.0, 0.0, 0.0, 0.0, 1.0, 0.0, 1.0, 1.0, 0.0, 0.0, 0.0, 0.0, 0.0, 0.0, 0.0, 0.0, 0.0, 0.0, 0.0, 1.0, 0.0, 0.0, 0.0, 0.0, 0.0, 0.0, 0.0, 0.0, 1.0, 0.0, 0.0, 0.0, 0.0, 1.0, 0.0, 0.0, 0.0, 0.0, 0.0, 0.0, 1.0, 0.0, 0.0, 0.0, 0.0, 0.0, 0.0, 0.0, 0.0, 0.0, 0.0, 1.0, 0.0, 0.0, 1.0, 0.0, 0.0, 0.0, 0.0, 0.0, 0.0, 1.0, 0.0]","stage3_test_loss":0.24529242432323256,"final_summary_log_path":"/home/qphan/master-thesis/models/uci_best_model_three_stage_channel_subject21_val_final_summary_val_21.txt","stage2/train_acc":90.36578341013825,"stage3_test_f1":0.9033231653394559,"model_param_count":3914,"stage":3,"stage1_test_loss":0.3433379850122665,"stage2/final_mask_keep_ratio_block3":0.15625,"stage2/mask_l1":0.33731311559677124,"stage2/final_mask_keep_ratio_block4":0.21875,"model_param_reduction_pct":89.38374742323967,"stage1_test_f1":0.9215692568944346,"stage2/val_loss":0.2725928817309585,"block2_Pruned_%":84.375,"_wandb":{"runtime":34},"best_val_loss":0.139245965006743,"stage2/block2_Pruned_%":84.375}