{"stage2/final_mask_keep_ratio_block4":0.4765625,"stage2/raw_hard_mask_block2":"[0.0, 1.0, 1.0, 1.0, 1.0, 1.0, 1.0, 1.0, 1.0, 1.0, 1.0, 1.0, 1.0, 1.0, 0.0, 1.0, 1.0, 1.0, 0.0, 1.0, 0.0, 1.0, 1.0, 1.0, 0.0, 1.0, 1.0, 0.0, 1.0, 1.0, 1.0, 1.0, 1.0, 1.0, 0.0, 1.0, 1.0, 1.0, 1.0, 0.0, 1.0, 1.0, 1.0, 1.0, 1.0, 1.0, 0.0, 0.0, 0.0, 1.0, 1.0, 1.0, 1.0, 1.0, 1.0, 0.0, 1.0, 0.0, 1.0, 1.0, 0.0, 0.0, 1.0, 1.0]","best_val_loss":0.25060279994526197,"stage2/lr_backbone":0.0001,"_step":22,"stage2/best_epoch":4,"stage2/best_val_loss":0.6537870097246347,"stage2/val_acc":58.743169398907106,"stage1_test_f1":0.9084024900218363,"hard_bin_mask":[1,1,1,1,1,1,1,1,1,1,1,1,1,1,1,1,0,1,1,1,0,1,1,0,1,1,0,1,0,1,1,0,1,1,1,1,0,0,1,1,0,0,0,1,1,1,1,1,1,1,1,0,1,0,0,0,0,0,0,0,0,0,0,0,0],"model_param_reduction_pct":53.82174243246176,"stage2/raw_hard_mask_block4":"[1.0, 1.0, 1.0, 1.0, 0.0, 1.0, 0.0, 1.0, 1.0, 0.0, 1.0, 0.0, 0.0, 1.0, 1.0, 1.0, 0.0, 0.0, 1.0, 1.0, 1.0, 0.0, 0.0, 0.0, 0.0, 0.0, 0.0, 0.0, 1.0, 0.0, 1.0, 1.0, 0.0, 0.0, 1.0, 0.0, 1.0, 0.0, 0.0, 0.0, 0.0, 0.0, 0.0, 0.0, 1.0, 0.0, 1.0, 1.0, 0.0, 0.0, 1.0, 1.0, 0.0, 1.0, 1.0, 1.0, 1.0, 1.0, 1.0, 0.0, 0.0, 0.0, 0.0, 1.0, 0.0, 0.0, 1.0, 1.0, 0.0, 1.0, 0.0, 0.0, 1.0, 1.0, 1.0, 1.0, 1.0, 0.0, 0.0, 1.0, 0.0, 1.0, 0.0, 1.0, 0.0, 0.0, 1.0, 0.0, 1.0, 1.0, 1.0, 1.0, 1.0, 0.0, 0.0, 1.0, 1.0, 0.0, 0.0, 1.0, 0.0, 0.0, 0.0, 0.0, 1.0, 1.0, 0.0, 0.0, 1.0, 1.0, 1.0, 0.0, 0.0, 0.0, 0.0, 0.0, 1.0, 0.0, 0.0, 0.0, 0.0, 0.0, 1.0, 0.0, 1.0, 0.0, 1.0, 1.0]","stage2/val_loss":0.6882015082164054,"stage1/test_acc":90.73634204275534,"stage2/test_acc":67.0173057346454,"final_channel_mask_block2":[0,1,1,1,1,1,1,1,1,1,1,1,1,1,0,1,1,1,0,1,0,1,1,1,0,1,1,0,1,1,1,1,1,1,0,1,1,1,1,0,1,1,1,1,1,1,0,0,0,1,1,1,1,1,1,0,1,0,1,1,0,0,1,1],"lr_gumbel_bin":0.001,"lr":0.001,"stage":5,"stage2/epoch":10,"epoch":40,"stage_5_prunedseparableconvcnn/confusion_matrix_table":{"_type":"table-file","_latest_artifact_path":"wandb-client-artifact://g2rynuz2dtbrsfxqkirpy7ig6192zli0d9m8svio9arw27e50nulvm61f8grp86kfg5g6dd3cpj0v5dxwnlcx0c4l9ejqtwkgf6w5anqhngnhyer4pwuazj5f36wkgfh:latest/stage_5_prunedseparableconvcnn/confusion_matrix_table.table.json","log_mode":"IMMUTABLE","path":"media/table/stage_5_prunedseparableconvcnn/confusion_matrix_table_21_0bb7e5aafa8c4d472f3a.table.json","artifact_path":"wandb-client-artifact://5vqhiqszreck4vmmxn48g01szj1h3zsv0l3hvsr07970vbtrujd8kosu4jgzkkaical7563td0fepifbzjkmqmtenr8iiugnjuj1o3tpy1m4q1erc8nbhs8xr7c1y15r/stage_5_prunedseparableconvcnn/confusion_matrix_table.table.json","nrows":36,"size":1367,"ncols":3,"sha256":"0bb7e5aafa8c4d472f3a9d7b3451a2ab5f7477595910f643cf3d93074bd3eda3"},"lr_backbone":0.0001,"final_channel_mask_block3":[1,1,1,1,1,1,1,0,1,0,1,1,1,1,1,0,1,0,1,1,1,1,1,1,0,1,1,0,0,1,0,1,0,1,1,0,1,1,0,1,1,1,0,0,0,1,1,1,1,0,1,0,1,1,1,1,1,1,0,1,1,1,1,1,1,1,1,1,1,0,0,1,0,1,1,0,1,0,0,1,1,0,1,0,1,1,0,1,1,1,0,1,1,1,0,0,1,1,1,1,1,0,1,1,0,0,0,1,1,1,0,0,0,1,1,1,0,1,1,1,1,1,0,1,1,1,1,1],"stage2/train_loss":0.8290083642474158,"stage2/raw_hard_mask_block3":"[1.0, 1.0, 1.0, 1.0, 1.0, 1.0, 1.0, 0.0, 1.0, 0.0, 1.0, 1.0, 1.0, 1.0, 1.0, 0.0, 1.0, 0.0, 1.0, 1.0, 1.0, 1.0, 1.0, 1.0, 0.0, 1.0, 1.0, 0.0, 0.0, 1.0, 0.0, 1.0, 0.0, 1.0, 1.0, 0.0, 1.0, 1.0, 0.0, 1.0, 1.0, 1.0, 0.0, 0.0, 0.0, 1.0, 1.0, 1.0, 1.0, 0.0, 1.0, 0.0, 1.0, 1.0, 1.0, 1.0, 1.0, 1.0, 0.0, 1.0, 1.0, 1.0, 1.0, 1.0, 1.0, 1.0, 1.0, 1.0, 1.0, 0.0, 0.0, 1.0, 0.0, 1.0, 1.0, 0.0, 1.0, 0.0, 0.0, 1.0, 1.0, 0.0, 1.0, 0.0, 1.0, 1.0, 0.0, 1.0, 1.0, 1.0, 0.0, 1.0, 1.0, 1.0, 0.0, 0.0, 1.0, 1.0, 1.0, 1.0, 1.0, 0.0, 1.0, 1.0, 0.0, 0.0, 0.0, 1.0, 1.0, 1.0, 0.0, 0.0, 0.0, 1.0, 1.0, 1.0, 0.0, 1.0, 1.0, 1.0, 1.0, 1.0, 0.0, 1.0, 1.0, 1.0, 1.0, 1.0]","_runtime":48,"stage2/mask_l1":0.5062077641487122,"val_loss":0.2636991884366799,"stage5_test_f1":0.89135202913327,"stage2/test_loss":0.6670137540961723,"stage2/block4_Pruned_%":52.34375,"lr_loaded_weights":0.0001,"stage2/purpose":"train channel-pruning model with masking","stage2/train_acc":59.44746636129402,"final_channel_mask_block4":[1,1,1,1,0,1,0,1,1,0,1,0,0,1,1,1,0,0,1,1,1,0,0,0,0,0,0,0,1,0,1,1,0,0,1,0,1,0,0,0,0,0,0,0,1,0,1,1,0,0,1,1,0,1,1,1,1,1,1,0,0,0,0,1,0,0,1,1,0,1,0,0,1,1,1,1,1,0,0,1,0,1,0,1,0,0,1,0,1,1,1,1,1,0,0,1,1,0,0,1,0,0,0,0,1,1,0,0,1,1,1,0,0,0,0,0,1,0,0,0,0,0,1,0,1,0,1,1],"stage5_test_loss":0.2884751723760146,"stage2/lr_gumbel":0.001,"train_loss":0.1253715192402118,"stage5_test_acc":89.00576857821514,"stage2/block3_Pruned_%":29.6875,"stage2/test_f1":0.6468024558896038,"stage2/final_mask_keep_ratio_block3":0.703125,"stage_3_separableconvcnn/confusion_matrix_table":{"nrows":36,"ncols":3,"artifact_path":"wandb-client-artifact://l52sa8ut7u0wd2adien0hbqar4lcfobqls6comefl9hnup5p0so8bqk0x7kgz5qcffw8caazuprw4vqv6hs5zecg87j2mn19f9f3zdzkqrfn5en4wcatg49qajdx2e0k/stage_3_separableconvcnn/confusion_matrix_table.table.json","_latest_artifact_path":"wandb-client-artifact://ty6xl5ijugc6eqlewwxtpiyrr01gfg8l7h5e6bu07ohv5tnizmnig0eujof7yx5fwxk10aqehsfzfi0m85n76vpwjczmnpko74k4o9k1c63mu0xyeqde6oogjivttd3w:latest/stage_3_separableconvcnn/confusion_matrix_table.table.json","log_mode":"IMMUTABLE","path":"media/table/stage_3_separableconvcnn/confusion_matrix_table_9_932a8b43af7c04efb3d4.table.json","sha256":"932a8b43af7c04efb3d464ecd04d85c550378f66cd1ba437e1a66202919dce73","_type":"table-file","size":1366},"mask_l1":0.5846153497695923,"stage1/test_f1":0.9084024900218363,"stage1/test_loss":0.26884880924891436,"stage2/block2_Pruned_%":23.4375,"model_param_count_dense":36868,"stage_1_separableconvcnn/confusion_matrix_table":{"nrows":36,"size":1367,"artifact_path":"wandb-client-artifact://4jee8lhhd3twuf6pjs5ub4o2qaaqmzv5no7ozi6b4dq8csicmmokc2lqs24u1jhn5s39uz1eunybkpt5pskx739i0304io172fa49z7utqwueghada7gp710sy1t0qe3/stage_1_separableconvcnn/confusion_matrix_table.table.json","path":"media/table/stage_1_separableconvcnn/confusion_matrix_table_1_3a2724ddbaf80f19f678.table.json","_latest_artifact_path":"wandb-client-artifact://fzajvjtjoayndrvcm36jt18c17jqutes34yj2tlzjrhyy5kppmtezwz50nwrvnn6rhhem47emlqm92397te8nufiyg5phq33rlim1h1qdufd7k7201pzt0usedc652tp:latest/stage_1_separableconvcnn/confusion_matrix_table.table.json","_type":"table-file","sha256":"3a2724ddbaf80f19f6787a62d68af9739588620fdb28353f1eff1624d313c743","ncols":3,"log_mode":"IMMUTABLE"},"stage1/use_pretrain_model":false,"stage1_test_acc":90.73634204275534,"train_acc":94.77526481534498,"_timestamp":1.776706739229641e+09,"stage2/stage_number":2,"stage2/final_mask_keep_ratio_block2":0.765625,"stage2/Total_Pruned_%":37.5,"model_param_count_pruned":17025,"val_acc":91.53005464480874,"stage1_test_loss":0.26884880924891436,"_wandb":{"runtime":48}}