{"stage1_test_acc":90.22734984730234,"val_loss":0.2477441264832874,"_runtime":34,"epoch":20,"stage1/use_pretrain_model":false,"stage2_test_loss":0.2603112644587669,"stage2_test_acc":90.22734984730234,"stage3_test_f1":0.9049759469648201,"_timestamp":1.7757699243528612e+09,"lr":0.001,"lr_gumbel_bin":0.001,"val_acc":90.34267912772586,"train_acc":91.66548143934007,"stage3_test_loss":0.2756111675654502,"stage1/test_f1":0.9037190950512649,"mask_l1":0.20000000298023224,"lr_backbone":0.0001,"stage1/test_acc":90.22734984730234,"stage3_test_acc":90.32914828639294,"stage_3_separableconvcnn/confusion_matrix_table":{"_type":"table-file","log_mode":"IMMUTABLE","_latest_artifact_path":"wandb-client-artifact://xc4g8g8vhm0r0vegijrij30sac64fkr37joi22d72nxyyjbzyh8si0wxc2lw8h8dgm20rrntzx363dr9u8ft087hk0s7644v16d43tmz5bufxv41yvphpwdyxv336jz8:latest/stage_3_separableconvcnn/confusion_matrix_table.table.json","sha256":"6c5b9f2020ed99a2525ea70107c3065357fb306b7b4625f045e652df111fe438","size":1367,"artifact_path":"wandb-client-artifact://a2pv81es8v9vdtvae4pu0kwtljqoren94ch196ir2fbvvf47lyhku491786yv1y7l7ycsd2rbt6zz63e2bzd1qzo4mspf2v0kxqwm7qfbi1ueq5mfc1mpljgcl5g62oq/stage_3_separableconvcnn/confusion_matrix_table.table.json","path":"media/table/stage_3_separableconvcnn/confusion_matrix_table_18_6c5b9f2020ed99a2525e.table.json","nrows":36,"ncols":3},"best_val_loss":0.16771235050070693,"stage2_test_f1":0.9025090935904788,"bin_keep_ratio":0.20000000298023224,"stage2_hard_bin_mask_str":"[1.0, 1.0, 1.0, 1.0, 1.0, 1.0, 1.0, 1.0, 1.0, 1.0, 1.0, 1.0, 1.0, 0.0, 0.0, 0.0, 0.0, 0.0, 0.0, 0.0, 0.0, 0.0, 0.0, 0.0, 0.0, 0.0, 0.0, 0.0, 0.0, 0.0, 0.0, 0.0, 0.0, 0.0, 0.0, 0.0, 0.0, 0.0, 0.0, 0.0, 0.0, 0.0, 0.0, 0.0, 0.0, 0.0, 0.0, 0.0, 0.0, 0.0, 0.0, 0.0, 0.0, 0.0, 0.0, 0.0, 0.0, 0.0, 0.0, 0.0, 0.0, 0.0, 0.0, 0.0, 0.0]","stage1_test_loss":0.25042668238587484,"_wandb":{"runtime":34},"stage1_test_f1":0.9037190950512649,"stage":3,"stage1/test_loss":0.25042668238587484,"stage_1_separableconvcnn/confusion_matrix_table":{"size":1367,"artifact_path":"wandb-client-artifact://nm3bek8rry00if1u9yydu7bieblvh21qmcx3eiv67p0s1w4i0ek9ef7d5iqk8mcs59gt3u4r18f9wr8g5mfl7scx4x4bmbecrzmrzoiw8qtv8b5vqfzw54364f55v8n9/stage_1_separableconvcnn/confusion_matrix_table.table.json","nrows":36,"_type":"table-file","_latest_artifact_path":"wandb-client-artifact://6ykw2ttmgn9rbx2dnuvo11ockeptln4ndy6fqk8j0jbdwv8cdek21y50xyxdbumkpuqaweb6jeigdb3vt0isxe1m20dkwfegr7jupcvbuq1whvpytxz5o979txaewgdx:latest/stage_1_separableconvcnn/confusion_matrix_table.table.json","ncols":3,"path":"media/table/stage_1_separableconvcnn/confusion_matrix_table_1_31b4d710340281842bc3.table.json","log_mode":"IMMUTABLE","sha256":"31b4d710340281842bc3d2b1af8a24bfe054234d3b8904d2d088c9b15086d181"},"train_loss":0.1962775760635579,"_step":19}