{"stage2/block3_Pruned_%":32.8125,"model_param_count_pruned":25214,"stage1_test_acc":78.887171561051,"stage2/raw_hard_mask_block2":"[1.0, 0.0, 1.0, 1.0, 1.0, 1.0, 0.0, 1.0, 1.0, 1.0, 1.0, 1.0, 0.0, 1.0, 1.0, 1.0, 1.0, 1.0, 0.0, 1.0, 1.0, 1.0, 1.0, 0.0, 1.0, 1.0, 1.0, 1.0, 1.0, 1.0, 1.0, 1.0, 0.0, 1.0, 1.0, 1.0, 1.0, 0.0, 1.0, 1.0, 1.0, 1.0, 0.0, 1.0, 1.0, 1.0, 1.0, 1.0, 0.0, 1.0, 1.0, 1.0, 1.0, 1.0, 0.0, 1.0, 1.0, 1.0, 1.0, 1.0, 1.0, 1.0, 1.0, 1.0]","best_val_loss":0.6250375415445095,"block2_Pruned_%":15.625,"stage2/final_mask_keep_ratio_block4":0.8828125,"stage2/val_acc":71.00977198697069,"stage_3_prunedseparableconvcnn/confusion_matrix_table":{"nrows":64,"artifact_path":"wandb-client-artifact://53fw9rbyafjq0fefcd5erb9xgocwhtrov5ibk5a05ky7ci4yz7n5jpoiizso7m4y8m5ogl5ziujn3x35hhjpwkup1kbrzjyxs65m9xig58ehsiqlxba04gl8197uv9m6/stage_3_prunedseparableconvcnn/confusion_matrix_table.table.json","_latest_artifact_path":"wandb-client-artifact://y1a4mxblpxa8o0pfuubqceh75gyyhu6dk10l76zincybbtzi3fnojz957pdj0awe8v3s8epxldepd9h3t64kns590o2vdbmoo1yzc6rs8wao69tvvebozo0e115ureii:latest/stage_3_prunedseparableconvcnn/confusion_matrix_table.table.json","sha256":"22060521def809756da199d49d7cb00105d76aea548a1ad61c32b918d74fe073","log_mode":"IMMUTABLE","_type":"table-file","size":2012,"path":"media/table/stage_3_prunedseparableconvcnn/confusion_matrix_table_88_22060521def809756da1.table.json","ncols":3},"model_param_reduction_pct":31.850370290285955,"stage2_test_loss":0.6101465066285523,"train_acc":71.0559127216053,"stage2/test_f1":0.694853393392012,"val_acc":70.73057235923686,"stage2/epoch":54,"stage2/best_val_loss":0.6539513908704528,"stage2/Total_Pruned_%":20.937499999999996,"stage2/train_loss":0.7054066272825148,"block3_Pruned_%":32.8125,"stage2/test_acc":80.32972694487377,"Total_Pruned_%":20.937499999999996,"stage2/raw_hard_mask_block3":"[1.0, 1.0, 1.0, 0.0, 1.0, 1.0, 1.0, 1.0, 1.0, 1.0, 1.0, 1.0, 1.0, 0.0, 0.0, 1.0, 1.0, 0.0, 0.0, 1.0, 1.0, 1.0, 1.0, 1.0, 1.0, 1.0, 0.0, 1.0, 0.0, 1.0, 1.0, 0.0, 1.0, 0.0, 0.0, 0.0, 1.0, 0.0, 0.0, 1.0, 1.0, 0.0, 1.0, 0.0, 0.0, 1.0, 1.0, 1.0, 1.0, 1.0, 1.0, 1.0, 1.0, 1.0, 0.0, 0.0, 1.0, 1.0, 1.0, 0.0, 0.0, 1.0, 0.0, 1.0, 1.0, 1.0, 0.0, 1.0, 1.0, 1.0, 0.0, 0.0, 1.0, 0.0, 1.0, 1.0, 1.0, 1.0, 0.0, 1.0, 0.0, 1.0, 1.0, 1.0, 1.0, 1.0, 1.0, 0.0, 1.0, 1.0, 1.0, 1.0, 1.0, 1.0, 1.0, 0.0, 1.0, 1.0, 1.0, 0.0, 0.0, 0.0, 1.0, 0.0, 1.0, 1.0, 0.0, 0.0, 0.0, 0.0, 1.0, 1.0, 1.0, 0.0, 0.0, 1.0, 0.0, 1.0, 1.0, 1.0, 1.0, 1.0, 0.0, 1.0, 0.0, 1.0, 1.0, 1.0]","stage3_test_acc":79.39206594538898,"stage_1_separableconvcnn/confusion_matrix_table":{"_latest_artifact_path":"wandb-client-artifact://d2tta44ubnkdpg7r7zpmf5p9zvzfan6ydt4mk4f0vcvoefybgafmb8dq8j9d0diqdub5vvf9umqy1mk3ddbb7e9git9jgjkx5e4da39x7ygxtw5cj9w3ar5dimbvefld:latest/stage_1_separableconvcnn/confusion_matrix_table.table.json","_type":"table-file","size":2013,"log_mode":"IMMUTABLE","ncols":3,"nrows":64,"artifact_path":"wandb-client-artifact://hrj887uhv2d8rrn6g2jw1xxal80kifnhq3kxicwdyh85i8fvw7ogckoeius8rt1ubt1tz68g676k0wssl9dw8f0mcfr8bwp1iun9t55u5oinbh869sxxuyi1xuez0v9z/stage_1_separableconvcnn/confusion_matrix_table.table.json","path":"media/table/stage_1_separableconvcnn/confusion_matrix_table_1_6d42cb29b0df787ab417.table.json","sha256":"6d42cb29b0df787ab41725e58e23f5398ace45566311fb8f15a12fceb5e6c38c"},"stage3_test_f1":0.6952237696353585,"stage2/final_mask_keep_ratio_block2":0.84375,"model_param_count":25214,"val_loss":0.6348848822242773,"stage1/test_acc":78.887171561051,"stage2/train_acc":65.67309565556205,"stage1/test_loss":0.6333714375555485,"final_summary_log_path":"/home/qphan/master-thesis/models/wear_best_model_three_stage_channel_subject5_val_final_summary_val_5.txt","_runtime":293,"stage1_test_loss":0.6333714375555485,"lr_loaded_weights":0.0001,"stage2_test_f1":0.694853393392012,"stage2/lr_backbone":0.0001,"stage":3,"_step":90,"stage2/stage_number":2,"stage2/block2_Pruned_%":15.625,"stage3_test_loss":0.6191491980226552,"stage1_test_f1":0.6862220458406068,"stage2/block4_Pruned_%":11.71875,"stage2/best_epoch":44,"block4_Pruned_%":11.71875,"stage2/raw_hard_mask_block4":"[1.0, 0.0, 1.0, 1.0, 1.0, 1.0, 0.0, 0.0, 1.0, 1.0, 1.0, 1.0, 1.0, 1.0, 1.0, 0.0, 0.0, 1.0, 1.0, 1.0, 1.0, 1.0, 1.0, 0.0, 1.0, 1.0, 1.0, 1.0, 1.0, 1.0, 1.0, 1.0, 1.0, 0.0, 1.0, 0.0, 1.0, 1.0, 1.0, 0.0, 1.0, 1.0, 1.0, 1.0, 1.0, 1.0, 1.0, 0.0, 1.0, 1.0, 1.0, 1.0, 1.0, 1.0, 0.0, 1.0, 1.0, 1.0, 1.0, 1.0, 1.0, 1.0, 0.0, 1.0, 1.0, 1.0, 1.0, 1.0, 1.0, 1.0, 1.0, 0.0, 1.0, 1.0, 1.0, 1.0, 1.0, 1.0, 1.0, 1.0, 1.0, 1.0, 1.0, 1.0, 1.0, 1.0, 1.0, 1.0, 1.0, 0.0, 0.0, 1.0, 1.0, 1.0, 1.0, 1.0, 1.0, 1.0, 1.0, 1.0, 1.0, 1.0, 1.0, 1.0, 1.0, 1.0, 1.0, 1.0, 1.0, 1.0, 1.0, 1.0, 1.0, 1.0, 1.0, 1.0, 1.0, 1.0, 1.0, 1.0, 1.0, 1.0, 1.0, 1.0, 1.0, 1.0, 1.0, 1.0]","train_loss":0.5262666656379692,"stage2/mask_l1":0.6542001366615295,"stage2/val_loss":0.6885993940891805,"stage2/purpose":"train channel-pruning model with masking","stage1/use_pretrain_model":false,"stage2/lr_gumbel":0.001,"stage2/test_loss":0.6101465066285523,"_timestamp":1.7753207399243639e+09,"stage1/test_f1":0.6862220458406068,"model_param_count_dense":36998,"stage2_test_acc":80.32972694487377,"epoch":31,"stage2/final_mask_keep_ratio_block3":0.671875,"_wandb":{"runtime":293}}