{"mask_l1":0.375,"stage1_test_acc":89.85408890397014,"lr_backbone":0.0001,"stage":3,"epoch":15,"stage3_test_acc":86.52867322701051,"_runtime":25,"val_acc":80.35190615835778,"bin_keep_ratio":0.40625,"stage3_test_loss":0.4917577021041469,"stage1_test_f1":0.8992012196111356,"stage2_hard_bin_mask_str":"[0.0, 0.0, 1.0, 1.0, 0.0, 1.0, 0.0, 1.0, 0.0, 1.0, 1.0, 1.0, 1.0, 1.0, 1.0, 0.0, 0.0, 1.0, 1.0, 1.0, 1.0, 1.0, 1.0, 1.0, 1.0, 1.0, 1.0, 1.0, 1.0, 1.0, 1.0, 1.0, 1.0, 1.0, 1.0, 1.0, 1.0, 1.0, 1.0, 1.0, 0.0, 1.0, 1.0, 1.0, 1.0, 1.0, 1.0, 1.0, 1.0, 1.0, 1.0, 1.0, 1.0, 1.0, 1.0, 1.0, 1.0, 1.0, 1.0, 1.0, 0.0, 0.0, 0.0, 0.0, 0.0, 0.0, 0.0, 0.0, 0.0, 0.0, 0.0, 0.0, 0.0, 0.0, 0.0, 0.0, 0.0, 0.0, 0.0, 0.0, 0.0, 0.0, 0.0, 0.0, 0.0, 0.0, 0.0, 0.0, 0.0, 0.0, 0.0, 0.0, 0.0, 0.0, 0.0, 0.0, 0.0, 0.0, 0.0, 0.0, 0.0, 0.0, 0.0, 0.0, 0.0, 0.0, 0.0, 0.0, 0.0, 0.0, 0.0, 0.0, 0.0, 0.0, 0.0, 0.0, 0.0, 0.0, 0.0, 0.0, 0.0, 0.0, 0.0, 0.0, 0.0, 0.0, 0.0, 0.0]","lr_gumbel_bin":0.001,"stage_1_separableconvcnn/confusion_matrix_table":{"_type":"table-file","path":"media/table/stage_1_separableconvcnn/confusion_matrix_table_1_02c5a6fac2b98a2cce23.table.json","ncols":3,"nrows":36,"sha256":"02c5a6fac2b98a2cce23216035c71184f8282e95afab8b7a4923ed0654b10cea","_latest_artifact_path":"wandb-client-artifact://v4n72sriitouw6rlaqesdu94hueu507en26v09fpp4uq3s5u6uspgkvm4aczoq727usi3x3ryha1qtwemw9dtsgck85mqsrh8ve0qtb69fut3trj3juwk2vfqledn11g:latest/stage_1_separableconvcnn/confusion_matrix_table.table.json","artifact_path":"wandb-client-artifact://3sk17g47dlvhdu417j5o197bzrxibx46s03llg26c66q1xyo4hqyp7pz887wru3bh7sl2xdyudrjirnrz7imr5hwcd0tk2ppoca5y43gfddd0s5vdqhrvlqmzypnh29h/stage_1_separableconvcnn/confusion_matrix_table.table.json","size":1368,"log_mode":"IMMUTABLE"},"_timestamp":1.775775877881895e+09,"stage3_test_f1":0.8671746036026144,"val_loss":0.9099445232460576,"train_acc":95.5641135358722,"train_loss":0.10131094455846518,"stage2_test_loss":0.4385505053983457,"stage1_test_loss":0.4559599839993571,"stage2_test_f1":0.8965353032636662,"stage2_test_acc":89.48082796063794,"stage1/test_loss":0.4559599839993571,"stage1/test_f1":0.8992012196111356,"stage1/test_acc":89.85408890397014,"best_val_loss":0.2796767975403067,"lr":0.001,"stage1/use_pretrain_model":false,"_step":13,"_wandb":{"runtime":25},"stage_3_separableconvcnn/confusion_matrix_table":{"_type":"table-file","nrows":36,"log_mode":"IMMUTABLE","_latest_artifact_path":"wandb-client-artifact://bi3wl89o191kk640xo43acapqo8hjt0awqljemtljm9i5k1yfba32pncgwrfhc553yd9fbul8obnwn7svozonsn3u3t77a0tagibn1vpqm8rceas572jhrzmugxwzk6u:latest/stage_3_separableconvcnn/confusion_matrix_table.table.json","sha256":"9cefe74c303a7bbb98e9dc9bebab670f7e4c9113a4d33fa41d929ab02a57b023","path":"media/table/stage_3_separableconvcnn/confusion_matrix_table_12_9cefe74c303a7bbb98e9.table.json","size":1367,"ncols":3,"artifact_path":"wandb-client-artifact://qaridhko6cd176nghb83yihbj3qybylmff1hu6g2o2yb90dy95wbc36lngy06kn51202sjiy756rmjzj03y6r6ph9y99zthp5bu8axdglw8narsy0p3iig3qjhrscy2w/stage_3_separableconvcnn/confusion_matrix_table.table.json"}}