{"stage1/test_acc":88.90397013912454,"stage2_test_loss":0.28632606856188697,"epoch":20,"lr_backbone":0.0001,"stage2_test_acc":89.85408890397014,"_runtime":18,"mask_l1":0.23076924681663513,"stage1_test_acc":88.90397013912454,"val_acc":88.48167539267016,"train_loss":0.1740817144919331,"stage1/use_pretrain_model":false,"lr_gumbel_bin":0.001,"stage3_test_acc":88.83610451306413,"_step":10,"best_val_loss":0.19771436453645766,"stage":3,"stage3_test_loss":0.29908088509461245,"stage2_hard_bin_mask_str":"[1.0, 1.0, 1.0, 1.0, 1.0, 1.0, 1.0, 1.0, 1.0, 1.0, 1.0, 1.0, 1.0, 1.0, 0.0, 1.0, 1.0, 0.0, 0.0, 0.0, 1.0, 0.0, 0.0, 0.0, 0.0, 0.0, 0.0, 0.0, 0.0, 0.0, 0.0, 0.0, 0.0, 0.0, 0.0, 0.0, 0.0, 0.0, 0.0, 0.0, 0.0, 0.0, 0.0, 0.0, 0.0, 0.0, 0.0, 0.0, 0.0, 0.0, 0.0, 0.0, 0.0, 0.0, 0.0, 0.0, 0.0, 0.0, 0.0, 0.0, 0.0, 0.0, 0.0, 0.0, 0.0]","stage1_test_loss":0.3122502789217946,"stage1_test_f1":0.8925505607945969,"_timestamp":1.7757684076984985e+09,"train_acc":92.61119081779053,"stage2_test_f1":0.899587937354315,"stage_3_separableconvcnn/confusion_matrix_table":{"nrows":36,"sha256":"59b9c8707151af58df2c70f965eaaebf0fcd043efb88d26a5096f2ac96f6fefb","_latest_artifact_path":"wandb-client-artifact://inetq08rm3ez95tplh8eix0t8hy0da0rlsn0428b5ds9sivle79d7oyvm2cz676nj7wi259daqgjlgwolkuxv33akb853arvpxvvdqis4tu8j8z2ujpylnng22chhnao:latest/stage_3_separableconvcnn/confusion_matrix_table.table.json","ncols":3,"path":"media/table/stage_3_separableconvcnn/confusion_matrix_table_9_59b9c8707151af58df2c.table.json","_type":"table-file","artifact_path":"wandb-client-artifact://en04ppxngnc37ocqspb9fpphuq08pwo6hu8xe8kkuo03ewlhy2ld3kzlq7fajytgurlgulh3mossdtmptwiivki4ylwy7be12qg5jof5bll2vs6vdv1h9eg8op2314ew/stage_3_separableconvcnn/confusion_matrix_table.table.json","size":1365,"log_mode":"IMMUTABLE"},"bin_keep_ratio":0.26153847575187683,"stage1/test_f1":0.8925505607945969,"_wandb":{"runtime":18},"val_loss":0.3761705391460064,"stage_1_separableconvcnn/confusion_matrix_table":{"artifact_path":"wandb-client-artifact://q87tpr4f1mzmvappy58b81q4wuzextfrg2n7je6r00scricgys5mq2t7logkaatkzu5ablsu9psmhx10luk278qpxsa53ntqr3jlga405naaolmhhxq7qxi89tbeyy53/stage_1_separableconvcnn/confusion_matrix_table.table.json","size":1366,"path":"media/table/stage_1_separableconvcnn/confusion_matrix_table_1_e9271ad1c0d6eb115873.table.json","log_mode":"IMMUTABLE","sha256":"e9271ad1c0d6eb115873b79bcea70d5184eb36695de8e731069de72e9927e820","_latest_artifact_path":"wandb-client-artifact://rzanv0mlwd87z4eyxe0998x2cdxo87c940cvtjsg7kh4it0ba6n114asuet7ki5s0kdiuadah7gytpbcozwsrql8djns3jx9dzzp28jieznkud05rzt1p0qya40sae8f:latest/stage_1_separableconvcnn/confusion_matrix_table.table.json","ncols":3,"nrows":36,"_type":"table-file"},"stage3_test_f1":0.8919466793111791,"lr":0.001,"stage1/test_loss":0.3122502789217946}