{"stage3_test_acc":86.25721072276892,"best_val_loss":0.3121968519039216,"stage1_test_loss":0.25057173036076164,"stage2_test_loss":0.49261312896002135,"_wandb":{"runtime":12},"stage1/test_acc":91.72039362063116,"_runtime":12,"train_acc":90.2498215560314,"lr":0.001,"stage":3,"val_loss":0.8849941054278561,"stage1_test_f1":0.9190924499938599,"mask_l1":0.015625,"stage3_test_f1":0.8631653297470537,"train_loss":0.21499703011284718,"lr_backbone":0.0001,"lr_gumbel_bin":0.001,"stage1/test_f1":0.9190924499938599,"_step":8,"stage2_hard_bin_mask_str":"[0.0, 0.0, 0.0, 1.0, 0.0, 0.0, 1.0, 0.0, 0.0, 0.0, 0.0, 1.0, 1.0, 0.0, 0.0, 0.0, 0.0, 1.0, 1.0, 1.0, 0.0, 0.0, 1.0, 1.0, 0.0, 1.0, 1.0, 0.0, 0.0, 0.0, 0.0, 0.0, 0.0, 1.0, 0.0, 1.0, 1.0, 1.0, 0.0, 0.0, 1.0, 1.0, 0.0, 0.0, 0.0, 1.0, 1.0, 1.0, 1.0, 1.0, 1.0, 1.0, 0.0, 0.0, 1.0, 0.0, 1.0, 1.0, 0.0, 0.0, 0.0, 0.0, 0.0, 1.0, 0.0, 0.0, 0.0, 0.0, 0.0, 0.0, 0.0, 0.0, 0.0, 0.0, 0.0, 0.0, 0.0, 0.0, 0.0, 0.0, 0.0, 0.0, 0.0, 0.0, 0.0, 0.0, 0.0, 0.0, 0.0, 0.0, 0.0, 0.0, 0.0, 0.0, 0.0, 0.0, 0.0, 0.0, 0.0, 0.0, 0.0, 0.0, 0.0, 0.0, 0.0, 0.0, 0.0, 0.0, 0.0, 0.0, 0.0, 0.0, 0.0, 0.0, 0.0, 0.0, 0.0, 0.0, 0.0, 0.0, 0.0, 0.0, 0.0, 0.0, 0.0, 0.0, 0.0, 0.0]","stage1_test_acc":91.72039362063116,"stage3_test_loss":0.4046848558159978,"stage2_test_acc":83.6104513064133,"stage1/test_loss":0.25057173036076164,"epoch":15,"bin_keep_ratio":0.21875,"stage1/use_pretrain_model":false,"_timestamp":1.7764173694148028e+09,"val_acc":79.2507204610951,"stage_3_separableconvcnn/confusion_matrix_table":{"artifact_path":"wandb-client-artifact://2sfsmei6khqrnniiamliaxuehmqjmg99xsnsi3di22tmv10avvchedg086fu89cycdqjz08v9vezjmg336fzg91id0c72ipmatbb30jrte9lm4hus6cskd88k9j7masq/stage_3_separableconvcnn/confusion_matrix_table.table.json","_type":"table-file","log_mode":"IMMUTABLE","sha256":"a0aa5c13390e2c7700aa5d8bc65266356e69df9d9cc44b4d0301b1c487288fd7","path":"media/table/stage_3_separableconvcnn/confusion_matrix_table_7_a0aa5c13390e2c7700aa.table.json","nrows":36,"_latest_artifact_path":"wandb-client-artifact://kw9xlkev3ou1yogbmsmmb0khk1cca6tt1olr9113lonzl7jq13og9g3og0jaz2n5hj3542vnh8p2r8mkkmzl16kzy0v4z46dqq59ogk6flm0y83przand1j74b56hmav:latest/stage_3_separableconvcnn/confusion_matrix_table.table.json","ncols":3,"size":1370},"stage_1_separableconvcnn/confusion_matrix_table":{"log_mode":"IMMUTABLE","size":1366,"path":"media/table/stage_1_separableconvcnn/confusion_matrix_table_1_ba1709b9ded253dca6f1.table.json","ncols":3,"_latest_artifact_path":"wandb-client-artifact://tc9pai7wyr215t2rgg1smqbp8fk40as5m6np0ipdf5b78oxuc4thgexs9kaujmk4gzefny7qr0jywvvrrjvwb4y462rjnqx7cs6o0pqocuho8tkk32llajrwwe0rambj:latest/stage_1_separableconvcnn/confusion_matrix_table.table.json","nrows":36,"_type":"table-file","artifact_path":"wandb-client-artifact://0injwzt4tbs5el35cxopj19fm6tf98brnes3zn46cutbsdb37nooks9eunk5c1npvwbkk6rpterjadyjr4guvxzs1ozpmk6a28nm8e7bq2yym7s68rct79rbiag5hkt8/stage_1_separableconvcnn/confusion_matrix_table.table.json","sha256":"ba1709b9ded253dca6f14b8d1a777336f0cb86899167c45d58f90d5e787020ac"},"stage2_test_f1":0.8360662378994806}