{"stage1/test_loss":0.4559599839993571,"best_val_loss":0.2657031302403145,"stage1/test_f1":0.8992012196111356,"_runtime":22,"_timestamp":1.776426490364537e+09,"stage1_test_acc":89.85408890397014,"epoch":30,"_step":12,"train_loss":0.1157875662756415,"stage2_test_acc":87.58059043094673,"stage_3_separableconvcnn/confusion_matrix_table":{"sha256":"c7dc0e6b0160a3ad90851a8daef2743845bb6f04a62ff97d085a6e43497f7982","artifact_path":"wandb-client-artifact://p8wr38ryyaeav9ykecmhob2gpzojyixj3ban3nqrxcfws4wyy6fyldmep3x2y3ym4cvjnvc8wy66va236d4yp3wfu0kx4d4dfhmcdniqwuqfdknjkah766u3iyux5ead/stage_3_separableconvcnn/confusion_matrix_table.table.json","path":"media/table/stage_3_separableconvcnn/confusion_matrix_table_11_c7dc0e6b0160a3ad9085.table.json","ncols":3,"_latest_artifact_path":"wandb-client-artifact://xjb6964yltox6zz6sq6loa67br8skf3ho8pw7zi2p2vosef968fpcifvbxoys1a2bdzzrx3kawyi617ck6jontc0ppbu86pl3pz5rh3gcyjg0r1qlw9vxt9a1dfd2u6i:latest/stage_3_separableconvcnn/confusion_matrix_table.table.json","log_mode":"IMMUTABLE","nrows":36,"size":1367,"_type":"table-file"},"lr":0.001,"stage3_test_loss":0.5090310106099456,"val_loss":0.5497359269874886,"stage3_test_acc":88.39497794367153,"stage2_test_loss":0.46808998960165754,"stage2_hard_bin_mask_str":"[0.0, 0.0, 1.0, 0.0, 0.0, 1.0, 0.0, 0.0, 0.0, 1.0, 0.0, 0.0, 0.0, 1.0, 1.0, 0.0, 1.0, 1.0, 1.0, 1.0, 1.0, 1.0, 1.0, 0.0, 1.0, 1.0, 0.0, 1.0, 1.0, 1.0, 1.0, 1.0, 0.0, 0.0, 0.0, 1.0, 1.0, 1.0, 0.0, 0.0, 0.0, 1.0, 1.0, 1.0, 1.0, 1.0, 1.0, 1.0, 1.0, 1.0, 1.0, 1.0, 1.0, 1.0, 1.0, 1.0, 1.0, 1.0, 0.0, 1.0, 0.0, 0.0, 0.0, 1.0, 0.0, 0.0, 0.0, 0.0, 0.0, 0.0, 0.0, 0.0, 0.0, 0.0, 0.0, 0.0, 0.0, 0.0, 0.0, 0.0, 0.0, 0.0, 0.0, 0.0, 0.0, 0.0, 0.0, 0.0, 0.0, 0.0, 0.0, 0.0, 0.0, 0.0, 0.0, 0.0, 0.0, 0.0, 0.0, 0.0, 0.0, 0.0, 0.0, 0.0, 0.0, 0.0, 0.0, 0.0, 0.0, 0.0, 0.0, 0.0, 0.0, 0.0, 0.0, 0.0, 0.0, 0.0, 0.0, 0.0, 0.0, 0.0, 0.0, 0.0, 0.0, 0.0, 0.0, 0.0]","lr_backbone":0.0001,"stage1_test_loss":0.4559599839993571,"stage3_test_f1":0.8860392354308125,"val_acc":82.69794721407625,"_wandb":{"runtime":22},"stage1_test_f1":0.8992012196111356,"stage2_test_f1":0.8774858364428443,"bin_keep_ratio":0.3203125,"lr_gumbel_bin":0.001,"stage1/use_pretrain_model":false,"stage_1_separableconvcnn/confusion_matrix_table":{"size":1368,"sha256":"02c5a6fac2b98a2cce23216035c71184f8282e95afab8b7a4923ed0654b10cea","ncols":3,"log_mode":"IMMUTABLE","nrows":36,"artifact_path":"wandb-client-artifact://k0r76zboce88y6flasi71n5ex5ibb11krpopf1fk68r5h24tupzkrv0jczu79a2prm8iuoj91sldee387zzh9js2a2i3fr50ha5aobuyhawc046gu5d4bvpusganllqd/stage_1_separableconvcnn/confusion_matrix_table.table.json","_type":"table-file","_latest_artifact_path":"wandb-client-artifact://qq20ow40y3p2br302atdv5v5okvn2vwvn9zclya803vhodhl1cd4iz3ejrlh53oaup93gklk1ffrmvz78ci0z2rcq4e1pxyrs0vzlblrua1u6gpy3muennhqnn1o66p0:latest/stage_1_separableconvcnn/confusion_matrix_table.table.json","path":"media/table/stage_1_separableconvcnn/confusion_matrix_table_1_02c5a6fac2b98a2cce23.table.json"},"stage":3,"stage1/test_acc":89.85408890397014,"mask_l1":0.1953125,"train_acc":95.00784481529026}