{"stage2_hard_bin_mask_str":"[1.0, 1.0, 1.0, 1.0, 1.0, 0.0, 0.0, 0.0, 0.0, 0.0, 0.0, 0.0, 0.0, 0.0, 0.0, 0.0, 0.0, 0.0, 0.0, 0.0, 0.0, 0.0, 0.0, 0.0, 0.0, 0.0, 0.0, 0.0, 0.0, 0.0, 0.0, 0.0, 0.0, 0.0, 0.0, 0.0, 0.0, 0.0, 0.0, 0.0, 0.0, 0.0, 0.0, 0.0, 0.0, 0.0, 0.0, 0.0, 0.0, 0.0, 0.0]","stage2_test_f1":0.6089331927348771,"best_val_loss":0.8157947697869189,"_timestamp":1.7758996423614628e+09,"stage":3,"train_loss":0.8149225321923618,"stage_3_separableconvcnn/confusion_matrix_table":{"_type":"table-file","path":"media/table/stage_3_separableconvcnn/confusion_matrix_table_8_7f98ac78ca0f74cf46b3.table.json","_latest_artifact_path":"wandb-client-artifact://j953kxzsc6cg3f4gcvxq0014z17xnjbmbpjtrmu9ix8nktnfsnx20rdqotc447zu3f4r7xzxxz2i63y16pfvqgvy9ir6ucv46tccuvm7woqujhfm9zdi2th2mh0sgz2b:latest/stage_3_separableconvcnn/confusion_matrix_table.table.json","sha256":"7f98ac78ca0f74cf46b386675db326b28a9e4bb7bf779adbd67a4cd0c76f1ffe","ncols":3,"nrows":64,"log_mode":"IMMUTABLE","artifact_path":"wandb-client-artifact://lk5bjg2kr6ag0dvax0y5b9h8tj5lmratnw0yo3h2evcuzw2vc7xkkovxxpyy0ndfc8893m97r6cewctxaykyl7y1ygwdc3jz7up08ccz1hmqppk8rns34bi84vs2y9k7/stage_3_separableconvcnn/confusion_matrix_table.table.json","size":2020},"stage2_test_loss":0.8393873101101286,"_runtime":156,"_step":9,"mask_l1":0.03921568766236305,"stage3_test_loss":0.7641705868724448,"val_acc":63.52994146780729,"lr_backbone":0.0001,"bin_keep_ratio":0.09803921729326248,"_wandb":{"runtime":156},"stage3_test_f1":0.6335807372675246,"epoch":15,"stage1_test_f1":0.6788417622107312,"stage1_test_loss":0.6435405399859535,"lr_gumbel_bin":0.001,"stage_1_separableconvcnn/confusion_matrix_table":{"sha256":"a9e697e2119585023eba2e26192d1547a0ce353f171d14a3bf5a2c82a6538330","log_mode":"IMMUTABLE","_type":"table-file","size":2014,"path":"media/table/stage_1_separableconvcnn/confusion_matrix_table_0_a9e697e2119585023eba.table.json","artifact_path":"wandb-client-artifact://jiruajgynmavl6lixmrsez0mz6w25p0apzml011q0cf24tezhp3w5n9azxwqy5wswkcvhfknz1yhzag2vlyf34hc9ppht2fwb0m0vbqlqbef5l17ydgi0372ks8eoo85/stage_1_separableconvcnn/confusion_matrix_table.table.json","_latest_artifact_path":"wandb-client-artifact://q8wyokm8f7j4m45tvzsxwjh8bjnf9vsf8uk6s2kcp7p3s1ms6o346ihnq4u0ws7y9psqrpkofdjw73ktpth8194kj9ra4ec1axk26jkfp0hvfzn2ecjlr2yi7n6vhaej:latest/stage_1_separableconvcnn/confusion_matrix_table.table.json","nrows":64,"ncols":3},"lr":0.001,"val_loss":0.9482342357412216,"stage1_test_acc":78.37197320968573,"train_acc":57.12083967380701,"stage3_test_acc":74.98196805770222,"stage2_test_acc":72.344152498712}