{"epoch":40,"lr_backbone":0.0001,"stage3_test_loss":0.3025716709249252,"stage2_hard_bin_mask_str":"[1.0, 1.0, 1.0, 1.0, 1.0, 1.0, 1.0, 1.0, 1.0, 1.0, 1.0, 1.0, 1.0, 0.0, 0.0, 0.0, 0.0, 0.0, 0.0, 0.0, 0.0, 0.0, 0.0, 0.0, 0.0, 0.0, 0.0, 0.0, 0.0, 0.0, 0.0, 0.0, 0.0, 0.0, 0.0, 0.0, 0.0, 0.0, 0.0, 0.0, 0.0, 0.0, 0.0, 0.0, 0.0, 0.0, 0.0, 0.0, 0.0, 0.0, 0.0, 0.0, 0.0, 0.0, 0.0, 0.0, 0.0, 0.0, 0.0, 0.0, 0.0, 0.0, 0.0, 0.0, 0.0]","stage_3_separableconvcnn/confusion_matrix_table":{"size":1368,"artifact_path":"wandb-client-artifact://h7hbutiuea3fv28pw1ioa3u5tsejfs3ub2zg3tjxrost3d1app5pgqq2l9kc1q84142zjg2p6zv3nh0e6xngnpql51x4v83q0l51b2cs3vylbwhntkgysxk8p15zux1w/stage_3_separableconvcnn/confusion_matrix_table.table.json","sha256":"fcec65dae395a32c963fb24fbb2d641887c3eae885317bedc54d7715e3e8ea14","_type":"table-file","path":"media/table/stage_3_separableconvcnn/confusion_matrix_table_20_fcec65dae395a32c963f.table.json","ncols":3,"log_mode":"IMMUTABLE","_latest_artifact_path":"wandb-client-artifact://dsnskbps4w5svyl9mlp4kpolce93j1ekzhej0zujzogbpchz7ejzq0h3t4y068nmt6l7o5nveodaxpvnuc1cehealjilwbe29cefj1loxoa9x474u7nt5zeqvyyc4xmc:latest/stage_3_separableconvcnn/confusion_matrix_table.table.json","nrows":36},"_step":21,"stage":3,"stage1/test_loss":0.20342029849058735,"train_loss":0.14510129239372208,"mask_l1":0.1846153885126114,"stage3_test_acc":90.93993892093654,"stage2_test_loss":0.2522167089688495,"stage1/use_pretrain_model":false,"stage1_test_acc":92.36511706820495,"_timestamp":1.7757712545777063e+09,"stage1/test_f1":0.9252008010887307,"val_loss":0.27560216988444175,"_wandb":{"runtime":36},"stage1_test_loss":0.20342029849058735,"stage1/test_acc":92.36511706820495,"lr_gumbel_bin":0.001,"stage3_test_f1":0.9103437258019468,"best_val_loss":0.1701513002800233,"val_acc":90.33942558746736,"stage2_test_f1":0.9072006932712041,"stage2_test_acc":90.73634204275534,"_runtime":36,"stage_1_separableconvcnn/confusion_matrix_table":{"path":"media/table/stage_1_separableconvcnn/confusion_matrix_table_1_fbad1ffa9e4a698441e6.table.json","log_mode":"IMMUTABLE","sha256":"fbad1ffa9e4a698441e6c4034ec7cba260dd5a39d3fe7b34b8c33c001509fe53","_latest_artifact_path":"wandb-client-artifact://lad3f8fqz8ft9l7it70lmxfcavp23a27a4uzi0w1bwnifitpxwyldgh24ng5g0gytpzih05edr2s7hsydvqw2rbslwr503h5y9lgfdem4dgmkk3jnpbx4wn6l07b9032:latest/stage_1_separableconvcnn/confusion_matrix_table.table.json","ncols":3,"size":1366,"_type":"table-file","nrows":36,"artifact_path":"wandb-client-artifact://me35tdob0q0nawe75d825bmmwcl1ovqj9xqo0z75u373msk6jhex0xsgsbo1kae5ehhr6thl2wr4kxu7t0npc9xy3rzrl90nj4na17ji67hdjdcfouqe2xe7h9ewwnz6/stage_1_separableconvcnn/confusion_matrix_table.table.json"},"lr":0.001,"train_acc":93.95896111350265,"bin_keep_ratio":0.20000000298023224,"stage1_test_f1":0.9252008010887307}