{"stage1_test_f1":0.7228151704926542,"stage1/test_loss":0.5653489989658461,"test_loss":0.5653489989658461,"_wandb":{"runtime":55},"stage1/best_val_loss":0.6288674032334415,"stage1/test_acc":81.3086038124678,"stage1/train_acc":75.52081258713403,"stage1/val_loss":0.818128347797983,"stage1/purpose":"train baseline model","stage1/train_loss":0.42546490816285565,"test_acc":81.3086038124678,"best_val_loss":0.6288674032334415,"stage1/test_f1":0.7228151704926542,"stage1/lr":0.001,"stage1/val_acc":68.76720709697155,"_runtime":55,"best_epoch":7,"test_f1_macro":0.7228151704926542,"_timestamp":1.776670875499773e+09,"stage1/stage_number":1,"stage1/epoch":15,"_step":5,"stage1_test_acc":81.3086038124678,"stage_1_separableconvcnn/confusion_matrix_table":{"sha256":"14d96d6b1954bd431fb550cbb534334d5fce5a1a1a82172355e06f6791e30080","_latest_artifact_path":"wandb-client-artifact://2udiga306nzy9x1qh7fqj3by3nlcy2d8684doissvx34iz5jqavf81wkr97eg3nf7g9deadbbr0nl4au0z736ng7wr2hp3mzmrnxzkbqh3i1ahwxcvh39s0ibov6tr4q:latest/stage_1_separableconvcnn/confusion_matrix_table.table.json","nrows":64,"ncols":3,"artifact_path":"wandb-client-artifact://jm9fsshrtjst7zyxgqf80g926pc2zai8vtt6c8zhsfkrwnjxqxvgf5lke514c8leyphx7m2qo1d518zdal4qafa50upvz8gyxpjabvc2i57y4cig73c87sakznvwg8nl/stage_1_separableconvcnn/confusion_matrix_table.table.json","path":"media/table/stage_1_separableconvcnn/confusion_matrix_table_5_14d96d6b1954bd431fb5.table.json","size":2013,"log_mode":"IMMUTABLE","_type":"table-file"},"stage1/use_pretrain_model":false,"stage1_test_loss":0.5653489989658461}