{"best_val_loss":0.19209306514507865,"mask_l1":0.296875,"stage1/test_loss":0.4559599839993571,"_step":8,"stage3_test_f1":0.9131885898533604,"lr_backbone":0.0001,"lr":0.001,"lr_gumbel_bin":0.001,"stage2_hard_bin_mask_str":"[0.0, 0.0, 1.0, 0.0, 0.0, 1.0, 1.0, 1.0, 1.0, 1.0, 1.0, 1.0, 1.0, 1.0, 1.0, 1.0, 1.0, 1.0, 1.0, 1.0, 1.0, 1.0, 1.0, 1.0, 1.0, 1.0, 1.0, 1.0, 1.0, 0.0, 0.0, 1.0, 1.0, 1.0, 1.0, 1.0, 1.0, 1.0, 1.0, 1.0, 1.0, 1.0, 1.0, 1.0, 1.0, 1.0, 1.0, 1.0, 1.0, 1.0, 1.0, 1.0, 1.0, 1.0, 1.0, 1.0, 1.0, 0.0, 0.0, 1.0, 1.0, 0.0, 0.0, 0.0, 0.0, 0.0, 0.0, 0.0, 0.0, 0.0, 0.0, 0.0, 0.0, 0.0, 0.0, 0.0, 0.0, 0.0, 0.0, 0.0, 0.0, 0.0, 0.0, 0.0, 0.0, 0.0, 0.0, 0.0, 0.0, 0.0, 0.0, 0.0, 0.0, 0.0, 0.0, 0.0, 0.0, 0.0, 0.0, 0.0, 0.0, 0.0, 0.0, 0.0, 0.0, 0.0, 0.0, 0.0, 0.0, 0.0, 0.0, 0.0, 0.0, 0.0, 0.0, 0.0, 0.0, 0.0, 0.0, 0.0, 0.0, 0.0, 0.0, 0.0, 0.0, 0.0, 0.0, 0.0]","epoch":15,"stage1/use_pretrain_model":false,"stage3_test_loss":0.4102973458666661,"stage2_test_loss":0.5033194882533523,"stage1_test_f1":0.8992012196111356,"train_acc":95.72100984167736,"stage1_test_acc":89.85408890397014,"bin_keep_ratio":0.4140625,"stage1/test_acc":89.85408890397014,"_timestamp":1.77642438331396e+09,"stage_1_separableconvcnn/confusion_matrix_table":{"sha256":"02c5a6fac2b98a2cce23216035c71184f8282e95afab8b7a4923ed0654b10cea","size":1368,"_type":"table-file","_latest_artifact_path":"wandb-client-artifact://dx83c2j375100qk24h215dq61m068f73ys7dk88tggxhtftyvowofduvemjo08nhjn1vliogewm4n8610mkzb8kyu3iu6mgmt87lrhp9dw2ef0emmpms6py7ew5ay7w3:latest/stage_1_separableconvcnn/confusion_matrix_table.table.json","ncols":3,"artifact_path":"wandb-client-artifact://ootej80v1cq4dtj97iwkscfuezrifjegdh8qlzcpooropanrnv4jt6m93l5vh1qpbasra1e9hrbrqo73bp5wyy3ak6yirnpw9an9sod5vrcuvzue3q1yynqwh943a6vr/stage_1_separableconvcnn/confusion_matrix_table.table.json","nrows":36,"path":"media/table/stage_1_separableconvcnn/confusion_matrix_table_1_02c5a6fac2b98a2cce23.table.json","log_mode":"IMMUTABLE"},"val_acc":91.78885630498533,"stage":3,"_runtime":15,"stage1_test_loss":0.4559599839993571,"stage2_test_f1":0.8858946006686949,"stage2_test_acc":88.42891075670173,"val_loss":0.27590205810985957,"stage_3_separableconvcnn/confusion_matrix_table":{"ncols":3,"log_mode":"IMMUTABLE","nrows":36,"artifact_path":"wandb-client-artifact://mks3cy5w60xekun3e1wt88meiuy1m8h14lv4tm14k0lasqqafzkub4s1mq588zd616l7m4lr1al1y5c7wd14s4vf7lsvi8kirxayndy5108d3it2fi68xf9wwqazk2m6/stage_3_separableconvcnn/confusion_matrix_table.table.json","_type":"table-file","path":"media/table/stage_3_separableconvcnn/confusion_matrix_table_7_4ba6a69bacee55c70f20.table.json","size":1366,"_latest_artifact_path":"wandb-client-artifact://8grec2suf0cws910abde72cckuzjzfeoiigr99ksey57shy5f3qijex22ppuco6sik0caiqm99iqyfpl5wp6hg8fi7if0257rbbtzw5j1dtq1finldbxbu8uugaovi9f:latest/stage_3_separableconvcnn/confusion_matrix_table.table.json","sha256":"4ba6a69bacee55c70f204f62ed108f83dd0af767f88f1c765685225bba9ce1f9"},"train_loss":0.10296601131335252,"_wandb":{"runtime":15},"stage1/test_f1":0.8992012196111356,"stage3_test_acc":91.21140142517815}