{"lr_backbone":0.0001,"stage2_test_f1":0.7273736433208211,"epoch":20,"stage_3_separableconvcnn/confusion_matrix_table":{"artifact_path":"wandb-client-artifact://q3g3zu6a9ut9t0nvps7xfnw4qb3t7hnpaw1n63nclqgbafvt9vxkoy90h8ea2c2oya5vllruzix33o8bbzu0ko54v9r26lb5q5moksods4a2qmyzcshea3cyrkdtw1f4/stage_3_separableconvcnn/confusion_matrix_table.table.json","_latest_artifact_path":"wandb-client-artifact://evh7o92sh9thmnv1lunpxv0cov4fdibl9vbvpzw5r0viuco1z9jnagg5423szow216yj99srw4wtwttylbgkkxhy6snq79qeigwloi8e17ht7v1h9xad6596xdniws9s:latest/stage_3_separableconvcnn/confusion_matrix_table.table.json","path":"media/table/stage_3_separableconvcnn/confusion_matrix_table_15_ffb48f7b9c58e4dd7969.table.json","nrows":64,"log_mode":"IMMUTABLE","sha256":"ffb48f7b9c58e4dd79691debf69f1e2fb5a0d1078fbf56c47570007fb26254f5","ncols":3,"size":2015,"_type":"table-file"},"stage3_test_f1":0.703716890357861,"train_acc":69.0300736904999,"stage2_hard_bin_mask_str":"[0.0, 1.0, 0.0, 1.0, 0.0, 1.0, 0.0, 1.0, 0.0, 1.0, 0.0, 1.0, 0.0, 1.0, 0.0, 1.0, 0.0, 1.0, 0.0, 1.0, 0.0, 1.0, 0.0, 1.0, 0.0, 1.0, 0.0, 1.0, 0.0, 1.0, 0.0, 1.0, 0.0, 1.0, 0.0, 1.0, 0.0, 1.0, 0.0, 1.0, 0.0, 1.0, 0.0, 1.0, 0.0, 1.0, 0.0, 1.0, 1.0, 0.0, 0.0, 0.0, 0.0, 0.0, 0.0, 0.0, 0.0, 0.0, 0.0, 0.0, 0.0, 0.0, 0.0, 0.0, 0.0, 0.0, 0.0, 0.0, 0.0, 0.0, 0.0, 0.0, 0.0, 0.0, 0.0, 0.0, 0.0, 0.0, 0.0, 0.0, 0.0, 0.0, 0.0, 0.0, 0.0, 0.0, 0.0, 0.0, 0.0, 0.0, 0.0, 0.0, 0.0, 0.0, 0.0, 0.0, 0.0, 0.0, 0.0, 0.0]","_runtime":283,"val_loss":0.7691398215388697,"stage1_test_acc":82.6172076249356,"best_val_loss":0.7338905847922272,"lr":0.001,"stage":3,"stage2_test_acc":81.57650695517775,"val_acc":60.568981339859285,"stage2_test_loss":0.5577258073826048,"_wandb":{"runtime":283},"stage3_test_loss":0.6427582650939132,"stage1_test_f1":0.7203248077737772,"train_loss":0.48587679150237006,"stage3_test_acc":80.63884595569294,"_step":16,"_timestamp":1.7764621363441339e+09,"lr_gumbel_bin":0.001,"stage_1_separableconvcnn/confusion_matrix_table":{"path":"media/table/stage_1_separableconvcnn/confusion_matrix_table_0_d45e23931bd128dd0103.table.json","_latest_artifact_path":"wandb-client-artifact://d5ksqv8byqrcv35av9grsywgpqpvfl0s8r0r92ou1rq3lglwgyd2bbrfhc5ncp8m40ohfw36zy9c9jo2gk8ybzml2stelazqi9d0x31hdzqy5jc83n3j9rkazjjif30p:latest/stage_1_separableconvcnn/confusion_matrix_table.table.json","log_mode":"IMMUTABLE","artifact_path":"wandb-client-artifact://2qiacxfx7k86mldgcrxm9cuqfo33am60reuolrstpnh6ruo6m38vz1n3qzppemd9kz4kyn0b1xnalkj5qn6t2oxoprvirezc1r3g676hitb0hgb6wkqwynqg8r8si8o3/stage_1_separableconvcnn/confusion_matrix_table.table.json","nrows":64,"_type":"table-file","size":2010,"ncols":3,"sha256":"d45e23931bd128dd01032b857a5862b9a1f1c2786621713c94b1ed6d82758f76"},"mask_l1":0.24000000953674316,"bin_keep_ratio":0.25,"stage1_test_loss":0.5515743614525171}