{"_timestamp":1.7754349342578452e+09,"lr":0.001,"channels_block4":51,"channels_block3":51,"epoch":18,"_wandb":{"runtime":69},"_runtime":69,"_step":7,"params_after_pruning":9476,"stage1_test_acc":79.31993817619784,"stage1_test_f1":0.6910884547576478,"stage3_channel_metadata_json":"{\"block2\": {\"kept_indices\": [0, 4, 5, 7, 8, 10, 12, 14, 15, 19, 20, 21, 22, 24, 25, 29, 30, 31, 32, 36, 44, 46, 53, 54, 56, 61], \"pruned_indices\": [1, 2, 3, 6, 9, 11, 13, 16, 17, 18, 23, 26, 27, 28, 33, 34, 35, 37, 38, 39, 40, 41, 42, 43, 45, 47, 48, 49, 50, 51, 52, 55, 57, 58, 59, 60, 62, 63], \"kept_count\": 26, \"pruned_count\": 38, \"total_channels\": 64}, \"block3\": {\"kept_indices\": [0, 1, 7, 11, 12, 13, 15, 17, 19, 23, 24, 25, 26, 27, 28, 29, 31, 32, 37, 40, 41, 42, 46, 52, 54, 61, 63, 65, 66, 68, 71, 80, 81, 82, 87, 89, 91, 96, 98, 100, 107, 111, 114, 115, 116, 118, 119, 121, 123, 125, 127], \"pruned_indices\": [2, 3, 4, 5, 6, 8, 9, 10, 14, 16, 18, 20, 21, 22, 30, 33, 34, 35, 36, 38, 39, 43, 44, 45, 47, 48, 49, 50, 51, 53, 55, 56, 57, 58, 59, 60, 62, 64, 67, 69, 70, 72, 73, 74, 75, 76, 77, 78, 79, 83, 84, 85, 86, 88, 90, 92, 93, 94, 95, 97, 99, 101, 102, 103, 104, 105, 106, 108, 109, 110, 112, 113, 117, 120, 122, 124, 126], \"kept_count\": 51, \"pruned_count\": 77, \"total_channels\": 128}, \"block4\": {\"kept_indices\": [3, 5, 11, 13, 15, 20, 21, 22, 23, 25, 29, 36, 38, 42, 43, 46, 48, 50, 51, 52, 54, 56, 60, 65, 66, 69, 70, 71, 76, 77, 79, 80, 81, 82, 83, 84, 85, 87, 96, 97, 102, 104, 105, 106, 107, 108, 109, 111, 122, 123, 124], \"pruned_indices\": [0, 1, 2, 4, 6, 7, 8, 9, 10, 12, 14, 16, 17, 18, 19, 24, 26, 27, 28, 30, 31, 32, 33, 34, 35, 37, 39, 40, 41, 44, 45, 47, 49, 53, 55, 57, 58, 59, 61, 62, 63, 64, 67, 68, 72, 73, 74, 75, 78, 86, 88, 89, 90, 91, 92, 93, 94, 95, 98, 99, 100, 101, 103, 110, 112, 113, 114, 115, 116, 117, 118, 119, 120, 121, 125, 126, 127], \"kept_count\": 51, \"pruned_count\": 77, \"total_channels\": 128}}","val_loss":0.9089239957150906,"stage3_test_f1":0.6512100545063138,"val_acc":64.75750577367205,"stage3_test_acc":69.9124162802679,"train_acc":77.37654441283081,"params_before_pruning":36998,"stage_1_separableconvcnn/confusion_matrix_table":{"size":2012,"artifact_path":"wandb-client-artifact://gors09nzf0f00crnb4q2x1ehtawlcydi531u16o3syddourkncccf6vjttkfvqnffavwr0p5niya4d217gbumnfd6r3mpuu3v0jvtpb7g1ic33y1v60xggxroz9pms7y/stage_1_separableconvcnn/confusion_matrix_table.table.json","log_mode":"IMMUTABLE","_latest_artifact_path":"wandb-client-artifact://g4dmu0kux7q2nrxtj72ed62y4i1hx7rawb9fmnrrqlik7txwx65q4e99i3lek32rknlv1ca4tu8zjdm5412ue5iifxjcs5u440f4oxqhii0avfvhsfg3fog3nnch6xpv:latest/stage_1_separableconvcnn/confusion_matrix_table.table.json","sha256":"41e0e97869cda5d4f39f5eb29c50ede05b4b9fc64abbbda1ce57ff54181bc3bb","path":"media/table/stage_1_separableconvcnn/confusion_matrix_table_0_41e0e97869cda5d4f39f.table.json","ncols":3,"nrows":64,"_type":"table-file"},"stage":3,"train_loss":0.6236411299561285,"channels_block2":26,"stage3_final_mask_json":"{\"block2\": [1.0, 0.0, 0.0, 0.0, 1.0, 1.0, 0.0, 1.0, 1.0, 0.0, 1.0, 0.0, 1.0, 0.0, 1.0, 1.0, 0.0, 0.0, 0.0, 1.0, 1.0, 1.0, 1.0, 0.0, 1.0, 1.0, 0.0, 0.0, 0.0, 1.0, 1.0, 1.0, 1.0, 0.0, 0.0, 0.0, 1.0, 0.0, 0.0, 0.0, 0.0, 0.0, 0.0, 0.0, 1.0, 0.0, 1.0, 0.0, 0.0, 0.0, 0.0, 0.0, 0.0, 1.0, 1.0, 0.0, 1.0, 0.0, 0.0, 0.0, 0.0, 1.0, 0.0, 0.0], \"block3\": [1.0, 1.0, 0.0, 0.0, 0.0, 0.0, 0.0, 1.0, 0.0, 0.0, 0.0, 1.0, 1.0, 1.0, 0.0, 1.0, 0.0, 1.0, 0.0, 1.0, 0.0, 0.0, 0.0, 1.0, 1.0, 1.0, 1.0, 1.0, 1.0, 1.0, 0.0, 1.0, 1.0, 0.0, 0.0, 0.0, 0.0, 1.0, 0.0, 0.0, 1.0, 1.0, 1.0, 0.0, 0.0, 0.0, 1.0, 0.0, 0.0, 0.0, 0.0, 0.0, 1.0, 0.0, 1.0, 0.0, 0.0, 0.0, 0.0, 0.0, 0.0, 1.0, 0.0, 1.0, 0.0, 1.0, 1.0, 0.0, 1.0, 0.0, 0.0, 1.0, 0.0, 0.0, 0.0, 0.0, 0.0, 0.0, 0.0, 0.0, 1.0, 1.0, 1.0, 0.0, 0.0, 0.0, 0.0, 1.0, 0.0, 1.0, 0.0, 1.0, 0.0, 0.0, 0.0, 0.0, 1.0, 0.0, 1.0, 0.0, 1.0, 0.0, 0.0, 0.0, 0.0, 0.0, 0.0, 1.0, 0.0, 0.0, 0.0, 1.0, 0.0, 0.0, 1.0, 1.0, 1.0, 0.0, 1.0, 1.0, 0.0, 1.0, 0.0, 1.0, 0.0, 1.0, 0.0, 1.0], \"block4\": [0.0, 0.0, 0.0, 1.0, 0.0, 1.0, 0.0, 0.0, 0.0, 0.0, 0.0, 1.0, 0.0, 1.0, 0.0, 1.0, 0.0, 0.0, 0.0, 0.0, 1.0, 1.0, 1.0, 1.0, 0.0, 1.0, 0.0, 0.0, 0.0, 1.0, 0.0, 0.0, 0.0, 0.0, 0.0, 0.0, 1.0, 0.0, 1.0, 0.0, 0.0, 0.0, 1.0, 1.0, 0.0, 0.0, 1.0, 0.0, 1.0, 0.0, 1.0, 1.0, 1.0, 0.0, 1.0, 0.0, 1.0, 0.0, 0.0, 0.0, 1.0, 0.0, 0.0, 0.0, 0.0, 1.0, 1.0, 0.0, 0.0, 1.0, 1.0, 1.0, 0.0, 0.0, 0.0, 0.0, 1.0, 1.0, 0.0, 1.0, 1.0, 1.0, 1.0, 1.0, 1.0, 1.0, 0.0, 1.0, 0.0, 0.0, 0.0, 0.0, 0.0, 0.0, 0.0, 0.0, 1.0, 1.0, 0.0, 0.0, 0.0, 0.0, 1.0, 0.0, 1.0, 1.0, 1.0, 1.0, 1.0, 1.0, 0.0, 1.0, 0.0, 0.0, 0.0, 0.0, 0.0, 0.0, 0.0, 0.0, 0.0, 0.0, 1.0, 1.0, 1.0, 0.0, 0.0, 0.0]}","stage_3_prunedseparableconvcnn/confusion_matrix_table":{"log_mode":"IMMUTABLE","_type":"table-file","sha256":"e2928e9d1c327388467ee4ada7ff5011b9da634c32892bb93ec6ddc0c9c40d56","nrows":64,"ncols":3,"artifact_path":"wandb-client-artifact://h4u3r1xkyg465klsko5u7kd9qnk1e3dfv6d5n3kqkrqm70yv9g4hu68wf4gq2omwqis0udkck2q0jipbm8v66b7odkxl24b64rr6nssbj0vz7y212zlaxa0luk21be5y/stage_3_prunedseparableconvcnn/confusion_matrix_table.table.json","_latest_artifact_path":"wandb-client-artifact://namrm9l3aq1onxje4jec6hahttcgd7gjstvf2z3fzncov6rcwfy6t7mqzx3yqg7s2lzfkwctpc389nlh3pktvrns9zri0vre5r1fe49zwctfb9e8fw4v04je6hyhcr08:latest/stage_3_prunedseparableconvcnn/confusion_matrix_table.table.json","path":"media/table/stage_3_prunedseparableconvcnn/confusion_matrix_table_6_e2928e9d1c327388467e.table.json","size":2013},"best_val_loss":0.8005848184331185}