{"model_param_count":3973,"_runtime":14,"stage2_test_acc":21.750933152358332,"stage2/mask_l1":0.46473050117492676,"stage":3,"stage2/block2_Pruned_%":92.1875,"stage3_test_acc":63.92941974889718,"stage2/block4_Pruned_%":74.21875,"stage2/raw_hard_mask_block4":"[0.0, 0.0, 1.0, 1.0, 0.0, 1.0, 0.0, 0.0, 1.0, 0.0, 1.0, 1.0, 0.0, 0.0, 0.0, 1.0, 1.0, 0.0, 0.0, 0.0, 1.0, 1.0, 0.0, 0.0, 0.0, 0.0, 0.0, 0.0, 0.0, 1.0, 0.0, 0.0, 0.0, 1.0, 0.0, 1.0, 1.0, 0.0, 0.0, 0.0, 0.0, 1.0, 0.0, 0.0, 0.0, 0.0, 0.0, 0.0, 0.0, 0.0, 0.0, 0.0, 0.0, 0.0, 1.0, 1.0, 0.0, 0.0, 1.0, 1.0, 1.0, 0.0, 0.0, 0.0, 1.0, 1.0, 0.0, 0.0, 0.0, 1.0, 0.0, 0.0, 0.0, 0.0, 0.0, 0.0, 0.0, 0.0, 0.0, 0.0, 0.0, 0.0, 0.0, 0.0, 0.0, 0.0, 0.0, 1.0, 0.0, 1.0, 1.0, 0.0, 0.0, 0.0, 0.0, 0.0, 0.0, 0.0, 1.0, 0.0, 0.0, 1.0, 0.0, 0.0, 0.0, 1.0, 0.0, 0.0, 0.0, 0.0, 0.0, 0.0, 0.0, 1.0, 0.0, 0.0, 0.0, 1.0, 0.0, 0.0, 0.0, 1.0, 0.0, 0.0, 0.0, 0.0, 1.0, 0.0]","model_param_count_dense":36868,"_wandb":{"runtime":14},"stage2/final_mask_keep_ratio_block4":0.2578125,"stage2/purpose":"train channel-pruning model with masking","stage3_test_loss":0.7390237166152835,"stage1/use_pretrain_model":false,"stage2/val_acc":19.12568306010929,"stage2/best_val_loss":1.7047719134659063,"stage2/epoch":10,"stage2/final_mask_keep_ratio_block3":0.140625,"stage2_test_f1":0.16226767315638183,"train_loss":0.5371338543187504,"block3_Pruned_%":85.9375,"stage2/Total_Pruned_%":82.5,"stage2/train_loss":1.9352054350566563,"stage2/lr_backbone":0.0001,"final_summary_log_path":"/home/qphan/master-thesis/models/uci_best_model_three_stage_channel_subject16_val_final_summary_val_16.txt","stage1/test_acc":68.00135731252121,"stage2/test_loss":1.7417508010585954,"stage1/test_f1":0.6590848048703898,"stage2/test_f1":0.16226767315638183,"best_val_loss":0.8346612600029492,"stage2/raw_hard_mask_block3":"[0.0, 1.0, 1.0, 0.0, 0.0, 0.0, 1.0, 1.0, 0.0, 0.0, 0.0, 0.0, 1.0, 0.0, 1.0, 0.0, 0.0, 0.0, 0.0, 0.0, 0.0, 0.0, 0.0, 0.0, 0.0, 0.0, 0.0, 0.0, 0.0, 0.0, 0.0, 0.0, 0.0, 0.0, 0.0, 0.0, 0.0, 0.0, 0.0, 0.0, 0.0, 0.0, 0.0, 0.0, 0.0, 0.0, 0.0, 0.0, 0.0, 0.0, 0.0, 0.0, 0.0, 0.0, 1.0, 1.0, 0.0, 0.0, 0.0, 0.0, 0.0, 0.0, 0.0, 0.0, 1.0, 0.0, 0.0, 0.0, 0.0, 0.0, 0.0, 0.0, 1.0, 0.0, 0.0, 0.0, 1.0, 0.0, 0.0, 0.0, 0.0, 0.0, 0.0, 0.0, 0.0, 0.0, 0.0, 1.0, 0.0, 0.0, 0.0, 0.0, 0.0, 0.0, 0.0, 0.0, 0.0, 0.0, 0.0, 0.0, 0.0, 0.0, 1.0, 0.0, 0.0, 0.0, 0.0, 0.0, 1.0, 1.0, 0.0, 0.0, 0.0, 0.0, 0.0, 0.0, 0.0, 0.0, 0.0, 0.0, 1.0, 0.0, 0.0, 1.0, 0.0, 0.0, 1.0, 0.0]","stage_1_separableconvcnn/confusion_matrix_table":{"sha256":"b67f3fa1745bd39b788a90d2420bc5303bab6fc67e8638c290e0a2d2210940a7","artifact_path":"wandb-client-artifact://tlrp8gyo1yaesokfb55h1hetguawwm0h3t13ua1gflglee89zqvrylnyus6clak26i4vms6vzw9velfmpg123z8cnbv0euuo4rbqe8plnwgb3rbmhhapmslhwcjplb5e/stage_1_separableconvcnn/confusion_matrix_table.table.json","path":"media/table/stage_1_separableconvcnn/confusion_matrix_table_1_b67f3fa1745bd39b788a.table.json","ncols":3,"size":1367,"log_mode":"IMMUTABLE","_type":"table-file","_latest_artifact_path":"wandb-client-artifact://y14m3ink74uamn7zx1lbmyfyae0nmaqvl4aiazfucrzk1bggn4iiuz3i844hpciszx8mm83gji8k2zwxn3iij5ekyfo402k7vr4on0xutmxoeyk14agiq7a4mk1bfibg:latest/stage_1_separableconvcnn/confusion_matrix_table.table.json","nrows":36},"stage1/test_loss":0.618815944941849,"stage2/stage_number":2,"stage2/best_epoch":1,"stage1_test_f1":0.6590848048703898,"epoch":15,"val_acc":58.46994535519126,"stage2/block3_Pruned_%":85.9375,"block2_Pruned_%":92.1875,"stage1_test_acc":68.00135731252121,"stage1_test_loss":0.618815944941849,"stage2/test_acc":21.750933152358332,"stage_3_prunedseparableconvcnn/confusion_matrix_table":{"ncols":3,"path":"media/table/stage_3_prunedseparableconvcnn/confusion_matrix_table_8_d0af78e191e1e3b77974.table.json","artifact_path":"wandb-client-artifact://xmedgb15sbcvy67hq9e485wbm5oet3c5f84easw5mjeq3armrpm8xc2zts7wyu6c9nlgps3fe5okezs0l35c09drfgful6nm3ycenz1isbrqjieiztgunt0yh1o7uttm/stage_3_prunedseparableconvcnn/confusion_matrix_table.table.json","nrows":36,"_latest_artifact_path":"wandb-client-artifact://2xbkwogmy82u032vwl9x5k3yeqg1h3waqmkhikx96sxj0ejfl2ljqr3m8by0oq3wst9yqqin5fhrxa64mvp61osa0lg9nomspxgobffxx7wg1r5y0kyfhjmi0l5ci60k:latest/stage_3_prunedseparableconvcnn/confusion_matrix_table.table.json","size":1369,"_type":"table-file","log_mode":"IMMUTABLE","sha256":"d0af78e191e1e3b7797470115cae2abcd7f565e7fe9ea6382312a53cd2e8ddf1"},"stage3_test_f1":0.6156883650864232,"model_param_reduction_pct":89.22371704459151,"train_acc":72.81706269682222,"stage2_test_loss":1.7417508010585954,"Total_Pruned_%":82.5,"stage2/train_acc":47.62381906670484,"stage2/final_mask_keep_ratio_block2":0.078125,"block4_Pruned_%":74.21875,"model_param_count_pruned":3973,"val_loss":0.9543212671748927,"stage2/raw_hard_mask_block2":"[0.0, 0.0, 0.0, 0.0, 0.0, 0.0, 0.0, 0.0, 0.0, 0.0, 0.0, 1.0, 0.0, 0.0, 0.0, 0.0, 0.0, 0.0, 0.0, 0.0, 0.0, 1.0, 0.0, 0.0, 0.0, 0.0, 0.0, 0.0, 1.0, 0.0, 0.0, 0.0, 0.0, 0.0, 0.0, 0.0, 0.0, 0.0, 0.0, 0.0, 0.0, 0.0, 0.0, 0.0, 0.0, 0.0, 0.0, 0.0, 0.0, 0.0, 0.0, 0.0, 0.0, 0.0, 0.0, 0.0, 0.0, 1.0, 0.0, 0.0, 0.0, 0.0, 1.0, 0.0]","stage2/val_loss":1.9532294651198256,"_timestamp":1.7758761333856118e+09,"stage2/lr_gumbel":0.001,"lr_loaded_weights":0.0001,"_step":10}