{"mask_l1":0.203125,"stage3_test_acc":89.98982015609094,"epoch":15,"stage1/test_f1":0.8992012196111356,"stage":3,"stage_3_separableconvcnn/confusion_matrix_table":{"_type":"table-file","_latest_artifact_path":"wandb-client-artifact://0ht3vgzy0y4fmjv436qbucqd94kqc0qtfoznj910s0mcacf2ivshakm40o94nqlzbij77x8wjdxhygixpvir30c2ye8puoz6wb6suma73uh6x8ar29bnfaf9fskytnpu:latest/stage_3_separableconvcnn/confusion_matrix_table.table.json","nrows":36,"path":"media/table/stage_3_separableconvcnn/confusion_matrix_table_8_c5415b29e293df1f04d6.table.json","artifact_path":"wandb-client-artifact://0xp5uxoj11s6sjzlv63nk2ri62pipngp87pbmi7m2jh61zwdm8qbeklk622u7acomr1aoi8th1qz6w4p1vgcvpnfw7rp0yxt11znx0rb3565keqnwuzbltlgkvmcy0we/stage_3_separableconvcnn/confusion_matrix_table.table.json","log_mode":"IMMUTABLE","ncols":3,"size":1368,"sha256":"c5415b29e293df1f04d6b2184ea191e5ee244f9e5f561833dfdc68d999f1339b"},"stage1_test_f1":0.8992012196111356,"stage1/use_pretrain_model":false,"_wandb":{"runtime":15},"val_loss":0.2718045314735681,"_runtime":15,"lr_backbone":0.0001,"stage2_test_loss":0.49555996024565885,"best_val_loss":0.25696025233814096,"stage2_test_acc":87.54665761791652,"train_acc":95.03637141634574,"lr":0.001,"stage1/test_loss":0.4559599839993571,"stage3_test_loss":0.3837175729701439,"stage1/test_acc":89.85408890397014,"_timestamp":1.7764264628691978e+09,"lr_gumbel_bin":0.001,"train_loss":0.11356175216075579,"stage1_test_acc":89.85408890397014,"stage1_test_loss":0.4559599839993571,"stage2_hard_bin_mask_str":"[0.0, 0.0, 0.0, 0.0, 0.0, 0.0, 1.0, 1.0, 1.0, 1.0, 1.0, 0.0, 0.0, 1.0, 1.0, 1.0, 1.0, 1.0, 1.0, 1.0, 1.0, 1.0, 1.0, 1.0, 1.0, 1.0, 1.0, 1.0, 1.0, 1.0, 1.0, 1.0, 1.0, 0.0, 1.0, 1.0, 1.0, 1.0, 1.0, 1.0, 0.0, 1.0, 1.0, 1.0, 1.0, 1.0, 1.0, 1.0, 1.0, 1.0, 1.0, 1.0, 1.0, 1.0, 1.0, 1.0, 1.0, 1.0, 1.0, 0.0, 0.0, 0.0, 0.0, 0.0, 0.0, 0.0, 0.0, 0.0, 0.0, 0.0, 0.0, 0.0, 0.0, 0.0, 0.0, 0.0, 0.0, 0.0, 0.0, 0.0, 0.0, 0.0, 0.0, 0.0, 0.0, 0.0, 0.0, 0.0, 0.0, 0.0, 0.0, 0.0, 0.0, 0.0, 0.0, 0.0, 0.0, 0.0, 0.0, 0.0, 0.0, 0.0, 0.0, 0.0, 0.0, 0.0, 0.0, 0.0, 0.0, 0.0, 0.0, 0.0, 0.0, 0.0, 0.0, 0.0, 0.0, 0.0, 0.0, 0.0, 0.0, 0.0, 0.0, 0.0, 0.0, 0.0, 0.0, 0.0]","stage3_test_f1":0.9026508841421471,"stage2_test_f1":0.8770308013293162,"stage_1_separableconvcnn/confusion_matrix_table":{"path":"media/table/stage_1_separableconvcnn/confusion_matrix_table_1_02c5a6fac2b98a2cce23.table.json","ncols":3,"log_mode":"IMMUTABLE","_type":"table-file","artifact_path":"wandb-client-artifact://1fgmsok0cxta5u6wnwyog7daquoaakiim1b2gpn63sx11gyv1vhs69n0oxkbqe82cbiq1k05h35yr3yx5exp8w1uylyku4i5s5g2civscu90ups1jg9teql9toq5ou3i/stage_1_separableconvcnn/confusion_matrix_table.table.json","nrows":36,"sha256":"02c5a6fac2b98a2cce23216035c71184f8282e95afab8b7a4923ed0654b10cea","_latest_artifact_path":"wandb-client-artifact://54b1ckjfhnmy9uv31x8z7scg2izmnxu6j39ihmgqella1zeg423e8228s96l5v7k4crcq003ot616twaoijanb543403vpnd65slxq8d1hl47n01e5wk89nkilmiow71:latest/stage_1_separableconvcnn/confusion_matrix_table.table.json","size":1368},"_step":9,"bin_keep_ratio":0.3828125,"val_acc":91.49560117302053}