{"params_after_pruning":9476,"stage2_channel_metadata_json":"{\"block2\": {\"kept_indices\": [6, 7, 10, 11, 12, 13, 16, 17, 20, 22, 24, 25, 27, 30, 37, 38, 39, 42, 45, 46, 48, 49, 50, 51, 55, 58], \"pruned_indices\": [0, 1, 2, 3, 4, 5, 8, 9, 14, 15, 18, 19, 21, 23, 26, 28, 29, 31, 32, 33, 34, 35, 36, 40, 41, 43, 44, 47, 52, 53, 54, 56, 57, 59, 60, 61, 62, 63], \"kept_count\": 26, \"pruned_count\": 38, \"total_channels\": 64}, \"block3\": {\"kept_indices\": [0, 1, 2, 4, 6, 9, 11, 12, 13, 16, 19, 20, 21, 24, 25, 28, 30, 31, 32, 36, 38, 47, 50, 52, 54, 58, 60, 62, 64, 66, 69, 71, 72, 73, 75, 81, 90, 91, 93, 94, 96, 98, 101, 105, 106, 108, 110, 113, 118, 122, 126], \"pruned_indices\": [3, 5, 7, 8, 10, 14, 15, 17, 18, 22, 23, 26, 27, 29, 33, 34, 35, 37, 39, 40, 41, 42, 43, 44, 45, 46, 48, 49, 51, 53, 55, 56, 57, 59, 61, 63, 65, 67, 68, 70, 74, 76, 77, 78, 79, 80, 82, 83, 84, 85, 86, 87, 88, 89, 92, 95, 97, 99, 100, 102, 103, 104, 107, 109, 111, 112, 114, 115, 116, 117, 119, 120, 121, 123, 124, 125, 127], \"kept_count\": 51, \"pruned_count\": 77, \"total_channels\": 128}, \"block4\": {\"kept_indices\": [3, 9, 10, 12, 13, 14, 16, 17, 20, 24, 28, 30, 31, 32, 37, 38, 41, 42, 44, 45, 48, 56, 58, 60, 61, 64, 66, 73, 74, 75, 78, 84, 87, 88, 90, 92, 94, 95, 96, 98, 100, 101, 105, 111, 112, 114, 117, 121, 122, 123, 125], \"pruned_indices\": [0, 1, 2, 4, 5, 6, 7, 8, 11, 15, 18, 19, 21, 22, 23, 25, 26, 27, 29, 33, 34, 35, 36, 39, 40, 43, 46, 47, 49, 50, 51, 52, 53, 54, 55, 57, 59, 62, 63, 65, 67, 68, 69, 70, 71, 72, 76, 77, 79, 80, 81, 82, 83, 85, 86, 89, 91, 93, 97, 99, 102, 103, 104, 106, 107, 108, 109, 110, 113, 115, 116, 118, 119, 120, 124, 126, 127], \"kept_count\": 51, \"pruned_count\": 77, \"total_channels\": 128}}","stage1_test_acc":80.16486347243689,"lr":0.0001,"epoch":42,"params_before_pruning":36998,"best_val_loss":0.5981563786617953,"stage2_test_loss":0.7537174422307337,"Total_Pruned_%":60,"Block3_Pruned_%":60.15625,"train_acc":73.81368067952214,"_wandb":{"runtime":119},"stage":2,"stage1_loaded_from_checkpoint":true,"stage1_test_f1":0.6938116427504186,"_timestamp":1.7754112143815675e+09,"Block4_Pruned_%":60.15625,"_step":10,"stage2_test_acc":72.67387944358578,"stage1_test_loss":0.5816847332601139,"stage1_checkpoint_path":"/home/qphan/master-thesis/models/stage1/fft/wear_best_model_subject6_val.pth","stage2_test_f1":0.6615777818340222,"train_loss":0.7001856832227208,"val_loss":0.6102536600485122,"val_acc":76.378896882494,"Block2_Pruned_%":59.375,"_runtime":119}