{"val_loss":1.0702619381730936,"_runtime":240,"stage1_test_acc":78.49562081401339,"_step":14,"epoch":25,"stage2_test_loss":0.779517950706418,"train_loss":0.7515316085002411,"stage3_test_f1":0.637042868810803,"stage1_test_loss":0.6454590546200412,"stage1_test_f1":0.677967605576644,"stage2_test_f1":0.6324468836689286,"stage_1_separableconvcnn/confusion_matrix_table":{"artifact_path":"wandb-client-artifact://h4e35qgsq7ujciu6jyl550i01plm8u7f0vywwns1y1snhlqel9yypnswlrlmog5ae4qhkividluj7gfz5g7sgfn2l6xztf3a056136f7my49lmu5qlbetmcbuahzac7m/stage_1_separableconvcnn/confusion_matrix_table.table.json","sha256":"9801ff5ef3ee6a3bb05a05ebf42ad249b8e3a430a027e67d8bea790f448fb438","_latest_artifact_path":"wandb-client-artifact://v1eba8ba41zmpdpma0c4xtdna2w144uasw1m0j6lq531kl76fqriptyq24yuj1yz35yhnwuqu28vgvaqd6exsyqahlty275giydztnnsdf9cuk0zp9aqfla6a29ajvww:latest/stage_1_separableconvcnn/confusion_matrix_table.table.json","ncols":3,"nrows":64,"size":2014,"log_mode":"IMMUTABLE","_type":"table-file","path":"media/table/stage_1_separableconvcnn/confusion_matrix_table_0_9801ff5ef3ee6a3bb05a.table.json"},"_timestamp":1.7759004625920491e+09,"mask_l1":0.05882352963089943,"lr":0.001,"stage_3_separableconvcnn/confusion_matrix_table":{"_type":"table-file","sha256":"7fe7509f9d3d46caa14a52ae24d033d0465402fee6172b9dc409c8245ad6d1e1","path":"media/table/stage_3_separableconvcnn/confusion_matrix_table_13_7fe7509f9d3d46caa14a.table.json","log_mode":"IMMUTABLE","_latest_artifact_path":"wandb-client-artifact://qeqx9q8bwzutp1be6qyrodfbnixkgrn95tjg3ssgfux2bi7hgg9mae5p60mme4mz36v2v5foww9071284atlbus6ypllbl5sfkv7tfr0e3sxgktwsqb1r3kzmo9vtqsr:latest/stage_3_separableconvcnn/confusion_matrix_table.table.json","nrows":64,"ncols":3,"size":2024,"artifact_path":"wandb-client-artifact://grzx754t745x5ddixx2oba3gyumzkhqvho76f20o7o4o15i7r344t13mum20d3yswbb7kb2pmwjhcb6fi41xdo7ok77jnnhknvgun40ttrlbj3i2bxj1uoad3dncbt44/stage_3_separableconvcnn/confusion_matrix_table.table.json"},"stage3_test_acc":74.9510561566203,"train_acc":59.58375025015009,"bin_keep_ratio":0.09803921729326248,"_wandb":{"runtime":240},"stage3_test_loss":0.7825834042352846,"lr_backbone":0.0001,"val_acc":53.690510116842404,"stage2_test_acc":74.25038639876352,"lr_gumbel_bin":0.001,"stage":3,"stage2_hard_bin_mask_str":"[1.0, 1.0, 1.0, 1.0, 1.0, 0.0, 0.0, 0.0, 0.0, 0.0, 0.0, 0.0, 0.0, 0.0, 0.0, 0.0, 0.0, 0.0, 0.0, 0.0, 0.0, 0.0, 0.0, 0.0, 0.0, 0.0, 0.0, 0.0, 0.0, 0.0, 0.0, 0.0, 0.0, 0.0, 0.0, 0.0, 0.0, 0.0, 0.0, 0.0, 0.0, 0.0, 0.0, 0.0, 0.0, 0.0, 0.0, 0.0, 0.0, 0.0, 0.0]","best_val_loss":0.9930796299132909}