{"stage1/stage_number":1,"stage_1_separableconvcnn/confusion_matrix_table":{"size":2021,"artifact_path":"wandb-client-artifact://4pbt9ry9hrmed6sgugjqnqbgkf5v9hjjj57r5jbfc19m4ruw1pdkjgrhfgbewtl6eoowiv5tsz1l2n4kcg0hotncviml2ove4aycervio7dtj6pn0arrfmhixzhk0n4m/stage_1_separableconvcnn/confusion_matrix_table.table.json","ncols":3,"path":"media/table/stage_1_separableconvcnn/confusion_matrix_table_23_d53cd380ca455d5309bd.table.json","_type":"table-file","nrows":64,"_latest_artifact_path":"wandb-client-artifact://0a0w4stsnf3yxtxe00auje0aibdg6mi9lbx9r4ui2x9vuy9r0hhpbuk1bmsjpe9hgeu26ozc21hdj9xojosj5pobjk3pu7ywseoz5y892xx13acdzd56wtieqr6y8osy:latest/stage_1_separableconvcnn/confusion_matrix_table.table.json","sha256":"d53cd380ca455d5309bd6539301ea7d0d041e0a225b6128dc397cbcef7c1f462","log_mode":"IMMUTABLE"},"stage1/epoch":21,"stage1/test_f1":0.6787798103611037,"test_f1_macro":0.6787798103611037,"stage1/best_val_loss":0.5570787921679635,"stage1_test_acc":79.41267387944359,"stage1/purpose":"train baseline model","stage1/train_loss":0.4903512953765532,"stage1/test_acc":79.41267387944359,"stage1/use_pretrain_model":false,"stage1/val_acc":74.63936714751047,"best_epoch":11,"best_val_loss":0.5570787921679635,"test_acc":79.41267387944359,"_step":23,"stage1/train_acc":72.53652834599649,"stage1_test_f1":0.6787798103611037,"_runtime":87,"test_loss":0.6463687119426831,"stage1/lr":0.001,"_timestamp":1.7753026223899987e+09,"stage1/test_loss":0.6463687119426831,"stage1_test_loss":0.6463687119426831,"stage1/val_loss":0.5816984546911222,"_wandb":{"runtime":87}}