{"stage2_test_acc":69.05327451645742,"stage2/block3_Pruned_%":44.53125,"stage2/lr_backbone":0.0001,"stage2/train_acc":64.37206656236667,"stage2/Total_Pruned_%":30.625000000000004,"stage1_test_acc":84.0176450627757,"stage2/val_acc":61.059190031152646,"stage2/best_epoch":16,"_step":19,"stage1/test_acc":84.0176450627757,"stage2/final_mask_keep_ratio_block3":0.5546875,"train_loss":0.16290179084572645,"model_param_count_pruned":20776,"epoch":45,"stage2/best_val_loss":0.6287755958759026,"stage2/final_mask_keep_ratio_block4":0.8828125,"stage3_test_acc":91.38106549032915,"stage2/raw_hard_mask_block3":"[1.0, 1.0, 0.0, 0.0, 1.0, 0.0, 0.0, 0.0, 0.0, 1.0, 0.0, 0.0, 1.0, 0.0, 0.0, 1.0, 0.0, 1.0, 0.0, 0.0, 1.0, 1.0, 0.0, 0.0, 0.0, 0.0, 0.0, 0.0, 0.0, 1.0, 0.0, 1.0, 1.0, 0.0, 0.0, 1.0, 0.0, 1.0, 0.0, 1.0, 0.0, 1.0, 1.0, 1.0, 0.0, 0.0, 0.0, 1.0, 0.0, 0.0, 1.0, 1.0, 1.0, 0.0, 1.0, 1.0, 1.0, 0.0, 1.0, 1.0, 0.0, 1.0, 1.0, 1.0, 0.0, 0.0, 0.0, 1.0, 1.0, 0.0, 1.0, 0.0, 1.0, 1.0, 0.0, 0.0, 1.0, 0.0, 1.0, 1.0, 0.0, 1.0, 1.0, 1.0, 1.0, 0.0, 1.0, 1.0, 0.0, 1.0, 0.0, 1.0, 0.0, 1.0, 1.0, 1.0, 1.0, 1.0, 0.0, 0.0, 1.0, 1.0, 1.0, 0.0, 0.0, 1.0, 1.0, 1.0, 0.0, 1.0, 1.0, 0.0, 0.0, 1.0, 0.0, 1.0, 1.0, 1.0, 1.0, 0.0, 1.0, 1.0, 1.0, 1.0, 0.0, 1.0, 1.0, 1.0]","stage_3_prunedseparableconvcnn/confusion_matrix_table":{"log_mode":"IMMUTABLE","sha256":"f8430d4301ac4d3524747846d7f3ffc25e4e1c843f75b92173cd137beec1c55e","_type":"table-file","nrows":36,"ncols":3,"path":"media/table/stage_3_prunedseparableconvcnn/confusion_matrix_table_17_f8430d4301ac4d352474.table.json","size":1367,"artifact_path":"wandb-client-artifact://9vm37pluqgm9o9nwj3yk34htzzst8d1e580356hz70gl2rppk5vs1vr3tjugn21390y0tzx1jmoouwibp5xvtm2pefforquei5rq87382rcgb726vtdxf52e8cnfnfh7/stage_3_prunedseparableconvcnn/confusion_matrix_table.table.json","_latest_artifact_path":"wandb-client-artifact://b8d8r8pqcc8wcnhdqa6jzne4d06pv5bb4k45htijao5cko7rnvx3q1tua1z82f56e3u9boh2a29exrutaf7uc7degzee69ahsjppaufbtseq7t6i476vtjhkt8yay446:latest/stage_3_prunedseparableconvcnn/confusion_matrix_table.table.json"},"stage2/raw_hard_mask_block4":"[1.0, 0.0, 1.0, 1.0, 1.0, 1.0, 1.0, 1.0, 1.0, 1.0, 1.0, 1.0, 1.0, 1.0, 0.0, 1.0, 1.0, 1.0, 1.0, 1.0, 1.0, 1.0, 0.0, 1.0, 1.0, 1.0, 0.0, 0.0, 1.0, 1.0, 1.0, 1.0, 1.0, 1.0, 1.0, 1.0, 0.0, 1.0, 1.0, 1.0, 1.0, 1.0, 1.0, 0.0, 1.0, 0.0, 1.0, 1.0, 1.0, 1.0, 1.0, 1.0, 1.0, 1.0, 1.0, 1.0, 1.0, 0.0, 1.0, 1.0, 0.0, 1.0, 1.0, 1.0, 1.0, 1.0, 1.0, 1.0, 1.0, 1.0, 1.0, 1.0, 1.0, 0.0, 1.0, 1.0, 1.0, 1.0, 1.0, 1.0, 1.0, 1.0, 1.0, 1.0, 1.0, 1.0, 1.0, 1.0, 1.0, 1.0, 0.0, 1.0, 1.0, 1.0, 1.0, 1.0, 1.0, 1.0, 1.0, 1.0, 0.0, 1.0, 1.0, 1.0, 0.0, 1.0, 1.0, 1.0, 1.0, 1.0, 1.0, 1.0, 1.0, 1.0, 1.0, 1.0, 1.0, 1.0, 1.0, 1.0, 1.0, 0.0, 1.0, 1.0, 1.0, 1.0, 1.0, 1.0]","stage2/raw_hard_mask_block2":"[0.0, 0.0, 1.0, 1.0, 1.0, 0.0, 1.0, 1.0, 0.0, 1.0, 0.0, 1.0, 0.0, 1.0, 0.0, 1.0, 0.0, 1.0, 0.0, 1.0, 1.0, 0.0, 1.0, 0.0, 1.0, 1.0, 0.0, 1.0, 1.0, 1.0, 0.0, 0.0, 1.0, 0.0, 1.0, 1.0, 0.0, 0.0, 1.0, 1.0, 1.0, 0.0, 0.0, 1.0, 0.0, 1.0, 1.0, 0.0, 0.0, 1.0, 0.0, 1.0, 1.0, 1.0, 0.0, 0.0, 1.0, 1.0, 1.0, 1.0, 1.0, 1.0, 0.0, 1.0]","_timestamp":1.775869800685557e+09,"block2_Pruned_%":40.625,"_runtime":33,"val_acc":89.09657320872275,"stage2/epoch":25,"model_param_count_dense":36868,"block4_Pruned_%":11.71875,"stage1/test_f1":0.8382917571746885,"stage2/lr_gumbel":0.001,"stage2_test_loss":0.6535736135569004,"Total_Pruned_%":30.625000000000004,"stage2/final_mask_keep_ratio_block2":0.59375,"train_acc":93.0308633195847,"model_param_reduction_pct":43.647607681458176,"stage2/block2_Pruned_%":40.625,"stage2/test_acc":69.05327451645742,"stage1/use_pretrain_model":false,"stage2/purpose":"train channel-pruning model with masking","stage3_test_loss":0.26946750719983265,"stage2/block4_Pruned_%":11.71875,"stage1_test_f1":0.8382917571746885,"model_param_count":20776,"stage1_test_loss":0.36175281142630955,"stage2/test_loss":0.6535736135569004,"block3_Pruned_%":44.53125,"stage1/test_loss":0.36175281142630955,"stage3_test_f1":0.9148586849548729,"stage2/train_loss":0.7418657384103908,"val_loss":0.2715511919924774,"stage":3,"final_summary_log_path":"/home/qphan/master-thesis/models/uci_best_model_three_stage_channel_subject22_val_final_summary_val_22.txt","stage2/val_loss":0.649432324917517,"lr_loaded_weights":0.0001,"stage_1_separableconvcnn/confusion_matrix_table":{"_latest_artifact_path":"wandb-client-artifact://903gn02aab5r34yfwp5fgabgjui0xd45gbo68lcivndxek2h4s1bm82tl6dk3nw6e36g2qw6q6xfurb0pmvos8prypswros34rqj2xa77kiewvj89w6y9n124q10qgqv:latest/stage_1_separableconvcnn/confusion_matrix_table.table.json","log_mode":"IMMUTABLE","ncols":3,"_type":"table-file","artifact_path":"wandb-client-artifact://5jw4i8eyr4f36ubglpitqt6pzh8ton6php7be5s2wr3g516riig1o4czr1rw0g8c2b2x9ldmagjwticu6c0bnjvxis6q55h8tg0ielk01jmnkjr9t5uh4lkx8qwu2cjl/stage_1_separableconvcnn/confusion_matrix_table.table.json","nrows":36,"size":1367,"path":"media/table/stage_1_separableconvcnn/confusion_matrix_table_1_68f5254b6d00cbcd3f59.table.json","sha256":"68f5254b6d00cbcd3f59fd1ef9e2389c9b20ef626d1e7033eccc4fe4bdc696c6"},"stage2/stage_number":2,"stage2/mask_l1":0.4965624213218689,"best_val_loss":0.08792762555808611,"stage2/test_f1":0.6660887112897641,"stage2_test_f1":0.6660887112897641,"_wandb":{"runtime":33}}