{"stage1/test_f1":0.9179047292942429,"_wandb":{"runtime":23},"lr_gumbel_bin":0.001,"val_acc":88.47262247838617,"stage2_test_f1":0.9101187004809589,"stage2_test_loss":0.23731861029150206,"stage1_test_loss":0.22927524928606524,"stage1_test_acc":91.78825924669155,"_timestamp":1.775778236335413e+09,"stage3_test_f1":0.9204715475055382,"stage2_test_acc":91.00780454699695,"lr":0.001,"stage":3,"best_val_loss":0.21452378019991114,"stage_1_separableconvcnn/confusion_matrix_table":{"_type":"table-file","path":"media/table/stage_1_separableconvcnn/confusion_matrix_table_1_da651b89dc20a7f5b03a.table.json","artifact_path":"wandb-client-artifact://6b9gdtz572fgyvj0g0nusmwe6yujkyrc2qq26qr9wh2x1po8vtaojd8nzxqmxvtbjlhl6206wuraf4yimjoacsq56opc1uwenugqkt7p228fd1wls6azylv00fwt16oj/stage_1_separableconvcnn/confusion_matrix_table.table.json","size":1366,"log_mode":"IMMUTABLE","sha256":"da651b89dc20a7f5b03a039d016b8d87d29f40a0bdf44d654785764fc4d37a97","_latest_artifact_path":"wandb-client-artifact://jniw0f4s7d1bze7qbcx9wnv2tprcjbhm488ved46dzme3lxwxsrzige4twjd5yfzlgikmwbtli0mhtbk7nx8httc5uxxfyaj0y3oceleekt94tpfv67qnajnh4u20fnv:latest/stage_1_separableconvcnn/confusion_matrix_table.table.json","nrows":36,"ncols":3},"stage1/use_pretrain_model":false,"_runtime":23,"train_loss":0.1321460811348152,"stage1/test_acc":91.78825924669155,"bin_keep_ratio":0.328125,"stage1/test_loss":0.22927524928606524,"stage1_test_f1":0.9179047292942429,"train_acc":94.40399714489651,"stage3_test_loss":0.2390577500200518,"lr_backbone":0.0001,"stage2_hard_bin_mask_str":"[1.0, 1.0, 1.0, 1.0, 1.0, 1.0, 1.0, 1.0, 1.0, 1.0, 1.0, 1.0, 1.0, 1.0, 1.0, 1.0, 1.0, 1.0, 1.0, 1.0, 1.0, 1.0, 1.0, 1.0, 1.0, 1.0, 1.0, 1.0, 1.0, 1.0, 1.0, 0.0, 1.0, 1.0, 0.0, 1.0, 1.0, 1.0, 1.0, 1.0, 0.0, 0.0, 0.0, 1.0, 1.0, 0.0, 0.0, 0.0, 1.0, 0.0, 0.0, 0.0, 0.0, 0.0, 0.0, 0.0, 1.0, 0.0, 0.0, 0.0, 0.0, 0.0, 0.0, 0.0, 0.0, 0.0, 0.0, 0.0, 0.0, 0.0, 0.0, 0.0, 0.0, 0.0, 0.0, 0.0, 0.0, 0.0, 0.0, 0.0, 0.0, 0.0, 0.0, 0.0, 0.0, 0.0, 0.0, 0.0, 0.0, 0.0, 0.0, 0.0, 0.0, 0.0, 0.0, 0.0, 0.0, 0.0, 0.0, 0.0, 0.0, 0.0, 0.0, 0.0, 0.0, 0.0, 0.0, 0.0, 0.0, 0.0, 0.0, 0.0, 0.0, 0.0, 0.0, 0.0, 0.0, 0.0, 0.0, 0.0, 0.0, 0.0, 0.0, 0.0, 0.0, 0.0, 0.0, 0.0]","_step":12,"val_loss":0.224280079263088,"stage3_test_acc":91.99185612487275,"mask_l1":0.3046875,"stage_3_separableconvcnn/confusion_matrix_table":{"ncols":3,"artifact_path":"wandb-client-artifact://lll6o8v8cf463rv1v4jb816zkko3cjlegxxvex35dh5zgu04sldud124oagn9xg0zur6w86361zr0h962jh7yvguwk9plz10p55vaj58ka5mwjyn71wo1qo5zurofw8k/stage_3_separableconvcnn/confusion_matrix_table.table.json","sha256":"60e12a732dee24fc3d6de6665d8261d62dbf53679fe064ad015853ee0b80e373","_latest_artifact_path":"wandb-client-artifact://d4hvfzie69w3pz2qngk4zlmsf203a6bc28cg4mfr74o4l8ienecpsbf92tncbzudolztp7hq19mc4g4tpm42ubqrbf3eimhoplx7olg1wwngjkit912t1ieac0svqdao:latest/stage_3_separableconvcnn/confusion_matrix_table.table.json","size":1367,"log_mode":"IMMUTABLE","path":"media/table/stage_3_separableconvcnn/confusion_matrix_table_11_60e12a732dee24fc3d6d.table.json","nrows":36,"_type":"table-file"},"epoch":10}