{"stage1/use_pretrain_model":false,"train_acc":63.082199789531124,"stage2/val_loss":0.8926256803042895,"block4_Pruned_%":50.78125,"stage3_test_loss":0.6560571412322203,"stage2/final_mask_keep_ratio_block3":0.2421875,"stage2_test_f1":0.652542022162234,"val_acc":66.05080831408776,"_wandb":{"runtime":182},"stage1/test_f1":0.6910884547576478,"val_loss":0.7734160899083554,"stage2/raw_hard_mask_block3":"[1.0, 0.0, 1.0, 0.0, 0.0, 0.0, 0.0, 0.0, 0.0, 0.0, 1.0, 0.0, 0.0, 1.0, 0.0, 0.0, 0.0, 0.0, 0.0, 0.0, 0.0, 1.0, 0.0, 1.0, 0.0, 1.0, 1.0, 0.0, 0.0, 0.0, 0.0, 0.0, 0.0, 0.0, 0.0, 0.0, 0.0, 0.0, 1.0, 0.0, 0.0, 0.0, 0.0, 1.0, 1.0, 0.0, 1.0, 1.0, 0.0, 1.0, 0.0, 0.0, 0.0, 0.0, 0.0, 0.0, 1.0, 0.0, 0.0, 0.0, 1.0, 1.0, 0.0, 1.0, 0.0, 1.0, 0.0, 0.0, 0.0, 0.0, 0.0, 0.0, 0.0, 1.0, 0.0, 1.0, 0.0, 0.0, 0.0, 0.0, 0.0, 0.0, 0.0, 0.0, 0.0, 1.0, 0.0, 0.0, 0.0, 0.0, 0.0, 0.0, 0.0, 0.0, 0.0, 0.0, 0.0, 1.0, 0.0, 0.0, 1.0, 0.0, 1.0, 0.0, 0.0, 0.0, 1.0, 0.0, 0.0, 1.0, 1.0, 0.0, 1.0, 0.0, 0.0, 0.0, 0.0, 0.0, 0.0, 1.0, 0.0, 0.0, 0.0, 0.0, 0.0, 1.0, 0.0, 0.0]","stage2/purpose":"train channel-pruning model with masking","stage2/epoch":25,"train_loss":0.7060797438969247,"stage2/final_mask_keep_ratio_block2":0.375,"model_param_count_pruned":8864,"lr_loaded_weights":0.0001,"stage2/test_acc":77.1870170015456,"epoch":25,"stage_3_prunedseparableconvcnn/confusion_matrix_table":{"artifact_path":"wandb-client-artifact://qqhchd8e1vkzngknjb8o8dp66e4ffx9ohyx8gfiqjpu3q8u144n3st1kgqye7mglvphno264vdw9j85k7tt70u85dusm3qih6puvbbd4cnlnqnndzvvc4eq72jfz7g1p/stage_3_prunedseparableconvcnn/confusion_matrix_table.table.json","_type":"table-file","_latest_artifact_path":"wandb-client-artifact://abzhwbqtcdgl91cycruktm6cz0ugbtrx9nzc11sa1og1xe74rtldpwirqtrhpibpmdzgat16kf2pzoezbxmsx5lm0g27y76q4c0t236bse8phpf2e19wvd6kra4pdhl9:latest/stage_3_prunedseparableconvcnn/confusion_matrix_table.table.json","sha256":"f4ca52a349a5c1e6987a28eb734b5bd355e7f62f126229caa1770c686702102c","log_mode":"IMMUTABLE","size":2017,"nrows":64,"path":"media/table/stage_3_prunedseparableconvcnn/confusion_matrix_table_13_f4ca52a349a5c1e6987a.table.json","ncols":3},"stage1_test_loss":0.6016351643924797,"stage2_test_loss":0.7227271679579628,"stage1/test_loss":0.6016351643924797,"_timestamp":1.7753421678422916e+09,"stage2/mask_l1":0.3939208686351776,"block2_Pruned_%":62.5,"stage3_test_f1":0.6794712307633481,"stage2/best_val_loss":0.8608230822080828,"stage2/final_mask_keep_ratio_block4":0.4921875,"block3_Pruned_%":75.78125,"stage":3,"model_param_count_dense":36998,"stage1_test_f1":0.6910884547576478,"_step":15,"stage2/block2_Pruned_%":62.5,"stage2/Total_Pruned_%":63.125,"stage_1_separableconvcnn/confusion_matrix_table":{"sha256":"41e0e97869cda5d4f39f5eb29c50ede05b4b9fc64abbbda1ce57ff54181bc3bb","artifact_path":"wandb-client-artifact://q9omucy1mug5rws8vudeoduziffjje1upoadkzvpyejsbu20z4f2lnr0ttsyd5qoogm87lv68ijetddogpboukfy6i13is7tqfco6zonp6wv0upbwnylk54uui7imr11/stage_1_separableconvcnn/confusion_matrix_table.table.json","_latest_artifact_path":"wandb-client-artifact://pvhrskeo3079s8wayhwci902srst33fsrg0yo6e00q1dy6o7bp5o97cd43an6rhqpnpoh4ul5oaaw255r2oqp03rrphqa9qa7yruurbitr3nc0yvf8bgrcnlgolz6s45:latest/stage_1_separableconvcnn/confusion_matrix_table.table.json","_type":"table-file","path":"media/table/stage_1_separableconvcnn/confusion_matrix_table_1_41e0e97869cda5d4f39f.table.json","size":2012,"ncols":3,"nrows":64,"log_mode":"IMMUTABLE"},"stage2/train_loss":1.0914761998436244,"stage2/lr_backbone":0.0001,"stage2/lr_gumbel":0.001,"stage2/stage_number":2,"stage1/test_acc":79.31993817619784,"best_val_loss":0.7484225280703353,"stage3_test_acc":79.14477073673365,"stage2_test_acc":77.1870170015456,"_runtime":182,"stage2/block4_Pruned_%":50.78125,"stage2/best_epoch":18,"stage2/raw_hard_mask_block4":"[1.0, 0.0, 1.0, 1.0, 0.0, 0.0, 0.0, 1.0, 0.0, 0.0, 0.0, 1.0, 1.0, 0.0, 1.0, 0.0, 1.0, 0.0, 1.0, 1.0, 1.0, 0.0, 1.0, 0.0, 0.0, 0.0, 1.0, 0.0, 1.0, 0.0, 0.0, 0.0, 1.0, 1.0, 0.0, 1.0, 0.0, 0.0, 0.0, 1.0, 1.0, 0.0, 1.0, 1.0, 0.0, 1.0, 1.0, 0.0, 0.0, 1.0, 0.0, 1.0, 1.0, 1.0, 0.0, 0.0, 0.0, 1.0, 1.0, 0.0, 1.0, 0.0, 1.0, 0.0, 1.0, 0.0, 1.0, 1.0, 1.0, 1.0, 0.0, 1.0, 1.0, 1.0, 1.0, 1.0, 1.0, 1.0, 1.0, 0.0, 0.0, 0.0, 1.0, 1.0, 1.0, 0.0, 1.0, 1.0, 0.0, 0.0, 0.0, 1.0, 0.0, 0.0, 0.0, 1.0, 0.0, 0.0, 0.0, 0.0, 1.0, 0.0, 1.0, 1.0, 0.0, 1.0, 0.0, 1.0, 1.0, 1.0, 0.0, 0.0, 0.0, 0.0, 0.0, 1.0, 1.0, 1.0, 0.0, 0.0, 0.0, 0.0, 1.0, 1.0, 0.0, 0.0, 0.0, 0.0]","model_param_count":8864,"stage2/test_f1":0.652542022162234,"final_summary_log_path":"/home/qphan/master-thesis/models/wear_best_model_three_stage_channel_subject9_val_final_summary_val_9.txt","model_param_reduction_pct":76.04194821341694,"Total_Pruned_%":63.125,"stage2/test_loss":0.7227271679579628,"stage2/train_acc":53.17652102739993,"stage1_test_acc":79.31993817619784,"stage2/raw_hard_mask_block2":"[0.0, 0.0, 1.0, 1.0, 1.0, 1.0, 1.0, 0.0, 1.0, 0.0, 1.0, 0.0, 1.0, 0.0, 0.0, 0.0, 1.0, 0.0, 0.0, 1.0, 1.0, 1.0, 0.0, 1.0, 0.0, 0.0, 0.0, 0.0, 1.0, 1.0, 0.0, 0.0, 0.0, 0.0, 0.0, 0.0, 0.0, 1.0, 1.0, 0.0, 1.0, 0.0, 0.0, 1.0, 0.0, 0.0, 0.0, 1.0, 1.0, 1.0, 0.0, 0.0, 0.0, 0.0, 0.0, 1.0, 0.0, 0.0, 0.0, 1.0, 0.0, 0.0, 0.0, 0.0]","stage2/block3_Pruned_%":75.78125,"stage2/val_acc":59.30715935334873}