{"stage":2,"stage2_test_f1":0.648700575193892,"params_after_pruning":16694,"stage1_checkpoint_path":"/home/qphan/master-thesis/models/stage1/fft/wear_best_model_subject1_val.pth","best_val_loss":0.8694169921844093,"_runtime":81,"val_acc":67.01476413395751,"_timestamp":1.77540695704621e+09,"Block3_Pruned_%":39.84375,"stage1_test_loss":0.6285200384583196,"Block4_Pruned_%":39.84375,"train_acc":75.2554139876139,"stage2_test_loss":0.7946742094711567,"stage1_test_acc":78.7017001545595,"Block2_Pruned_%":40.625,"_wandb":{"runtime":81},"params_before_pruning":36998,"stage2_channel_metadata_json":"{\"block2\": {\"kept_indices\": [2, 6, 7, 8, 10, 11, 12, 13, 16, 17, 20, 21, 22, 23, 24, 25, 27, 28, 29, 30, 35, 36, 37, 38, 39, 40, 42, 45, 46, 48, 49, 50, 51, 53, 54, 55, 58, 61], \"pruned_indices\": [0, 1, 3, 4, 5, 9, 14, 15, 18, 19, 26, 31, 32, 33, 34, 41, 43, 44, 47, 52, 56, 57, 59, 60, 62, 63], \"kept_count\": 38, \"pruned_count\": 26, \"total_channels\": 64}, \"block3\": {\"kept_indices\": [0, 1, 2, 3, 4, 6, 9, 11, 12, 13, 16, 19, 20, 21, 22, 23, 24, 25, 27, 28, 29, 30, 31, 32, 35, 36, 38, 39, 46, 47, 48, 50, 52, 53, 54, 58, 59, 60, 62, 63, 64, 66, 69, 71, 72, 73, 74, 75, 77, 78, 81, 82, 83, 84, 90, 91, 93, 94, 96, 98, 101, 103, 105, 106, 107, 108, 110, 111, 112, 113, 117, 118, 121, 122, 125, 126, 127], \"pruned_indices\": [5, 7, 8, 10, 14, 15, 17, 18, 26, 33, 34, 37, 40, 41, 42, 43, 44, 45, 49, 51, 55, 56, 57, 61, 65, 67, 68, 70, 76, 79, 80, 85, 86, 87, 88, 89, 92, 95, 97, 99, 100, 102, 104, 109, 114, 115, 116, 119, 120, 123, 124], \"kept_count\": 77, \"pruned_count\": 51, \"total_channels\": 128}, \"block4\": {\"kept_indices\": [3, 4, 8, 9, 10, 11, 12, 13, 14, 16, 17, 20, 21, 24, 28, 30, 31, 32, 35, 36, 37, 38, 39, 41, 42, 44, 45, 47, 48, 50, 52, 56, 58, 60, 61, 63, 64, 66, 67, 68, 69, 73, 74, 75, 76, 78, 81, 84, 87, 88, 90, 91, 92, 94, 95, 96, 97, 98, 99, 100, 101, 102, 105, 106, 109, 110, 111, 112, 113, 114, 117, 118, 121, 122, 123, 125, 126], \"pruned_indices\": [0, 1, 2, 5, 6, 7, 15, 18, 19, 22, 23, 25, 26, 27, 29, 33, 34, 40, 43, 46, 49, 51, 53, 54, 55, 57, 59, 62, 65, 70, 71, 72, 77, 79, 80, 82, 83, 85, 86, 89, 93, 103, 104, 107, 108, 115, 116, 119, 120, 124, 127], \"kept_count\": 77, \"pruned_count\": 51, \"total_channels\": 128}}","stage1_loaded_from_checkpoint":true,"epoch":27,"lr":0.0001,"_step":7,"stage1_test_f1":0.6782045044792259,"Total_Pruned_%":40,"train_loss":0.6606069882613593,"stage2_test_acc":70.1081916537867,"val_loss":0.8710261677768447}