{"stage5_test_loss":0.2840969888267295,"lr_gumbel_bin":0.001,"stage2/stage_number":2,"stage2/block4_Pruned_%":38.28125,"val_loss":0.13085529225721815,"stage1_test_f1":0.9239060078892737,"stage2/best_epoch":60,"final_channel_mask_block3":[1,0,1,1,1,1,1,0,1,1,1,1,1,1,1,1,0,0,0,1,0,0,0,0,1,0,0,1,1,1,1,1,1,1,0,1,1,1,0,1,0,0,0,0,1,0,0,1,0,1,0,0,0,0,1,1,0,0,0,1,0,0,0,1,1,0,0,0,1,0,1,0,0,1,1,0,1,0,0,1,0,0,0,1,1,0,1,0,1,0,1,0,1,1,1,0,1,1,0,1,0,0,0,0,1,1,0,0,1,1,1,1,1,0,0,0,1,0,1,0,1,0,0,0,0,0,1,1],"final_channel_mask_block4":[1,1,1,1,0,0,0,1,1,0,1,0,0,0,1,1,1,1,0,1,1,1,1,1,1,0,0,1,0,1,1,1,1,1,1,0,0,0,1,0,0,0,1,1,0,0,1,0,1,0,1,0,0,0,1,0,1,1,1,0,0,1,0,1,1,0,1,1,1,1,0,1,1,1,1,1,1,0,0,1,1,0,0,0,0,1,1,1,1,0,1,0,0,1,1,1,1,0,0,0,1,1,1,1,1,0,1,1,1,0,0,1,1,1,1,0,1,0,1,1,1,1,1,0,1,1,1,0],"lr_loaded_weights":0.0001,"stage2/final_mask_keep_ratio_block4":0.6171875,"stage2/mask_l1":0.5429397821426392,"stage2/block2_Pruned_%":35.9375,"val_acc":94.51697127937337,"stage5_test_f1":0.9105752896383777,"epoch":60,"mask_l1":0.3359375298023224,"stage1_test_acc":92.33118425517475,"stage_5_prunedseparableconvcnn/confusion_matrix_table":{"log_mode":"IMMUTABLE","path":"media/table/stage_5_prunedseparableconvcnn/confusion_matrix_table_35_6b26a205c8af59fc7905.table.json","_type":"table-file","ncols":3,"size":1367,"_latest_artifact_path":"wandb-client-artifact://wnd65vuvyxtb7h2f07i06suenzll3dug7t62v21d0g6zv0plvkzqym6vayukb5lnulhvv6bcwdcxymrpt8u26g7k6wndlrt702in2ii14rfy8ee92jxbxaatfenjy7pi:latest/stage_5_prunedseparableconvcnn/confusion_matrix_table.table.json","sha256":"6b26a205c8af59fc79059b7f1f4639cb32754ee04678cd64daa30b3217b054c8","artifact_path":"wandb-client-artifact://4jff3z0cbg9nbkcnv1shfvi6852z3are3tqm2fluj0joskriyjiiyj9wc8spmzgx2cgm41v11uqfn4hyowsmq9ka0mz8xqs742nrqi5trx1kg33myi2356qqr362u1ty/stage_5_prunedseparableconvcnn/confusion_matrix_table.table.json","nrows":36},"stage1/test_acc":92.33118425517475,"stage1/use_pretrain_model":false,"stage2/block3_Pruned_%":50,"lr_backbone":0.0001,"_wandb":{"runtime":69},"model_param_reduction_pct":57.77639145058045,"stage2/test_acc":87.78418730912793,"_step":36,"best_val_loss":0.11545274636422471,"stage2/raw_hard_mask_block2":"[1.0, 0.0, 1.0, 1.0, 0.0, 0.0, 1.0, 1.0, 1.0, 1.0, 0.0, 0.0, 0.0, 1.0, 1.0, 1.0, 1.0, 0.0, 1.0, 1.0, 0.0, 0.0, 1.0, 1.0, 0.0, 1.0, 1.0, 1.0, 1.0, 0.0, 1.0, 1.0, 0.0, 1.0, 1.0, 0.0, 1.0, 1.0, 0.0, 0.0, 0.0, 1.0, 1.0, 1.0, 1.0, 0.0, 1.0, 1.0, 0.0, 1.0, 0.0, 1.0, 0.0, 1.0, 1.0, 0.0, 1.0, 1.0, 1.0, 1.0, 1.0, 1.0, 0.0, 0.0]","stage1/test_loss":0.22055789638881276,"stage2/purpose":"train channel-pruning model with masking","_runtime":69,"stage2/final_mask_keep_ratio_block2":0.640625,"stage2/train_acc":78.50480700243938,"final_channel_mask_block2":[1,0,1,1,0,0,1,1,1,1,0,0,0,1,1,1,1,0,1,1,0,0,1,1,0,1,1,1,1,0,1,1,0,1,1,0,1,1,0,0,0,1,1,1,1,0,1,1,0,1,0,1,0,1,1,0,1,1,1,1,1,1,0,0],"train_acc":92.72492466637968,"stage_3_separableconvcnn/confusion_matrix_table":{"sha256":"2b5a0d841c6d32fa55b57fda8ba85855c9376fba1bbda1b5f6ae3c268da53caf","_type":"table-file","artifact_path":"wandb-client-artifact://ua4opxfk4l7l09q8ex3cfw5ugdf10t4mjj149rv778ws8zn04d6l397atkw4qg6wvfjbzjryj8rch6uo2jegriddo37rpddoql6y5gikenwxsajg0o551ewd4dendu57/stage_3_separableconvcnn/confusion_matrix_table.table.json","path":"media/table/stage_3_separableconvcnn/confusion_matrix_table_9_2b5a0d841c6d32fa55b5.table.json","log_mode":"IMMUTABLE","nrows":36,"_latest_artifact_path":"wandb-client-artifact://bvoozpb1xn58iqklkyh8chzwoe6f8yhk7l1w58994wosivfm1lnsbkxq8ilounvqqmcul9irjbzxlpgdc6tae5pjr90rd94ex9ui3sny1yart4ab0runef2yy12227pw:latest/stage_3_separableconvcnn/confusion_matrix_table.table.json","size":1367,"ncols":3},"stage2/lr_gumbel":0.001,"stage2/val_loss":0.28481717811251184,"stage1/test_f1":0.9239060078892737,"stage5_test_acc":91.04173736002714,"model_param_count_dense":36868,"hard_bin_mask":[1,1,1,1,1,1,1,1,1,1,1,1,1,1,1,1,1,1,1,1,1,1,1,1,1,1,1,1,1,0,0,1,0,0,1,0,1,1,0,0,0,0,0,1,1,1,1,1,1,0,0,1,0,0,1,1,1,1,0,0,0,0,0,0,0,0,0,0,0,1,1,0,0,0,0,0,0,0,0,0,0,0,0,0,0,0,0,1,0,0,1,0,0,0,1,0,0,0,0,1,1,1,0,0,0,0,0,0,0,0,0,0,0,0,0,0,0,0,0,0,0,0,0,0,0,0,0,0],"model_param_count_pruned":15567,"lr":0.001,"stage2/best_val_loss":0.28481717811251184,"stage2/test_loss":0.3974526966671635,"stage2/raw_hard_mask_block4":"[1.0, 1.0, 1.0, 1.0, 0.0, 0.0, 0.0, 1.0, 1.0, 0.0, 1.0, 0.0, 0.0, 0.0, 1.0, 1.0, 1.0, 1.0, 0.0, 1.0, 1.0, 1.0, 1.0, 1.0, 1.0, 0.0, 0.0, 1.0, 0.0, 1.0, 1.0, 1.0, 1.0, 1.0, 1.0, 0.0, 0.0, 0.0, 1.0, 0.0, 0.0, 0.0, 1.0, 1.0, 0.0, 0.0, 1.0, 0.0, 1.0, 0.0, 1.0, 0.0, 0.0, 0.0, 1.0, 0.0, 1.0, 1.0, 1.0, 0.0, 0.0, 1.0, 0.0, 1.0, 1.0, 0.0, 1.0, 1.0, 1.0, 1.0, 0.0, 1.0, 1.0, 1.0, 1.0, 1.0, 1.0, 0.0, 0.0, 1.0, 1.0, 0.0, 0.0, 0.0, 0.0, 1.0, 1.0, 1.0, 1.0, 0.0, 1.0, 0.0, 0.0, 1.0, 1.0, 1.0, 1.0, 0.0, 0.0, 0.0, 1.0, 1.0, 1.0, 1.0, 1.0, 0.0, 1.0, 1.0, 1.0, 0.0, 0.0, 1.0, 1.0, 1.0, 1.0, 0.0, 1.0, 0.0, 1.0, 1.0, 1.0, 1.0, 1.0, 0.0, 1.0, 1.0, 1.0, 0.0]","stage2/test_f1":0.8805706399112903,"stage2/val_acc":90.60052219321149,"stage":5,"stage_1_separableconvcnn/confusion_matrix_table":{"size":1368,"log_mode":"IMMUTABLE","_type":"table-file","nrows":36,"path":"media/table/stage_1_separableconvcnn/confusion_matrix_table_1_cc7b9f814993e0a95cb9.table.json","sha256":"cc7b9f814993e0a95cb917ba11f19db645c604b66bb7ffecd44ad2ccf6147a1e","_latest_artifact_path":"wandb-client-artifact://ktx7b6edb2zdj9718frwxdzfq907ynztqcn7vb8oey4dt865l2vvizhbrrwiysx94vm4dh5z4nmet5lvzoupnxb293btjei0h4kbjj53v5xvhyu655vkvizrzmg1bkt3:latest/stage_1_separableconvcnn/confusion_matrix_table.table.json","artifact_path":"wandb-client-artifact://s0qnxbsckyoa4zbx4hguduhw3sbtp9g82em0wedch0kcfvuwbqs3y7bc79dnr0nrwjzqexmcndgm9cggvrwmtu6l1004zsd2wcmf5lpixgjys8ijw9ddbf9nyq4idq74/stage_1_separableconvcnn/confusion_matrix_table.table.json","ncols":3},"stage2/final_mask_keep_ratio_block3":0.5,"stage2/train_loss":0.5595448238424735,"_timestamp":1.776709118424506e+09,"stage2/Total_Pruned_%":42.50000000000001,"stage2/raw_hard_mask_block3":"[1.0, 0.0, 1.0, 1.0, 1.0, 1.0, 1.0, 0.0, 1.0, 1.0, 1.0, 1.0, 1.0, 1.0, 1.0, 1.0, 0.0, 0.0, 0.0, 1.0, 0.0, 0.0, 0.0, 0.0, 1.0, 0.0, 0.0, 1.0, 1.0, 1.0, 1.0, 1.0, 1.0, 1.0, 0.0, 1.0, 1.0, 1.0, 0.0, 1.0, 0.0, 0.0, 0.0, 0.0, 1.0, 0.0, 0.0, 1.0, 0.0, 1.0, 0.0, 0.0, 0.0, 0.0, 1.0, 1.0, 0.0, 0.0, 0.0, 1.0, 0.0, 0.0, 0.0, 1.0, 1.0, 0.0, 0.0, 0.0, 1.0, 0.0, 1.0, 0.0, 0.0, 1.0, 1.0, 0.0, 1.0, 0.0, 0.0, 1.0, 0.0, 0.0, 0.0, 1.0, 1.0, 0.0, 1.0, 0.0, 1.0, 0.0, 1.0, 0.0, 1.0, 1.0, 1.0, 0.0, 1.0, 1.0, 0.0, 1.0, 0.0, 0.0, 0.0, 0.0, 1.0, 1.0, 0.0, 0.0, 1.0, 1.0, 1.0, 1.0, 1.0, 0.0, 0.0, 0.0, 1.0, 0.0, 1.0, 0.0, 1.0, 0.0, 0.0, 0.0, 0.0, 0.0, 1.0, 1.0]","stage2/lr_backbone":0.0001,"train_loss":0.16697332265131065,"stage1_test_loss":0.22055789638881276,"stage2/epoch":60}