{"stage":3,"_runtime":14,"stage2_hard_bin_mask_str":"[0.0, 0.0, 1.0, 1.0, 0.0, 0.0, 1.0, 1.0, 1.0, 1.0, 1.0, 1.0, 1.0, 1.0, 1.0, 1.0, 1.0, 0.0, 1.0, 1.0, 1.0, 1.0, 1.0, 1.0, 1.0, 1.0, 1.0, 1.0, 1.0, 0.0, 1.0, 1.0, 1.0, 1.0, 1.0, 1.0, 1.0, 1.0, 0.0, 1.0, 1.0, 1.0, 1.0, 1.0, 1.0, 1.0, 1.0, 1.0, 1.0, 1.0, 1.0, 1.0, 1.0, 1.0, 1.0, 1.0, 1.0, 1.0, 0.0, 1.0, 0.0, 0.0, 0.0, 1.0, 0.0, 0.0, 0.0, 0.0, 0.0, 0.0, 0.0, 0.0, 0.0, 0.0, 0.0, 0.0, 0.0, 0.0, 0.0, 0.0, 0.0, 0.0, 0.0, 0.0, 0.0, 0.0, 0.0, 0.0, 0.0, 0.0, 0.0, 0.0, 0.0, 0.0, 0.0, 0.0, 0.0, 0.0, 0.0, 0.0, 0.0, 0.0, 0.0, 0.0, 0.0, 0.0, 0.0, 0.0, 0.0, 0.0, 0.0, 0.0, 0.0, 0.0, 0.0, 0.0, 0.0, 0.0, 0.0, 0.0, 0.0, 0.0, 0.0, 0.0, 0.0, 0.0, 0.0, 0.0]","_step":8,"stage2_test_f1":0.8817217225681796,"train_acc":95.87790614748253,"best_val_loss":0.19454255338506965,"lr_gumbel_bin":0.001,"lr_backbone":0.0001,"lr":0.001,"stage3_test_f1":0.8947510977410862,"stage1_test_loss":0.4559599839993571,"stage1/test_loss":0.4559599839993571,"stage1_test_acc":89.85408890397014,"stage3_test_acc":89.34509670851713,"stage1_test_f1":0.8992012196111356,"stage2_test_acc":88.05564981336953,"val_acc":87.97653958944281,"stage_3_separableconvcnn/confusion_matrix_table":{"ncols":3,"_latest_artifact_path":"wandb-client-artifact://muvea3c61bfx8j94bjqllfg4c19aiinpimxzm6wc1sizx2tk1j85qpsuuzy6my36nyhmsb8coj6hneovteaf49xpk3imvswuin2ikdkonrq8bw9sfwq5l46u5zns0jsd:latest/stage_3_separableconvcnn/confusion_matrix_table.table.json","nrows":36,"size":1367,"log_mode":"IMMUTABLE","_type":"table-file","path":"media/table/stage_3_separableconvcnn/confusion_matrix_table_7_bf335331a2be1c3108ed.table.json","sha256":"bf335331a2be1c3108ed2008475e0cfeb3a52ffed8e05c0fcf2c6c64d866dde0","artifact_path":"wandb-client-artifact://civky7srt3jy00gxghrmm2tbiytomvp7ysdslo6ju5ddfubnb1etqiuxrbv0fwoay3jleh550ilacipamix2tsnafji3jbbasmbavd1xchltcc3nj3eqcez7nu3i6eo8/stage_3_separableconvcnn/confusion_matrix_table.table.json"},"stage3_test_loss":0.4302711812937295,"stage2_test_loss":0.506955695096155,"stage1/test_f1":0.8992012196111356,"mask_l1":0.265625,"bin_keep_ratio":0.4140625,"epoch":15,"stage1/test_acc":89.85408890397014,"val_loss":0.4350177199850159,"_wandb":{"runtime":14},"stage1/use_pretrain_model":false,"_timestamp":1.7764248958667686e+09,"stage_1_separableconvcnn/confusion_matrix_table":{"log_mode":"IMMUTABLE","size":1368,"nrows":36,"_latest_artifact_path":"wandb-client-artifact://eep9qhi2trlec5qv3vvm5lnv6djja67nklv6fedxvd457dh54l7r7x8sixwt3ftnm8u88r8jeta4ry97l3517ophhlfnqx8btkec9tj1xi6ysrvlonjfl2bkvvas75l7:latest/stage_1_separableconvcnn/confusion_matrix_table.table.json","_type":"table-file","ncols":3,"path":"media/table/stage_1_separableconvcnn/confusion_matrix_table_1_02c5a6fac2b98a2cce23.table.json","sha256":"02c5a6fac2b98a2cce23216035c71184f8282e95afab8b7a4923ed0654b10cea","artifact_path":"wandb-client-artifact://038n9nfx2rka1j9wrm1khgk2364ce590fxiuuwcrdz6f9ezurlknz1mvzurudna9fy8o4eo3as59v695v5i8gwzymiw0j64g4oas2wo2l591qi74decw50xgnlj14qwx/stage_1_separableconvcnn/confusion_matrix_table.table.json"},"train_loss":0.10130305286013881}