{"best_val_loss":1.122635930373317,"train_loss":0.51860637422108,"_runtime":56,"_step":7,"channels_block3":115,"stage3_channel_metadata_json":"{\"block2\": {\"kept_indices\": [0, 1, 2, 3, 4, 5, 6, 7, 8, 10, 11, 13, 14, 15, 16, 18, 19, 20, 21, 22, 23, 25, 26, 27, 28, 29, 31, 32, 33, 34, 35, 36, 37, 38, 39, 40, 41, 42, 43, 44, 45, 46, 47, 49, 50, 51, 52, 53, 54, 55, 56, 57, 58, 59, 60, 61, 62, 63], \"pruned_indices\": [9, 12, 17, 24, 30, 48], \"kept_count\": 58, \"pruned_count\": 6, \"total_channels\": 64}, \"block3\": {\"kept_indices\": [0, 1, 2, 5, 6, 7, 9, 11, 12, 13, 14, 15, 16, 17, 18, 19, 20, 21, 22, 23, 24, 25, 26, 27, 28, 29, 30, 31, 32, 33, 34, 35, 36, 38, 39, 40, 41, 42, 43, 44, 45, 46, 47, 48, 49, 50, 51, 52, 53, 54, 55, 56, 57, 58, 59, 60, 61, 62, 63, 64, 65, 66, 67, 68, 69, 70, 71, 72, 73, 74, 76, 78, 79, 80, 81, 82, 83, 84, 85, 86, 87, 88, 89, 90, 92, 94, 96, 97, 98, 99, 100, 101, 102, 103, 104, 106, 107, 108, 109, 110, 111, 112, 113, 114, 115, 116, 117, 118, 120, 121, 123, 124, 125, 126, 127], \"pruned_indices\": [3, 4, 8, 10, 37, 75, 77, 91, 93, 95, 105, 119, 122], \"kept_count\": 115, \"pruned_count\": 13, \"total_channels\": 128}, \"block4\": {\"kept_indices\": [0, 3, 4, 5, 6, 8, 9, 10, 11, 12, 13, 14, 15, 16, 17, 18, 19, 20, 21, 22, 24, 25, 26, 28, 29, 30, 31, 32, 33, 34, 35, 36, 38, 39, 40, 41, 42, 43, 44, 45, 46, 47, 48, 49, 50, 52, 53, 55, 56, 57, 58, 59, 60, 61, 62, 63, 64, 65, 66, 67, 68, 69, 70, 71, 72, 73, 74, 75, 77, 78, 79, 80, 81, 82, 84, 85, 86, 87, 88, 89, 90, 91, 92, 93, 94, 96, 97, 98, 99, 100, 101, 102, 103, 104, 105, 107, 108, 109, 110, 111, 112, 114, 115, 116, 117, 118, 119, 120, 121, 122, 123, 124, 125, 126, 127], \"pruned_indices\": [1, 2, 7, 23, 27, 37, 51, 54, 76, 83, 95, 106, 113], \"kept_count\": 115, \"pruned_count\": 13, \"total_channels\": 128}}","stage3_final_mask_json":"{\"block2\": [1.0, 1.0, 1.0, 1.0, 1.0, 1.0, 1.0, 1.0, 1.0, 0.0, 1.0, 1.0, 0.0, 1.0, 1.0, 1.0, 1.0, 0.0, 1.0, 1.0, 1.0, 1.0, 1.0, 1.0, 0.0, 1.0, 1.0, 1.0, 1.0, 1.0, 0.0, 1.0, 1.0, 1.0, 1.0, 1.0, 1.0, 1.0, 1.0, 1.0, 1.0, 1.0, 1.0, 1.0, 1.0, 1.0, 1.0, 1.0, 0.0, 1.0, 1.0, 1.0, 1.0, 1.0, 1.0, 1.0, 1.0, 1.0, 1.0, 1.0, 1.0, 1.0, 1.0, 1.0], \"block3\": [1.0, 1.0, 1.0, 0.0, 0.0, 1.0, 1.0, 1.0, 0.0, 1.0, 0.0, 1.0, 1.0, 1.0, 1.0, 1.0, 1.0, 1.0, 1.0, 1.0, 1.0, 1.0, 1.0, 1.0, 1.0, 1.0, 1.0, 1.0, 1.0, 1.0, 1.0, 1.0, 1.0, 1.0, 1.0, 1.0, 1.0, 0.0, 1.0, 1.0, 1.0, 1.0, 1.0, 1.0, 1.0, 1.0, 1.0, 1.0, 1.0, 1.0, 1.0, 1.0, 1.0, 1.0, 1.0, 1.0, 1.0, 1.0, 1.0, 1.0, 1.0, 1.0, 1.0, 1.0, 1.0, 1.0, 1.0, 1.0, 1.0, 1.0, 1.0, 1.0, 1.0, 1.0, 1.0, 0.0, 1.0, 0.0, 1.0, 1.0, 1.0, 1.0, 1.0, 1.0, 1.0, 1.0, 1.0, 1.0, 1.0, 1.0, 1.0, 0.0, 1.0, 0.0, 1.0, 0.0, 1.0, 1.0, 1.0, 1.0, 1.0, 1.0, 1.0, 1.0, 1.0, 0.0, 1.0, 1.0, 1.0, 1.0, 1.0, 1.0, 1.0, 1.0, 1.0, 1.0, 1.0, 1.0, 1.0, 0.0, 1.0, 1.0, 0.0, 1.0, 1.0, 1.0, 1.0, 1.0], \"block4\": [1.0, 0.0, 0.0, 1.0, 1.0, 1.0, 1.0, 0.0, 1.0, 1.0, 1.0, 1.0, 1.0, 1.0, 1.0, 1.0, 1.0, 1.0, 1.0, 1.0, 1.0, 1.0, 1.0, 0.0, 1.0, 1.0, 1.0, 0.0, 1.0, 1.0, 1.0, 1.0, 1.0, 1.0, 1.0, 1.0, 1.0, 0.0, 1.0, 1.0, 1.0, 1.0, 1.0, 1.0, 1.0, 1.0, 1.0, 1.0, 1.0, 1.0, 1.0, 0.0, 1.0, 1.0, 0.0, 1.0, 1.0, 1.0, 1.0, 1.0, 1.0, 1.0, 1.0, 1.0, 1.0, 1.0, 1.0, 1.0, 1.0, 1.0, 1.0, 1.0, 1.0, 1.0, 1.0, 1.0, 0.0, 1.0, 1.0, 1.0, 1.0, 1.0, 1.0, 0.0, 1.0, 1.0, 1.0, 1.0, 1.0, 1.0, 1.0, 1.0, 1.0, 1.0, 1.0, 0.0, 1.0, 1.0, 1.0, 1.0, 1.0, 1.0, 1.0, 1.0, 1.0, 1.0, 0.0, 1.0, 1.0, 1.0, 1.0, 1.0, 1.0, 0.0, 1.0, 1.0, 1.0, 1.0, 1.0, 1.0, 1.0, 1.0, 1.0, 1.0, 1.0, 1.0, 1.0, 1.0]}","params_after_pruning":31172,"val_loss":1.2501258644425337,"train_acc":80.94333273954437,"_wandb":{"runtime":56},"stage1_test_acc":78.78413189077794,"channels_block4":115,"stage_3_prunedseparableconvcnn/confusion_matrix_table":{"_type":"table-file","path":"media/table/stage_3_prunedseparableconvcnn/confusion_matrix_table_6_e284bc1be4cdeb8c1b08.table.json","artifact_path":"wandb-client-artifact://9kc1l5w7m4o96a0oj9e5c20fhhozew52ussjonchd5h2lrsp13nbbs0vvpggjuz22jp8k9xn4u47yfomygayoxqvhymantrvtv3ks2jzalq5lylruiqu46gzzjy3suzt/stage_3_prunedseparableconvcnn/confusion_matrix_table.table.json","nrows":64,"ncols":3,"_latest_artifact_path":"wandb-client-artifact://80q32u21o1hxa5tn0cj0k55ia88cu40uq5bqq7kzskkgck7qiow1wflsz345fa6o4f6hy3k3qfwwohdf9nd3uwex102x0s9up0fmsuz062cslzwuupcxz1s5ie5ex4s8:latest/stage_3_prunedseparableconvcnn/confusion_matrix_table.table.json","size":2013,"sha256":"e284bc1be4cdeb8c1b0849d29299e8c9087cc436d51de857ae839636caab55aa","log_mode":"IMMUTABLE"},"stage3_test_acc":70.63369397217929,"stage1_test_f1":0.6800136476036338,"lr":0.001,"stage":3,"params_before_pruning":36998,"epoch":17,"stage3_test_f1":0.6626130354499582,"stage_1_separableconvcnn/confusion_matrix_table":{"_type":"table-file","artifact_path":"wandb-client-artifact://yti014vkxv40pbnxdocva4gfnjiqmyp7q2b9zdbm592decyzjycent2ywxr54y1xxcv3y74lnwyeh72116glsnd4ca2nhna4ry6wpatfl013uhmqvroousyy0zsb2uyi/stage_1_separableconvcnn/confusion_matrix_table.table.json","path":"media/table/stage_1_separableconvcnn/confusion_matrix_table_0_22c73a0123b0ad491f7a.table.json","nrows":64,"size":2014,"_latest_artifact_path":"wandb-client-artifact://5s9jf7h5cv8bv2tyezguxj9avmi9m5sieroigmql6ft1h19hpl9xkw23w4z2ej1vzieciccx27fj4tc9yw38frwdqkjzevt5v48cystpybbge4apl3grde0rzji8zvy7:latest/stage_1_separableconvcnn/confusion_matrix_table.table.json","log_mode":"IMMUTABLE","sha256":"22c73a0123b0ad491f7a329715df7bd98ee64ccdfae8a04eeedeedfdab902393","ncols":3},"channels_block2":58,"val_acc":63.903924221921514,"_timestamp":1.7754248782342744e+09}