{"stage_1_separableconvcnn/confusion_matrix_table":{"log_mode":"IMMUTABLE","_type":"table-file","artifact_path":"wandb-client-artifact://8r3w98pe6juw27b3r51bgoq6pqu5fhsme3zoqjvpq9wveb8dwo0k0wu1ypn1sba5xo86xsd2832syxfmdm4znywe8znxsqwmlyhw8fvpek6x5ymc7sd7q1nfoifi8e8o/stage_1_separableconvcnn/confusion_matrix_table.table.json","_latest_artifact_path":"wandb-client-artifact://p29idxsfx7zb0b1w1jr7dd6j0rfeoxbcy0kixs3opc864l7hrf8spsq7ydzvxunz4z4j65a7zpqqi3nkau1q2jplerqqdz8pk5jqednwc52vpuvbsakxn2xvdql1xafw:latest/stage_1_separableconvcnn/confusion_matrix_table.table.json","size":2012,"sha256":"e70c3b0f3f7428dc218ea32dd842680068e66edea9ba4c3433785616c6535189","nrows":64,"ncols":3,"path":"media/table/stage_1_separableconvcnn/confusion_matrix_table_24_e70c3b0f3f7428dc218e.table.json"},"_step":24,"stage1_test_acc":80.74188562596599,"stage1_test_f1":0.7012513489781107,"stage1/stage_number":1,"stage1/test_acc":80.74188562596599,"test_loss":0.5897625558335471,"stage1/epoch":22,"test_f1_macro":0.7012513489781107,"_timestamp":1.7753030591861854e+09,"stage1/test_loss":0.5897625558335471,"best_epoch":12,"test_acc":80.74188562596599,"_wandb":{"runtime":91},"stage1/train_acc":72.2064154032038,"stage1/val_loss":0.6935660475327291,"stage1/val_acc":71.63972286374134,"stage1/test_f1":0.7012513489781107,"best_val_loss":0.6216777692112306,"stage1/lr":0.001,"stage1/best_val_loss":0.6216777692112306,"stage1/purpose":"train baseline model","stage1/use_pretrain_model":false,"stage1/train_loss":0.48253449845603025,"_runtime":91,"stage1_test_loss":0.5897625558335471}