{"stage1/test_acc":89.85408890397014,"lr_gumbel_bin":0.001,"stage1_test_f1":0.8992012196111356,"stage1/test_f1":0.8992012196111356,"_timestamp":1.776428179471819e+09,"_wandb":{"runtime":13},"stage2_test_loss":0.5582020779162099,"_runtime":13,"lr_backbone":0.0001,"stage1_test_loss":0.4559599839993571,"stage_1_separableconvcnn/confusion_matrix_table":{"path":"media/table/stage_1_separableconvcnn/confusion_matrix_table_1_02c5a6fac2b98a2cce23.table.json","log_mode":"IMMUTABLE","nrows":36,"_type":"table-file","_latest_artifact_path":"wandb-client-artifact://umriul5ld2y2dk22uoptj2fon9mvajazrzwhi69yybzjph2ufnlx9wujp2hie4aa6vzq8hf144zhvy4usf4paa29xemiec7uzre86gocpe9myl6msqiyybn0i6pnrqah:latest/stage_1_separableconvcnn/confusion_matrix_table.table.json","sha256":"02c5a6fac2b98a2cce23216035c71184f8282e95afab8b7a4923ed0654b10cea","ncols":3,"size":1368,"artifact_path":"wandb-client-artifact://ylxe4xxb7m47j5df6muhcylogk093k1qsgwspry5yplm7b1hydeuuvpxhgtwl8irjulowvgb4bpngju7j2fsla6e5oa9bf79i79g6cqfwhn7th1yynfn7hk08b4vre3s/stage_1_separableconvcnn/confusion_matrix_table.table.json"},"stage1/test_loss":0.4559599839993571,"stage_3_separableconvcnn/confusion_matrix_table":{"size":1368,"artifact_path":"wandb-client-artifact://qbmzjxjkal3f9wpoyfwdywhwr9ls0rnc0nkuo5fgl9mi34zkbixu5sxsb8fdrx4be2c698s1qfwwl2n4ngycemj12yl0qebcopd8eq7ffilxya2a1xyjw4s0529r50of/stage_3_separableconvcnn/confusion_matrix_table.table.json","_latest_artifact_path":"wandb-client-artifact://ohogd43s236ib1dwxuwjqzs60wmiziwbuaeocnoptsu21orvsiqs65hbseros7t6cb8cb54752xuq7np6in1njl9k512z7ace3tw4ot77ks5gtcd23ubsrq12b7j788h:latest/stage_3_separableconvcnn/confusion_matrix_table.table.json","_type":"table-file","nrows":36,"sha256":"2a90915ad62975f5915014c7672b15d709af0cc877eaae6ffe90fa8a9759965c","path":"media/table/stage_3_separableconvcnn/confusion_matrix_table_7_2a90915ad62975f59150.table.json","log_mode":"IMMUTABLE","ncols":3},"stage3_test_acc":90.32914828639294,"stage3_test_f1":0.9036018016492856,"stage2_test_f1":0.8673442594605222,"stage1/use_pretrain_model":false,"stage2_test_acc":86.66440447913132,"train_acc":95.32163742690058,"val_loss":0.41346845398397564,"stage1_test_acc":89.85408890397014,"lr":0.001,"mask_l1":0.265625,"train_loss":0.11032706692617165,"epoch":15,"bin_keep_ratio":0.390625,"stage3_test_loss":0.41417877300154804,"_step":8,"val_acc":88.56304985337243,"best_val_loss":0.29988964955128533,"stage2_hard_bin_mask_str":"[0.0, 0.0, 0.0, 0.0, 0.0, 0.0, 0.0, 1.0, 1.0, 1.0, 1.0, 1.0, 1.0, 1.0, 1.0, 1.0, 1.0, 1.0, 1.0, 1.0, 1.0, 1.0, 1.0, 1.0, 0.0, 0.0, 1.0, 1.0, 1.0, 1.0, 1.0, 1.0, 1.0, 1.0, 1.0, 1.0, 1.0, 1.0, 1.0, 1.0, 1.0, 1.0, 1.0, 1.0, 1.0, 1.0, 1.0, 1.0, 1.0, 1.0, 1.0, 1.0, 1.0, 1.0, 1.0, 1.0, 1.0, 0.0, 0.0, 1.0, 1.0, 0.0, 0.0, 0.0, 0.0, 0.0, 0.0, 0.0, 0.0, 0.0, 0.0, 0.0, 0.0, 0.0, 0.0, 0.0, 0.0, 0.0, 0.0, 0.0, 0.0, 0.0, 0.0, 0.0, 0.0, 0.0, 0.0, 0.0, 0.0, 0.0, 0.0, 0.0, 0.0, 0.0, 0.0, 0.0, 0.0, 0.0, 0.0, 0.0, 0.0, 0.0, 0.0, 0.0, 0.0, 0.0, 0.0, 0.0, 0.0, 0.0, 0.0, 0.0, 0.0, 0.0, 0.0, 0.0, 0.0, 0.0, 0.0, 0.0, 0.0, 0.0, 0.0, 0.0, 0.0, 0.0, 0.0, 0.0]","stage":3}