{"stage":3,"best_val_loss":0.10709214630236491,"_runtime":13,"stage2_test_f1":0.8972184255109955,"val_acc":95.15306122448979,"stage1/test_loss":0.27699259563869166,"train_acc":94.77011494252874,"epoch":15,"stage1/test_acc":91.21140142517815,"lr_gumbel_bin":0.001,"val_loss":0.1390819384743773,"_timestamp":1.7757796191376376e+09,"stage2_test_acc":89.58262639972854,"_wandb":{"runtime":13},"mask_l1":0.2421875,"stage2_test_loss":0.28798152535172855,"stage_3_separableconvcnn/confusion_matrix_table":{"_latest_artifact_path":"wandb-client-artifact://0pe91u9w02m212ihv8bjqpqkc1ihfqu5ulsampdf2gfl8kfn0vx5zlec1e3ewgelvgtrn698sf3ftz7rtnruz3gothfwzivkebejiccrzo8cptgrjsf4en8uohwl9nke:latest/stage_3_separableconvcnn/confusion_matrix_table.table.json","path":"media/table/stage_3_separableconvcnn/confusion_matrix_table_7_c70e63abf3fb847a1ec4.table.json","ncols":3,"_type":"table-file","nrows":36,"sha256":"c70e63abf3fb847a1ec4fa8b3ff6cdc0843685b156536763c4feb013053fb6cc","size":1367,"log_mode":"IMMUTABLE","artifact_path":"wandb-client-artifact://f8fv023evr6y6dnoprhhvr2gwqtiwwih83ginxd1vbpn7sefjhvw119n8hhnfuvdrwljey9fzps1zjdo4jlnpojqkrmwg526bpm6jcoazdvkcnlha4twk6n6cum5p8f6/stage_3_separableconvcnn/confusion_matrix_table.table.json"},"stage1/test_f1":0.9132177104627258,"bin_keep_ratio":0.3515625,"stage1_test_acc":91.21140142517815,"lr_backbone":0.0001,"_step":8,"stage_1_separableconvcnn/confusion_matrix_table":{"_latest_artifact_path":"wandb-client-artifact://zfloojx9m7k5o3lvlbuuke2np2khpwm70oifx9v88abamlz1rkuucgel0b8w85kj8q9wmrrfk13osygj4lgwrmcjjds82u1i3f87tia6hch1h05hnd97zwb1o92n3fff:latest/stage_1_separableconvcnn/confusion_matrix_table.table.json","nrows":36,"artifact_path":"wandb-client-artifact://t66yjhru4ng76d2obkgfyqaldp4xzr6jjieiyt2hrdsxdsr4x9hoai6ff3c7jyjazm080zbqa0i4p4k6o2xagae6zs92gnj99ckckvol70adojh8aufmpc8md898e59c/stage_1_separableconvcnn/confusion_matrix_table.table.json","ncols":3,"path":"media/table/stage_1_separableconvcnn/confusion_matrix_table_1_eaabbd91c2fcbfc0dc4f.table.json","size":1365,"_type":"table-file","log_mode":"IMMUTABLE","sha256":"eaabbd91c2fcbfc0dc4f5924d1d9d3fe20f202ed1f809cbeaab06d2907c3f585"},"train_loss":0.12139226246154171,"stage1_test_loss":0.27699259563869166,"lr":0.001,"stage1_test_f1":0.9132177104627258,"stage3_test_acc":89.54869358669833,"stage3_test_f1":0.8957745763066151,"stage1/use_pretrain_model":false,"stage2_hard_bin_mask_str":"[1.0, 1.0, 1.0, 1.0, 1.0, 1.0, 1.0, 1.0, 0.0, 0.0, 1.0, 1.0, 1.0, 1.0, 1.0, 1.0, 1.0, 0.0, 1.0, 1.0, 1.0, 0.0, 1.0, 1.0, 1.0, 1.0, 1.0, 0.0, 1.0, 0.0, 0.0, 0.0, 0.0, 0.0, 1.0, 0.0, 0.0, 1.0, 1.0, 0.0, 1.0, 1.0, 1.0, 0.0, 1.0, 1.0, 0.0, 0.0, 0.0, 1.0, 1.0, 0.0, 0.0, 1.0, 0.0, 0.0, 1.0, 1.0, 0.0, 0.0, 0.0, 1.0, 0.0, 0.0, 0.0, 0.0, 1.0, 0.0, 0.0, 0.0, 0.0, 0.0, 0.0, 0.0, 1.0, 1.0, 1.0, 1.0, 1.0, 0.0, 0.0, 0.0, 0.0, 0.0, 0.0, 0.0, 0.0, 0.0, 0.0, 0.0, 0.0, 0.0, 0.0, 0.0, 0.0, 0.0, 0.0, 0.0, 1.0, 0.0, 0.0, 0.0, 0.0, 0.0, 0.0, 0.0, 0.0, 0.0, 0.0, 0.0, 0.0, 0.0, 0.0, 0.0, 0.0, 0.0, 0.0, 0.0, 0.0, 0.0, 0.0, 0.0, 0.0, 0.0, 0.0, 0.0, 0.0, 0.0]","stage3_test_loss":0.3119493606492427}