{"_timestamp":1.7757690397860305e+09,"stage_3_separableconvcnn/confusion_matrix_table":{"nrows":36,"ncols":3,"_type":"table-file","sha256":"3aeca52062bd32950e0d73f8d51c520238096f76fd38df019fb899313d90f9b3","size":1368,"path":"media/table/stage_3_separableconvcnn/confusion_matrix_table_8_3aeca52062bd32950e0d.table.json","artifact_path":"wandb-client-artifact://xz06pfknzs6nit8bb9106y739lwkj5l9kzfbge6t0hxlai8vz3im70isgyymc3be9p8p3ef03h8zjy21f0y2lixx2vm132a6wkw9cirnddci8i3n8rg9rj7z3ila9amk/stage_3_separableconvcnn/confusion_matrix_table.table.json","log_mode":"IMMUTABLE","_latest_artifact_path":"wandb-client-artifact://m0vwpi3gydzqte9yln3xn22tkyatmpfwohxrdyoc7f5uesagm0tawa5elu88ur1g6z09z4vlib6l4s167a0yrkc0qy6ib2sxc2d8jlnrd1xo2iq1b8do3a1wjt2xd2pv:latest/stage_3_separableconvcnn/confusion_matrix_table.table.json"},"_step":9,"stage2_hard_bin_mask_str":"[1.0, 1.0, 1.0, 1.0, 1.0, 1.0, 1.0, 1.0, 1.0, 1.0, 1.0, 1.0, 1.0, 1.0, 0.0, 0.0, 1.0, 1.0, 1.0, 0.0, 0.0, 1.0, 0.0, 0.0, 0.0, 0.0, 0.0, 0.0, 0.0, 1.0, 0.0, 0.0, 0.0, 0.0, 0.0, 0.0, 0.0, 0.0, 0.0, 0.0, 0.0, 0.0, 0.0, 0.0, 0.0, 0.0, 0.0, 0.0, 0.0, 0.0, 0.0, 0.0, 0.0, 0.0, 0.0, 0.0, 0.0, 0.0, 0.0, 0.0, 0.0, 0.0, 0.0, 0.0, 0.0]","mask_l1":0.2153846174478531,"train_acc":93.5957780630438,"train_loss":0.148121337668691,"stage1_test_f1":0.9108162276968897,"lr_gumbel_bin":0.001,"val_loss":0.7172965171400053,"stage3_test_f1":0.8955860867624335,"epoch":20,"lr_backbone":0.0001,"best_val_loss":0.5845972995254651,"stage3_test_acc":89.48082796063794,"val_acc":79.76539589442815,"stage1/use_pretrain_model":false,"_wandb":{"runtime":15},"stage2_test_f1":0.8741748424580217,"stage1/test_acc":90.97387173396675,"_runtime":15,"stage":3,"stage3_test_loss":0.3191558863091031,"stage1_test_loss":0.2390684281721116,"stage1/test_loss":0.2390684281721116,"stage2_test_loss":0.35874993767615243,"lr":0.001,"bin_keep_ratio":0.29230770468711853,"stage2_test_acc":87.58059043094673,"stage1/test_f1":0.9108162276968897,"stage1_test_acc":90.97387173396675,"stage_1_separableconvcnn/confusion_matrix_table":{"sha256":"229f633e2f2ecf27ed30b24fb7f00befb11ff430a609ab630cf60411c308e839","path":"media/table/stage_1_separableconvcnn/confusion_matrix_table_1_229f633e2f2ecf27ed30.table.json","_type":"table-file","artifact_path":"wandb-client-artifact://41ka1yzje0fi0u5r7co4t7x1mdznrnu65ott4adtc6oleio41wyp32hices3hp0votcup8ookhkli23eeyz40bx17k6m4tjp8hm9xf07bf25v5x5e1il0r1ut4bdvcyf/stage_1_separableconvcnn/confusion_matrix_table.table.json","log_mode":"IMMUTABLE","nrows":36,"ncols":3,"size":1368,"_latest_artifact_path":"wandb-client-artifact://j277y5q6wiukv8hgz36czq64i6fv67nvnvilo28iwqa796zpmnudpzy6jsbda4egzsotq8ny82fld89r113ii51imwu0n0fv34lji3kwbbit0frv8z4hjh7deq3e6ifu:latest/stage_1_separableconvcnn/confusion_matrix_table.table.json"}}