{"stage1_test_loss":0.20342029849058735,"stage1/test_acc":92.36511706820495,"mask_l1":0.20000001788139343,"stage1_test_acc":92.36511706820495,"_runtime":22,"_wandb":{"runtime":22},"best_val_loss":0.1874679447748691,"bin_keep_ratio":0.23076923191547394,"stage1/test_loss":0.20342029849058735,"stage":3,"stage_3_separableconvcnn/confusion_matrix_table":{"_latest_artifact_path":"wandb-client-artifact://0qi1xj71di3xklgp5wjzllhcacrac3sz2xwk65jm0nlphvgmsm0jwcq9m260zo6j16hmyhmuu9ocl54k9l1n1gjp9brnl5j9a2ddteeojvmx5nw7cfbs0q5prx29otr7:latest/stage_3_separableconvcnn/confusion_matrix_table.table.json","artifact_path":"wandb-client-artifact://voctb01s4sskerrskmcam18us7wnxsd44f6ehtohe4wmtr51ggx7k6qw6v5eea6a13vk93x10a22qprwoi3esfxlgm2yigh6itemzjoni70e5pw7ahjr3ktzgqos6vem/stage_3_separableconvcnn/confusion_matrix_table.table.json","log_mode":"IMMUTABLE","size":1367,"path":"media/table/stage_3_separableconvcnn/confusion_matrix_table_12_bf263facb17bd479cbd1.table.json","_type":"table-file","sha256":"bf263facb17bd479cbd1d460616826b0f9b3e848bff4655c65b59569b86d7ba3","nrows":36,"ncols":3},"val_loss":0.23074174604522107,"val_acc":91.64490861618799,"stage3_test_f1":0.9013827841535562,"stage2_test_loss":0.2939669467742019,"stage1/use_pretrain_model":false,"stage3_test_acc":90.05768578215134,"stage1_test_f1":0.9252008010887307,"lr":0.001,"stage3_test_loss":0.2918859047527858,"stage2_test_f1":0.8830537685828072,"_timestamp":1.7757695710624897e+09,"lr_gumbel_bin":0.001,"lr_backbone":0.0001,"train_loss":0.17526917968227046,"train_acc":92.35184388004018,"stage2_test_acc":88.25924669155073,"epoch":20,"stage2_hard_bin_mask_str":"[1.0, 1.0, 1.0, 1.0, 1.0, 1.0, 1.0, 1.0, 1.0, 1.0, 1.0, 1.0, 1.0, 0.0, 1.0, 1.0, 0.0, 0.0, 0.0, 0.0, 0.0, 0.0, 0.0, 0.0, 0.0, 0.0, 0.0, 0.0, 0.0, 0.0, 0.0, 0.0, 0.0, 0.0, 0.0, 0.0, 0.0, 0.0, 0.0, 0.0, 0.0, 0.0, 0.0, 0.0, 0.0, 0.0, 0.0, 0.0, 0.0, 0.0, 0.0, 0.0, 0.0, 0.0, 0.0, 0.0, 0.0, 0.0, 0.0, 0.0, 0.0, 0.0, 0.0, 0.0, 0.0]","stage1/test_f1":0.9252008010887307,"stage_1_separableconvcnn/confusion_matrix_table":{"size":1366,"path":"media/table/stage_1_separableconvcnn/confusion_matrix_table_1_fbad1ffa9e4a698441e6.table.json","log_mode":"IMMUTABLE","ncols":3,"_latest_artifact_path":"wandb-client-artifact://v8kl1jymdb4944hxa3ds4tv3fbly9u2kjnz5sg6q164c891xe5d6wy85mj8i25sghaq8jhysoh2kyfo3v5ar5pn2dm6q1miznw0xacenesfljlau36xocl7j8q1g2p9m:latest/stage_1_separableconvcnn/confusion_matrix_table.table.json","artifact_path":"wandb-client-artifact://xlhvja8uq04ejtmzrfo4xh9ppwr80vq1nxts6wb9lg1rwv443a26mwmg45toxmnvv73ofgyw4jj4t58yunf1uvhue0c5xy14wwv2y08fx84hheovyqs8loxex84bpxbv/stage_1_separableconvcnn/confusion_matrix_table.table.json","nrows":36,"sha256":"fbad1ffa9e4a698441e6c4034ec7cba260dd5a39d3fe7b34b8c33c001509fe53","_type":"table-file"},"_step":13}