{"lr_gumbel_bin":0.001,"stage2_test_loss":0.3881404536594847,"stage1_test_f1":0.8961242757189599,"stage_3_separableconvcnn/confusion_matrix_table":{"_latest_artifact_path":"wandb-client-artifact://ym8ia6zzgexvfh27hi3xbxttanwtfls733ewe1pm0pcyc8v8td86gqktnfikw4hqsd90yyxh1zbfodq7r1y8tixcow0ymyoyvc28hcwcviw58yypdg05e7ps4a12fdsa:latest/stage_3_separableconvcnn/confusion_matrix_table.table.json","_type":"table-file","sha256":"b8535ffc7f5ab79a28b049854c980303869038852e15c5ab8eae5fbc3f7d0843","size":1366,"ncols":3,"nrows":36,"log_mode":"IMMUTABLE","path":"media/table/stage_3_separableconvcnn/confusion_matrix_table_7_b8535ffc7f5ab79a28b0.table.json","artifact_path":"wandb-client-artifact://77sz2ow8zg07ilipo446zgsfrt71el0udhmht4p5yvhdbasmxxxeaz3byc1q2i2hto8hg2ahrfwdde8x9ez3qmljawvlff94jr7u8hchxbs5ihuzwzfd3q7nwj7zdipn/stage_3_separableconvcnn/confusion_matrix_table.table.json"},"bin_keep_ratio":0.2890625,"stage3_test_f1":0.8748984544147719,"stage2_test_f1":0.8771885831226718,"stage1/test_f1":0.8961242757189599,"val_acc":77.53164556962025,"train_acc":92.26833428084139,"stage1/use_pretrain_model":false,"stage2_test_acc":87.51272480488632,"stage_1_separableconvcnn/confusion_matrix_table":{"path":"media/table/stage_1_separableconvcnn/confusion_matrix_table_1_6e0f583a980f4a62f8a4.table.json","nrows":36,"_type":"table-file","ncols":3,"_latest_artifact_path":"wandb-client-artifact://dpuictborkisa0zxa2ymv0vzpmutsxt2oafya7cii5fr7ohcgatkybs90qz74ivumgqgdmpnu6d7tc2n41da6za4ofq1h11emxyu4mfshh5bhxrt034scz1jxhp2odiz:latest/stage_1_separableconvcnn/confusion_matrix_table.table.json","log_mode":"IMMUTABLE","sha256":"6e0f583a980f4a62f8a486c70ad35b762f0b913d7d32e7115e69715abc10ca24","size":1367,"artifact_path":"wandb-client-artifact://skr3czwjp9gv5wmuj2vw4axrrww7hlu4u4rbjyqed1j7zaura6ofk4hw50x1kcjbmfvsdjzskpcuxnxi5pm31vqqshun99u910wbso1gksggbko9uuhuemc7kr7eb47a/stage_1_separableconvcnn/confusion_matrix_table.table.json"},"train_loss":0.18098048238912856,"stage3_test_acc":87.41092636579573,"_wandb":{"runtime":13},"mask_l1":0.0546875037252903,"stage1/test_loss":0.30762790839500526,"_step":8,"_timestamp":1.77643080726278e+09,"val_loss":0.7316783027625068,"stage":3,"_runtime":13,"stage1/test_acc":89.61655921275874,"stage3_test_loss":0.41932536354386424,"stage1_test_acc":89.61655921275874,"epoch":15,"best_val_loss":0.21638031093303492,"lr":0.001,"stage1_test_loss":0.30762790839500526,"lr_backbone":0.0001,"stage2_hard_bin_mask_str":"[0.0, 0.0, 0.0, 0.0, 0.0, 1.0, 1.0, 1.0, 0.0, 1.0, 1.0, 1.0, 1.0, 0.0, 1.0, 1.0, 1.0, 1.0, 0.0, 1.0, 0.0, 0.0, 1.0, 1.0, 0.0, 1.0, 0.0, 0.0, 0.0, 0.0, 1.0, 1.0, 0.0, 0.0, 0.0, 1.0, 1.0, 0.0, 1.0, 1.0, 1.0, 1.0, 0.0, 1.0, 0.0, 1.0, 1.0, 1.0, 1.0, 1.0, 1.0, 1.0, 1.0, 1.0, 1.0, 0.0, 0.0, 0.0, 1.0, 1.0, 0.0, 0.0, 1.0, 0.0, 0.0, 0.0, 0.0, 0.0, 0.0, 0.0, 0.0, 0.0, 0.0, 0.0, 0.0, 0.0, 0.0, 0.0, 0.0, 0.0, 0.0, 0.0, 0.0, 0.0, 0.0, 0.0, 0.0, 0.0, 0.0, 0.0, 0.0, 0.0, 0.0, 0.0, 0.0, 0.0, 0.0, 0.0, 0.0, 0.0, 0.0, 0.0, 0.0, 0.0, 0.0, 0.0, 0.0, 0.0, 0.0, 0.0, 0.0, 0.0, 0.0, 0.0, 0.0, 0.0, 0.0, 0.0, 0.0, 0.0, 0.0, 0.0, 0.0, 0.0, 0.0, 0.0, 0.0, 0.0]"}