{"stage2_test_loss":0.3793597983296311,"stage1/test_loss":0.3393576698681941,"stage3_test_loss":0.33904889774790636,"_runtime":17,"stage2_hard_bin_mask_str":"[0.0, 0.0, 1.0, 1.0, 1.0, 1.0, 1.0, 1.0, 1.0, 1.0, 1.0, 1.0, 1.0, 1.0, 1.0, 1.0, 1.0, 1.0, 1.0, 1.0, 1.0, 1.0, 1.0, 1.0, 1.0, 1.0, 1.0, 1.0, 1.0, 1.0, 1.0, 1.0, 1.0, 1.0, 1.0, 1.0, 1.0, 1.0, 1.0, 1.0, 1.0, 1.0, 1.0, 1.0, 1.0, 1.0, 1.0, 1.0, 1.0, 1.0, 1.0, 1.0, 1.0, 1.0, 1.0, 1.0, 1.0, 1.0, 1.0, 1.0, 1.0, 1.0, 1.0, 1.0, 0.0, 0.0, 0.0, 0.0, 0.0, 0.0, 0.0, 0.0, 0.0, 0.0, 0.0, 0.0, 0.0, 0.0, 0.0, 0.0, 0.0, 0.0, 0.0, 0.0, 0.0, 0.0, 0.0, 0.0, 0.0, 0.0, 0.0, 0.0, 0.0, 0.0, 0.0, 0.0, 0.0, 0.0, 0.0, 0.0, 0.0, 0.0, 0.0, 0.0, 0.0, 0.0, 0.0, 0.0, 0.0, 0.0, 0.0, 0.0, 0.0, 0.0, 0.0, 0.0, 0.0, 0.0, 0.0, 0.0, 0.0, 0.0, 0.0, 0.0, 0.0, 0.0, 0.0, 0.0]","stage1/use_pretrain_model":false,"bin_keep_ratio":0.484375,"stage3_test_acc":92.16152019002375,"val_loss":1.1694014970272417,"stage2_test_f1":0.9124225777958658,"stage2_test_acc":91.07567017305735,"stage1/test_f1":0.9144772340727608,"stage":3,"lr_backbone":0.0001,"stage1_test_f1":0.9144772340727608,"stage1_test_acc":91.24533423820834,"best_val_loss":0.12382266976225648,"stage1_test_loss":0.3393576698681941,"_wandb":{"runtime":17},"stage_3_separableconvcnn/confusion_matrix_table":{"sha256":"6d3f61c437968607409dbe6bc6c1976aa4b60e3fb37f91d300d5def4e1839898","log_mode":"IMMUTABLE","_latest_artifact_path":"wandb-client-artifact://d4za34972a3rk1x849si8f58ot295ca583e9qj6bhe347huni6e1zhoigg2zsm1gdlbnuyq3tetzp9r9ktr7pp48wffey6dhio5qe92174vx2t10m0op4n79s6zhc3rc:latest/stage_3_separableconvcnn/confusion_matrix_table.table.json","_type":"table-file","ncols":3,"size":1366,"artifact_path":"wandb-client-artifact://a88gxkcq1j0cpy6bbunpjyd05skbred5pyc9rbvaxohe0qzclrzeapl2jve43ngr6hcinaxxht8kkn13yvvj1kydiivdsw4wn4uzjna087xryugame8tworviza21dzf/stage_3_separableconvcnn/confusion_matrix_table.table.json","path":"media/table/stage_3_separableconvcnn/confusion_matrix_table_8_6d3f61c437968607409d.table.json","nrows":36},"val_acc":80.0711743772242,"stage3_test_f1":0.9228380123858243,"epoch":10,"stage1/test_acc":91.24533423820834,"_timestamp":1.7757759652205303e+09,"train_acc":96.15330222033658,"lr_gumbel_bin":0.001,"_step":9,"stage_1_separableconvcnn/confusion_matrix_table":{"sha256":"664cf793b2fa786236774bb749846c1cb5ed9bdb1154b6b86916ab2731fb7a5c","log_mode":"IMMUTABLE","path":"media/table/stage_1_separableconvcnn/confusion_matrix_table_1_664cf793b2fa78623677.table.json","size":1365,"nrows":36,"artifact_path":"wandb-client-artifact://eytlaazo4la44lio21q89w1840h2binnycka99fdiqx1r45343hu4230wk3p7h7lr2le9yssbepx4z4cmssblrdg0plffnqgqa2svvmu93z0etw4zr1e55lp74vsd952/stage_1_separableconvcnn/confusion_matrix_table.table.json","_latest_artifact_path":"wandb-client-artifact://iwez4k40nn4y2mitblwv7bxh8hovlrq2hv70b1xssj93fjob5e5grfakywk75etmzh16w99o4dwxjdyzvuvdr21pycg3uejjrznqndaoo9x9dxsl8n2ncjad11r32onn:latest/stage_1_separableconvcnn/confusion_matrix_table.table.json","_type":"table-file","ncols":3},"train_loss":0.09301825604880821,"mask_l1":0.4140625,"lr":0.001}