{"stage2/raw_hard_mask_block3":"[0.0, 1.0, 1.0, 1.0, 0.0, 1.0, 1.0, 0.0, 0.0, 1.0, 0.0, 0.0, 1.0, 1.0, 0.0, 0.0, 1.0, 1.0, 0.0, 1.0, 0.0, 1.0, 1.0, 0.0, 1.0, 0.0, 1.0, 1.0, 1.0, 1.0, 1.0, 1.0, 0.0, 0.0, 1.0, 1.0, 1.0, 0.0, 1.0, 1.0, 0.0, 1.0, 0.0, 1.0, 1.0, 1.0, 0.0, 0.0, 1.0, 0.0, 0.0, 1.0, 1.0, 0.0, 0.0, 0.0, 1.0, 1.0, 1.0, 1.0, 1.0, 0.0, 0.0, 1.0, 1.0, 0.0, 0.0, 0.0, 1.0, 1.0, 1.0, 0.0, 1.0, 1.0, 0.0, 1.0, 1.0, 0.0, 1.0, 1.0, 1.0, 1.0, 1.0, 1.0, 1.0, 1.0, 0.0, 0.0, 1.0, 1.0, 1.0, 1.0, 0.0, 0.0, 0.0, 0.0, 1.0, 1.0, 1.0, 1.0, 1.0, 1.0, 1.0, 0.0, 0.0, 0.0, 1.0, 1.0, 1.0, 1.0, 1.0, 1.0, 1.0, 1.0, 1.0, 0.0, 0.0, 0.0, 0.0, 1.0, 1.0, 1.0, 0.0, 1.0, 0.0, 1.0, 1.0, 0.0]","stage2/final_mask_keep_ratio_block4":0.6484375,"stage2/final_mask_keep_ratio_block3":0.625,"stage2_test_loss":0.4880001518117219,"val_acc":95.65217391304348,"stage2/raw_hard_mask_block4":"[0.0, 1.0, 1.0, 1.0, 1.0, 1.0, 1.0, 1.0, 1.0, 1.0, 1.0, 1.0, 1.0, 1.0, 1.0, 1.0, 0.0, 1.0, 0.0, 1.0, 1.0, 1.0, 1.0, 1.0, 1.0, 1.0, 0.0, 1.0, 0.0, 1.0, 1.0, 0.0, 1.0, 1.0, 1.0, 0.0, 1.0, 0.0, 0.0, 1.0, 0.0, 1.0, 1.0, 0.0, 1.0, 0.0, 0.0, 0.0, 0.0, 0.0, 1.0, 1.0, 1.0, 1.0, 0.0, 0.0, 0.0, 1.0, 1.0, 1.0, 0.0, 1.0, 1.0, 0.0, 1.0, 0.0, 1.0, 0.0, 1.0, 1.0, 0.0, 0.0, 1.0, 0.0, 0.0, 1.0, 0.0, 0.0, 1.0, 0.0, 1.0, 1.0, 1.0, 0.0, 1.0, 1.0, 1.0, 1.0, 0.0, 1.0, 1.0, 1.0, 1.0, 1.0, 1.0, 0.0, 0.0, 0.0, 1.0, 1.0, 1.0, 1.0, 0.0, 1.0, 0.0, 1.0, 1.0, 1.0, 1.0, 1.0, 1.0, 1.0, 1.0, 0.0, 0.0, 0.0, 0.0, 1.0, 0.0, 1.0, 0.0, 1.0, 1.0, 1.0, 1.0, 1.0, 0.0, 0.0]","stage2/purpose":"train channel-pruning model with masking","stage2/Total_Pruned_%":35,"stage2_test_f1":0.8775523300346655,"model_param_count_dense":36868,"stage2/final_mask_keep_ratio_block2":0.703125,"stage1/use_pretrain_model":false,"stage":3,"model_param_count_pruned":18619,"model_param_count":18619,"stage2/best_val_loss":0.12056730707864398,"lr_loaded_weights":0.0001,"model_param_reduction_pct":49.49820982966258,"stage3_test_f1":0.939198690717325,"stage2/epoch":20,"stage2/best_epoch":13,"val_loss":0.0904497121422458,"stage2/block2_Pruned_%":29.6875,"block3_Pruned_%":37.5,"stage1/test_loss":0.323623392208538,"stage1/test_acc":93.31523583305056,"stage2_test_acc":87.75025449609772,"stage2/mask_l1":0.5004943609237671,"train_loss":0.05254009439431788,"stage_3_prunedseparableconvcnn/confusion_matrix_table":{"sha256":"0160fe08f1f7e933ff2efa628817c53d5b28e0431ebfbdd12b868a26ccc240ee","artifact_path":"wandb-client-artifact://vd9cvi7eusw3hoqe0s7nkd60qokve6yyzrzyp0mk6736q4dbwrviqavkt7gj8xzbyzros6uus6h8g47q64yvz3chppxjc0kto7orpqfj370mcw7x5pjc7gfcnki5bm91/stage_3_prunedseparableconvcnn/confusion_matrix_table.table.json","log_mode":"IMMUTABLE","ncols":3,"_type":"table-file","size":1363,"_latest_artifact_path":"wandb-client-artifact://85798zmns46wlxfuruwatityslx7vjvx374cumppricl31rgijgz649u33f713m1cikpqe3eeuvqj6bs7pxb0jw27ohbf95s3ek8d8yq8dwmhsj496qyub1f4cbseezt:latest/stage_3_prunedseparableconvcnn/confusion_matrix_table.table.json","nrows":36,"path":"media/table/stage_3_prunedseparableconvcnn/confusion_matrix_table_15_0160fe08f1f7e933ff2e.table.json"},"stage2/block3_Pruned_%":37.5,"stage2/test_loss":0.4880001518117219,"stage1_test_acc":93.31523583305056,"stage3_test_acc":93.89209365456396,"final_summary_log_path":"/home/qphan/master-thesis/models/uci_best_model_three_stage_channel_subject17_val_final_summary_val_17.txt","block2_Pruned_%":29.6875,"stage2/test_f1":0.8775523300346655,"stage2/train_acc":90.06300114547537,"_wandb":{"runtime":28},"epoch":40,"_timestamp":1.7768007749006677e+09,"stage2/block4_Pruned_%":35.15625,"stage2/raw_hard_mask_block2":"[1.0, 1.0, 1.0, 0.0, 0.0, 1.0, 0.0, 1.0, 1.0, 1.0, 0.0, 0.0, 1.0, 1.0, 1.0, 1.0, 1.0, 1.0, 0.0, 1.0, 1.0, 1.0, 1.0, 0.0, 0.0, 1.0, 0.0, 1.0, 1.0, 1.0, 1.0, 1.0, 1.0, 1.0, 1.0, 1.0, 1.0, 1.0, 1.0, 0.0, 1.0, 0.0, 1.0, 0.0, 0.0, 1.0, 0.0, 1.0, 0.0, 1.0, 0.0, 1.0, 1.0, 1.0, 1.0, 1.0, 1.0, 1.0, 1.0, 0.0, 1.0, 1.0, 0.0, 0.0]","stage2/train_loss":0.6659679564413746,"stage1/test_f1":0.9328057435477168,"block4_Pruned_%":35.15625,"_step":17,"stage1_test_loss":0.323623392208538,"stage_1_separableconvcnn/confusion_matrix_table":{"size":1362,"_type":"table-file","sha256":"584d6812cec90805ffa3b964a659510c4e80ab4951b3b837721f8a5805c825f8","nrows":36,"artifact_path":"wandb-client-artifact://eucqsxroaujgumipu9ibqmwokx3u4botjsrgajz7lpa0emauvtd9hldprfsuxzwg26vfpsihsn4t79xryafe0up6g9u271fm9jp2nyhv88pxrufn8jsp2as92b0ably1/stage_1_separableconvcnn/confusion_matrix_table.table.json","log_mode":"IMMUTABLE","ncols":3,"path":"media/table/stage_1_separableconvcnn/confusion_matrix_table_1_584d6812cec90805ffa3.table.json","_latest_artifact_path":"wandb-client-artifact://ilzxbctjt2oxsjwidazu0plqhm4c1z4836dosqszf5turqijgegg5cx5eyle5urjkfa2746xq1iobzx8ej4jh50ni8hypn8dviklzxam3lbedtsivsse5gugg98ybroo:latest/stage_1_separableconvcnn/confusion_matrix_table.table.json"},"stage2/val_acc":91.57608695652173,"Total_Pruned_%":35,"train_acc":97.4942726231386,"best_val_loss":0.048512285040606395,"stage1_test_f1":0.9328057435477168,"stage2/lr_gumbel":0.001,"stage2/val_loss":0.16290173074736705,"stage3_test_loss":0.28190991957441686,"stage2/stage_number":2,"stage2/test_acc":87.75025449609772,"stage2/lr_backbone":0.0001,"_runtime":28}