{"stage":3,"stage2_hard_bin_mask_str":"[1.0, 1.0, 1.0, 1.0, 1.0, 1.0, 1.0, 1.0, 1.0, 1.0, 1.0, 1.0, 1.0, 1.0, 1.0, 1.0, 1.0, 1.0, 1.0, 1.0, 1.0, 1.0, 1.0, 1.0, 1.0, 0.0, 0.0, 1.0, 0.0, 0.0, 1.0, 1.0, 0.0, 0.0, 0.0, 0.0, 0.0, 0.0, 0.0, 0.0, 0.0, 0.0, 0.0, 0.0, 0.0, 0.0, 0.0, 0.0, 0.0, 0.0, 0.0, 0.0, 0.0, 0.0, 0.0, 0.0, 0.0, 0.0, 0.0, 0.0, 0.0, 0.0, 0.0, 0.0, 0.0]","stage2_test_acc":91.41499830335935,"train_acc":92.95974967998862,"_wandb":{"runtime":31},"stage1/test_acc":90.22734984730234,"stage1_test_f1":0.9037190950512649,"stage2_test_f1":0.9144848569621171,"lr":0.001,"stage2_test_loss":0.2295148087882547,"epoch":10,"mask_l1":0.4153846204280853,"lr_gumbel_bin":0.001,"stage_1_separableconvcnn/confusion_matrix_table":{"ncols":3,"artifact_path":"wandb-client-artifact://vnqmqnvtfoi774hy12awieyt8f8ht0u9piyfhw0nzshel5z4kharbxglbfvhl75msxwnouz4brdigihukl1poprjpotrtpgl6lty9jle8yweotc4yk97uhi54mkf3gbw/stage_1_separableconvcnn/confusion_matrix_table.table.json","path":"media/table/stage_1_separableconvcnn/confusion_matrix_table_1_31b4d710340281842bc3.table.json","size":1367,"sha256":"31b4d710340281842bc3d2b1af8a24bfe054234d3b8904d2d088c9b15086d181","_latest_artifact_path":"wandb-client-artifact://4lle3uhwzdkrwadahzh9a9g8qoqivrmpq9844nwupik713o5fo9pfpmd57hh94dzk70q1bkoa3c8t5etcs5zm10vr4m37djurwgdtu4k6774vueodvae997kbnrkqk49:latest/stage_1_separableconvcnn/confusion_matrix_table.table.json","log_mode":"IMMUTABLE","_type":"table-file","nrows":36},"best_val_loss":0.13952542168329066,"train_loss":0.1634056775322969,"_timestamp":1.7757672249645667e+09,"stage1/test_f1":0.9037190950512649,"_runtime":31,"stage_3_separableconvcnn/confusion_matrix_table":{"nrows":36,"ncols":3,"sha256":"5fd125fc20da62280a1b9faedae15113fc104421f7551063d517097072d5f16b","artifact_path":"wandb-client-artifact://etmgb66cy1uhejlqfuqvvwm17wq8aflhk75lw66xdapllsap26qx8645mchw3ypswawcbd4bnoy9m257g4tec3jk0dwgw9ywg2zpbfvz83h1zi4mvkqhndqh3znncvj6/stage_3_separableconvcnn/confusion_matrix_table.table.json","_type":"table-file","_latest_artifact_path":"wandb-client-artifact://vk4r61c6gkkwb2rrrb59gc8e1cvvyjtiofol7ihafa63hqna4ulqqpmzoyz3kbwkeznls84l5vbz0sspq107godp11gzyh3762triqvlqkvwfpwuy6jonq114w7iiqc0:latest/stage_3_separableconvcnn/confusion_matrix_table.table.json","size":1365,"path":"media/table/stage_3_separableconvcnn/confusion_matrix_table_16_5fd125fc20da62280a1b.table.json","log_mode":"IMMUTABLE"},"bin_keep_ratio":0.4307692348957062,"stage1_test_acc":90.22734984730234,"stage1_test_loss":0.25042668238587484,"stage3_test_acc":91.24533423820834,"_step":17,"stage1/use_pretrain_model":false,"stage1/test_loss":0.25042668238587484,"stage3_test_loss":0.23833428159952652,"val_loss":0.1573389569454104,"val_acc":94.0809968847352,"stage3_test_f1":0.913622556611568,"lr_backbone":0.0001}