{"stage2/test_loss":0.6564524326970563,"stage3_test_loss":0.5856361845837371,"lr_loaded_weights":0.0001,"stage2/stage_number":2,"stage2_test_acc":79.29933024214323,"model_param_count_pruned":18800,"_wandb":{"runtime":214},"_timestamp":1.775326660455051e+09,"stage2/train_acc":60.70718877849211,"block3_Pruned_%":46.09375,"stage2/block4_Pruned_%":25.78125,"stage2/best_val_loss":0.6715265752209403,"stage2/block3_Pruned_%":46.09375,"model_param_count_dense":36998,"stage2/raw_hard_mask_block2":"[1.0, 0.0, 1.0, 0.0, 0.0, 1.0, 0.0, 1.0, 1.0, 1.0, 1.0, 1.0, 0.0, 1.0, 1.0, 1.0, 1.0, 1.0, 0.0, 1.0, 0.0, 1.0, 1.0, 0.0, 1.0, 1.0, 1.0, 1.0, 0.0, 1.0, 1.0, 1.0, 0.0, 1.0, 0.0, 1.0, 1.0, 0.0, 1.0, 1.0, 1.0, 1.0, 0.0, 1.0, 1.0, 0.0, 1.0, 1.0, 0.0, 1.0, 0.0, 0.0, 1.0, 1.0, 0.0, 0.0, 0.0, 1.0, 1.0, 1.0, 1.0, 1.0, 1.0, 1.0]","stage2/test_acc":79.29933024214323,"stage1/test_acc":78.887171561051,"stage2/val_acc":68.40390879478828,"epoch":25,"Total_Pruned_%":35,"stage_1_separableconvcnn/confusion_matrix_table":{"log_mode":"IMMUTABLE","ncols":3,"_type":"table-file","path":"media/table/stage_1_separableconvcnn/confusion_matrix_table_1_6d42cb29b0df787ab417.table.json","_latest_artifact_path":"wandb-client-artifact://p8tc3ni7nkmwnd31jm8vo4e2m9ui5vsph46bfsn4ppx9uul28352xn6mwn3gg1y14ec37xbxkxp5am5ve40tpimjs0jzo7lrobnr2bdm791abp3eh5erirwf17fuc2s0:latest/stage_1_separableconvcnn/confusion_matrix_table.table.json","artifact_path":"wandb-client-artifact://ch431e3sruzt0v69z17c19f9iqnqcrvuaxe9uxp9s23ytnzht84hif3fyysu7autsxxps1o86f60bc7ocyhjqi0x12wj9fnnq1gsokhurlhh8d9gji8j7tjj25dgyrcj/stage_1_separableconvcnn/confusion_matrix_table.table.json","nrows":64,"sha256":"6d42cb29b0df787ab41725e58e23f5398ace45566311fb8f15a12fceb5e6c38c","size":2013},"val_loss":0.6496914383032645,"stage2/final_mask_keep_ratio_block2":0.6875,"stage3_test_acc":80.31942297784647,"stage2/lr_backbone":0.0001,"stage2/final_mask_keep_ratio_block3":0.5390625,"stage2/block2_Pruned_%":31.25,"stage3_test_f1":0.6934560683596993,"stage2/epoch":35,"stage1/test_loss":0.6333714375555485,"stage2/best_epoch":27,"_runtime":214,"stage2_test_loss":0.6564524326970563,"stage2_test_f1":0.6806933760936984,"stage1_test_acc":78.887171561051,"stage2/final_mask_keep_ratio_block4":0.7421875,"stage":3,"val_acc":69.89297347603537,"model_param_count":18800,"stage1_test_f1":0.6862220458406068,"stage2/raw_hard_mask_block3":"[1.0, 1.0, 1.0, 0.0, 0.0, 1.0, 1.0, 1.0, 1.0, 1.0, 1.0, 0.0, 1.0, 0.0, 0.0, 0.0, 0.0, 0.0, 0.0, 1.0, 1.0, 1.0, 1.0, 0.0, 1.0, 1.0, 0.0, 1.0, 0.0, 1.0, 1.0, 0.0, 1.0, 0.0, 0.0, 0.0, 1.0, 0.0, 0.0, 1.0, 1.0, 0.0, 1.0, 1.0, 0.0, 0.0, 1.0, 0.0, 1.0, 1.0, 1.0, 1.0, 1.0, 1.0, 0.0, 0.0, 1.0, 1.0, 1.0, 0.0, 0.0, 1.0, 0.0, 1.0, 1.0, 1.0, 0.0, 1.0, 1.0, 1.0, 0.0, 0.0, 0.0, 0.0, 1.0, 1.0, 0.0, 0.0, 0.0, 0.0, 0.0, 0.0, 0.0, 1.0, 1.0, 1.0, 1.0, 0.0, 0.0, 1.0, 1.0, 1.0, 0.0, 1.0, 1.0, 0.0, 0.0, 1.0, 1.0, 0.0, 0.0, 0.0, 1.0, 0.0, 1.0, 1.0, 0.0, 0.0, 0.0, 0.0, 1.0, 1.0, 0.0, 0.0, 0.0, 1.0, 0.0, 1.0, 1.0, 1.0, 1.0, 1.0, 0.0, 1.0, 0.0, 1.0, 1.0, 0.0]","block4_Pruned_%":25.78125,"_step":17,"stage2/train_loss":0.8454710695819271,"stage1/test_f1":0.6862220458406068,"stage_3_prunedseparableconvcnn/confusion_matrix_table":{"_latest_artifact_path":"wandb-client-artifact://lrpgelwupc8qiwwxzphqrffb9bv3d1u7w0906z9fkio0cvn6br9htdl7sxhmrchyj5s7segb7keqpohmcekb9ueic864gdim5b9aotido8qqygzuhvg9f50zseclz506:latest/stage_3_prunedseparableconvcnn/confusion_matrix_table.table.json","artifact_path":"wandb-client-artifact://i7y4qwh0jcba1ztdoobbogy4gij0soxd5a5aomhkgt4g1pkarj1d4jwknp6fswzatjkdv32sf8eyec0st0yn6loduxprhz7fzfn0l9nv59pzl4pq78eka9i9m4keh546/stage_3_prunedseparableconvcnn/confusion_matrix_table.table.json","log_mode":"IMMUTABLE","size":2012,"_type":"table-file","nrows":64,"ncols":3,"sha256":"caf0863ce147611813718403a917ce84306bd9299980abea8d70efe02296cd1a","path":"media/table/stage_3_prunedseparableconvcnn/confusion_matrix_table_15_caf0863ce14761181371.table.json"},"stage2/test_f1":0.6806933760936984,"best_val_loss":0.6326014704347045,"stage2/raw_hard_mask_block4":"[1.0, 0.0, 1.0, 1.0, 1.0, 1.0, 0.0, 0.0, 1.0, 1.0, 1.0, 1.0, 1.0, 1.0, 1.0, 0.0, 0.0, 0.0, 0.0, 1.0, 1.0, 0.0, 1.0, 0.0, 1.0, 0.0, 1.0, 1.0, 1.0, 1.0, 1.0, 1.0, 0.0, 0.0, 1.0, 0.0, 1.0, 1.0, 1.0, 0.0, 1.0, 1.0, 1.0, 1.0, 1.0, 1.0, 1.0, 0.0, 1.0, 1.0, 1.0, 1.0, 1.0, 1.0, 0.0, 1.0, 1.0, 1.0, 1.0, 0.0, 1.0, 1.0, 0.0, 1.0, 0.0, 1.0, 1.0, 1.0, 1.0, 1.0, 1.0, 0.0, 1.0, 1.0, 1.0, 1.0, 1.0, 1.0, 1.0, 1.0, 0.0, 1.0, 1.0, 0.0, 0.0, 1.0, 1.0, 1.0, 1.0, 0.0, 0.0, 1.0, 1.0, 1.0, 1.0, 1.0, 1.0, 1.0, 1.0, 1.0, 1.0, 1.0, 1.0, 1.0, 0.0, 1.0, 0.0, 1.0, 1.0, 1.0, 1.0, 0.0, 0.0, 1.0, 0.0, 0.0, 1.0, 1.0, 1.0, 1.0, 1.0, 0.0, 1.0, 1.0, 1.0, 0.0, 1.0, 1.0]","stage2/val_loss":0.6941870913471162,"model_param_reduction_pct":49.18644251040597,"stage2/lr_gumbel":0.001,"block2_Pruned_%":31.25,"final_summary_log_path":"/home/qphan/master-thesis/models/wear_best_model_three_stage_channel_subject5_val_final_summary_val_5.txt","stage2/Total_Pruned_%":35,"stage1_test_loss":0.6333714375555485,"stage2/mask_l1":0.5006014108657837,"stage2/purpose":"train channel-pruning model with masking","train_loss":0.5771058874986754,"train_acc":69.11747516072472,"stage1/use_pretrain_model":false}