{"_runtime":66,"epoch":35,"model_param_count_dense":36868,"model_param_reduction_pct":69.20364543777802,"final_channel_mask_block3":[0,1,1,1,0,1,1,0,0,1,0,0,0,0,0,1,1,0,0,1,1,0,0,0,1,1,1,0,0,1,1,0,0,1,1,0,0,0,0,0,1,0,0,0,0,0,0,0,0,0,0,1,0,0,1,1,1,0,0,0,0,0,1,1,0,1,1,0,0,0,1,0,0,0,0,0,1,1,1,0,1,0,0,0,0,1,0,0,0,1,1,0,0,0,0,0,0,0,0,0,1,1,0,0,0,0,0,0,1,1,1,0,0,0,1,1,0,1,1,0,0,1,0,0,0,1,0,0],"stage2/Total_Pruned_%":55.00000000000001,"stage2/raw_hard_mask_block3":"[0.0, 1.0, 1.0, 1.0, 0.0, 1.0, 1.0, 0.0, 0.0, 1.0, 0.0, 0.0, 0.0, 0.0, 0.0, 1.0, 1.0, 0.0, 0.0, 1.0, 1.0, 0.0, 0.0, 0.0, 1.0, 1.0, 1.0, 0.0, 0.0, 1.0, 1.0, 0.0, 0.0, 1.0, 1.0, 0.0, 0.0, 0.0, 0.0, 0.0, 1.0, 0.0, 0.0, 0.0, 0.0, 0.0, 0.0, 0.0, 0.0, 0.0, 0.0, 1.0, 0.0, 0.0, 1.0, 1.0, 1.0, 0.0, 0.0, 0.0, 0.0, 0.0, 1.0, 1.0, 0.0, 1.0, 1.0, 0.0, 0.0, 0.0, 1.0, 0.0, 0.0, 0.0, 0.0, 0.0, 1.0, 1.0, 1.0, 0.0, 1.0, 0.0, 0.0, 0.0, 0.0, 1.0, 0.0, 0.0, 0.0, 1.0, 1.0, 0.0, 0.0, 0.0, 0.0, 0.0, 0.0, 0.0, 0.0, 0.0, 1.0, 1.0, 0.0, 0.0, 0.0, 0.0, 0.0, 0.0, 1.0, 1.0, 1.0, 0.0, 0.0, 0.0, 1.0, 1.0, 0.0, 1.0, 1.0, 0.0, 0.0, 1.0, 0.0, 0.0, 0.0, 1.0, 0.0, 0.0]","stage2/final_mask_keep_ratio_block2":0.375,"val_loss":0.4418438177999874,"stage2/raw_hard_mask_block2":"[0.0, 1.0, 1.0, 1.0, 0.0, 0.0, 0.0, 1.0, 1.0, 1.0, 0.0, 0.0, 0.0, 0.0, 0.0, 0.0, 1.0, 0.0, 1.0, 0.0, 0.0, 0.0, 1.0, 0.0, 1.0, 0.0, 0.0, 1.0, 1.0, 0.0, 1.0, 0.0, 0.0, 0.0, 0.0, 1.0, 0.0, 0.0, 0.0, 1.0, 0.0, 0.0, 0.0, 0.0, 0.0, 1.0, 0.0, 0.0, 1.0, 1.0, 1.0, 0.0, 0.0, 0.0, 1.0, 1.0, 1.0, 0.0, 0.0, 0.0, 1.0, 0.0, 1.0, 0.0]","stage1_test_loss":0.26111875705798304,"model_param_count_pruned":11354,"stage2/best_val_loss":0.4188886862124828,"best_val_loss":0.3426469280970412,"stage2/train_loss":0.6056108422651358,"stage2/train_acc":70.822695035461,"stage2/test_acc":77.50254496097726,"stage":5,"stage2/lr_backbone":0.0001,"_step":32,"lr":0.001,"_timestamp":1.776709691832515e+09,"stage2/block2_Pruned_%":62.5,"hard_bin_mask":[0,0,0,0,1,1,1,0,1,1,1,1,1,1,1,1,1,1,1,1,1,1,1,1,1,1,1,1,1,1,1,1,1,1,1,1,1,1,1,1,1,1,1,1,1,1,1,1,1,1,1,1,1,1,1,1,1,0,1,1,1,0,1,1,0,0,0,0,0,0,0,0,0,0,0,0,0,0,0,0,0,0,0,0,0,0,0,0,0,0,0,0,0,0,0,0,0,0,0,0,0,0,0,0,0,0,0,0,0,0,0,0,0,0,0,0,0,0,0,0,0,0,0,0,0,0,0,0],"stage1/test_acc":91.75432643366135,"stage2/block3_Pruned_%":64.84375,"stage2/lr_gumbel":0.001,"stage2/final_mask_keep_ratio_block4":0.5859375,"final_channel_mask_block4":[0,0,1,1,0,1,1,0,0,1,0,1,0,1,0,1,1,1,1,1,0,1,0,0,0,1,0,1,0,0,1,0,1,1,1,1,1,1,1,1,0,0,1,1,0,0,1,0,0,1,0,1,1,0,0,1,1,1,1,1,1,1,1,0,1,0,1,0,1,0,1,1,1,1,1,0,0,0,1,1,0,0,0,0,1,1,0,0,0,0,0,1,1,1,0,0,1,1,1,1,0,1,0,1,1,1,1,0,0,0,0,0,1,1,1,1,0,1,1,1,1,1,0,1,1,0,1,1],"stage1/test_loss":0.26111875705798304,"stage2/val_acc":76.82119205298014,"stage2/block4_Pruned_%":41.40625,"train_acc":86.39716312056737,"train_loss":0.2941304300947392,"mask_l1":0.3984375,"lr_backbone":0.0001,"stage1/use_pretrain_model":false,"stage_1_separableconvcnn/confusion_matrix_table":{"ncols":3,"path":"media/table/stage_1_separableconvcnn/confusion_matrix_table_1_7339811d8764bb2828a3.table.json","sha256":"7339811d8764bb2828a3fbe9cf3beb37209fefb5c65d94bc1df225d2b288d01a","artifact_path":"wandb-client-artifact://gvnx13r9k8vidhdqjwc5j5tnsodgiub69vz5yw258jixgsdnhx7leonyercgaqzgdfsy6hidyhumiwulus0yzln6ts0kstid0z31ny5ey1170765u1tp4j4du1nn8fyq/stage_1_separableconvcnn/confusion_matrix_table.table.json","log_mode":"IMMUTABLE","_latest_artifact_path":"wandb-client-artifact://m0h4u9gbqwq6rwvyzqo5empk8r7eto5b7xniox185rvhrnj07fm8l9tni2an86nnyytrz2ntg6zv3229elcxyo2ej0b3wssorauc0nk5nzstf5ybqlnqsq1becxld6d9:latest/stage_1_separableconvcnn/confusion_matrix_table.table.json","size":1366,"_type":"table-file","nrows":36},"stage2/val_loss":0.4188886862124828,"stage2/epoch":60,"lr_loaded_weights":0.0001,"stage1_test_f1":0.9193935492291428,"stage1_test_acc":91.75432643366135,"stage5_test_f1":0.8785353065159237,"stage2/test_loss":0.5659946840751514,"stage_3_separableconvcnn/confusion_matrix_table":{"_type":"table-file","size":1366,"ncols":3,"log_mode":"IMMUTABLE","artifact_path":"wandb-client-artifact://eq6s9y1a4f5i6zq1fb707z5cd5t6ohbg973cn62uygxn4nozp0g0vdedj26xa7gbkedh04ry5jkcivsdn7ot7jj49hjtcnpl1r3jhgqpuj1wsenkb4xwtyy063jkksjm/stage_3_separableconvcnn/confusion_matrix_table.table.json","nrows":36,"_latest_artifact_path":"wandb-client-artifact://h477k6qc96tq7o6l0hn57f4yxuexb0nxfc3pn767wc917lzqqv616to7zy0apzzkefejktivtuplcikdu6d1vciyb3vxkp6c2joegnyuopkuqlcfbuq3j4miote4m66f:latest/stage_3_separableconvcnn/confusion_matrix_table.table.json","sha256":"e0ebabf74f53b9f7bc0209bd17a88cccce6336df7539d9f31088e3b794a52078","path":"media/table/stage_3_separableconvcnn/confusion_matrix_table_10_e0ebabf74f53b9f7bc02.table.json"},"val_acc":82.45033112582782,"_wandb":{"runtime":66},"final_channel_mask_block2":[0,1,1,1,0,0,0,1,1,1,0,0,0,0,0,0,1,0,1,0,0,0,1,0,1,0,0,1,1,0,1,0,0,0,0,1,0,0,0,1,0,0,0,0,0,1,0,0,1,1,1,0,0,0,1,1,1,0,0,0,1,0,1,0],"stage2/mask_l1":0.43133360147476196,"lr_gumbel_bin":0.001,"stage2/stage_number":2,"stage2/test_f1":0.7798685377811356,"stage5_test_acc":87.51272480488632,"stage2/raw_hard_mask_block4":"[0.0, 0.0, 1.0, 1.0, 0.0, 1.0, 1.0, 0.0, 0.0, 1.0, 0.0, 1.0, 0.0, 1.0, 0.0, 1.0, 1.0, 1.0, 1.0, 1.0, 0.0, 1.0, 0.0, 0.0, 0.0, 1.0, 0.0, 1.0, 0.0, 0.0, 1.0, 0.0, 1.0, 1.0, 1.0, 1.0, 1.0, 1.0, 1.0, 1.0, 0.0, 0.0, 1.0, 1.0, 0.0, 0.0, 1.0, 0.0, 0.0, 1.0, 0.0, 1.0, 1.0, 0.0, 0.0, 1.0, 1.0, 1.0, 1.0, 1.0, 1.0, 1.0, 1.0, 0.0, 1.0, 0.0, 1.0, 0.0, 1.0, 0.0, 1.0, 1.0, 1.0, 1.0, 1.0, 0.0, 0.0, 0.0, 1.0, 1.0, 0.0, 0.0, 0.0, 0.0, 1.0, 1.0, 0.0, 0.0, 0.0, 0.0, 0.0, 1.0, 1.0, 1.0, 0.0, 0.0, 1.0, 1.0, 1.0, 1.0, 0.0, 1.0, 0.0, 1.0, 1.0, 1.0, 1.0, 0.0, 0.0, 0.0, 0.0, 0.0, 1.0, 1.0, 1.0, 1.0, 0.0, 1.0, 1.0, 1.0, 1.0, 1.0, 0.0, 1.0, 1.0, 0.0, 1.0, 1.0]","stage2/final_mask_keep_ratio_block3":0.3515625,"stage_5_prunedseparableconvcnn/confusion_matrix_table":{"size":1364,"ncols":3,"log_mode":"IMMUTABLE","artifact_path":"wandb-client-artifact://3t3ilr10hk9oiglx6xj35kaxix3c4axspgzzh2lczc6ap9073yd5h1m7onr2d8gijy0ac52eixj9r9jknzqr627i98trumhu21bg7kd3fg28zr4dgcdp6hf4jccga0ro/stage_5_prunedseparableconvcnn/confusion_matrix_table.table.json","_latest_artifact_path":"wandb-client-artifact://jijoglb4fdr6e07wj4hnhyd0uwm39xgvmrk1eu9rg1l9wywgsgswev1mesblcr7z7eoowm69pxkjms8ech1axfpxskhqylmzhq29rn6sqrzvbxf2emjuckbdamcayeb5:latest/stage_5_prunedseparableconvcnn/confusion_matrix_table.table.json","path":"media/table/stage_5_prunedseparableconvcnn/confusion_matrix_table_31_218a2471601cc4fd5b9b.table.json","nrows":36,"sha256":"218a2471601cc4fd5b9bc5db4ea7ee65b8dbf443c7bdff31f99b4453e871f542","_type":"table-file"},"stage2/best_epoch":60,"stage5_test_loss":0.39518468890825054,"stage1/test_f1":0.9193935492291428,"stage2/purpose":"train channel-pruning model with masking"}