{"stage2/epoch":60,"block4_Pruned_%":31.25,"_timestamp":1.775868679840299e+09,"epoch":60,"stage2/mask_l1":0.4267912805080414,"block2_Pruned_%":60.9375,"stage1/test_f1":0.8961242757189599,"lr_loaded_weights":0.0001,"val_loss":0.19322134868039778,"stage3_test_acc":90.02375296912113,"_wandb":{"runtime":55},"Total_Pruned_%":49.375,"stage1/use_pretrain_model":false,"stage1/test_acc":89.61655921275874,"stage2/raw_hard_mask_block4":"[1.0, 1.0, 1.0, 1.0, 0.0, 1.0, 1.0, 1.0, 0.0, 1.0, 1.0, 1.0, 1.0, 0.0, 1.0, 1.0, 1.0, 0.0, 1.0, 0.0, 0.0, 1.0, 1.0, 0.0, 1.0, 0.0, 1.0, 1.0, 1.0, 1.0, 0.0, 1.0, 0.0, 1.0, 0.0, 1.0, 1.0, 1.0, 0.0, 1.0, 0.0, 1.0, 1.0, 1.0, 1.0, 0.0, 1.0, 0.0, 1.0, 1.0, 0.0, 0.0, 1.0, 0.0, 0.0, 1.0, 0.0, 1.0, 1.0, 1.0, 1.0, 0.0, 0.0, 1.0, 0.0, 0.0, 0.0, 1.0, 0.0, 1.0, 1.0, 1.0, 1.0, 1.0, 0.0, 1.0, 1.0, 1.0, 0.0, 1.0, 1.0, 1.0, 0.0, 1.0, 1.0, 0.0, 0.0, 1.0, 1.0, 1.0, 1.0, 1.0, 1.0, 1.0, 1.0, 1.0, 1.0, 1.0, 1.0, 1.0, 1.0, 1.0, 1.0, 1.0, 1.0, 0.0, 0.0, 1.0, 1.0, 0.0, 1.0, 1.0, 0.0, 1.0, 0.0, 1.0, 1.0, 1.0, 1.0, 0.0, 1.0, 1.0, 1.0, 1.0, 0.0, 1.0, 0.0, 0.0]","stage1_test_acc":89.61655921275874,"stage2/stage_number":2,"stage1/test_loss":0.30762790839500526,"val_acc":92.0886075949367,"stage2/best_epoch":54,"model_param_reduction_pct":63.78702397743301,"train_acc":92.04093234792495,"stage_3_prunedseparableconvcnn/confusion_matrix_table":{"_latest_artifact_path":"wandb-client-artifact://w48qr2tcmnr0j4el7ndamxa8ojqd1eqkcf8s504q49fjva5xe20ayfi7n00ea6hrvgk3apfo6gv926g6l3nyfozonzmxhc3syidxym305joy7r4zdk12njoqub8oy9qv:latest/stage_3_prunedseparableconvcnn/confusion_matrix_table.table.json","nrows":36,"_type":"table-file","ncols":3,"path":"media/table/stage_3_prunedseparableconvcnn/confusion_matrix_table_27_77af5cbb4118105d1ddf.table.json","sha256":"77af5cbb4118105d1ddf6566783f6cd6fe490e4f57762b288ffdc61626d2dc68","artifact_path":"wandb-client-artifact://1w4cq66859rlhct8fdwr2yomhmuhwuj8wc2x4gdkwqzmoxw1r7zxqzsedmknpyxtmg84hyqgsd7gfrpu29fuvpt8wbsyco6yldsgl8bt4q6xnf0rb32s06fiq48ghu5c/stage_3_prunedseparableconvcnn/confusion_matrix_table.table.json","size":1367,"log_mode":"IMMUTABLE"},"stage2/raw_hard_mask_block3":"[0.0, 1.0, 0.0, 0.0, 1.0, 1.0, 1.0, 1.0, 0.0, 0.0, 1.0, 0.0, 0.0, 1.0, 1.0, 1.0, 0.0, 0.0, 0.0, 0.0, 0.0, 0.0, 1.0, 0.0, 1.0, 0.0, 0.0, 1.0, 0.0, 1.0, 0.0, 0.0, 1.0, 0.0, 0.0, 1.0, 1.0, 1.0, 0.0, 0.0, 1.0, 0.0, 1.0, 1.0, 0.0, 0.0, 1.0, 0.0, 1.0, 0.0, 0.0, 0.0, 0.0, 1.0, 0.0, 0.0, 0.0, 1.0, 0.0, 1.0, 1.0, 0.0, 1.0, 0.0, 0.0, 0.0, 1.0, 0.0, 0.0, 0.0, 0.0, 0.0, 0.0, 1.0, 1.0, 0.0, 0.0, 0.0, 0.0, 0.0, 1.0, 0.0, 0.0, 0.0, 0.0, 0.0, 1.0, 1.0, 1.0, 0.0, 1.0, 1.0, 0.0, 0.0, 0.0, 0.0, 1.0, 0.0, 1.0, 1.0, 0.0, 0.0, 1.0, 0.0, 0.0, 0.0, 1.0, 0.0, 1.0, 0.0, 0.0, 1.0, 0.0, 0.0, 1.0, 0.0, 0.0, 1.0, 1.0, 0.0, 0.0, 1.0, 0.0, 1.0, 0.0, 0.0, 0.0, 1.0]","stage2/Total_Pruned_%":49.375,"stage2/best_val_loss":0.48006683709886716,"final_summary_log_path":"/home/qphan/master-thesis/models/uci_best_model_three_stage_channel_subject11_val_final_summary_val_11.txt","stage2/lr_backbone":0.0001,"stage2/train_loss":0.5624843159983821,"stage2/test_f1":0.8118990581407077,"stage1_test_loss":0.30762790839500526,"stage2/val_acc":69.62025316455696,"stage2/raw_hard_mask_block2":"[0.0, 0.0, 0.0, 1.0, 0.0, 0.0, 0.0, 0.0, 1.0, 1.0, 0.0, 0.0, 0.0, 1.0, 1.0, 1.0, 0.0, 0.0, 0.0, 1.0, 0.0, 0.0, 0.0, 1.0, 0.0, 1.0, 0.0, 1.0, 0.0, 0.0, 0.0, 1.0, 1.0, 1.0, 1.0, 1.0, 1.0, 0.0, 0.0, 1.0, 1.0, 0.0, 1.0, 1.0, 0.0, 0.0, 0.0, 0.0, 1.0, 0.0, 0.0, 1.0, 1.0, 1.0, 0.0, 0.0, 0.0, 0.0, 0.0, 0.0, 0.0, 0.0, 0.0, 1.0]","stage3_test_f1":0.9022333386890703,"stage2/block4_Pruned_%":31.25,"stage2_test_loss":0.5658955145535168,"train_loss":0.1876821764715698,"best_val_loss":0.19322134868039778,"stage2/final_mask_keep_ratio_block3":0.3828125,"stage2/purpose":"train channel-pruning model with masking","stage2/val_loss":0.4852265110367349,"stage2_test_acc":80.14930437733288,"stage2/block3_Pruned_%":61.71875,"stage1_test_f1":0.8961242757189599,"stage_1_separableconvcnn/confusion_matrix_table":{"nrows":36,"_type":"table-file","size":1367,"sha256":"6e0f583a980f4a62f8a486c70ad35b762f0b913d7d32e7115e69715abc10ca24","artifact_path":"wandb-client-artifact://obki69hqzex808wl6hh153rpsxvc19iqleh87481hdh506h5t1e48qqqyf2h1epr2kpames7ru3bk90ax1immb65xil96nesblqiu1zzx3b9wyqq9iltxsq3fqo4nxzh/stage_1_separableconvcnn/confusion_matrix_table.table.json","path":"media/table/stage_1_separableconvcnn/confusion_matrix_table_1_6e0f583a980f4a62f8a4.table.json","_latest_artifact_path":"wandb-client-artifact://sdh3k4euft9b40gi9wx15sst9qmck3kyfftnnb5gkvl787xkyollfyhixexetabilyqwslfnrmdx9mwiehsa2s4wffpz8k88e7qopgj3p3rpnwd0cp2sn519p81gx9vf:latest/stage_1_separableconvcnn/confusion_matrix_table.table.json","ncols":3,"log_mode":"IMMUTABLE"},"stage3_test_loss":0.3699774228950088,"stage2/lr_gumbel":0.001,"stage2/test_loss":0.5658955145535168,"_runtime":55,"stage2/test_acc":80.14930437733288,"block3_Pruned_%":61.71875,"model_param_count_dense":36868,"stage2_test_f1":0.8118990581407077,"stage":3,"model_param_count":13351,"stage2/block2_Pruned_%":60.9375,"stage2/final_mask_keep_ratio_block2":0.390625,"stage2/final_mask_keep_ratio_block4":0.6875,"stage2/train_acc":74.67310972143264,"model_param_count_pruned":13351,"_step":29}