{"stage1_test_f1":0.7247378315162811,"stage2/lr_gumbel":0.001,"stage2/train_acc":51.428225122217285,"stage2/final_mask_keep_ratio_block3":0.1015625,"stage_3_prunedseparableconvcnn/confusion_matrix_table":{"ncols":3,"_latest_artifact_path":"wandb-client-artifact://fflae2k6xe4dw5itgiu8jnas43snb18fytkxy23gywmajknnum8s83964n3ewum2n8ssf9rw61n8tinbgi2wjtsbpucxyk2g1k66lb4hw9j004bikqa8i9vyplgnhm3f:latest/stage_3_prunedseparableconvcnn/confusion_matrix_table.table.json","path":"media/table/stage_3_prunedseparableconvcnn/confusion_matrix_table_22_8ca9aca616fee9d26531.table.json","size":2016,"nrows":64,"sha256":"8ca9aca616fee9d2653158f7365ac1f9f706ca7349463d1d45741c7f3bad6199","artifact_path":"wandb-client-artifact://7o40jhzbr8uminsds76n57vsvqs11buvxp4ocrf74h9ihhrmvgekruj0fm6uqzkk2dirsft23t49fvdpgikmxo4i3i4zlpe2nh425h79g1ovg525yd9jfcp1ym9elw6a/stage_3_prunedseparableconvcnn/confusion_matrix_table.table.json","log_mode":"IMMUTABLE","_type":"table-file"},"stage1/test_acc":80.88614116434827,"stage1/test_loss":0.5817322335668994,"best_val_loss":0.9924382580294812,"_runtime":345,"block4_Pruned_%":57.03125,"val_loss":1.023050301678072,"_timestamp":1.7768689731434011e+09,"stage2/block4_Pruned_%":57.03125,"stage2/block3_Pruned_%":89.84375,"model_param_reduction_pct":84.65863019622682,"stage2_test_acc":73.79701184956208,"stage3_test_f1":0.6782633177896524,"stage1/use_pretrain_model":false,"_step":24,"block2_Pruned_%":90.625,"stage2/raw_hard_mask_block3":"[0.0, 0.0, 0.0, 0.0, 0.0, 0.0, 0.0, 0.0, 0.0, 0.0, 0.0, 0.0, 0.0, 0.0, 0.0, 0.0, 0.0, 0.0, 0.0, 0.0, 0.0, 0.0, 0.0, 0.0, 0.0, 0.0, 0.0, 0.0, 0.0, 0.0, 0.0, 0.0, 0.0, 0.0, 0.0, 0.0, 0.0, 0.0, 0.0, 0.0, 0.0, 0.0, 0.0, 0.0, 0.0, 0.0, 1.0, 0.0, 1.0, 0.0, 1.0, 0.0, 0.0, 0.0, 0.0, 1.0, 0.0, 0.0, 0.0, 0.0, 0.0, 0.0, 0.0, 0.0, 0.0, 0.0, 0.0, 0.0, 0.0, 0.0, 0.0, 0.0, 0.0, 0.0, 0.0, 0.0, 1.0, 0.0, 0.0, 0.0, 0.0, 0.0, 0.0, 0.0, 0.0, 1.0, 0.0, 0.0, 0.0, 0.0, 0.0, 0.0, 0.0, 0.0, 0.0, 0.0, 1.0, 0.0, 0.0, 1.0, 0.0, 0.0, 0.0, 0.0, 0.0, 1.0, 0.0, 1.0, 0.0, 0.0, 1.0, 0.0, 0.0, 0.0, 0.0, 0.0, 0.0, 0.0, 0.0, 1.0, 0.0, 0.0, 0.0, 1.0, 0.0, 0.0, 0.0, 0.0]","stage3_test_acc":78.77382792375064,"lr_loaded_weights":0.0001,"stage2/val_acc":44.75735479004275,"stage2_test_loss":0.8159057967859958,"stage2/best_val_loss":1.177331733694621,"final_summary_log_path":"/home/qphan/master-thesis/models/wear_best_model_three_stage_channel_subject13_val_final_summary_val_13.txt","stage":3,"stage1_test_acc":80.88614116434827,"stage2/purpose":"train channel-pruning model with masking","model_param_count_dense":36998,"stage3_test_loss":0.6795056211217539,"stage1/test_f1":0.7247378315162811,"_wandb":{"runtime":345},"stage2/block2_Pruned_%":90.625,"Total_Pruned_%":76.875,"stage2/final_mask_keep_ratio_block4":0.4296875,"stage2/test_acc":73.79701184956208,"stage2/final_mask_keep_ratio_block2":0.09375,"stage_1_separableconvcnn/confusion_matrix_table":{"_type":"table-file","_latest_artifact_path":"wandb-client-artifact://q7chiculb5867252yaakc50yu5j3cgfo15foxfrqh4ih9fmyfie5zq4hhsqxg9lou0dqdlzel06fkczrvui96dgwci8a2c4gxv7nuiy5v0inx39ftmkxrjw5p7e1sykb:latest/stage_1_separableconvcnn/confusion_matrix_table.table.json","log_mode":"IMMUTABLE","nrows":64,"sha256":"c1f94f1aacb46ad7e6da859c1d45ef2720c157f4f55c642daf90b04e51e45b9c","ncols":3,"size":2009,"artifact_path":"wandb-client-artifact://39v9a6jl2ngdq2k8pj7efcze4k7fjjgpdyvp4j3axs28utiw92o27lgmgn935fm4vf9j5zvv2brokilh7h09wnfegjie6v0pwjrzgpa2iwczmun829ix4afj8uuyl2ph/stage_1_separableconvcnn/confusion_matrix_table.table.json","path":"media/table/stage_1_separableconvcnn/confusion_matrix_table_1_c1f94f1aacb46ad7e6da.table.json"},"stage2/best_epoch":25,"model_param_count_pruned":5676,"train_acc":58.652175669669916,"epoch":60,"block3_Pruned_%":89.84375,"stage2/test_loss":0.8159057967859958,"stage1_test_loss":0.5817322335668994,"stage2/raw_hard_mask_block2":"[0.0, 0.0, 0.0, 0.0, 0.0, 1.0, 0.0, 0.0, 0.0, 0.0, 0.0, 0.0, 0.0, 0.0, 0.0, 0.0, 0.0, 1.0, 1.0, 0.0, 0.0, 1.0, 1.0, 0.0, 1.0, 0.0, 0.0, 0.0, 0.0, 0.0, 0.0, 0.0, 0.0, 0.0, 0.0, 0.0, 0.0, 0.0, 0.0, 0.0, 0.0, 0.0, 0.0, 0.0, 0.0, 0.0, 0.0, 0.0, 0.0, 0.0, 0.0, 0.0, 0.0, 0.0, 0.0, 0.0, 0.0, 0.0, 0.0, 0.0, 0.0, 0.0, 0.0, 0.0]","stage2/test_f1":0.6140106585574472,"stage2/epoch":35,"stage2/raw_hard_mask_block4":"[0.0, 0.0, 1.0, 1.0, 0.0, 1.0, 0.0, 1.0, 0.0, 0.0, 1.0, 1.0, 1.0, 0.0, 0.0, 0.0, 1.0, 1.0, 1.0, 1.0, 0.0, 1.0, 1.0, 0.0, 1.0, 1.0, 1.0, 1.0, 0.0, 0.0, 0.0, 0.0, 0.0, 0.0, 1.0, 1.0, 0.0, 0.0, 0.0, 0.0, 1.0, 1.0, 0.0, 1.0, 1.0, 1.0, 0.0, 0.0, 0.0, 1.0, 1.0, 1.0, 1.0, 0.0, 0.0, 0.0, 0.0, 1.0, 1.0, 0.0, 1.0, 1.0, 0.0, 0.0, 0.0, 0.0, 1.0, 0.0, 0.0, 0.0, 0.0, 1.0, 0.0, 0.0, 0.0, 0.0, 0.0, 0.0, 0.0, 1.0, 0.0, 1.0, 1.0, 0.0, 0.0, 0.0, 1.0, 1.0, 0.0, 0.0, 1.0, 1.0, 1.0, 0.0, 1.0, 1.0, 1.0, 0.0, 0.0, 0.0, 0.0, 0.0, 0.0, 0.0, 0.0, 0.0, 1.0, 0.0, 1.0, 0.0, 0.0, 1.0, 0.0, 0.0, 1.0, 0.0, 1.0, 1.0, 0.0, 0.0, 1.0, 0.0, 0.0, 0.0, 1.0, 0.0, 1.0, 1.0]","train_loss":0.7898477632962527,"model_param_count":5676,"stage2/mask_l1":0.22286918759346008,"stage2/val_loss":1.2294801262146209,"stage2/stage_number":2,"val_acc":49.911993965300475,"stage2_test_f1":0.6140106585574472,"stage2/lr_backbone":0.0001,"stage2/Total_Pruned_%":76.875,"stage2/train_loss":1.186675735509428}