{"val_acc":81.55619596541787,"_wandb":{"runtime":21},"lr_backbone":0.0001,"stage1_test_acc":91.72039362063116,"train_acc":90.63526052819415,"stage1_test_f1":0.9190924499938599,"stage1/test_loss":0.25057173036076164,"stage_1_separableconvcnn/confusion_matrix_table":{"_type":"table-file","size":1366,"path":"media/table/stage_1_separableconvcnn/confusion_matrix_table_1_ba1709b9ded253dca6f1.table.json","sha256":"ba1709b9ded253dca6f14b8d1a777336f0cb86899167c45d58f90d5e787020ac","artifact_path":"wandb-client-artifact://zdecn448jkscbzdwkyaa7ka6gea5auuo0ppg1tslddto20s852adun1xl55b1ufffvw1e4nzc00krcm0ep3etjqawzgr27wtbfskrhxuz4qwfkycouu69fw69esi00qn/stage_1_separableconvcnn/confusion_matrix_table.table.json","nrows":36,"ncols":3,"_latest_artifact_path":"wandb-client-artifact://zaurbkbbr899p3lp0s7x9r2ad27uz5166tqyz0faj3ueef6bv59wjoiaj7oritcsdu8ubahhmyo68agvs4xaigxpmyku1vpujy2a9tjypxwhijjq7f0usmftuvrovex3:latest/stage_1_separableconvcnn/confusion_matrix_table.table.json","log_mode":"IMMUTABLE"},"stage1/test_acc":91.72039362063116,"_step":12,"lr_gumbel_bin":0.001,"mask_l1":0.0234375,"stage":3,"stage1_test_loss":0.25057173036076164,"stage1/use_pretrain_model":false,"stage2_test_acc":78.89379029521547,"stage3_test_loss":0.5676398991597565,"stage2_test_loss":0.6058748770602526,"stage2_test_f1":0.788976700678636,"stage3_test_f1":0.8486505119970342,"epoch":35,"_runtime":21,"val_loss":0.47945258236739796,"stage1/test_f1":0.9190924499938599,"stage3_test_acc":84.6284356973193,"_timestamp":1.7764233048888903e+09,"best_val_loss":0.36652451334923764,"lr":0.001,"bin_keep_ratio":0.1484375,"train_loss":0.20749773808158695,"stage_3_separableconvcnn/confusion_matrix_table":{"nrows":36,"artifact_path":"wandb-client-artifact://hai63mx1enkzn748cgj8teas88s89izock55am864mikv470cxi7u53d93bpvth98p6m5eq6m39ujd6fbdplcpkxwaf8tx8c64g3u93np3vfgguxd6ly5qi87i5zcosc/stage_3_separableconvcnn/confusion_matrix_table.table.json","path":"media/table/stage_3_separableconvcnn/confusion_matrix_table_11_0dc86309f69884f056f8.table.json","_latest_artifact_path":"wandb-client-artifact://g33rzumb4i2b0gwr65bi40p44o0sw4gnef2p67nb0k28vshg359uffofq1942fuotrlbqigvtcf24wr04krmrtx8qapym1gzi0tlf1mmbi100llt1jiwgppbzxyebgf4:latest/stage_3_separableconvcnn/confusion_matrix_table.table.json","sha256":"0dc86309f69884f056f8f04698da781e3e1424492bc5f5b72046068dc4f0b418","ncols":3,"_type":"table-file","size":1369,"log_mode":"IMMUTABLE"},"stage2_hard_bin_mask_str":"[0.0, 0.0, 0.0, 0.0, 0.0, 0.0, 0.0, 0.0, 0.0, 1.0, 1.0, 0.0, 0.0, 0.0, 1.0, 1.0, 1.0, 1.0, 1.0, 0.0, 0.0, 0.0, 1.0, 0.0, 1.0, 1.0, 0.0, 0.0, 1.0, 1.0, 0.0, 0.0, 0.0, 0.0, 1.0, 0.0, 0.0, 1.0, 1.0, 1.0, 1.0, 0.0, 1.0, 0.0, 0.0, 1.0, 0.0, 0.0, 0.0, 0.0, 0.0, 0.0, 0.0, 0.0, 0.0, 0.0, 0.0, 0.0, 0.0, 0.0, 0.0, 0.0, 0.0, 0.0, 0.0, 0.0, 0.0, 0.0, 0.0, 0.0, 0.0, 0.0, 0.0, 0.0, 0.0, 0.0, 0.0, 0.0, 0.0, 0.0, 0.0, 0.0, 0.0, 0.0, 0.0, 0.0, 0.0, 0.0, 0.0, 0.0, 0.0, 0.0, 0.0, 0.0, 0.0, 0.0, 0.0, 0.0, 0.0, 0.0, 0.0, 0.0, 0.0, 0.0, 0.0, 0.0, 0.0, 0.0, 0.0, 0.0, 0.0, 0.0, 0.0, 0.0, 0.0, 0.0, 0.0, 0.0, 0.0, 0.0, 0.0, 0.0, 0.0, 0.0, 0.0, 0.0, 0.0, 0.0]"}