{"_wandb":{"runtime":27},"stage1_test_loss":0.22617445322285173,"stage3_test_f1":0.915173396899711,"stage2_test_acc":88.90397013912454,"val_acc":80.64516129032258,"_runtime":27,"_timestamp":1.7757825842511256e+09,"stage3_test_acc":91.48286392941975,"stage1/use_pretrain_model":false,"lr_backbone":0.0001,"stage2_test_loss":0.3006132816694219,"train_loss":0.18883657144339291,"stage_3_separableconvcnn/confusion_matrix_table":{"sha256":"303a8e15dd028e5982450d00a737b2df0e6bbee7fa6481b6ac39e8efea59ab42","_latest_artifact_path":"wandb-client-artifact://138egusroc8tsbbmkfm1x34zwy9ma8qhejp2egclc1jxdtfmtnxjkj1n2gspj9kzl1090zlmddbprg9u9hencsmo19s3tnoy6aubzj97mqh48u2io4lktiitmd7oa0o8:latest/stage_3_separableconvcnn/confusion_matrix_table.table.json","size":1367,"log_mode":"IMMUTABLE","_type":"table-file","path":"media/table/stage_3_separableconvcnn/confusion_matrix_table_14_303a8e15dd028e598245.table.json","ncols":3,"nrows":36,"artifact_path":"wandb-client-artifact://5wyfavjepkeuq19vyngcpgf6s25qyp625orxesgukymmz30zv3bznfgzrl1xytcyt3mh704rviq2fp55udhu904elcumnkopi7pguwp2tgakkjzr2o3l4wh0msp5aov6/stage_3_separableconvcnn/confusion_matrix_table.table.json"},"lr":0.001,"stage3_test_loss":0.27759337700959863,"bin_keep_ratio":0.1328125,"_step":15,"lr_gumbel_bin":0.001,"epoch":20,"stage":3,"val_loss":0.6176450878294333,"stage2_hard_bin_mask_str":"[1.0, 1.0, 1.0, 1.0, 1.0, 1.0, 1.0, 1.0, 1.0, 1.0, 0.0, 1.0, 1.0, 1.0, 1.0, 1.0, 0.0, 1.0, 0.0, 1.0, 0.0, 0.0, 0.0, 0.0, 0.0, 0.0, 0.0, 0.0, 0.0, 0.0, 0.0, 0.0, 0.0, 0.0, 0.0, 0.0, 0.0, 0.0, 0.0, 0.0, 0.0, 0.0, 0.0, 0.0, 0.0, 0.0, 0.0, 0.0, 0.0, 0.0, 0.0, 0.0, 0.0, 0.0, 0.0, 0.0, 0.0, 0.0, 0.0, 0.0, 0.0, 0.0, 0.0, 0.0, 0.0, 0.0, 0.0, 0.0, 0.0, 0.0, 0.0, 0.0, 0.0, 0.0, 0.0, 0.0, 0.0, 0.0, 0.0, 0.0, 0.0, 0.0, 0.0, 0.0, 0.0, 0.0, 0.0, 0.0, 0.0, 0.0, 0.0, 0.0, 0.0, 0.0, 0.0, 0.0, 0.0, 0.0, 0.0, 0.0, 0.0, 0.0, 0.0, 0.0, 0.0, 0.0, 0.0, 0.0, 0.0, 0.0, 0.0, 0.0, 0.0, 0.0, 0.0, 0.0, 0.0, 0.0, 0.0, 0.0, 0.0, 0.0, 0.0, 0.0, 0.0, 0.0, 0.0, 0.0]","stage_1_separableconvcnn/confusion_matrix_table":{"artifact_path":"wandb-client-artifact://ghsu2s97kyoiu48pxxlzybabon2pnb0ckydhqxg4okzefeyor4fgz6wjogzppswfmhrzokx1k6dou9258896xv4oyqh5w4ei7ac7hh2hh3ua0qdfj5l0whp1pd6e8zyy/stage_1_separableconvcnn/confusion_matrix_table.table.json","_type":"table-file","sha256":"ee0fa33fc929b82f93f642ef91fbb8aa9f03d6057574e4a8afa65bbfb16ea3b6","ncols":3,"path":"media/table/stage_1_separableconvcnn/confusion_matrix_table_1_ee0fa33fc929b82f93f6.table.json","_latest_artifact_path":"wandb-client-artifact://nnx2nmzo81c61hdvruetlnp8bl6lx6go41olwwakhp7v4072xbzz1btt9dw4v2hjqpj1hast3wo0yilwquunl3i92n0ah658zqumoxzu7eqcx8b0gk5nyq7aaqzwmimg:latest/stage_1_separableconvcnn/confusion_matrix_table.table.json","size":1366,"log_mode":"IMMUTABLE","nrows":36},"stage1/test_f1":0.9123850769801085,"stage1_test_f1":0.9123850769801085,"best_val_loss":0.45312114754729954,"stage1/test_acc":91.07567017305735,"train_acc":91.84139209813151,"stage1_test_acc":91.07567017305735,"stage2_test_f1":0.8880499129898687,"mask_l1":0.1171875,"stage1/test_loss":0.22617445322285173}