{"train_acc":94.09499358151476,"val_loss":0.40304346553041787,"_wandb":{"runtime":14},"stage3_test_acc":86.63047166610112,"_step":8,"stage1/test_loss":0.4559599839993571,"val_acc":82.99120234604105,"stage2_test_loss":0.4885557985617765,"stage1/test_f1":0.8992012196111356,"_timestamp":1.7764279183904657e+09,"stage1/test_acc":89.85408890397014,"epoch":10,"lr_backbone":0.0001,"stage2_hard_bin_mask_str":"[0.0, 0.0, 0.0, 0.0, 0.0, 1.0, 1.0, 1.0, 1.0, 1.0, 1.0, 1.0, 0.0, 1.0, 1.0, 1.0, 0.0, 1.0, 1.0, 1.0, 1.0, 1.0, 1.0, 0.0, 0.0, 1.0, 1.0, 1.0, 1.0, 1.0, 1.0, 1.0, 1.0, 1.0, 1.0, 1.0, 1.0, 1.0, 1.0, 1.0, 0.0, 1.0, 1.0, 1.0, 1.0, 1.0, 1.0, 0.0, 0.0, 1.0, 1.0, 1.0, 1.0, 1.0, 1.0, 0.0, 1.0, 1.0, 0.0, 0.0, 0.0, 0.0, 0.0, 1.0, 0.0, 0.0, 0.0, 0.0, 0.0, 0.0, 0.0, 0.0, 0.0, 0.0, 0.0, 0.0, 0.0, 0.0, 0.0, 0.0, 0.0, 0.0, 0.0, 0.0, 0.0, 0.0, 0.0, 0.0, 0.0, 0.0, 0.0, 0.0, 0.0, 0.0, 0.0, 0.0, 0.0, 0.0, 0.0, 0.0, 0.0, 0.0, 0.0, 0.0, 0.0, 0.0, 0.0, 0.0, 0.0, 0.0, 0.0, 0.0, 0.0, 0.0, 0.0, 0.0, 0.0, 0.0, 0.0, 0.0, 0.0, 0.0, 0.0, 0.0, 0.0, 0.0, 0.0, 0.0]","stage2_test_f1":0.8709988694227166,"bin_keep_ratio":0.359375,"mask_l1":0.1484375,"stage2_test_acc":86.93586698337292,"stage1_test_f1":0.8992012196111356,"stage1_test_acc":89.85408890397014,"stage":3,"stage_3_separableconvcnn/confusion_matrix_table":{"log_mode":"IMMUTABLE","size":1368,"artifact_path":"wandb-client-artifact://z1uj8z3xu42biut2bbdugwlofblc1q6t9evul2qm5xj2073f11wn2n99zski2yqx0k7asrtydsjqgkhip2ik0sg79e9gewk2fepx122g5y66ytmcaj4z0r3rtv1yjooz/stage_3_separableconvcnn/confusion_matrix_table.table.json","path":"media/table/stage_3_separableconvcnn/confusion_matrix_table_7_298dcbbfdd17f7945810.table.json","_type":"table-file","sha256":"298dcbbfdd17f794581083a4d04903c6f8fd489b7e3dc7c28c4401d4ac476599","ncols":3,"nrows":36,"_latest_artifact_path":"wandb-client-artifact://q2yt22byfeibiatyzpwwjiy14mdmgq2roz1hv4su2iygwqco2zuznqdcarckdq6z6e23nec62kz4o86dvion54z8kfcx0ukhf8vjxzwjf312a5hgxvdwjqucvnc6sl8v:latest/stage_3_separableconvcnn/confusion_matrix_table.table.json"},"lr_gumbel_bin":0.001,"stage_1_separableconvcnn/confusion_matrix_table":{"path":"media/table/stage_1_separableconvcnn/confusion_matrix_table_1_02c5a6fac2b98a2cce23.table.json","_latest_artifact_path":"wandb-client-artifact://toxdanoe2ejnp97tytj11mn6p4nnlm8z34pud7r285bmqo1etryi8nsk6bx04vlxz3v11whmlxwoaw16cm3y0n4jxdrk1fc351bk9lnereg10fbpuri0kfttr21i5w62:latest/stage_1_separableconvcnn/confusion_matrix_table.table.json","nrows":36,"sha256":"02c5a6fac2b98a2cce23216035c71184f8282e95afab8b7a4923ed0654b10cea","_type":"table-file","log_mode":"IMMUTABLE","ncols":3,"size":1368,"artifact_path":"wandb-client-artifact://wc7srf4cas20rxiy3qupqst198xsy5dbmjwzav2bjf84nv1cfhzwxjgpzzz4j2v4d9zkvjqp6daqs8qwzz5s2b7raau0bohz87oys488r511vok2zgjkf96v4t48xnqk/stage_1_separableconvcnn/confusion_matrix_table.table.json"},"_runtime":14,"train_loss":0.1406730087485944,"stage3_test_loss":0.4227289771550554,"stage1/use_pretrain_model":false,"best_val_loss":0.37344816794668123,"lr":0.001,"stage1_test_loss":0.4559599839993571,"stage3_test_f1":0.8681182158138988}