{"stage2_hard_bin_mask_str":"[0.0, 1.0, 1.0, 1.0, 0.0, 0.0, 0.0, 0.0, 0.0, 0.0, 0.0, 0.0, 0.0, 0.0, 0.0, 0.0, 0.0, 0.0, 0.0, 0.0, 0.0, 0.0, 0.0, 0.0, 0.0, 0.0, 0.0, 0.0, 0.0, 0.0, 0.0, 0.0, 0.0, 0.0, 0.0, 0.0, 0.0, 0.0, 0.0, 0.0, 0.0, 0.0, 0.0, 0.0, 0.0, 0.0, 0.0, 0.0, 0.0, 0.0, 0.0]","stage1_test_loss":0.6421395933740167,"_wandb":{"runtime":117},"_runtime":117,"best_val_loss":1.0517114091225237,"stage_3_separableconvcnn/confusion_matrix_table":{"_type":"table-file","sha256":"57c9374707f11dcf1afcc76c2ad2fd6c18dabfeb04fae3f8d094e2c388b34d0d","ncols":3,"nrows":64,"_latest_artifact_path":"wandb-client-artifact://2go1l9ketgeklrqy6buz91mzuhxplzxqm7v9htymgmmx4hl9m9oxhj4bvrwsho5wn3yg9gmrdjk5kyhjtm0hcjo26vq1sn4zb7cqkjjqm23ciwuhg80r6i36mi8s1s3t:latest/stage_3_separableconvcnn/confusion_matrix_table.table.json","artifact_path":"wandb-client-artifact://l3fwu7ppzv7oe4sux8hl19bdkt788jolo0mdmlwy0ysjdp6p4xwffjrgqfxvx9xz2cm89l5d8w6n30c673zgx0n3pizj8tufbi7buwh7zbv5ujrvmalofjtormphh11o/stage_3_separableconvcnn/confusion_matrix_table.table.json","log_mode":"IMMUTABLE","size":2026,"path":"media/table/stage_3_separableconvcnn/confusion_matrix_table_6_57c9374707f11dcf1afc.table.json"},"val_loss":1.09820028014719,"stage1_test_f1":0.6818434948250894,"lr_gumbel_bin":0.001,"epoch":10,"train_acc":54.63819643650761,"stage":3,"val_acc":49.03193361830525,"stage3_test_f1":0.5808743916575125,"lr":0.001,"train_loss":0.951198714395267,"stage2_test_loss":1.0070099886454975,"_step":7,"mask_l1":0.039215683937072754,"stage3_test_loss":0.9183179553868782,"stage3_test_acc":69.98454404945905,"stage_1_separableconvcnn/confusion_matrix_table":{"_latest_artifact_path":"wandb-client-artifact://wiw04o34easodyrbm0wskt8b39z7sscrzyesdzlijdbna40vy04sxw39dhfehn70e949a3n0w5x0301b0punngrsxzaqsnpdj4h44138yqyaeypd97zgoq59uyobxbzc:latest/stage_1_separableconvcnn/confusion_matrix_table.table.json","artifact_path":"wandb-client-artifact://q836ysin305wcmczlm6tpxlzkwgam0g1vw51ufnqkinhpbefe0czzlaouzcypabrlk96p8zs961h1n6oltn5jjs2mbk44j5pnn60yma17hby0oq52cqsfa7ulikzni1n/stage_1_separableconvcnn/confusion_matrix_table.table.json","nrows":64,"size":2013,"log_mode":"IMMUTABLE","path":"media/table/stage_1_separableconvcnn/confusion_matrix_table_0_d68110d164209e7acc5f.table.json","ncols":3,"sha256":"d68110d164209e7acc5fc5462a60a4eac87c9a07c0c4a18707f63026a64360b7","_type":"table-file"},"bin_keep_ratio":0.05882352963089943,"stage2_test_f1":0.5689967917057797,"lr_backbone":0.0001,"_timestamp":1.7759055897098029e+09,"stage1_test_acc":78.65018031942297,"stage2_test_acc":67.82071097372489}