{"stage2/val_acc":33.22056833558863,"stage2/stage_number":2,"val_acc":44.079837618403246,"_step":12,"_runtime":120,"stage":3,"stage2/purpose":"train channel-pruning model with masking","stage2/best_val_loss":1.7473736549746521,"stage2/block3_Pruned_%":73.4375,"stage1/test_loss":0.6567373658043401,"stage2/train_loss":1.2725015849159955,"lr_loaded_weights":0.0001,"stage1_test_loss":0.6567373658043401,"stage2/final_mask_keep_ratio_block2":0.421875,"epoch":20,"block3_Pruned_%":73.4375,"val_loss":1.7607318451665896,"stage2/final_mask_keep_ratio_block3":0.265625,"stage1_test_f1":0.6800136476036338,"train_acc":63.33551055954714,"stage2/mask_l1":0.4130784869194031,"model_param_count":8753,"stage2/raw_hard_mask_block4":"[1.0, 0.0, 1.0, 0.0, 1.0, 0.0, 0.0, 0.0, 0.0, 1.0, 0.0, 0.0, 1.0, 1.0, 1.0, 1.0, 0.0, 0.0, 1.0, 1.0, 1.0, 0.0, 0.0, 0.0, 1.0, 0.0, 1.0, 0.0, 1.0, 1.0, 1.0, 0.0, 1.0, 0.0, 1.0, 1.0, 0.0, 0.0, 0.0, 1.0, 0.0, 1.0, 0.0, 0.0, 1.0, 0.0, 1.0, 0.0, 0.0, 0.0, 1.0, 1.0, 0.0, 0.0, 0.0, 1.0, 0.0, 0.0, 1.0, 0.0, 0.0, 0.0, 0.0, 0.0, 1.0, 1.0, 1.0, 0.0, 0.0, 1.0, 0.0, 0.0, 0.0, 1.0, 0.0, 0.0, 0.0, 0.0, 1.0, 0.0, 1.0, 0.0, 0.0, 0.0, 0.0, 0.0, 1.0, 1.0, 1.0, 1.0, 1.0, 1.0, 1.0, 0.0, 0.0, 0.0, 0.0, 0.0, 0.0, 1.0, 1.0, 1.0, 0.0, 0.0, 0.0, 0.0, 1.0, 1.0, 0.0, 1.0, 0.0, 1.0, 1.0, 0.0, 1.0, 1.0, 1.0, 1.0, 0.0, 1.0, 0.0, 1.0, 0.0, 0.0, 0.0, 1.0, 1.0, 0.0]","stage2/lr_backbone":0.0001,"stage2/lr_gumbel":0.001,"stage2/test_f1":0.5920953416092347,"Total_Pruned_%":63.125,"train_loss":0.7182224446251144,"stage2_test_acc":73.36424523441525,"stage2/block4_Pruned_%":55.46875,"block4_Pruned_%":55.46875,"model_param_count_dense":36998,"stage_3_prunedseparableconvcnn/confusion_matrix_table":{"log_mode":"IMMUTABLE","_type":"table-file","nrows":64,"ncols":3,"sha256":"04a7b292e3ebdf74105c28d590c212cf2fc5961eab6f9df961aab20c28252341","path":"media/table/stage_3_prunedseparableconvcnn/confusion_matrix_table_10_04a7b292e3ebdf74105c.table.json","size":2018,"_latest_artifact_path":"wandb-client-artifact://og93uaeh33ki6nos0mfl3salo1yyq1bx8ne55jjqfigmakm5mffwrqxzu7xk0yvgkhnj0am48p4rgxjeygqiw2t3vyvc0yzk1iwfrgegm0ngde7y19u2zs6hbok4rci7:latest/stage_3_prunedseparableconvcnn/confusion_matrix_table.table.json","artifact_path":"wandb-client-artifact://ivu1ri2jtrntic6erji0k0l8nc7wfwt48ys3in0w4hiy9r40fsnxvyu8wxawp4l9pyrn35k2wynecua1sa2rjr5018vkipvdmauplhnjc6sniefzh1h6a7z2rg47t72c/stage_3_prunedseparableconvcnn/confusion_matrix_table.table.json"},"model_param_count_pruned":8753,"stage2/best_epoch":6,"_wandb":{"runtime":120},"final_summary_log_path":"/home/qphan/master-thesis/models/wear_best_model_three_stage_channel_subject10_val_final_summary_val_10.txt","stage3_test_acc":78.43379701184956,"stage2/test_loss":0.8553494476461336,"stage2_test_loss":0.8553494476461336,"stage2/test_acc":73.36424523441525,"stage3_test_f1":0.6702411307012193,"_timestamp":1.7753790714211648e+09,"stage2/raw_hard_mask_block2":"[0.0, 0.0, 0.0, 1.0, 0.0, 1.0, 1.0, 0.0, 0.0, 0.0, 0.0, 1.0, 1.0, 0.0, 0.0, 1.0, 0.0, 0.0, 0.0, 0.0, 1.0, 1.0, 0.0, 1.0, 0.0, 0.0, 0.0, 0.0, 1.0, 1.0, 1.0, 0.0, 0.0, 1.0, 1.0, 0.0, 1.0, 0.0, 1.0, 0.0, 0.0, 0.0, 0.0, 0.0, 1.0, 1.0, 1.0, 1.0, 0.0, 1.0, 1.0, 0.0, 1.0, 0.0, 0.0, 1.0, 0.0, 0.0, 0.0, 1.0, 1.0, 0.0, 0.0, 1.0]","stage1/test_acc":78.78413189077794,"stage2/raw_hard_mask_block3":"[0.0, 0.0, 1.0, 0.0, 0.0, 1.0, 0.0, 0.0, 0.0, 0.0, 0.0, 0.0, 0.0, 0.0, 0.0, 0.0, 0.0, 0.0, 0.0, 0.0, 0.0, 1.0, 0.0, 0.0, 0.0, 0.0, 1.0, 1.0, 0.0, 0.0, 1.0, 0.0, 1.0, 0.0, 0.0, 1.0, 0.0, 0.0, 0.0, 0.0, 0.0, 0.0, 0.0, 1.0, 1.0, 0.0, 1.0, 0.0, 0.0, 0.0, 1.0, 0.0, 1.0, 0.0, 0.0, 1.0, 1.0, 0.0, 1.0, 1.0, 0.0, 0.0, 0.0, 0.0, 1.0, 1.0, 0.0, 0.0, 1.0, 1.0, 0.0, 0.0, 0.0, 0.0, 0.0, 1.0, 0.0, 0.0, 0.0, 1.0, 0.0, 0.0, 0.0, 0.0, 0.0, 0.0, 0.0, 1.0, 1.0, 0.0, 0.0, 0.0, 1.0, 0.0, 0.0, 0.0, 1.0, 1.0, 0.0, 1.0, 0.0, 0.0, 1.0, 0.0, 1.0, 0.0, 1.0, 0.0, 0.0, 0.0, 0.0, 0.0, 0.0, 0.0, 1.0, 0.0, 0.0, 0.0, 0.0, 0.0, 0.0, 1.0, 0.0, 0.0, 0.0, 0.0, 0.0, 0.0]","stage3_test_loss":0.665286833456286,"stage2/train_acc":51.129188686340875,"stage2/block2_Pruned_%":57.8125,"stage2/val_loss":1.9994148488619008,"stage_1_separableconvcnn/confusion_matrix_table":{"ncols":3,"size":2014,"_latest_artifact_path":"wandb-client-artifact://zjqxgdaggdnm9j8sjuu8ana7sscy5kzxqraeoe521mbpq2fgosug3zpvvwoh147tmerspt25noziuxkmmzzah6ff9novb96aoz20zc0rgyss5ucmh0h3bwtqupj0i40y:latest/stage_1_separableconvcnn/confusion_matrix_table.table.json","nrows":64,"path":"media/table/stage_1_separableconvcnn/confusion_matrix_table_1_22c73a0123b0ad491f7a.table.json","log_mode":"IMMUTABLE","_type":"table-file","artifact_path":"wandb-client-artifact://inbr7os0nrrfuzgcqhse5oy2gv2kk80vx0nlyf3ugjg4okxpz4ms7bd92us6s8ift9dkbp77k522zqujf2p8q0ubolkbh6137azvuerr99jzpb3zzr958el0fv6rv66a/stage_1_separableconvcnn/confusion_matrix_table.table.json","sha256":"22c73a0123b0ad491f7a329715df7bd98ee64ccdfae8a04eeedeedfdab902393"},"stage1/use_pretrain_model":false,"stage1_test_acc":78.78413189077794,"block2_Pruned_%":57.8125,"stage2/epoch":15,"stage2/Total_Pruned_%":63.125,"best_val_loss":1.6202506288301315,"stage2_test_f1":0.5920953416092347,"model_param_reduction_pct":76.34196443050976,"stage2/final_mask_keep_ratio_block4":0.4453125,"stage1/test_f1":0.6800136476036338}