{"val_loss":0.5827750011273494,"stage3_test_f1":0.9076536878498481,"stage2_test_loss":0.5378453447022085,"stage1_test_loss":0.4559599839993571,"best_val_loss":0.23345673381408288,"stage1/use_pretrain_model":false,"lr_backbone":0.0001,"stage1/test_acc":89.85408890397014,"_runtime":13,"lr_gumbel_bin":0.001,"stage_1_separableconvcnn/confusion_matrix_table":{"path":"media/table/stage_1_separableconvcnn/confusion_matrix_table_1_02c5a6fac2b98a2cce23.table.json","size":1368,"artifact_path":"wandb-client-artifact://6nkxg30q1h4gii78cmmi709n8ikha871yw8uohogh4mk8htlit6bcxj0zlkpmh6z9lnkmq8wq3476yi8h3a71z0srj9yn4lknej90fmu1p8kqansjm5e6uhl2gpkywc1/stage_1_separableconvcnn/confusion_matrix_table.table.json","_latest_artifact_path":"wandb-client-artifact://7eja9vg7nq218d88ytnc52jtbmfoqv5gs7rw9a81baheo8af00aa64sjv1hso0zsdf7g0gs7onp8pc5hopb1wcztbpcqkqeg6pm89484r7bdckf5xd4abz5ktc86g52z:latest/stage_1_separableconvcnn/confusion_matrix_table.table.json","_type":"table-file","log_mode":"IMMUTABLE","nrows":36,"sha256":"02c5a6fac2b98a2cce23216035c71184f8282e95afab8b7a4923ed0654b10cea","ncols":3},"lr":0.001,"stage2_test_acc":87.17339667458432,"val_acc":82.11143695014663,"stage":3,"stage1/test_loss":0.4559599839993571,"stage_3_separableconvcnn/confusion_matrix_table":{"ncols":3,"_latest_artifact_path":"wandb-client-artifact://1r709r45xexwc31d1sztfsfscze4edc76oopny44dbdawverno5vo4cautf46s61xmd5iqzcobeuqv0ukeler3kxi3svqrq1atggxmvejq9zmfabw9fo5k5itwmy4fpf:latest/stage_3_separableconvcnn/confusion_matrix_table.table.json","path":"media/table/stage_3_separableconvcnn/confusion_matrix_table_7_3a11d4d6cd59ff1c5538.table.json","sha256":"3a11d4d6cd59ff1c5538a6257ac0d11670e9011f5e0ece36c65d17e10b30bf4f","nrows":36,"size":1367,"_type":"table-file","artifact_path":"wandb-client-artifact://8wpx2uzkrmjdi1d0m3fgq6x1wepduiomysjarf2tfl5rewr1iagcjquv07qihp4j1t57rrdqyvrd8q8iwnjgflnr4vce5te0tqimvzgjp4l4l1en33q92ttbz7kpboc3/stage_3_separableconvcnn/confusion_matrix_table.table.json","log_mode":"IMMUTABLE"},"_wandb":{"runtime":13},"stage3_test_loss":0.4388274307146965,"stage1_test_acc":89.85408890397014,"train_loss":0.11245507742152747,"mask_l1":0.296875,"stage1_test_f1":0.8992012196111356,"stage1/test_f1":0.8992012196111356,"stage2_test_f1":0.8724179528352728,"_timestamp":1.7764298073325098e+09,"stage2_hard_bin_mask_str":"[0.0, 0.0, 0.0, 0.0, 1.0, 0.0, 0.0, 1.0, 1.0, 1.0, 1.0, 0.0, 1.0, 1.0, 1.0, 1.0, 1.0, 1.0, 1.0, 1.0, 1.0, 1.0, 1.0, 1.0, 1.0, 1.0, 1.0, 1.0, 1.0, 1.0, 1.0, 1.0, 1.0, 1.0, 1.0, 1.0, 1.0, 1.0, 1.0, 1.0, 0.0, 1.0, 1.0, 1.0, 1.0, 1.0, 0.0, 1.0, 1.0, 1.0, 1.0, 1.0, 1.0, 1.0, 1.0, 1.0, 1.0, 1.0, 0.0, 1.0, 0.0, 0.0, 0.0, 0.0, 0.0, 0.0, 0.0, 0.0, 0.0, 0.0, 0.0, 0.0, 0.0, 0.0, 0.0, 0.0, 0.0, 0.0, 0.0, 0.0, 0.0, 0.0, 0.0, 0.0, 0.0, 0.0, 0.0, 0.0, 0.0, 0.0, 0.0, 0.0, 0.0, 0.0, 0.0, 0.0, 0.0, 0.0, 0.0, 0.0, 0.0, 0.0, 0.0, 0.0, 0.0, 0.0, 0.0, 0.0, 0.0, 0.0, 0.0, 0.0, 0.0, 0.0, 0.0, 0.0, 0.0, 0.0, 0.0, 0.0, 0.0, 0.0, 0.0, 0.0, 0.0, 0.0, 0.0, 0.0]","train_acc":95.26458422478962,"_step":8,"bin_keep_ratio":0.390625,"stage3_test_acc":90.66847641669494,"epoch":15}