{"stage2/train_loss":0.7669953454056742,"stage2/block4_Pruned_%":42.1875,"hard_bin_mask":[1,1,1,1,1,1,1,1,1,1,1,1,1,1,1,1,1,1,1,1,1,1,1,1,1,1,1,1,1,1,1,1,1,1,1,0,1,1,1,1,1,1,1,1,1,1,1,1,1,1,1,1,0,1,1,0,1,0,0,1,0,1,0,0,0,0,0,1,0,0,0,0,0,0,0,0,0,0,0,0,1,0,0,0,0,0,0,0,0,0,0,0,0,0,0,0,0,0,0,0,0,0,0,0,0,0,0,0,0,0,0,0,0,0,0,0,0,0,0,0,0,0,0,0,0,0,0,0],"stage2/test_acc":64.06515100101798,"stage_3_separableconvcnn/confusion_matrix_table":{"size":1365,"_type":"table-file","log_mode":"IMMUTABLE","_latest_artifact_path":"wandb-client-artifact://isu4n54te74gl0jj36pmb6psih7x9c3es2mlwkik2ucefq6l979iofkvilczfl883ea31b0i2pix39cm198siyqqs5uuabdn24ouc8ihhcktfqv78092cqc0n2zwf6ib:latest/stage_3_separableconvcnn/confusion_matrix_table.table.json","path":"media/table/stage_3_separableconvcnn/confusion_matrix_table_11_adc6f5d99b8c33fedca0.table.json","artifact_path":"wandb-client-artifact://x5kdihnj2oskf9c7h9z4wfnsfvt9w150d8pgd9fhxbzjqd6ia50l30rn81gbtinbvcof8pqiz5rn0gwqgoobsflswwe5b64w2wz9eaxe5zcjbrwmylnowmegts3id963/stage_3_separableconvcnn/confusion_matrix_table.table.json","sha256":"adc6f5d99b8c33fedca009cfdc8c6afd570e06149450a791ba3d50ee790082ec","nrows":36,"ncols":3},"stage2/final_mask_keep_ratio_block4":0.578125,"best_val_loss":0.22441672606439125,"stage1/test_loss":0.2537910104408076,"model_param_count_pruned":20220,"stage2/test_f1":0.608700933560296,"stage":5,"stage2/final_mask_keep_ratio_block2":0.84375,"stage1_test_loss":0.2537910104408076,"stage2/purpose":"train channel-pruning model with masking","val_acc":91.15853658536585,"stage1/test_acc":90.93993892093654,"train_acc":92.98120728929385,"stage2/val_loss":0.6550110951066017,"stage2/lr_backbone":0.0001,"model_param_count_dense":36868,"final_channel_mask_block2":[1,1,0,1,1,1,1,1,1,1,0,1,1,1,1,1,1,1,1,1,1,1,0,1,1,0,1,1,0,1,1,1,1,1,1,1,1,0,1,1,1,1,1,0,0,1,1,1,0,1,1,1,1,1,1,1,1,1,1,1,1,1,0,1],"_step":19,"stage_5_prunedseparableconvcnn/confusion_matrix_table":{"_type":"table-file","path":"media/table/stage_5_prunedseparableconvcnn/confusion_matrix_table_18_1e455809c3e9415e6eb1.table.json","log_mode":"IMMUTABLE","ncols":3,"_latest_artifact_path":"wandb-client-artifact://kh7j10v7fiqwtpbjckfbnz4uzizfazjamy7czxme0gsw94xm5icc92kh3n02bvtez2r4gj0uqx8o92fra1p5u0pkc45vl8ypp8l380bops9pd2lwr42wlchgg6hqi71b:latest/stage_5_prunedseparableconvcnn/confusion_matrix_table.table.json","sha256":"1e455809c3e9415e6eb15c098e82107e4195985d772e87087e2b759e445ad720","size":1369,"nrows":36,"artifact_path":"wandb-client-artifact://hp9pdyt1fhmy9hpfphb4tey92src5jqr2pio6b4jupdn060xzswdmhikjc86xurhghnnjwrxs41zx91xkp3xk6j5p3h3pov44f9mrl5w5yprjk7ajjf0btibm76ufdfr/stage_5_prunedseparableconvcnn/confusion_matrix_table.table.json"},"stage2/test_loss":0.6522463037533589,"epoch":10,"stage2/raw_hard_mask_block3":"[1.0, 0.0, 0.0, 0.0, 1.0, 1.0, 1.0, 1.0, 0.0, 1.0, 0.0, 1.0, 1.0, 0.0, 1.0, 1.0, 1.0, 1.0, 1.0, 1.0, 1.0, 1.0, 0.0, 1.0, 0.0, 1.0, 0.0, 1.0, 1.0, 1.0, 1.0, 1.0, 1.0, 1.0, 0.0, 1.0, 1.0, 1.0, 1.0, 0.0, 0.0, 1.0, 1.0, 1.0, 1.0, 1.0, 0.0, 0.0, 1.0, 1.0, 0.0, 1.0, 1.0, 0.0, 1.0, 0.0, 0.0, 1.0, 1.0, 1.0, 1.0, 0.0, 0.0, 1.0, 1.0, 1.0, 0.0, 1.0, 0.0, 1.0, 1.0, 0.0, 1.0, 0.0, 0.0, 0.0, 0.0, 1.0, 1.0, 0.0, 1.0, 1.0, 1.0, 1.0, 1.0, 1.0, 1.0, 1.0, 1.0, 1.0, 1.0, 1.0, 1.0, 1.0, 1.0, 1.0, 1.0, 1.0, 0.0, 1.0, 1.0, 1.0, 1.0, 1.0, 1.0, 1.0, 1.0, 1.0, 0.0, 0.0, 1.0, 1.0, 0.0, 1.0, 1.0, 1.0, 0.0, 1.0, 1.0, 1.0, 1.0, 1.0, 1.0, 1.0, 1.0, 0.0, 1.0, 1.0]","_runtime":45,"stage5_test_loss":0.25733932353648437,"stage1/test_f1":0.9107699674134211,"final_channel_mask_block3":[1,0,0,0,1,1,1,1,0,1,0,1,1,0,1,1,1,1,1,1,1,1,0,1,0,1,0,1,1,1,1,1,1,1,0,1,1,1,1,0,0,1,1,1,1,1,0,0,1,1,0,1,1,0,1,0,0,1,1,1,1,0,0,1,1,1,0,1,0,1,1,0,1,0,0,0,0,1,1,0,1,1,1,1,1,1,1,1,1,1,1,1,1,1,1,1,1,1,0,1,1,1,1,1,1,1,1,1,0,0,1,1,0,1,1,1,0,1,1,1,1,1,1,1,1,0,1,1],"lr":0.001,"stage2/block2_Pruned_%":15.625,"stage1_test_f1":0.9107699674134211,"stage2/raw_hard_mask_block2":"[1.0, 1.0, 0.0, 1.0, 1.0, 1.0, 1.0, 1.0, 1.0, 1.0, 0.0, 1.0, 1.0, 1.0, 1.0, 1.0, 1.0, 1.0, 1.0, 1.0, 1.0, 1.0, 0.0, 1.0, 1.0, 0.0, 1.0, 1.0, 0.0, 1.0, 1.0, 1.0, 1.0, 1.0, 1.0, 1.0, 1.0, 0.0, 1.0, 1.0, 1.0, 1.0, 1.0, 0.0, 0.0, 1.0, 1.0, 1.0, 0.0, 1.0, 1.0, 1.0, 1.0, 1.0, 1.0, 1.0, 1.0, 1.0, 1.0, 1.0, 1.0, 1.0, 0.0, 1.0]","stage2/stage_number":2,"final_channel_mask_block4":[1,0,1,0,1,1,1,0,1,1,0,1,1,1,0,1,1,0,1,0,1,1,0,1,0,1,0,1,1,1,1,0,0,1,1,1,0,0,1,0,1,1,0,0,0,0,0,0,1,1,1,1,0,1,0,1,1,1,0,1,0,1,1,0,1,1,0,1,0,0,0,0,0,1,0,1,1,1,1,0,1,1,1,0,0,1,0,0,0,0,1,0,0,0,1,1,1,1,1,1,1,1,1,1,1,0,1,1,0,1,1,0,0,1,1,0,0,0,1,1,1,0,1,1,0,1,0,0],"stage2/block3_Pruned_%":26.5625,"stage2/Total_Pruned_%":30.625000000000004,"train_loss":0.18500889077409252,"lr_gumbel_bin":0.001,"stage2/epoch":15,"stage2/train_acc":62.37186788154897,"model_param_reduction_pct":45.155690571769554,"stage5_test_f1":0.9112009937283823,"stage2/best_epoch":6,"val_loss":0.22616892752078613,"stage1_test_acc":90.93993892093654,"stage2/raw_hard_mask_block4":"[1.0, 0.0, 1.0, 0.0, 1.0, 1.0, 1.0, 0.0, 1.0, 1.0, 0.0, 1.0, 1.0, 1.0, 0.0, 1.0, 1.0, 0.0, 1.0, 0.0, 1.0, 1.0, 0.0, 1.0, 0.0, 1.0, 0.0, 1.0, 1.0, 1.0, 1.0, 0.0, 0.0, 1.0, 1.0, 1.0, 0.0, 0.0, 1.0, 0.0, 1.0, 1.0, 0.0, 0.0, 0.0, 0.0, 0.0, 0.0, 1.0, 1.0, 1.0, 1.0, 0.0, 1.0, 0.0, 1.0, 1.0, 1.0, 0.0, 1.0, 0.0, 1.0, 1.0, 0.0, 1.0, 1.0, 0.0, 1.0, 0.0, 0.0, 0.0, 0.0, 0.0, 1.0, 0.0, 1.0, 1.0, 1.0, 1.0, 0.0, 1.0, 1.0, 1.0, 0.0, 0.0, 1.0, 0.0, 0.0, 0.0, 0.0, 1.0, 0.0, 0.0, 0.0, 1.0, 1.0, 1.0, 1.0, 1.0, 1.0, 1.0, 1.0, 1.0, 1.0, 1.0, 0.0, 1.0, 1.0, 0.0, 1.0, 1.0, 0.0, 0.0, 1.0, 1.0, 0.0, 0.0, 0.0, 1.0, 1.0, 1.0, 0.0, 1.0, 1.0, 0.0, 1.0, 0.0, 0.0]","mask_l1":0.4140625,"stage2/final_mask_keep_ratio_block3":0.734375,"stage_1_separableconvcnn/confusion_matrix_table":{"artifact_path":"wandb-client-artifact://r6wxgdmou0tegyz301bx2g2b69a3okuzn32tkn7avvxr53n07lwcl2tzfb1mra1bd73vzsl2nydq5jrrppwluarsrmxtvh94ynx9ct25rfc1sf3oo82k8aw1vl8zklpt/stage_1_separableconvcnn/confusion_matrix_table.table.json","_type":"table-file","nrows":36,"ncols":3,"log_mode":"IMMUTABLE","size":1365,"_latest_artifact_path":"wandb-client-artifact://gydf567f0bye5uymvu2ncj623ojzg1j2ipliewfmbzi04w752gey6c9xu9h3qtrx5wkdzqhpt56q7ehngt2g0lw8no92upnqgawbxe2na2aaruyj516jnpk02apkno8x:latest/stage_1_separableconvcnn/confusion_matrix_table.table.json","sha256":"3e3d42bff713e031374cdc68ec4be2b385aa8d5138a0b4cfa77b4597d07c46d0","path":"media/table/stage_1_separableconvcnn/confusion_matrix_table_1_3e3d42bff713e031374c.table.json"},"stage5_test_acc":91.07567017305735,"_timestamp":1.7767052934963994e+09,"lr_backbone":0.0001,"stage2/mask_l1":0.5107184648513794,"stage2/best_val_loss":0.6205156781574394,"stage1/use_pretrain_model":false,"_wandb":{"runtime":45},"stage2/val_acc":60.0609756097561,"lr_loaded_weights":0.0001,"stage2/lr_gumbel":0.001}