{"epoch":15,"stage":3,"lr_gumbel_bin":0.001,"stage2_hard_bin_mask_str":"[1.0, 1.0, 1.0, 1.0, 1.0, 1.0, 1.0, 1.0, 1.0, 1.0, 1.0, 1.0, 1.0, 1.0, 1.0, 1.0, 1.0, 1.0, 1.0, 1.0, 1.0, 1.0, 1.0, 1.0, 1.0, 1.0, 1.0, 1.0, 1.0, 0.0, 0.0, 0.0, 1.0, 0.0, 0.0, 0.0, 1.0, 1.0, 0.0, 1.0, 0.0, 0.0, 1.0, 1.0, 1.0, 1.0, 0.0, 0.0, 1.0, 1.0, 1.0, 1.0, 1.0, 0.0, 0.0, 0.0, 0.0, 0.0, 0.0, 0.0, 0.0, 0.0, 0.0, 0.0, 1.0, 0.0, 0.0, 0.0, 0.0, 0.0, 0.0, 0.0, 0.0, 0.0, 0.0, 0.0, 0.0, 0.0, 0.0, 0.0, 0.0, 0.0, 0.0, 0.0, 0.0, 0.0, 0.0, 0.0, 0.0, 0.0, 0.0, 0.0, 0.0, 0.0, 0.0, 0.0, 0.0, 0.0, 0.0, 0.0, 0.0, 0.0, 0.0, 0.0, 0.0, 0.0, 0.0, 0.0, 0.0, 0.0, 0.0, 0.0, 0.0, 0.0, 0.0, 0.0, 0.0, 0.0, 0.0, 0.0, 0.0, 0.0, 0.0, 0.0, 0.0, 0.0, 0.0, 0.0]","_step":8,"lr":0.001,"stage_1_separableconvcnn/confusion_matrix_table":{"path":"media/table/stage_1_separableconvcnn/confusion_matrix_table_1_e9d0f4c5600594355502.table.json","size":1365,"_latest_artifact_path":"wandb-client-artifact://czr7a0yn3f93c37hr8f859zqw7hwlbkdeadua7i66lcv7aj2t5h0nxy2qruw6c4w41kxe2u7y7lfw58wahfikwunjk6bguo5fiz06jw7jolhatjhl71r732gxdvmsnra:latest/stage_1_separableconvcnn/confusion_matrix_table.table.json","artifact_path":"wandb-client-artifact://wcnxtlg059mupow9jn4aviyfn0n69nf0ae23itqi36u0tjmkq4kjqgegucvwdtral711841l1c8radpdy6atuoiny6jnlvr02u7qtug04yvsy9uxn6494ibl77gpt30s/stage_1_separableconvcnn/confusion_matrix_table.table.json","_type":"table-file","nrows":36,"ncols":3,"log_mode":"IMMUTABLE","sha256":"e9d0f4c5600594355502fc58cbe063851c9ea7d0488f87540acebe3c18daf084"},"best_val_loss":0.4347868143924692,"val_acc":81.17359413202934,"_wandb":{"runtime":12},"stage1/test_f1":0.8924884128205228,"train_loss":0.11556635184601716,"stage1/test_acc":89.07363420427554,"bin_keep_ratio":0.3359375,"stage2_test_acc":84.0515778758059,"stage3_test_f1":0.9000306223260003,"stage2_test_f1":0.8375344089024702,"mask_l1":0.203125,"stage3_test_acc":90.15948422124194,"val_loss":0.7801843497254328,"stage1/test_loss":0.2930488961723181,"stage1_test_acc":89.07363420427554,"stage1/use_pretrain_model":false,"stage_3_separableconvcnn/confusion_matrix_table":{"artifact_path":"wandb-client-artifact://br53lqzauh7daovml4vituc4zgfvzvj7a5bcvuirzbc994n3sar30tylmlbczjuo8fodiiwgf77usqzsecyr523i4hm9svoh5lobastofu76qid6jbwr9ntpyfwdgn7r/stage_3_separableconvcnn/confusion_matrix_table.table.json","_type":"table-file","sha256":"1f2a2313e0619b149e77134bcba6bd01ed06f8e3c47043ef91fcded8e945c7d4","size":1364,"nrows":36,"_latest_artifact_path":"wandb-client-artifact://64ssmd1cpz77w8tnrytzy1yypxjlogsri20gmlaipdwem4aimbwbi4h8i6qatf1iics3u6wq8sfsxwv0df2f41k2h98f8yadg391stlhgrdz7ww3dppuqhb32w6yt882:latest/stage_3_separableconvcnn/confusion_matrix_table.table.json","path":"media/table/stage_3_separableconvcnn/confusion_matrix_table_7_1f2a2313e0619b149e77.table.json","log_mode":"IMMUTABLE","ncols":3},"train_acc":94.95895146190408,"lr_backbone":0.0001,"_runtime":12,"stage2_test_loss":0.5811327761975359,"stage1_test_loss":0.2930488961723181,"stage1_test_f1":0.8924884128205228,"_timestamp":1.7757817973113647e+09,"stage3_test_loss":0.2754141803892477}