{"epoch":15,"_runtime":28,"stage1/use_pretrain_model":false,"stage3_test_f1":0.9255472249009439,"stage1/test_f1":0.9123850769801085,"stage1/test_acc":91.07567017305735,"bin_keep_ratio":0.3125,"stage2_hard_bin_mask_str":"[1.0, 1.0, 1.0, 1.0, 1.0, 1.0, 1.0, 1.0, 1.0, 1.0, 0.0, 1.0, 1.0, 1.0, 1.0, 1.0, 1.0, 1.0, 1.0, 1.0, 1.0, 1.0, 1.0, 1.0, 1.0, 1.0, 0.0, 1.0, 0.0, 1.0, 1.0, 1.0, 0.0, 1.0, 1.0, 1.0, 1.0, 1.0, 1.0, 1.0, 0.0, 0.0, 0.0, 1.0, 0.0, 0.0, 1.0, 0.0, 0.0, 0.0, 0.0, 0.0, 0.0, 1.0, 0.0, 1.0, 0.0, 0.0, 0.0, 0.0, 0.0, 0.0, 0.0, 0.0, 0.0, 0.0, 0.0, 0.0, 0.0, 0.0, 0.0, 0.0, 0.0, 0.0, 0.0, 0.0, 0.0, 0.0, 0.0, 0.0, 0.0, 0.0, 0.0, 0.0, 0.0, 0.0, 0.0, 0.0, 0.0, 0.0, 0.0, 0.0, 0.0, 0.0, 0.0, 0.0, 0.0, 0.0, 0.0, 0.0, 0.0, 0.0, 0.0, 0.0, 0.0, 0.0, 0.0, 0.0, 0.0, 0.0, 0.0, 0.0, 0.0, 0.0, 0.0, 0.0, 0.0, 0.0, 0.0, 0.0, 0.0, 0.0, 0.0, 0.0, 0.0, 0.0, 0.0, 0.0]","train_acc":94.90800171159606,"stage3_test_loss":0.22007935680375434,"best_val_loss":0.3617054517667664,"val_acc":85.33724340175954,"stage1_test_acc":91.07567017305735,"stage2_test_loss":0.24523686940968542,"stage1_test_f1":0.9123850769801085,"mask_l1":0.2890625,"stage1/test_loss":0.22617445322285173,"stage_1_separableconvcnn/confusion_matrix_table":{"_type":"table-file","_latest_artifact_path":"wandb-client-artifact://3zk22718c00jijg6zas258guovqunf7rxtnr8v86lml96y3lkscxki1m54dnqyocemlcm217azwwltqltic80qbcrswo3o6h2trg1w7mup44zhscabjac30xnv35e98x:latest/stage_1_separableconvcnn/confusion_matrix_table.table.json","size":1366,"ncols":3,"path":"media/table/stage_1_separableconvcnn/confusion_matrix_table_1_ee0fa33fc929b82f93f6.table.json","nrows":36,"sha256":"ee0fa33fc929b82f93f642ef91fbb8aa9f03d6057574e4a8afa65bbfb16ea3b6","log_mode":"IMMUTABLE","artifact_path":"wandb-client-artifact://nc0lzz5u0xdrs0vkludsi3z8ifufdhe0bimbxv3ux14u20rw8vmv0qtnaq8tmg59ymajxyb4li52nlyy6so637gsovgjmpb0cxinr9kixuz05wwvgqi8fb58sqs9p8p6/stage_1_separableconvcnn/confusion_matrix_table.table.json"},"stage2_test_acc":90.12555140821173,"stage3_test_acc":92.46691550729555,"_step":16,"_wandb":{"runtime":28},"stage_3_separableconvcnn/confusion_matrix_table":{"artifact_path":"wandb-client-artifact://gnius5z0gp96j90zafruzavzadyimjxu02yqh1wyh65t2ui3twl4a5mvpms3pn0f5lwxfvt18hwp5xorgche53y7kyozpkbn5qf1r83nqkyym4y5khwklh142up0evfe/stage_3_separableconvcnn/confusion_matrix_table.table.json","_latest_artifact_path":"wandb-client-artifact://1x9630l2r7a0i8pknr1ns9yi4rmfniz2owu0486ydcoc8zl869u12p79qr74dvxqaqx2bykw94oq563mzwwj2doflyfc49zsp554tuilkd6e6mvazmc6poa1x994cg8c:latest/stage_3_separableconvcnn/confusion_matrix_table.table.json","size":1366,"path":"media/table/stage_3_separableconvcnn/confusion_matrix_table_15_6364105e1162ffa5177d.table.json","nrows":36,"sha256":"6364105e1162ffa5177d795e524f3a5f56f345c1970da1c03fd685f047ccbf17","ncols":3,"log_mode":"IMMUTABLE","_type":"table-file"},"stage":3,"lr_gumbel_bin":0.001,"val_loss":0.4610252583131762,"stage2_test_f1":0.9009906578812864,"lr_backbone":0.0001,"stage1_test_loss":0.22617445322285173,"_timestamp":1.77577826902856e+09,"lr":0.001,"train_loss":0.12012697218671163}