{"_wandb":{"runtime":89},"_runtime":89,"stage1/test_f1":0.7289115478883496,"_step":29,"stage1/test_loss":0.5781040951820731,"stage1/test_acc":80.82431736218444,"_timestamp":1.7753010172938275e+09,"stage1/best_val_loss":0.5850308667252984,"stage1_test_acc":80.82431736218444,"test_acc":80.82431736218444,"stage1/train_loss":0.3736772782013427,"stage1/stage_number":1,"stage1_test_loss":0.5781040951820731,"stage1/lr":0.001,"test_loss":0.5781040951820731,"test_f1_macro":0.7289115478883496,"stage1/purpose":"train baseline model","stage1/val_acc":75.33736621684504,"best_val_loss":0.5850308667252984,"stage1/val_loss":0.7268709023922973,"stage1_test_f1":0.7289115478883496,"best_epoch":18,"stage1/train_acc":75.9945451003312,"stage1/epoch":28,"stage1/use_pretrain_model":false}