{"stage2/stage_number":2,"val_acc":72.75541795665634,"mask_l1":0.2153846174478531,"stage1_test_f1":0.8423145835060694,"stage2/val_loss":1.9333943700642777,"stage2/test_loss":0.7760613386236096,"final_channel_mask_block2":[1,1,1,1,1,1,0,1,0,0,0,1,1,1,1,1,1,1,0,1,1,0,1,0,1,1,0,1,1,1,1,0,1,1,0,0,1,1,1,1,1,1,1,1,1,1,1,1,1,1,1,1,1,0,1,1,1,1,0,0,1,1,1,0],"stage2/raw_hard_mask_block3":"[1.0, 1.0, 1.0, 1.0, 1.0, 0.0, 1.0, 0.0, 1.0, 1.0, 1.0, 1.0, 0.0, 0.0, 1.0, 0.0, 1.0, 0.0, 1.0, 0.0, 1.0, 1.0, 1.0, 0.0, 1.0, 0.0, 0.0, 0.0, 0.0, 1.0, 1.0, 0.0, 1.0, 1.0, 0.0, 1.0, 1.0, 1.0, 0.0, 1.0, 0.0, 0.0, 0.0, 1.0, 1.0, 1.0, 1.0, 1.0, 1.0, 0.0, 1.0, 1.0, 1.0, 0.0, 1.0, 1.0, 1.0, 1.0, 1.0, 0.0, 1.0, 1.0, 0.0, 1.0, 1.0, 1.0, 1.0, 1.0, 0.0, 0.0, 1.0, 1.0, 0.0, 1.0, 1.0, 1.0, 0.0, 1.0, 0.0, 1.0, 1.0, 1.0, 0.0, 0.0, 1.0, 1.0, 1.0, 0.0, 1.0, 1.0, 1.0, 1.0, 1.0, 1.0, 0.0, 0.0, 1.0, 1.0, 0.0, 1.0, 0.0, 1.0, 1.0, 1.0, 1.0, 1.0, 0.0, 1.0, 0.0, 0.0, 0.0, 1.0, 1.0, 1.0, 1.0, 1.0, 1.0, 1.0, 0.0, 1.0, 1.0, 1.0, 0.0, 1.0, 1.0, 1.0, 1.0, 1.0]","stage2/raw_hard_mask_block4":"[0.0, 0.0, 0.0, 0.0, 1.0, 0.0, 1.0, 0.0, 0.0, 1.0, 0.0, 1.0, 1.0, 1.0, 1.0, 0.0, 0.0, 0.0, 1.0, 0.0, 1.0, 0.0, 0.0, 0.0, 0.0, 0.0, 0.0, 0.0, 1.0, 0.0, 0.0, 0.0, 1.0, 1.0, 0.0, 1.0, 0.0, 1.0, 1.0, 1.0, 0.0, 0.0, 1.0, 0.0, 0.0, 0.0, 0.0, 0.0, 1.0, 0.0, 1.0, 0.0, 0.0, 0.0, 1.0, 1.0, 1.0, 0.0, 0.0, 1.0, 0.0, 0.0, 0.0, 1.0, 0.0, 1.0, 0.0, 1.0, 1.0, 1.0, 0.0, 1.0, 0.0, 1.0, 0.0, 0.0, 0.0, 1.0, 1.0, 1.0, 0.0, 0.0, 0.0, 0.0, 1.0, 1.0, 1.0, 0.0, 0.0, 1.0, 1.0, 0.0, 0.0, 0.0, 0.0, 0.0, 0.0, 1.0, 0.0, 0.0, 1.0, 0.0, 1.0, 1.0, 0.0, 0.0, 1.0, 0.0, 0.0, 0.0, 0.0, 1.0, 1.0, 1.0, 0.0, 1.0, 1.0, 0.0, 0.0, 0.0, 1.0, 0.0, 1.0, 0.0, 1.0, 1.0, 0.0, 1.0]","stage2/test_f1":0.5252517302757347,"stage2/purpose":"train channel-pruning model with masking","best_val_loss":0.7744996554583652,"final_channel_mask_block4":[0,0,0,0,1,0,1,0,0,1,0,1,1,1,1,0,0,0,1,0,1,0,0,0,0,0,0,0,1,0,0,0,1,1,0,1,0,1,1,1,0,0,1,0,0,0,0,0,1,0,1,0,0,0,1,1,1,0,0,1,0,0,0,1,0,1,0,1,1,1,0,1,0,1,0,0,0,1,1,1,0,0,0,0,1,1,1,0,0,1,1,0,0,0,0,0,0,1,0,0,1,0,1,1,0,0,1,0,0,0,0,1,1,1,0,1,1,0,0,0,1,0,1,0,1,1,0,1],"stage2/train_acc":61.68729549011239,"stage2/final_mask_keep_ratio_block2":0.765625,"stage1/test_f1":0.8423145835060694,"epoch":10,"stage2/final_mask_keep_ratio_block4":0.4140625,"stage1_test_acc":83.8479809976247,"stage_5_prunedseparableconvcnn/confusion_matrix_table":{"ncols":3,"sha256":"331deb43c51e944c2e9bcccfcc823cca9a1b2553c2be8cc63cee9c27c07c0b0f","nrows":36,"_type":"table-file","path":"media/table/stage_5_prunedseparableconvcnn/confusion_matrix_table_15_331deb43c51e944c2e9b.table.json","artifact_path":"wandb-client-artifact://uvo3yp3gl2jtn5h0mamcc6d8tfksf26k9luxar9nqz8jz3q9pubj0c3lyj88lk5yrcf0c4kmt3m6m6s0ptl1lt581uvt1nyetfjxwohr19o1vg5g9vehd7s7d6opugl0/stage_5_prunedseparableconvcnn/confusion_matrix_table.table.json","log_mode":"IMMUTABLE","size":1368,"_latest_artifact_path":"wandb-client-artifact://hmzhksi64bvt5spsme9cfbknatn2wuwd2zihwn4ehoqte8rn6etpd5r58c0rmc49ahsvzmeun6hms8z5vygm8taq81y22k5hqqju3ttprnse9ujrb1haopidt27da9iz:latest/stage_5_prunedseparableconvcnn/confusion_matrix_table.table.json"},"final_channel_mask_block3":[1,1,1,1,1,0,1,0,1,1,1,1,0,0,1,0,1,0,1,0,1,1,1,0,1,0,0,0,0,1,1,0,1,1,0,1,1,1,0,1,0,0,0,1,1,1,1,1,1,0,1,1,1,0,1,1,1,1,1,0,1,1,0,1,1,1,1,1,0,0,1,1,0,1,1,1,0,1,0,1,1,1,0,0,1,1,1,0,1,1,1,1,1,1,0,0,1,1,0,1,0,1,1,1,1,1,0,1,0,0,0,1,1,1,1,1,1,1,0,1,1,1,0,1,1,1,1,1],"stage2/val_acc":52.01238390092879,"stage":5,"stage2/block3_Pruned_%":31.25,"lr_gumbel_bin":0.001,"stage2/best_epoch":1,"lr":0.001,"stage1/use_pretrain_model":false,"_step":16,"stage5_test_acc":87.47879199185613,"stage5_test_loss":0.3384890303067537,"stage2/mask_l1":0.5072672367095947,"stage2/best_val_loss":1.363212369533397,"hard_bin_mask":[1,1,1,1,1,1,1,1,1,1,1,1,1,0,0,0,0,0,0,1,1,0,1,0,0,0,0,0,0,1,0,0,0,0,0,0,0,0,0,0,0,0,0,0,0,0,0,0,0,0,0,0,0,0,0,0,0,0,0,0,0,0,0,0,0],"_wandb":{"runtime":34},"stage2/block4_Pruned_%":58.59375,"stage5_test_f1":0.8775457297473787,"stage1/test_acc":83.8479809976247,"lr_loaded_weights":0.0001,"_runtime":34,"val_loss":0.9949528370110199,"stage2/raw_hard_mask_block2":"[1.0, 1.0, 1.0, 1.0, 1.0, 1.0, 0.0, 1.0, 0.0, 0.0, 0.0, 1.0, 1.0, 1.0, 1.0, 1.0, 1.0, 1.0, 0.0, 1.0, 1.0, 0.0, 1.0, 0.0, 1.0, 1.0, 0.0, 1.0, 1.0, 1.0, 1.0, 0.0, 1.0, 1.0, 0.0, 0.0, 1.0, 1.0, 1.0, 1.0, 1.0, 1.0, 1.0, 1.0, 1.0, 1.0, 1.0, 1.0, 1.0, 1.0, 1.0, 1.0, 1.0, 0.0, 1.0, 1.0, 1.0, 1.0, 0.0, 0.0, 1.0, 1.0, 1.0, 0.0]","stage1/test_loss":0.4033316631915511,"model_param_reduction_pct":57.78724096777693,"stage2/lr_gumbel":0.001,"stage2/epoch":10,"stage2/Total_Pruned_%":40.625,"stage2/test_acc":58.059043094672546,"stage1_test_loss":0.4033316631915511,"stage2/block2_Pruned_%":23.4375,"model_param_count_pruned":15563,"_timestamp":1.776702177669982e+09,"stage_3_separableconvcnn/confusion_matrix_table":{"nrows":36,"size":1370,"ncols":3,"path":"media/table/stage_3_separableconvcnn/confusion_matrix_table_9_f269b000f6263c6aec77.table.json","artifact_path":"wandb-client-artifact://v0ota6wwsu1zhx8d6ave26ctsy9rau2fp24pd9bin12vw8kdqj23bws2wkzzoi2dqwbuyqoq59mh78b9ez79n8o3789utl0gjx0d5ul95kgtj6awvjl3s9ehxoascdm3/stage_3_separableconvcnn/confusion_matrix_table.table.json","_type":"table-file","_latest_artifact_path":"wandb-client-artifact://kwmetlyn9ep60eay9705fq6e7r48qcgsif1uqq9pxlcxepwr0ptxgw3y478z1ecd4tmifad47ll2winzxf6au57q7nlpvf2j6maefv2ydwvk9uwq6low2ent6ju07fqs:latest/stage_3_separableconvcnn/confusion_matrix_table.table.json","log_mode":"IMMUTABLE","sha256":"f269b000f6263c6aec77cfe37024e85f10eef0022c121dfe8219a734612b23c0"},"model_param_count_dense":36868,"stage_1_separableconvcnn/confusion_matrix_table":{"_latest_artifact_path":"wandb-client-artifact://n0p2w8nv4axbd8ywuwr1eya814rnd9zds0mjoja7jp85zozeejbj9dwf8j49m1u0e208w7a8yrrm4p0hfbywte7g16ay110qo3u20z8c4y3mnf64oyipt5jda1aiekif:latest/stage_1_separableconvcnn/confusion_matrix_table.table.json","ncols":3,"log_mode":"IMMUTABLE","path":"media/table/stage_1_separableconvcnn/confusion_matrix_table_1_e109c81960089413b24e.table.json","nrows":36,"_type":"table-file","size":1370,"sha256":"e109c81960089413b24e47496945fb25c897b977aef8368f84ac5441a0ac91eb","artifact_path":"wandb-client-artifact://05ndefod8eaivmsqmhye0g7hpq0hcl3ttt2lryq5785l4o45832g84wlhoqq9nk0nfbb4dcmcronwwsxn02je45x3mk7v6e0fx4ed23us6uxslqt2rq0s4nxctegcbl0/stage_1_separableconvcnn/confusion_matrix_table.table.json"},"stage2/train_loss":0.7697392503674907,"lr_backbone":0.0001,"train_loss":0.2713131798625518,"stage2/final_mask_keep_ratio_block3":0.6875,"stage2/lr_backbone":0.0001,"train_acc":88.41940532081377}