{"stage1_test_acc":83.8479809976247,"_wandb":{"runtime":14},"best_val_loss":1.0557865318034894,"stage3_test_f1":0.8161981411649042,"mask_l1":0.061538465321063995,"lr_gumbel_bin":0.001,"stage1/test_acc":83.8479809976247,"val_loss":1.3211344372495615,"stage2_test_f1":0.772238182972033,"stage3_test_acc":81.40481845945028,"lr_backbone":0.0001,"stage_3_separableconvcnn/confusion_matrix_table":{"_latest_artifact_path":"wandb-client-artifact://7ajjfbg8genslxxyl2h6w0bl6lidxrwnkvi780uzxrfhc1un8mwqysswizwdg7org2bfc1c4vvo40ajekjwc5meug5wwsd6fic7oq0nh76oa4zq6jgddsg647x3nzf43:latest/stage_3_separableconvcnn/confusion_matrix_table.table.json","path":"media/table/stage_3_separableconvcnn/confusion_matrix_table_8_bbd5ee67654f171dab55.table.json","sha256":"bbd5ee67654f171dab5522ce1610e8c27f4a090f7e54b26f857285fc32298ba3","size":1371,"_type":"table-file","nrows":36,"log_mode":"IMMUTABLE","artifact_path":"wandb-client-artifact://kg6cykinipkgqcjy3ycn28efohs5agkyc5ag7nb0kyd9yhfv2fafbuqo4w39obp3t494bsn8r2gmo7gzxxvmsad2qcmfvb7t68yr01zfnuhqtglb8bnox6vedanmzfu3/stage_3_separableconvcnn/confusion_matrix_table.table.json","ncols":3},"lr":0.001,"_runtime":14,"stage2_hard_bin_mask_str":"[0.0, 1.0, 1.0, 1.0, 1.0, 0.0, 1.0, 1.0, 0.0, 0.0, 0.0, 0.0, 0.0, 0.0, 0.0, 0.0, 0.0, 0.0, 0.0, 0.0, 0.0, 0.0, 0.0, 0.0, 0.0, 0.0, 0.0, 0.0, 0.0, 0.0, 0.0, 0.0, 0.0, 0.0, 0.0, 0.0, 0.0, 0.0, 0.0, 0.0, 0.0, 0.0, 0.0, 0.0, 0.0, 0.0, 0.0, 0.0, 0.0, 0.0, 0.0, 0.0, 0.0, 0.0, 0.0, 0.0, 0.0, 0.0, 0.0, 0.0, 0.0, 0.0, 0.0, 0.0, 0.0]","stage1/test_loss":0.4033316631915511,"bin_keep_ratio":0.0923076942563057,"epoch":20,"stage_1_separableconvcnn/confusion_matrix_table":{"_type":"table-file","ncols":3,"_latest_artifact_path":"wandb-client-artifact://umoyp0mrzxy52cmzh0ccyd1wyjqp0uqwqywkaj2mgyzjbw2djnjrvcy2jwtk27yzyhzasux498dbu7ri773h9bfqdiaynwxz8aicol2tflpdwqb7g4zflxrvqknmfdpm:latest/stage_1_separableconvcnn/confusion_matrix_table.table.json","artifact_path":"wandb-client-artifact://7jhkw9ll3376b29jaiqttroobsc5zi19jtg8e82rh25n6bxfjzje4vem2njpysr6o3du4zry1hm5et0nbr0goz50hgc8aoj18oqzxe19uz0k712pbszhcwkf02w29qti/stage_1_separableconvcnn/confusion_matrix_table.table.json","path":"media/table/stage_1_separableconvcnn/confusion_matrix_table_1_e109c81960089413b24e.table.json","size":1370,"log_mode":"IMMUTABLE","sha256":"e109c81960089413b24e47496945fb25c897b977aef8368f84ac5441a0ac91eb","nrows":36},"train_loss":0.2853449653711677,"stage":3,"stage1/use_pretrain_model":false,"val_acc":67.18266253869969,"_step":9,"stage2_test_acc":77.70614183915846,"stage2_test_loss":0.5924588536608536,"stage3_test_loss":0.4728842851388087,"stage1_test_loss":0.4033316631915511,"train_acc":87.13899558969982,"_timestamp":1.775772577742584e+09,"stage1_test_f1":0.8423145835060694,"stage1/test_f1":0.8423145835060694}