{"stage3_test_f1":0.9107101345139984,"_timestamp":1.7757752721431878e+09,"lr_backbone":0.0001,"stage2_test_loss":0.24046881679830817,"stage3_test_loss":0.341326829941761,"_step":12,"lr_gumbel_bin":0.001,"val_loss":0.113076822547128,"stage1/test_f1":0.9243712680307502,"epoch":25,"stage_1_separableconvcnn/confusion_matrix_table":{"_latest_artifact_path":"wandb-client-artifact://z2b8vv4wfvz8iv915v78i12zok2oyv8wr4kuqjd6ki0w08hz7u5uich5dmcrttmypy108kb42t2tjv6x6bmgej5eivtgluntvcah9kp85zardtv96tm9d8bfg9bxn5ae:latest/stage_1_separableconvcnn/confusion_matrix_table.table.json","ncols":3,"path":"media/table/stage_1_separableconvcnn/confusion_matrix_table_1_c4ae4bf249d288cf435b.table.json","_type":"table-file","sha256":"c4ae4bf249d288cf435b71c426dfffb1ac3897a54aa19e24f5ed1ade62ba1fca","log_mode":"IMMUTABLE","artifact_path":"wandb-client-artifact://xcuy0v7iqocuxvdze7aaiuws4bs8or6fz2dx7eyv3lj0uqbwzsr725527a7p3ie2ev6weem2xsv33hmeab6k2bc8er5tp14kvttjpnhmbc7unf0mcezop8son3omezts/stage_1_separableconvcnn/confusion_matrix_table.table.json","nrows":36,"size":1364},"stage1_test_acc":92.22938581608415,"stage2_test_acc":91.99185612487275,"val_acc":95.40816326530613,"stage3_test_acc":90.80420766881575,"train_loss":0.06420063179885518,"bin_keep_ratio":0.484375,"_runtime":22,"stage2_test_f1":0.9218582968623813,"stage1/test_acc":92.22938581608415,"_wandb":{"runtime":22},"train_acc":97.15517241379311,"mask_l1":0.4765625,"stage_3_separableconvcnn/confusion_matrix_table":{"sha256":"e8b87f04891610762c9e6827b2a86e6e940ebd2930b8c2c28657e3cc38855ca0","ncols":3,"size":1363,"path":"media/table/stage_3_separableconvcnn/confusion_matrix_table_11_e8b87f04891610762c9e.table.json","log_mode":"IMMUTABLE","_type":"table-file","artifact_path":"wandb-client-artifact://4r06uumu97koj5qxuei0wrcxki7k4q8iuag4na0ajc162wuk75kp6rzyv14plxcu38ghs13ok031xinr0zt67ga8hh7nvpagsqkq9xljj6z17feufff7emmzcl5g0mtp/stage_3_separableconvcnn/confusion_matrix_table.table.json","nrows":36,"_latest_artifact_path":"wandb-client-artifact://1h73eleq6peyqgjw5xwgmvaatf7eh29cxmxd1iacaiuftxruq0g5ahussxksw7v503wjvdtosi42une6y755nreejdvamiuho3bpykt7yjw91xaquw14c1gpe4qrb98b:latest/stage_3_separableconvcnn/confusion_matrix_table.table.json"},"stage2_hard_bin_mask_str":"[0.0, 0.0, 1.0, 1.0, 1.0, 1.0, 1.0, 1.0, 1.0, 1.0, 1.0, 1.0, 1.0, 1.0, 1.0, 1.0, 1.0, 1.0, 1.0, 1.0, 1.0, 1.0, 1.0, 1.0, 1.0, 1.0, 1.0, 1.0, 1.0, 1.0, 1.0, 1.0, 1.0, 1.0, 1.0, 1.0, 1.0, 1.0, 1.0, 1.0, 1.0, 1.0, 1.0, 1.0, 1.0, 1.0, 1.0, 1.0, 1.0, 1.0, 1.0, 1.0, 1.0, 1.0, 1.0, 1.0, 1.0, 1.0, 1.0, 1.0, 1.0, 1.0, 1.0, 1.0, 0.0, 0.0, 0.0, 0.0, 0.0, 0.0, 0.0, 0.0, 0.0, 0.0, 0.0, 0.0, 0.0, 0.0, 0.0, 0.0, 0.0, 0.0, 0.0, 0.0, 0.0, 0.0, 0.0, 0.0, 0.0, 0.0, 0.0, 0.0, 0.0, 0.0, 0.0, 0.0, 0.0, 0.0, 0.0, 0.0, 0.0, 0.0, 0.0, 0.0, 0.0, 0.0, 0.0, 0.0, 0.0, 0.0, 0.0, 0.0, 0.0, 0.0, 0.0, 0.0, 0.0, 0.0, 0.0, 0.0, 0.0, 0.0, 0.0, 0.0, 0.0, 0.0, 0.0, 0.0]","lr":0.001,"stage1/use_pretrain_model":false,"stage1_test_f1":0.9243712680307502,"stage1_test_loss":0.2603429108367938,"stage1/test_loss":0.2603429108367938,"best_val_loss":0.06097152847701646,"stage":3}