{"stage1_test_f1":0.8992012196111356,"stage2_hard_bin_mask_str":"[0.0, 0.0, 1.0, 1.0, 1.0, 0.0, 1.0, 1.0, 1.0, 1.0, 1.0, 1.0, 0.0, 1.0, 1.0, 1.0, 1.0, 1.0, 1.0, 1.0, 1.0, 1.0, 1.0, 1.0, 1.0, 1.0, 1.0, 1.0, 1.0, 1.0, 1.0, 1.0, 0.0, 1.0, 1.0, 1.0, 1.0, 1.0, 1.0, 1.0, 1.0, 1.0, 1.0, 0.0, 1.0, 1.0, 1.0, 1.0, 0.0, 0.0, 1.0, 1.0, 1.0, 1.0, 1.0, 1.0, 0.0, 1.0, 0.0, 1.0, 1.0, 0.0, 0.0, 0.0, 0.0, 0.0, 0.0, 0.0, 0.0, 0.0, 0.0, 0.0, 0.0, 0.0, 0.0, 0.0, 0.0, 0.0, 0.0, 0.0, 0.0, 0.0, 0.0, 0.0, 0.0, 0.0, 0.0, 0.0, 0.0, 0.0, 0.0, 0.0, 0.0, 0.0, 0.0, 0.0, 0.0, 0.0, 0.0, 0.0, 0.0, 0.0, 0.0, 0.0, 0.0, 0.0, 0.0, 0.0, 0.0, 0.0, 0.0, 0.0, 0.0, 0.0, 0.0, 0.0, 0.0, 0.0, 0.0, 0.0, 0.0, 0.0, 0.0, 0.0, 0.0, 0.0, 0.0, 0.0]","val_acc":86.51026392961877,"bin_keep_ratio":0.3984375,"best_val_loss":0.26769958506406577,"stage2_test_f1":0.8740596118717088,"stage1/test_acc":89.85408890397014,"stage3_test_loss":0.4423777207672866,"_timestamp":1.7764276878099031e+09,"stage3_test_acc":88.83610451306413,"stage1/use_pretrain_model":false,"stage1_test_loss":0.4559599839993571,"stage1_test_acc":89.85408890397014,"stage1/test_f1":0.8992012196111356,"lr_backbone":0.0001,"lr_gumbel_bin":0.001,"val_loss":0.6533195779732595,"stage":3,"_wandb":{"runtime":13},"mask_l1":0.2578125,"train_loss":0.12875067750306837,"_step":7,"lr":0.001,"epoch":10,"stage3_test_f1":0.8911877313825932,"stage_1_separableconvcnn/confusion_matrix_table":{"size":1368,"_latest_artifact_path":"wandb-client-artifact://ec64llbuaeq5b15hxk3myqcxztj5xv71p9klaqrqhdq0auzmmnf8x6dff0pjoq6iy70vp6l43i2lfnbx16mtly9642bc65p2n29b0qxha902c04ybi9q0ku465v9i0qh:latest/stage_1_separableconvcnn/confusion_matrix_table.table.json","log_mode":"IMMUTABLE","_type":"table-file","sha256":"02c5a6fac2b98a2cce23216035c71184f8282e95afab8b7a4923ed0654b10cea","artifact_path":"wandb-client-artifact://bivvws0mn1sh3114ljes1171429gefadw2buifvo8b03fuk4u8q9eehvzxxb40fot1nj912ehmmjt0na22jblvkeoj50rnaa7uooy0briau883mqglxj7n16ve4gnsj4/stage_1_separableconvcnn/confusion_matrix_table.table.json","nrows":36,"path":"media/table/stage_1_separableconvcnn/confusion_matrix_table_1_02c5a6fac2b98a2cce23.table.json","ncols":3},"stage2_test_loss":0.4978389514891115,"stage1/test_loss":0.4559599839993571,"stage2_test_acc":87.24126230064472,"_runtime":13,"train_acc":94.36599629154186,"stage_3_separableconvcnn/confusion_matrix_table":{"ncols":3,"nrows":36,"_type":"table-file","path":"media/table/stage_3_separableconvcnn/confusion_matrix_table_6_cb050b86bd137bf99039.table.json","_latest_artifact_path":"wandb-client-artifact://ao4bthyhjj9egm8nj7gawe02feumk2k46eq0dutqi0xho9qtpvp6o9y6e7tm89v3rk97zeevsmqncup7k1nifj5yhg3jfqd8vizcognn72m8ixy0uekeknesp5nxjva1:latest/stage_3_separableconvcnn/confusion_matrix_table.table.json","size":1368,"artifact_path":"wandb-client-artifact://c0dyhdnkftiw0hxrxsbkqjbgs5yfbndr0qn40mnpchy8tkt0lti55swpjly8z39s6ghl2krr0tykx2f5iljtzfgpegg0bz9gu5zwcgfybdrow6x5yr2en5w1nzymm6kq/stage_3_separableconvcnn/confusion_matrix_table.table.json","log_mode":"IMMUTABLE","sha256":"cb050b86bd137bf9903906962bfb842cf8dafc55fc6295bfb260f622d6e04b9d"}}