{"lr":0.001,"best_val_loss":0.25234813048692745,"stage1/use_pretrain_model":false,"stage1/test_f1":0.8992012196111356,"train_loss":0.09426426267002436,"epoch":20,"stage1_test_loss":0.4559599839993571,"stage1_test_acc":89.85408890397014,"train_acc":96.27727856225931,"val_loss":0.4583565311347984,"stage_3_separableconvcnn/confusion_matrix_table":{"ncols":3,"sha256":"056f7cac8655e324742c8ef0e9817077eb9d6a5226269439f48e87b45b65fafa","log_mode":"IMMUTABLE","path":"media/table/stage_3_separableconvcnn/confusion_matrix_table_8_056f7cac8655e324742c.table.json","size":1365,"_latest_artifact_path":"wandb-client-artifact://hq05sbpxaje4hk91jcvsff2tnicfqaa31lw5tx8pxba585bnwudbcoztb1xr94ilicojht2gri7ms9139vhr3eikt6xpdvms7b4s6rv9ws80s2l2jdw4qekwbq1wuovi:latest/stage_3_separableconvcnn/confusion_matrix_table.table.json","nrows":36,"artifact_path":"wandb-client-artifact://l5x0vi63pnszlse57z1jbg56wgstwch812t1i13vby8dv0zf6u8hu10w2z90aql73lzceu2qydf2sp3680gkcz2g7mxuew72m2n9ykd7edmx0ldu5wcxi1tlvo1nwgt8/stage_3_separableconvcnn/confusion_matrix_table.table.json","_type":"table-file"},"stage2_test_loss":0.5657287291843668,"_step":9,"lr_backbone":0.0001,"stage2_test_acc":86.52867322701051,"val_acc":86.21700879765396,"stage3_test_loss":0.47703398367703137,"stage3_test_acc":91.17746861214795,"_timestamp":1.7764242900972304e+09,"lr_gumbel_bin":0.001,"stage1/test_acc":89.85408890397014,"stage2_test_f1":0.8661612132449141,"stage3_test_f1":0.9125579888499128,"mask_l1":0.25,"_runtime":15,"bin_keep_ratio":0.3984375,"stage1/test_loss":0.4559599839993571,"stage":3,"_wandb":{"runtime":15},"stage2_hard_bin_mask_str":"[0.0, 0.0, 1.0, 1.0, 1.0, 0.0, 1.0, 0.0, 0.0, 1.0, 1.0, 1.0, 1.0, 1.0, 1.0, 1.0, 0.0, 1.0, 1.0, 1.0, 1.0, 1.0, 1.0, 1.0, 1.0, 1.0, 1.0, 1.0, 1.0, 1.0, 1.0, 1.0, 0.0, 1.0, 1.0, 1.0, 1.0, 1.0, 1.0, 1.0, 1.0, 1.0, 1.0, 1.0, 1.0, 1.0, 0.0, 1.0, 1.0, 1.0, 1.0, 1.0, 1.0, 1.0, 0.0, 1.0, 1.0, 1.0, 1.0, 1.0, 0.0, 0.0, 0.0, 0.0, 0.0, 0.0, 0.0, 0.0, 0.0, 0.0, 0.0, 0.0, 0.0, 0.0, 0.0, 0.0, 0.0, 0.0, 0.0, 0.0, 0.0, 0.0, 0.0, 0.0, 0.0, 0.0, 0.0, 0.0, 0.0, 0.0, 0.0, 0.0, 0.0, 0.0, 0.0, 0.0, 0.0, 0.0, 0.0, 0.0, 0.0, 0.0, 0.0, 0.0, 0.0, 0.0, 0.0, 0.0, 0.0, 0.0, 0.0, 0.0, 0.0, 0.0, 0.0, 0.0, 0.0, 0.0, 0.0, 0.0, 0.0, 0.0, 0.0, 0.0, 0.0, 0.0, 0.0, 0.0]","stage_1_separableconvcnn/confusion_matrix_table":{"path":"media/table/stage_1_separableconvcnn/confusion_matrix_table_1_02c5a6fac2b98a2cce23.table.json","_type":"table-file","size":1368,"log_mode":"IMMUTABLE","nrows":36,"sha256":"02c5a6fac2b98a2cce23216035c71184f8282e95afab8b7a4923ed0654b10cea","artifact_path":"wandb-client-artifact://k5t3mv4pq3lnk2m2hdjbloqtjrkln8kcadptvvhgbdykntnhqd5ktew0w935cgo5pq88u55kd78kw6ykx9plvvlyh58eomagdzr3hlf0hrh1bri3hfj8m47jwv9uzgpg/stage_1_separableconvcnn/confusion_matrix_table.table.json","_latest_artifact_path":"wandb-client-artifact://qtdgw96hg4zlxsk4q57yqa9mysah8g30z6uzmn2p8w8e116xrr8946b42xrt65zz34j7pozhfebn9fq7g1pnmqlwtx7rnr3f1jjoydk20p60gdxvrx1zypbfwkzh971t:latest/stage_1_separableconvcnn/confusion_matrix_table.table.json","ncols":3},"stage1_test_f1":0.8992012196111356}