{"_timestamp":1.7757580326552696e+09,"stage1/test_f1":0.8924884128205228,"stage1/val_loss":0.5710272367539574,"stage1/epoch":20,"stage1/stage_number":1,"best_epoch":13,"_wandb":{"runtime":9},"stage1/val_acc":86.55256723716381,"stage1/purpose":"train baseline model","test_acc":89.07363420427554,"test_f1_macro":0.8924884128205228,"_runtime":9,"stage1_test_loss":0.2930488961723181,"best_val_loss":0.5495410557872727,"stage1/best_val_loss":0.5495410557872727,"stage1/train_acc":95.33342935330549,"stage1/test_acc":89.07363420427554,"test_loss":0.2930488961723181,"stage1/lr":0.001,"stage1_test_f1":0.8924884128205228,"stage_1_separableconvcnn/confusion_matrix_table":{"log_mode":"IMMUTABLE","artifact_path":"wandb-client-artifact://gotpebng4x2kthkldbilxiw8s97sil49b01wcgujml9y0loat0tuw5wr9t8u9mma4nfrr2fb9sfbndzfqxyvwxo922hnfv0vjksmh4mps2eu987ml5u7ubociw08m4ri/stage_1_separableconvcnn/confusion_matrix_table.table.json","sha256":"e9d0f4c5600594355502fc58cbe063851c9ea7d0488f87540acebe3c18daf084","ncols":3,"_latest_artifact_path":"wandb-client-artifact://15uo0bhcpxmb54e18uu13p5f8x1c3jxe1f2up573wj0chfjjmejymflo7mp7cozjl15pmtn9fh1ujalvci6sfw4vhfm3vhl6ajdtevfda88onjbmafibivrhkrf0vcnr:latest/stage_1_separableconvcnn/confusion_matrix_table.table.json","_type":"table-file","path":"media/table/stage_1_separableconvcnn/confusion_matrix_table_6_e9d0f4c5600594355502.table.json","nrows":36,"size":1365},"stage1/test_loss":0.2930488961723181,"stage1/use_pretrain_model":false,"stage1/train_loss":0.12119169299583708,"stage1_test_acc":89.07363420427554,"_step":6}