{"val_loss":0.44116424622773426,"stage1/use_pretrain_model":false,"stage1_test_f1":0.8992012196111356,"stage1/test_f1":0.8992012196111356,"stage3_test_f1":0.9008997946868621,"stage2_hard_bin_mask_str":"[0.0, 0.0, 1.0, 1.0, 0.0, 1.0, 1.0, 1.0, 1.0, 1.0, 1.0, 1.0, 1.0, 1.0, 1.0, 1.0, 1.0, 0.0, 1.0, 1.0, 0.0, 1.0, 1.0, 1.0, 1.0, 1.0, 1.0, 1.0, 1.0, 1.0, 1.0, 1.0, 1.0, 0.0, 1.0, 1.0, 1.0, 1.0, 1.0, 1.0, 1.0, 1.0, 1.0, 1.0, 1.0, 1.0, 1.0, 1.0, 1.0, 1.0, 1.0, 1.0, 1.0, 1.0, 1.0, 1.0, 0.0, 1.0, 0.0, 1.0, 0.0, 0.0, 0.0, 1.0, 0.0, 0.0, 0.0, 0.0, 0.0, 0.0, 0.0, 0.0, 0.0, 0.0, 0.0, 0.0, 0.0, 0.0, 0.0, 0.0, 0.0, 0.0, 0.0, 0.0, 0.0, 0.0, 0.0, 0.0, 0.0, 0.0, 0.0, 0.0, 0.0, 0.0, 0.0, 0.0, 0.0, 0.0, 0.0, 0.0, 0.0, 0.0, 0.0, 0.0, 0.0, 0.0, 0.0, 0.0, 0.0, 0.0, 0.0, 0.0, 0.0, 0.0, 0.0, 0.0, 0.0, 0.0, 0.0, 0.0, 0.0, 0.0, 0.0, 0.0, 0.0, 0.0, 0.0, 0.0]","train_acc":95.25032092426187,"stage2_test_acc":88.29317950458093,"lr_backbone":0.0001,"stage3_test_loss":0.35771866472735236,"stage_1_separableconvcnn/confusion_matrix_table":{"_latest_artifact_path":"wandb-client-artifact://ufj1s16ycnbj2j687h7q2c97t2oy8zh0pxfx1uu8b2p9v4dblihbsnf8cfpeteikho0ze9g06bshvs97zgmpvxywh0omxc0gp53f5ygrdwfet4tfxk6f7ngzufovr3om:latest/stage_1_separableconvcnn/confusion_matrix_table.table.json","artifact_path":"wandb-client-artifact://bn0z64y17ueatxhkwj33e5fua8v8tb8sp5oirycggusqkxmtl5hyfc7mg6yo63b38kp2ac2yvcqaynghw7qzftfl1u4tw9o1vr3faxlazytakgfx8mnj2oh5hbzp0hh0/stage_1_separableconvcnn/confusion_matrix_table.table.json","log_mode":"IMMUTABLE","nrows":36,"_type":"table-file","size":1368,"path":"media/table/stage_1_separableconvcnn/confusion_matrix_table_1_02c5a6fac2b98a2cce23.table.json","sha256":"02c5a6fac2b98a2cce23216035c71184f8282e95afab8b7a4923ed0654b10cea","ncols":3},"val_acc":82.99120234604105,"lr":0.001,"_wandb":{"runtime":13},"bin_keep_ratio":0.4140625,"lr_gumbel_bin":0.001,"mask_l1":0.2890625,"stage2_test_f1":0.8842961204751152,"_runtime":13,"stage1_test_acc":89.85408890397014,"_timestamp":1.776428743478873e+09,"stage":3,"stage1/test_loss":0.4559599839993571,"stage1/test_acc":89.85408890397014,"stage3_test_acc":89.92195453003053,"stage1_test_loss":0.4559599839993571,"stage_3_separableconvcnn/confusion_matrix_table":{"sha256":"82f9e40973c31bbedf23f050478fee168978d721ebd4865634aa14c757878bb9","_latest_artifact_path":"wandb-client-artifact://irhhrxwtm1t9s68sp22oashdgjx8v8yy93ry7t2bzcj2wz6wle9j3d395go1ksa28xqfwmlgxlsvluy7dhbjdn5imqn0mn9pvd2kmoyxngsual78mkw43xvtmtnnms6q:latest/stage_3_separableconvcnn/confusion_matrix_table.table.json","size":1368,"path":"media/table/stage_3_separableconvcnn/confusion_matrix_table_7_82f9e40973c31bbedf23.table.json","log_mode":"IMMUTABLE","artifact_path":"wandb-client-artifact://a7jmy1g64htd6zuzmof231eztwaeaacuae3f4vazvz1yql09jw5g79hxcaff66v87e7r0kdz9gmxijaepb9tz228i5om1ra0lo2gejlv54qqwy10caov44na9gn60lhh/stage_3_separableconvcnn/confusion_matrix_table.table.json","nrows":36,"_type":"table-file","ncols":3},"_step":8,"train_loss":0.10524918482870166,"stage2_test_loss":0.49461055412309574,"epoch":15,"best_val_loss":0.23229383967565564}