{"stage2_test_loss":0.5519504746440778,"epoch":35,"stage3_test_f1":0.8755552112656768,"stage1_test_loss":0.25057173036076164,"stage1_test_acc":91.72039362063116,"val_loss":0.6374015026223935,"stage":3,"stage2_test_acc":81.60841533763148,"mask_l1":0.0234375,"_runtime":20,"_step":12,"stage3_test_loss":0.46816090652708225,"stage1/use_pretrain_model":false,"stage_1_separableconvcnn/confusion_matrix_table":{"sha256":"ba1709b9ded253dca6f14b8d1a777336f0cb86899167c45d58f90d5e787020ac","_latest_artifact_path":"wandb-client-artifact://b2ifyuxorv3q3cuu08b64d7873u10k9s23o8z8cvdrdrg6c0totznwbazi1sgmqc2jh56cxjfp068y1vsyc98g05l14oqpprfrcblxabgwfnezqma9atkttjf0lq8cc1:latest/stage_1_separableconvcnn/confusion_matrix_table.table.json","size":1366,"artifact_path":"wandb-client-artifact://ft7c6lhcgcxryxlqm069wjmmpgd0wy3gbd8tr3pnrinfcwaufo8id9bd5lstby8s8o6ui2pbh6gik6b63n2s5l48vilcb62k45gbmt6fvd25a3lv0l662stl66h9up8m/stage_1_separableconvcnn/confusion_matrix_table.table.json","_type":"table-file","log_mode":"IMMUTABLE","nrows":36,"ncols":3,"path":"media/table/stage_1_separableconvcnn/confusion_matrix_table_1_ba1709b9ded253dca6f1.table.json"},"stage2_test_f1":0.8151431172880773,"lr":0.001,"stage1_test_f1":0.9190924499938599,"stage1/test_loss":0.25057173036076164,"stage1/test_f1":0.9190924499938599,"val_acc":81.55619596541787,"lr_backbone":0.0001,"train_loss":0.16461587702479216,"stage1/test_acc":91.72039362063116,"lr_gumbel_bin":0.001,"best_val_loss":0.26620490355645265,"_timestamp":1.7764226314684303e+09,"stage2_hard_bin_mask_str":"[0.0, 0.0, 0.0, 0.0, 0.0, 0.0, 0.0, 0.0, 0.0, 0.0, 1.0, 0.0, 1.0, 1.0, 1.0, 1.0, 1.0, 0.0, 1.0, 0.0, 0.0, 0.0, 0.0, 0.0, 0.0, 0.0, 1.0, 1.0, 0.0, 0.0, 1.0, 1.0, 1.0, 1.0, 0.0, 0.0, 1.0, 1.0, 1.0, 1.0, 1.0, 0.0, 0.0, 1.0, 0.0, 1.0, 1.0, 0.0, 0.0, 0.0, 1.0, 1.0, 1.0, 1.0, 1.0, 1.0, 1.0, 0.0, 0.0, 1.0, 0.0, 0.0, 0.0, 0.0, 0.0, 0.0, 0.0, 0.0, 0.0, 0.0, 0.0, 0.0, 0.0, 0.0, 0.0, 0.0, 0.0, 0.0, 0.0, 0.0, 0.0, 0.0, 0.0, 0.0, 0.0, 0.0, 0.0, 0.0, 0.0, 0.0, 0.0, 0.0, 0.0, 0.0, 0.0, 0.0, 0.0, 0.0, 0.0, 0.0, 0.0, 0.0, 0.0, 0.0, 0.0, 0.0, 0.0, 0.0, 0.0, 0.0, 0.0, 0.0, 0.0, 0.0, 0.0, 0.0, 0.0, 0.0, 0.0, 0.0, 0.0, 0.0, 0.0, 0.0, 0.0, 0.0, 0.0, 0.0]","train_acc":92.51962883654532,"bin_keep_ratio":0.2265625,"stage3_test_acc":87.37699355276553,"stage_3_separableconvcnn/confusion_matrix_table":{"_latest_artifact_path":"wandb-client-artifact://b4rb1ap0qj26ihzdb3o3o72g9nd2iwe22cplf3mswh8wqeny4924esinovg0vlg1rxqxafsi5eu2g4ewjefndbgfz5j0yscz5a21s9dnpxx2rw3edeummuuzg9yf47cy:latest/stage_3_separableconvcnn/confusion_matrix_table.table.json","sha256":"39e52a61a5eae32fea8bc6194cf4a20b77140ba4e9022e81887b9eb2d4f5d9ec","ncols":3,"nrows":36,"artifact_path":"wandb-client-artifact://1o0qvp0pcoq3ez0y5nz5so9pxeulflfedbw4h3k57plfgw9mq4vojp5cpicqqcecmz6e3pea9t42qwfczwwezrtjek1d8l7sc7krjny6tx2ik05u51p5bl8ab420hg92/stage_3_separableconvcnn/confusion_matrix_table.table.json","_type":"table-file","path":"media/table/stage_3_separableconvcnn/confusion_matrix_table_11_39e52a61a5eae32fea8b.table.json","log_mode":"IMMUTABLE","size":1369},"_wandb":{"runtime":20}}