{"stage2/best_val_loss":0.5886905890006524,"stage2/raw_hard_mask_block3":"[1.0, 0.0, 1.0, 0.0, 0.0, 0.0, 1.0, 0.0, 1.0, 1.0, 0.0, 0.0, 1.0, 0.0, 0.0, 0.0, 0.0, 0.0, 0.0, 0.0, 0.0, 0.0, 0.0, 0.0, 0.0, 1.0, 0.0, 0.0, 1.0, 0.0, 1.0, 0.0, 0.0, 1.0, 1.0, 0.0, 0.0, 0.0, 1.0, 0.0, 0.0, 0.0, 0.0, 0.0, 0.0, 1.0, 0.0, 0.0, 0.0, 0.0, 1.0, 0.0, 1.0, 1.0, 1.0, 0.0, 1.0, 0.0, 1.0, 0.0, 0.0, 0.0, 0.0, 0.0, 0.0, 0.0, 0.0, 0.0, 0.0, 0.0, 1.0, 0.0, 0.0, 1.0, 0.0, 0.0, 0.0, 0.0, 0.0, 0.0, 1.0, 0.0, 0.0, 1.0, 0.0, 1.0, 1.0, 0.0, 0.0, 1.0, 1.0, 1.0, 1.0, 0.0, 0.0, 1.0, 0.0, 0.0, 0.0, 1.0, 0.0, 1.0, 0.0, 0.0, 0.0, 1.0, 0.0, 0.0, 0.0, 0.0, 0.0, 0.0, 0.0, 0.0, 1.0, 1.0, 1.0, 0.0, 0.0, 0.0, 0.0, 0.0, 0.0, 0.0, 0.0, 0.0, 1.0, 0.0]","model_param_count":7149,"stage1/test_acc":90.05768578215134,"stage1_test_loss":0.3037740063835904,"stage2_test_loss":0.7338921176080037,"stage2/test_f1":0.5727943100505055,"block3_Pruned_%":71.09375,"model_param_count_dense":36868,"stage2/purpose":"train channel-pruning model with masking","stage2/mask_l1":0.4396331012248993,"val_acc":84.41558441558442,"best_val_loss":0.407529830545574,"stage2/test_loss":0.7338921176080037,"stage2/block3_Pruned_%":71.09375,"train_acc":84.68199886428165,"stage_1_separableconvcnn/confusion_matrix_table":{"_latest_artifact_path":"wandb-client-artifact://71xkk5g2jqvigxghm2iui3nycc5g7yrvfzwag8ntiuejlcc2g662dgh0lb06vbtk7diw6d6c1xzlblzn6xbycsdx35f2kj7obtx9qweiapharjf1aiots55b0kezlhgz:latest/stage_1_separableconvcnn/confusion_matrix_table.table.json","path":"media/table/stage_1_separableconvcnn/confusion_matrix_table_1_6f402d02fbf37f6d3d55.table.json","nrows":36,"artifact_path":"wandb-client-artifact://79ktnrrny3u7e6asemry901zaxvhqhvzybji1fw07msdzv7qq358olmnppamai6w2eizlaqrf6y1yaa8448z2cde4cjy8wfm6zz16abg9zqfulichd3l35dg3kx43jqv/stage_1_separableconvcnn/confusion_matrix_table.table.json","_type":"table-file","ncols":3,"size":1365,"sha256":"6f402d02fbf37f6d3d55118871da63cbf09d5832e39c15a2a9f8cb75e304e1d2","log_mode":"IMMUTABLE"},"stage3_test_f1":0.8599004032415505,"stage2/train_acc":61.27200454287337,"epoch":60,"val_loss":0.4279156002131375,"stage2/lr_backbone":0.0001,"final_summary_log_path":"/home/qphan/master-thesis/models/uci_best_model_three_stage_channel_subject7_val_final_summary_val_7.txt","stage2/block4_Pruned_%":62.5,"_timestamp":1.7758560030819352e+09,"lr_loaded_weights":0.0001,"stage2_test_acc":60.637936884967765,"stage2/test_acc":60.637936884967765,"block2_Pruned_%":75,"stage2/raw_hard_mask_block2":"[0.0, 0.0, 0.0, 0.0, 0.0, 0.0, 1.0, 0.0, 0.0, 0.0, 0.0, 0.0, 1.0, 0.0, 1.0, 0.0, 0.0, 0.0, 0.0, 0.0, 1.0, 0.0, 0.0, 0.0, 0.0, 0.0, 1.0, 1.0, 0.0, 1.0, 0.0, 0.0, 1.0, 0.0, 0.0, 0.0, 0.0, 0.0, 0.0, 0.0, 1.0, 0.0, 0.0, 0.0, 0.0, 0.0, 1.0, 0.0, 0.0, 0.0, 1.0, 0.0, 0.0, 1.0, 1.0, 1.0, 1.0, 0.0, 1.0, 0.0, 0.0, 0.0, 0.0, 0.0]","stage2/final_mask_keep_ratio_block4":0.375,"block4_Pruned_%":62.5,"_step":23,"stage2/val_loss":0.5908327741282327,"stage":3,"stage3_test_acc":85.64642008822531,"model_param_reduction_pct":80.60920039058261,"_runtime":40,"stage2/block2_Pruned_%":75,"stage2_test_f1":0.5727943100505055,"stage1/use_pretrain_model":false,"model_param_count_pruned":7149,"stage2/Total_Pruned_%":68.4375,"stage2/final_mask_keep_ratio_block2":0.25,"stage2/best_epoch":24,"stage2/final_mask_keep_ratio_block3":0.2890625,"train_loss":0.3401806339545388,"Total_Pruned_%":68.4375,"stage2/val_acc":64.93506493506493,"stage2/train_loss":1.0149042443887948,"stage1/test_loss":0.3037740063835904,"stage_3_prunedseparableconvcnn/confusion_matrix_table":{"nrows":36,"artifact_path":"wandb-client-artifact://s16gymbyeyaeehihjj2qtshd6lta0ez9521g5n8va966vfz9g6qdt3bof4iig7m9asz0elizfj2y85n29mdy0887a69sxf6y7wnrk3wi7tlzhpu77v5iasuw8pn9ctrt/stage_3_prunedseparableconvcnn/confusion_matrix_table.table.json","_type":"table-file","path":"media/table/stage_3_prunedseparableconvcnn/confusion_matrix_table_21_02e2b4dba8752e3a0b17.table.json","ncols":3,"_latest_artifact_path":"wandb-client-artifact://64w3qbytnlwal9own1m51pejki2a2jila4cy2z5ho8kn75u4s2tmdeqy5146sjl2ww9u0lgwjqpn8ls5q16a4f1pn8sdkll5g18p85qzbc6r0qk8l8k09d9a5ku5gvdl:latest/stage_3_prunedseparableconvcnn/confusion_matrix_table.table.json","size":1368,"log_mode":"IMMUTABLE","sha256":"02e2b4dba8752e3a0b177001cc316b615baa781208082d6f892fec866aa09f81"},"stage1_test_f1":0.9012470705848713,"_wandb":{"runtime":40},"stage3_test_loss":0.39172027918443697,"stage2/lr_gumbel":0.001,"stage2/epoch":30,"stage2/raw_hard_mask_block4":"[0.0, 1.0, 1.0, 1.0, 1.0, 1.0, 1.0, 0.0, 0.0, 0.0, 0.0, 0.0, 0.0, 1.0, 1.0, 0.0, 0.0, 0.0, 0.0, 0.0, 0.0, 1.0, 1.0, 1.0, 0.0, 1.0, 1.0, 0.0, 0.0, 0.0, 1.0, 0.0, 0.0, 1.0, 0.0, 0.0, 0.0, 1.0, 0.0, 0.0, 0.0, 0.0, 0.0, 1.0, 1.0, 0.0, 0.0, 1.0, 0.0, 0.0, 0.0, 0.0, 0.0, 1.0, 1.0, 0.0, 1.0, 0.0, 0.0, 0.0, 1.0, 0.0, 0.0, 0.0, 0.0, 1.0, 0.0, 0.0, 1.0, 0.0, 1.0, 0.0, 0.0, 0.0, 0.0, 0.0, 1.0, 0.0, 0.0, 0.0, 0.0, 1.0, 0.0, 0.0, 0.0, 1.0, 0.0, 1.0, 1.0, 1.0, 1.0, 0.0, 1.0, 0.0, 1.0, 0.0, 0.0, 0.0, 0.0, 1.0, 1.0, 1.0, 0.0, 0.0, 0.0, 1.0, 0.0, 0.0, 0.0, 1.0, 0.0, 0.0, 1.0, 0.0, 1.0, 0.0, 0.0, 0.0, 0.0, 1.0, 0.0, 1.0, 1.0, 0.0, 0.0, 1.0, 1.0, 1.0]","stage2/stage_number":2,"stage1/test_f1":0.9012470705848713,"stage1_test_acc":90.05768578215134}