{"_wandb":{"runtime":29},"train_acc":93.04508604750391,"train_loss":0.169720439261265,"val_acc":92.5233644859813,"stage1_test_loss":0.23018159522674345,"epoch":20,"stage3_test_acc":89.92195453003053,"_runtime":29,"stage_1_separableconvcnn/confusion_matrix_table":{"nrows":36,"log_mode":"IMMUTABLE","ncols":3,"path":"media/table/stage_1_separableconvcnn/confusion_matrix_table_1_dbaa27acdd290deac1c6.table.json","artifact_path":"wandb-client-artifact://ilic9cx8zal8m9jq6yme00di6r1alyxxuz2ihq1k1pxakm0nwi19dr4topjzodp52mkiyhz9y2zix2t1mtkfjm2xk4h27gzw3ysfke8yw7rwnd99s5zmfzf8fuurffxy/stage_1_separableconvcnn/confusion_matrix_table.table.json","sha256":"dbaa27acdd290deac1c66e96bacda50b5885355b3f82be287fb4b98c928a4c5f","_latest_artifact_path":"wandb-client-artifact://tpczupji8xs0w7w6woo9kv72exhh6ob1nc61uss4e3tp93b1yce420y37ewb10zyb8pn7zmmf0xfdqbatj32ww9gh8e2v9dny40y8ps6wu7wjl4675utkk3evbehp7uo:latest/stage_1_separableconvcnn/confusion_matrix_table.table.json","_type":"table-file","size":1368},"stage2_hard_bin_mask_str":"[1.0, 1.0, 1.0, 1.0, 1.0, 1.0, 1.0, 1.0, 1.0, 1.0, 1.0, 1.0, 1.0, 1.0, 1.0, 1.0, 1.0, 0.0, 1.0, 1.0, 1.0, 0.0, 0.0, 1.0, 0.0, 0.0, 0.0, 0.0, 0.0, 0.0, 0.0, 0.0, 0.0, 0.0, 0.0, 0.0, 0.0, 0.0, 0.0, 0.0, 0.0, 0.0, 0.0, 0.0, 0.0, 0.0, 0.0, 0.0, 0.0, 0.0, 0.0, 0.0, 0.0, 0.0, 0.0, 0.0, 0.0, 0.0, 0.0, 0.0, 0.0, 0.0, 0.0, 0.0, 0.0, 0.0, 0.0, 0.0, 0.0, 0.0, 0.0, 0.0, 0.0, 0.0, 0.0, 0.0, 0.0, 0.0, 0.0, 0.0, 0.0, 0.0, 0.0, 0.0, 0.0, 0.0, 0.0, 0.0, 0.0, 0.0, 0.0, 0.0, 0.0, 0.0, 0.0, 0.0, 0.0, 0.0, 0.0, 0.0, 0.0, 0.0, 0.0, 0.0, 0.0, 0.0, 0.0, 0.0, 0.0, 0.0, 0.0, 0.0, 0.0, 0.0, 0.0, 0.0, 0.0, 0.0, 0.0, 0.0, 0.0, 0.0, 0.0, 0.0, 0.0, 0.0, 0.0, 0.0]","bin_keep_ratio":0.1640625,"lr":0.001,"stage3_test_loss":0.30428857974834617,"best_val_loss":0.17242223080059396,"_timestamp":1.775782346206556e+09,"lr_gumbel_bin":0.001,"stage2_test_acc":90.05768578215134,"val_loss":0.22741206589142796,"stage1/test_loss":0.23018159522674345,"stage2_test_f1":0.9005519822140963,"stage1/test_acc":91.58466236851035,"_step":16,"stage3_test_f1":0.8996276870663981,"stage":3,"stage1_test_f1":0.9162070276481109,"stage1_test_acc":91.58466236851035,"mask_l1":0.15625,"lr_backbone":0.0001,"stage1/test_f1":0.9162070276481109,"stage_3_separableconvcnn/confusion_matrix_table":{"nrows":36,"path":"media/table/stage_3_separableconvcnn/confusion_matrix_table_15_941fde3b617cbec1d0b0.table.json","_type":"table-file","sha256":"941fde3b617cbec1d0b0120dee7db9eea244858a6785df4e0274f155cbbe243e","artifact_path":"wandb-client-artifact://9s1924x9twktoh5vuy34t7o42j80dq0nxbypwm50blqyqua6hvzwqx0y3uaky3gxrnh9yvgd8mrmfko123zsh5glf4xvghj0uvu7xta1f730v4f4xa7h6w06964it071/stage_3_separableconvcnn/confusion_matrix_table.table.json","_latest_artifact_path":"wandb-client-artifact://ekxotb7c7ocavsxolsgomc3ge6xp1qo5kg80yxadnjmx59rjw5j5h40pzanwp80skpvxgtjd8js4woeemed7iha6niohxslfpnr477286pagedpo2k8xoqa637034365:latest/stage_3_separableconvcnn/confusion_matrix_table.table.json","log_mode":"IMMUTABLE","size":1365,"ncols":3},"stage2_test_loss":0.26039123662324287,"stage1/use_pretrain_model":false}