{"stage_1_separableconvcnn/confusion_matrix_table":{"_latest_artifact_path":"wandb-client-artifact://lz2pzq1fo25jz5cygsruktxypgpls9u8nmfgm2jvvrmnw0hw7sqk6znlesm4k3h3ealodnpjimy3drfuc5s0jqj6a6q3isckrtgifiydfwrrm44ks9jfgh4unnxzied5:latest/stage_1_separableconvcnn/confusion_matrix_table.table.json","ncols":3,"size":1366,"_type":"table-file","nrows":36,"artifact_path":"wandb-client-artifact://hjwvihnntztmwcqhavj2r2jk1ajheewt20fxjoylrstnewboj7sntedw5rutbfc73ii9mlnmb58fnlepdkbs8gf727bxudqe4k58usrt7j54it06mss0zx35s62f1k8o/stage_1_separableconvcnn/confusion_matrix_table.table.json","log_mode":"IMMUTABLE","path":"media/table/stage_1_separableconvcnn/confusion_matrix_table_1_fbad1ffa9e4a698441e6.table.json","sha256":"fbad1ffa9e4a698441e6c4034ec7cba260dd5a39d3fe7b34b8c33c001509fe53"},"lr":0.001,"train_loss":0.1915499276547987,"best_val_loss":0.1987022594317755,"_wandb":{"runtime":33},"stage1_test_loss":0.20342029849058735,"stage2_test_acc":90.36308109942314,"_timestamp":1.7757718151403553e+09,"val_acc":90.60052219321149,"stage1/test_acc":92.36511706820495,"mask_l1":0.1538461595773697,"epoch":35,"stage2_test_f1":0.9033278801951911,"stage_3_separableconvcnn/confusion_matrix_table":{"log_mode":"IMMUTABLE","ncols":3,"_latest_artifact_path":"wandb-client-artifact://ijjnrc2pvrjbg680oq0jmvadxhopkkiq7acyuufvroowcsax6c9ltsbqsbhg9ycrbkoc4n0lf6fyw4f8n4xnx5yu8oz1eumv6sf5dx0c0f32wbkxar7lqpg658tyeykf:latest/stage_3_separableconvcnn/confusion_matrix_table.table.json","artifact_path":"wandb-client-artifact://z644h7trcpejhog3ymjgh11kf11q2mptkakvvq4xzkjzzzvi1p2kwd3gt7s7meuhbb23r3itpq69z1kr1nhl93cvrc9vf7w9m40xi5lm8hmygkpa9krr636ldau32jw1/stage_3_separableconvcnn/confusion_matrix_table.table.json","sha256":"57ec6f77562c1fda12eb22004d8a7b51450275a6a9598de8a7284757da70b008","path":"media/table/stage_3_separableconvcnn/confusion_matrix_table_18_57ec6f77562c1fda12eb.table.json","size":1366,"_type":"table-file","nrows":36},"stage1/test_loss":0.20342029849058735,"stage2_test_loss":0.26860523483174603,"_runtime":33,"stage1/test_f1":0.9252008010887307,"stage1_test_acc":92.36511706820495,"train_acc":91.67742861242645,"stage3_test_loss":0.3016248053255163,"stage3_test_acc":89.95588734306074,"stage3_test_f1":0.9019835560841708,"stage1/use_pretrain_model":false,"_step":19,"bin_keep_ratio":0.1538461595773697,"lr_gumbel_bin":0.001,"stage1_test_f1":0.9252008010887307,"stage":3,"stage2_hard_bin_mask_str":"[1.0, 1.0, 1.0, 1.0, 1.0, 1.0, 1.0, 1.0, 1.0, 0.0, 1.0, 0.0, 0.0, 0.0, 0.0, 0.0, 0.0, 0.0, 0.0, 0.0, 0.0, 0.0, 0.0, 0.0, 0.0, 0.0, 0.0, 0.0, 0.0, 0.0, 0.0, 0.0, 0.0, 0.0, 0.0, 0.0, 0.0, 0.0, 0.0, 0.0, 0.0, 0.0, 0.0, 0.0, 0.0, 0.0, 0.0, 0.0, 0.0, 0.0, 0.0, 0.0, 0.0, 0.0, 0.0, 0.0, 0.0, 0.0, 0.0, 0.0, 0.0, 0.0, 0.0, 0.0, 0.0]","val_loss":0.2532148879536916,"lr_backbone":0.0001}