{"stage":3,"_runtime":12,"stage_3_separableconvcnn/confusion_matrix_table":{"nrows":36,"ncols":3,"path":"media/table/stage_3_separableconvcnn/confusion_matrix_table_7_0f9face7792a5aa40346.table.json","log_mode":"IMMUTABLE","_latest_artifact_path":"wandb-client-artifact://eg7s2lm037kvyrscln8lq7ars263ozch1gzmlhvoxdjmt9n4no633rhqip0ckrj2n6kf3mhdz93eozspevrgy6j4mtsr1lf2fm2n5f30hx8qp6x1t349w7cqll6aj2du:latest/stage_3_separableconvcnn/confusion_matrix_table.table.json","size":1370,"_type":"table-file","artifact_path":"wandb-client-artifact://i8flgvv3m5sj527s82ll9eo2ptj71k0k0pz1ou1hj9yxeofmod74gx46kdkhmy2w2iwmic6n2129pkugkaraqjojtdkuyvmt6b9n97y479pxc5j11q4vpf0yivgzehvs/stage_3_separableconvcnn/confusion_matrix_table.table.json","sha256":"0f9face7792a5aa4034646e4fff94be72e3759a2ee127c09a54744c1511e367a"},"_timestamp":1.7764235103591936e+09,"stage1/test_acc":91.72039362063116,"train_acc":92.24839400428266,"_step":8,"best_val_loss":0.22978650946009055,"stage1/use_pretrain_model":false,"stage2_test_f1":0.8437439166152821,"lr":0.001,"train_loss":0.17405621995039278,"epoch":15,"stage1_test_f1":0.9190924499938599,"stage1/test_loss":0.25057173036076164,"stage1_test_loss":0.25057173036076164,"val_loss":0.3060299595254299,"lr_backbone":0.0001,"stage3_test_acc":88.12351543942992,"bin_keep_ratio":0.2578125,"val_acc":86.45533141210375,"_wandb":{"runtime":12},"stage3_test_loss":0.40083847562244557,"stage1_test_acc":91.72039362063116,"lr_gumbel_bin":0.001,"stage2_test_loss":0.5201916467653752,"stage3_test_f1":0.8809207429377865,"stage2_test_acc":84.45877163216831,"stage2_hard_bin_mask_str":"[0.0, 0.0, 1.0, 1.0, 1.0, 0.0, 1.0, 0.0, 1.0, 1.0, 1.0, 1.0, 1.0, 1.0, 0.0, 0.0, 0.0, 1.0, 0.0, 0.0, 1.0, 0.0, 1.0, 1.0, 0.0, 0.0, 1.0, 0.0, 1.0, 1.0, 1.0, 0.0, 0.0, 0.0, 0.0, 0.0, 1.0, 1.0, 1.0, 1.0, 1.0, 1.0, 0.0, 0.0, 1.0, 1.0, 1.0, 1.0, 0.0, 0.0, 1.0, 0.0, 1.0, 1.0, 0.0, 0.0, 1.0, 0.0, 0.0, 0.0, 0.0, 0.0, 0.0, 0.0, 0.0, 0.0, 0.0, 0.0, 0.0, 0.0, 0.0, 0.0, 0.0, 0.0, 0.0, 0.0, 0.0, 0.0, 0.0, 0.0, 0.0, 0.0, 0.0, 0.0, 0.0, 0.0, 0.0, 0.0, 0.0, 0.0, 0.0, 0.0, 0.0, 0.0, 0.0, 0.0, 0.0, 0.0, 0.0, 0.0, 0.0, 0.0, 0.0, 1.0, 0.0, 0.0, 0.0, 0.0, 0.0, 0.0, 0.0, 0.0, 0.0, 0.0, 0.0, 0.0, 0.0, 0.0, 0.0, 0.0, 0.0, 0.0, 0.0, 0.0, 0.0, 0.0, 0.0, 0.0]","mask_l1":0.015625,"stage1/test_f1":0.9190924499938599,"stage_1_separableconvcnn/confusion_matrix_table":{"_latest_artifact_path":"wandb-client-artifact://izwjndnoypne6gweq8yhp7gfr63fydt0oyd82a2mttzwonlk5l6hymdhckk3rjm14dux1w1wcm5royy5j2c8sbyt47wcgr12egq5s2u8vtzs32452rtebog8t09n1ne9:latest/stage_1_separableconvcnn/confusion_matrix_table.table.json","log_mode":"IMMUTABLE","nrows":36,"size":1366,"sha256":"ba1709b9ded253dca6f14b8d1a777336f0cb86899167c45d58f90d5e787020ac","artifact_path":"wandb-client-artifact://yrg3kgaccg7u5p24jakk7mlzncvquav8851m4qkh9ij5vuk51173aiwoycaoxz21en0xbh25dtzst3jibeldwi6ifm2trb2b0oyoo3ruizhyu33xpsb1b1tl13c77wwu/stage_1_separableconvcnn/confusion_matrix_table.table.json","ncols":3,"path":"media/table/stage_1_separableconvcnn/confusion_matrix_table_1_ba1709b9ded253dca6f1.table.json","_type":"table-file"}}