{"best_val_loss":0.8765414874650653,"stage1/test_f1":0.7367235997232322,"stage1/purpose":"train baseline model","test_acc":82.48325605358063,"stage1/test_loss":0.541924662390625,"_wandb":{"runtime":57},"stage1_test_acc":82.48325605358063,"stage1/val_loss":0.9554334984253701,"stage1/test_acc":82.48325605358063,"stage1_test_f1":0.7367235997232322,"test_loss":0.541924662390625,"best_epoch":8,"test_f1_macro":0.7367235997232322,"stage1/train_loss":0.41377899847234645,"stage1/lr":0.001,"stage1/epoch":15,"stage1_test_loss":0.541924662390625,"stage1/train_acc":74.3476800916507,"_timestamp":1.7763657803205798e+09,"stage1/val_acc":64.44600280504909,"_runtime":57,"stage1/use_pretrain_model":false,"stage_1_separableconvcnn/confusion_matrix_table":{"_latest_artifact_path":"wandb-client-artifact://7mh0l9egq8egsny5t4u8y67xfdq1aocb1l5nh0donsqirfgzk2gvbwb3482fsawdr2durwztdododfvd1exwfaixdfshggc524qegntyn17o83j50f0czcelpyq8xoxo:latest/stage_1_separableconvcnn/confusion_matrix_table.table.json","sha256":"0acd4fb33be16884c16f7b91f2d642b09cc69a785786294230da24223c3fd730","size":2009,"path":"media/table/stage_1_separableconvcnn/confusion_matrix_table_5_0acd4fb33be16884c16f.table.json","nrows":64,"ncols":3,"artifact_path":"wandb-client-artifact://nbns76tfgcrwadzihb17o23s8age0p9rhtklsd7ekplaeh8lyrbfumy4ujacwd8jpab4jf8rlqgz2bz5m476bjjjqa5a0qik843yyr5wwm1qhovvsuhj6uiksfx8awtp/stage_1_separableconvcnn/confusion_matrix_table.table.json","log_mode":"IMMUTABLE","_type":"table-file"},"stage1/stage_number":1,"stage1/best_val_loss":0.8765414874650653,"_step":5}