{"stage2_test_f1":0.8201129341408523,"stage1_test_loss":0.7244036778994726,"epoch":30,"stage1/use_pretrain_model":false,"stage1_test_acc":63.69189005768578,"bin_keep_ratio":0.10769230872392654,"val_acc":78.76923076923077,"stage3_test_acc":83.0335934848999,"stage1_test_f1":0.6090395496791213,"_wandb":{"runtime":25},"best_val_loss":0.3716573129164485,"_timestamp":1.7757719478693914e+09,"stage1/test_f1":0.6090395496791213,"train_acc":88.74341824391632,"val_loss":0.5675105410355789,"lr":0.001,"_step":15,"stage1/test_loss":0.7244036778994726,"stage_3_separableconvcnn/confusion_matrix_table":{"ncols":3,"sha256":"2b4c50f686a9e1a03073776b4112f8239ac0f686dc8012a50e1668d0b39f557a","_type":"table-file","nrows":36,"path":"media/table/stage_3_separableconvcnn/confusion_matrix_table_14_2b4c50f686a9e1a03073.table.json","size":1370,"_latest_artifact_path":"wandb-client-artifact://wppigsfak9py8dw6g9eh1uv8r8okykb3b94y7l1je31rhbvllqadgegemxz993vxyk93c0fkygcbr7l33s40aeo3db5hk342gc893euyinopm1jvea0hzl528gvadi0i:latest/stage_3_separableconvcnn/confusion_matrix_table.table.json","log_mode":"IMMUTABLE","artifact_path":"wandb-client-artifact://tanus38ty2cbvjpp64dsywb4o7svkbjwg6feaska3c1aabzrz5tg1qfddqvukzxfcynqcrgqjzx6i0kpnj06a4scraew5mq6s4w03nr4vmvda8tt5fx1dha5myp4tw14/stage_3_separableconvcnn/confusion_matrix_table.table.json"},"stage":3,"stage3_test_f1":0.8320298229605356,"stage1/test_acc":63.69189005768578,"stage_1_separableconvcnn/confusion_matrix_table":{"sha256":"c07b082f7aff5bcfb3094f3a931b6c7b772ea2d8274632a5026977780c1334d7","path":"media/table/stage_1_separableconvcnn/confusion_matrix_table_1_c07b082f7aff5bcfb309.table.json","size":1369,"artifact_path":"wandb-client-artifact://m2qqibfuo75y73ncxj3hgnjj9ny7tjbbglxq1m4f0rd7lilxra8oppo30ylh7cwicyucq7qmuw1webygydsrxe7pojaxrjqk5nxkvxqj9n9v1dlyjvlziqcm3s84ujc4/stage_1_separableconvcnn/confusion_matrix_table.table.json","_type":"table-file","_latest_artifact_path":"wandb-client-artifact://t7wr3ef4gru0n365zvj6hyvruk9hi6xooicc1odfhxhjsf9noentu7umbt4686li3glzl6hv5z6vznj4yfxrulsc8lp1psftzynkl2jwdroho3j8es9250qf02wltmak:latest/stage_1_separableconvcnn/confusion_matrix_table.table.json","log_mode":"IMMUTABLE","nrows":36,"ncols":3},"stage3_test_loss":0.49189115536640915,"lr_backbone":0.0001,"mask_l1":0.0923076942563057,"stage2_test_acc":81.71021377672209,"_runtime":25,"train_loss":0.2579602556054243,"stage2_hard_bin_mask_str":"[0.0, 1.0, 1.0, 1.0, 1.0, 1.0, 1.0, 1.0, 0.0, 0.0, 0.0, 0.0, 0.0, 0.0, 0.0, 0.0, 0.0, 0.0, 0.0, 0.0, 0.0, 0.0, 0.0, 0.0, 0.0, 0.0, 0.0, 0.0, 0.0, 0.0, 0.0, 0.0, 0.0, 0.0, 0.0, 0.0, 0.0, 0.0, 0.0, 0.0, 0.0, 0.0, 0.0, 0.0, 0.0, 0.0, 0.0, 0.0, 0.0, 0.0, 0.0, 0.0, 0.0, 0.0, 0.0, 0.0, 0.0, 0.0, 0.0, 0.0, 0.0, 0.0, 0.0, 0.0, 0.0]","stage2_test_loss":0.4679222210248143,"lr_gumbel_bin":0.001}