{"stage2_hard_bin_mask_str":"[0.0, 1.0, 1.0, 1.0, 1.0, 1.0, 1.0, 1.0, 1.0, 1.0, 1.0, 1.0, 1.0, 1.0, 1.0, 1.0, 1.0, 1.0, 1.0, 1.0, 1.0, 1.0, 1.0, 1.0, 1.0, 1.0, 1.0, 1.0, 1.0, 1.0, 1.0, 1.0, 1.0, 1.0, 1.0, 1.0, 1.0, 1.0, 1.0, 1.0, 1.0, 1.0, 1.0, 1.0, 1.0, 1.0, 1.0, 1.0, 1.0, 1.0, 1.0, 1.0, 1.0, 1.0, 1.0, 1.0, 1.0, 1.0, 1.0, 1.0, 1.0, 1.0, 1.0, 1.0, 0.0, 0.0, 0.0, 1.0, 0.0, 1.0, 1.0, 0.0, 0.0, 0.0, 0.0, 0.0, 1.0, 0.0, 0.0, 0.0, 0.0, 0.0, 0.0, 0.0, 0.0, 0.0, 0.0, 0.0, 1.0, 1.0, 0.0, 0.0, 0.0, 1.0, 0.0, 0.0, 0.0, 0.0, 0.0, 0.0, 0.0, 1.0, 0.0, 0.0, 0.0, 1.0, 0.0, 0.0, 0.0, 0.0, 0.0, 0.0, 1.0, 0.0, 0.0, 0.0, 0.0, 0.0, 0.0, 0.0, 0.0, 0.0, 0.0, 0.0, 0.0, 0.0, 0.0, 0.0]","mask_l1":0.4921875,"stage_1_separableconvcnn/confusion_matrix_table":{"log_mode":"IMMUTABLE","sha256":"d18f17fd95e68cdad8902237431b005d476f321d62dcf5a5e4d68c3c4cc996d3","ncols":3,"_type":"table-file","nrows":36,"size":1365,"path":"media/table/stage_1_separableconvcnn/confusion_matrix_table_1_d18f17fd95e68cdad890.table.json","artifact_path":"wandb-client-artifact://onr1r7lzne67x1bjzi8rprla99qr2w8bj9awwarv0rwcdhrwdqtgjt0sf8ei5xghbdvfwnmulbo8fm1bel58ryi3sqzhs6rp3htcjhzmtoabztn6o4f7lm8u8kaaxffr/stage_1_separableconvcnn/confusion_matrix_table.table.json","_latest_artifact_path":"wandb-client-artifact://mbx5e4u2gokvt1rh4ln2dk0qd59qsn2eo7c7yapziynx7mx9r2s1kkuyutqun4nlqhv8e1z5hjc9ukdlap4gj010q182be3ljgmbeipxsey3t9wxsrik7ee6gnwyk28i:latest/stage_1_separableconvcnn/confusion_matrix_table.table.json"},"stage":3,"stage3_test_acc":91.48286392941975,"val_loss":0.33360754683504323,"stage2_test_loss":0.307200161560939,"best_val_loss":0.18293478099930444,"stage1/test_loss":0.2379007827501829,"train_loss":0.07060776999111437,"bin_keep_ratio":0.5703125,"train_acc":97.0360824742268,"stage1_test_f1":0.9270564415156634,"stage1/test_acc":92.53478113335595,"_runtime":20,"stage1/use_pretrain_model":false,"val_acc":88.04347826086956,"_wandb":{"runtime":20},"lr_gumbel_bin":0.001,"lr_backbone":0.0001,"stage2_test_f1":0.9145091600377705,"stage1/test_f1":0.9270564415156634,"lr":0.001,"epoch":30,"stage1_test_acc":92.53478113335595,"stage3_test_f1":0.9166162316436993,"stage3_test_loss":0.32832850266254626,"_step":11,"stage_3_separableconvcnn/confusion_matrix_table":{"nrows":36,"_latest_artifact_path":"wandb-client-artifact://t348wnbz75zkacn59leat0owiupng4jqhfuh3cvbmoor882kwnt9woe9ejkgs3oa6d14ji1joc19c8nebez22z2ddorjjbdf1czbgwpfa3cvwynwoproardbnl5jude7:latest/stage_3_separableconvcnn/confusion_matrix_table.table.json","artifact_path":"wandb-client-artifact://9quxhk9d5qvhh8g6v8crz9xlf4hltr1ibzjpfshf05nzfl76nb6dom1sblsxhi0wmgdkiyj6uhg32t9y29gt1y7cg8alfh8jy3qk8a64kqk26m9z6ssim0dbbwrjmnm0/stage_3_separableconvcnn/confusion_matrix_table.table.json","log_mode":"IMMUTABLE","sha256":"1ca4eb82717396bc3f8a45f66af987f137c7e1f4407520c38ae495ea2fd3aa8f","_type":"table-file","size":1365,"ncols":3,"path":"media/table/stage_3_separableconvcnn/confusion_matrix_table_10_1ca4eb82717396bc3f8a.table.json"},"stage1_test_loss":0.2379007827501829,"_timestamp":1.7757751364076571e+09,"stage2_test_acc":91.24533423820834}