{"_runtime":45,"stage1/lr":0.001,"stage1/train_acc":71.09831166003602,"stage1/val_acc":51.75913396481732,"stage1/train_loss":0.5637692660373499,"stage1_test_f1":0.6437525595985092,"best_val_loss":1.5913788247979541,"stage1/test_f1":0.6437525595985092,"stage1_test_acc":69.43843379701185,"stage1/val_loss":1.7067265647673961,"stage1_test_loss":0.7518916233264712,"best_epoch":2,"test_acc":69.43843379701185,"stage1/purpose":"train baseline model","_step":4,"test_f1_macro":0.6437525595985092,"stage1/epoch":10,"test_loss":0.7518916233264712,"stage1/best_val_loss":1.5913788247979541,"stage1/use_pretrain_model":false,"stage1/test_acc":69.43843379701185,"stage1/stage_number":1,"stage1/test_loss":0.7518916233264712,"_timestamp":1.7763675471568923e+09,"stage_1_separableconvcnn/confusion_matrix_table":{"ncols":3,"path":"media/table/stage_1_separableconvcnn/confusion_matrix_table_4_d02f36cba218376335bb.table.json","size":2011,"nrows":64,"_type":"table-file","_latest_artifact_path":"wandb-client-artifact://azdk2md3hdf0o9d1xraz0wnvus4oji91i40hp6jq0pb1zd1vzfcwww47x4tquswpjgb439kx2dddhk1s7uhisn9bp9zuvayomgdo9ckue9ff16an7o4khuj5jxoa5f6k:latest/stage_1_separableconvcnn/confusion_matrix_table.table.json","log_mode":"IMMUTABLE","artifact_path":"wandb-client-artifact://k8f3hhuq2gm83075ygvb9qsin0z288316kjnkcx7m2oddkminwocqw08ep5akqgxaplrhymv2iracfgf699gujry9zfxxtqr9vojw0bg38pclmgy3buluz7z1jxk3axb/stage_1_separableconvcnn/confusion_matrix_table.table.json","sha256":"d02f36cba218376335bb2c1b3df41c170c1aeca395ace78b171336cee713e54e"},"_wandb":{"runtime":45}}