{"_runtime":15,"_wandb":{"runtime":15},"stage_1_separableconvcnn/confusion_matrix_table":{"nrows":36,"ncols":3,"_type":"table-file","artifact_path":"wandb-client-artifact://msluo9ecyic6ed9bm7gmxhkqy7igg3ivj7pxklmim58ejqesdcmpystd0py62xua4l2txih86yjy8nark4q08hfif4v1kltrtdczz00l8qfk0oyclpfggwb0bomktsru/stage_1_separableconvcnn/confusion_matrix_table.table.json","size":1366,"sha256":"ba1709b9ded253dca6f14b8d1a777336f0cb86899167c45d58f90d5e787020ac","log_mode":"IMMUTABLE","path":"media/table/stage_1_separableconvcnn/confusion_matrix_table_1_ba1709b9ded253dca6f1.table.json","_latest_artifact_path":"wandb-client-artifact://gnppbk4titfu9yifxe29aq0ztw99sl4h4jipq3ioqz2kkoyxnyiuewlji09j64nae1hr2fzfbk5lgnl1bb1223rbyw970ytean2ia5dj9t97qsdu9xfpi6hhvg4g34lj:latest/stage_1_separableconvcnn/confusion_matrix_table.table.json"},"stage2_test_f1":0.832946164056351,"stage1/test_acc":91.72039362063116,"stage1_test_loss":0.25057173036076164,"val_acc":81.26801152737752,"stage1/test_loss":0.25057173036076164,"stage1_test_acc":91.72039362063116,"_step":8,"train_loss":0.2073110209329906,"stage":3,"lr_backbone":0.0001,"bin_keep_ratio":0.234375,"train_acc":90.74946466809422,"stage2_test_loss":0.5003638465604061,"mask_l1":0.015625,"stage1_test_f1":0.9190924499938599,"stage3_test_loss":0.4757277819359099,"lr":0.001,"val_loss":0.6365605853390625,"stage3_test_acc":85.78215134034612,"_timestamp":1.776415380558356e+09,"stage1/test_f1":0.9190924499938599,"best_val_loss":0.41459764681906797,"stage2_hard_bin_mask_str":"[0.0, 0.0, 1.0, 0.0, 0.0, 0.0, 0.0, 0.0, 0.0, 0.0, 1.0, 1.0, 1.0, 1.0, 1.0, 1.0, 1.0, 0.0, 1.0, 1.0, 1.0, 1.0, 1.0, 1.0, 1.0, 0.0, 0.0, 0.0, 0.0, 0.0, 1.0, 0.0, 0.0, 0.0, 0.0, 0.0, 1.0, 1.0, 1.0, 1.0, 1.0, 1.0, 1.0, 0.0, 0.0, 0.0, 0.0, 0.0, 1.0, 0.0, 1.0, 0.0, 0.0, 1.0, 1.0, 1.0, 1.0, 0.0, 0.0, 0.0, 0.0, 0.0, 1.0, 0.0, 0.0, 0.0, 0.0, 0.0, 0.0, 0.0, 0.0, 0.0, 0.0, 0.0, 0.0, 0.0, 0.0, 0.0, 0.0, 0.0, 0.0, 0.0, 0.0, 0.0, 0.0, 0.0, 0.0, 0.0, 0.0, 0.0, 0.0, 0.0, 0.0, 0.0, 0.0, 0.0, 0.0, 0.0, 0.0, 0.0, 0.0, 0.0, 0.0, 0.0, 0.0, 0.0, 0.0, 0.0, 0.0, 0.0, 0.0, 0.0, 0.0, 0.0, 0.0, 0.0, 0.0, 0.0, 0.0, 0.0, 0.0, 0.0, 0.0, 0.0, 0.0, 0.0, 0.0, 0.0]","stage1/use_pretrain_model":false,"lr_gumbel_bin":0.001,"stage2_test_acc":83.3389888021717,"stage3_test_f1":0.8589067085882681,"stage_3_separableconvcnn/confusion_matrix_table":{"path":"media/table/stage_3_separableconvcnn/confusion_matrix_table_7_c898af7cd5403fb8dc3a.table.json","sha256":"c898af7cd5403fb8dc3a7ce974b04f2900b6e6c04dbd372452fbb63412e6b66f","nrows":36,"_latest_artifact_path":"wandb-client-artifact://s439guj91smltgqboun6kl5bj20wlbetehnsch9w4j1mthfzcdelqdpt7tskn4gxavxh0onalw805wdoru3072ygm3cgswht1pn9flnpfhq328o1r1ehwtwans7mefcb:latest/stage_3_separableconvcnn/confusion_matrix_table.table.json","size":1369,"ncols":3,"artifact_path":"wandb-client-artifact://i5n5gmqf04bex501gtwiv9eyv2yllpughvuer3yqzog8jswdfyzm2v3dj7uobjvdxe29x5fg5kl0sxn1n4uqrgi7948un2kk37kqhqf5rprqrhb6tsx9zx8ffhyepwba/stage_3_separableconvcnn/confusion_matrix_table.table.json","log_mode":"IMMUTABLE","_type":"table-file"},"epoch":15}