{"final_summary_log_path":"/home/qphan/master-thesis/models/uci_best_model_three_stage_channel_subject27_val_final_summary_val_27.txt","block4_Pruned_%":41.40625,"stage2/block2_Pruned_%":45.3125,"stage2/val_acc":58.51063829787234,"stage_1_separableconvcnn/confusion_matrix_table":{"_type":"table-file","sha256":"1c6549e5282058c0e123c1b6cb880670e6f306016a237439dd216d2b10068da2","size":1367,"path":"media/table/stage_1_separableconvcnn/confusion_matrix_table_1_1c6549e5282058c0e123.table.json","log_mode":"IMMUTABLE","artifact_path":"wandb-client-artifact://pppangng381qnxryzsx5cb773ezaw68y8m22h3egv78wqn3wdw1ewd4yort631wqde5mz3gbeu7geaag8hozgnpg99e4cz4o8j9y7q5jpizrf7z1q3ai2023qkazm0hl/stage_1_separableconvcnn/confusion_matrix_table.table.json","_latest_artifact_path":"wandb-client-artifact://hrtqqt68lede820k0o2r7bsn6gz1przb4q75bkj3w1xcimkgszdjxgqgv3icvx9cne1b7jm68rwbk147ai86sil98p5vgcojd1l22kk22hbdphz5oa5rh34tatq45q0b:latest/stage_1_separableconvcnn/confusion_matrix_table.table.json","ncols":3,"nrows":36},"stage1/test_f1":0.9188217031957775,"_runtime":43,"stage2/val_loss":0.6333616389199457,"stage2/lr_gumbel":0.001,"best_val_loss":0.1845580924381601,"stage2_test_acc":67.1530369867662,"Total_Pruned_%":46.875,"stage3_test_loss":0.26009111575699184,"stage2/train_loss":0.7698763619869127,"stage2/test_f1":0.6746876255157123,"stage2/raw_hard_mask_block2":"[1.0, 0.0, 1.0, 1.0, 1.0, 0.0, 1.0, 1.0, 0.0, 1.0, 1.0, 1.0, 0.0, 0.0, 1.0, 0.0, 0.0, 0.0, 1.0, 1.0, 0.0, 1.0, 1.0, 0.0, 0.0, 1.0, 1.0, 0.0, 1.0, 1.0, 0.0, 1.0, 0.0, 0.0, 1.0, 1.0, 1.0, 0.0, 1.0, 0.0, 1.0, 0.0, 1.0, 1.0, 0.0, 1.0, 0.0, 0.0, 1.0, 1.0, 0.0, 0.0, 0.0, 0.0, 1.0, 0.0, 1.0, 0.0, 0.0, 1.0, 0.0, 1.0, 1.0, 1.0]","stage2/best_epoch":32,"stage":3,"stage2_test_loss":0.6345526158474992,"stage2/final_mask_keep_ratio_block2":0.546875,"stage1/test_acc":91.78825924669155,"stage2/final_mask_keep_ratio_block4":0.5859375,"stage1_test_loss":0.2776626913950813,"stage2/train_acc":63.18807339449541,"stage1/test_loss":0.2776626913950813,"stage2_test_f1":0.6746876255157123,"stage2/block3_Pruned_%":53.125,"model_param_count_dense":36868,"stage1_test_acc":91.78825924669155,"stage_3_prunedseparableconvcnn/confusion_matrix_table":{"_type":"table-file","ncols":3,"sha256":"3f525b65e14182b2bf2404f111dbbf138f9b6c16d90c5db1e8e1db68e455a213","artifact_path":"wandb-client-artifact://99gksj6grbomxskof862sngg2nk9egj19z0c9r444o4e66o27vz9jmknxplhu703s0tm8k98wz8a6xy0jeez7wgruz18636gxt1xqy7pmflkqevch21trkeqyfpxj72x/stage_3_prunedseparableconvcnn/confusion_matrix_table.table.json","_latest_artifact_path":"wandb-client-artifact://oco09x3xb3a7nnottccbgyxp5ws6vs4alnztzgfnwmk97ocbsxprqg1iaora0vyf18fs22k8u802ekrmirj2w93cqsyalnn4oo16pb5d6mn62ialnk0evjf26isv70ke:latest/stage_3_prunedseparableconvcnn/confusion_matrix_table.table.json","size":1367,"path":"media/table/stage_3_prunedseparableconvcnn/confusion_matrix_table_23_3f525b65e14182b2bf24.table.json","log_mode":"IMMUTABLE","nrows":36},"stage2/lr_backbone":0.0001,"val_loss":0.1865043645883177,"stage2/raw_hard_mask_block4":"[1.0, 0.0, 0.0, 0.0, 1.0, 1.0, 1.0, 0.0, 1.0, 0.0, 1.0, 1.0, 1.0, 1.0, 0.0, 0.0, 1.0, 1.0, 1.0, 0.0, 0.0, 0.0, 1.0, 1.0, 1.0, 0.0, 1.0, 0.0, 1.0, 1.0, 1.0, 1.0, 1.0, 1.0, 1.0, 1.0, 0.0, 1.0, 1.0, 1.0, 1.0, 0.0, 0.0, 1.0, 1.0, 0.0, 1.0, 1.0, 0.0, 0.0, 1.0, 0.0, 1.0, 0.0, 0.0, 0.0, 1.0, 0.0, 1.0, 1.0, 1.0, 0.0, 0.0, 1.0, 1.0, 1.0, 0.0, 1.0, 0.0, 1.0, 1.0, 0.0, 0.0, 0.0, 1.0, 0.0, 1.0, 0.0, 0.0, 0.0, 1.0, 0.0, 1.0, 1.0, 1.0, 1.0, 0.0, 1.0, 0.0, 1.0, 1.0, 1.0, 1.0, 1.0, 0.0, 1.0, 1.0, 0.0, 1.0, 1.0, 0.0, 1.0, 1.0, 1.0, 1.0, 0.0, 1.0, 0.0, 1.0, 1.0, 0.0, 0.0, 1.0, 1.0, 1.0, 0.0, 0.0, 0.0, 1.0, 0.0, 0.0, 0.0, 1.0, 1.0, 0.0, 1.0, 0.0, 0.0]","stage2/test_loss":0.6345526158474992,"model_param_reduction_pct":62.07822501898666,"stage2/mask_l1":0.47755831480026245,"stage2/best_val_loss":0.6310459856994133,"_timestamp":1.7758609668298657e+09,"block2_Pruned_%":45.3125,"epoch":60,"stage2/epoch":40,"train_loss":0.175416313214313,"stage2/final_mask_keep_ratio_block3":0.46875,"stage1/use_pretrain_model":false,"stage2/raw_hard_mask_block3":"[1.0, 1.0, 0.0, 0.0, 0.0, 1.0, 0.0, 1.0, 1.0, 0.0, 1.0, 1.0, 1.0, 0.0, 1.0, 0.0, 0.0, 0.0, 1.0, 1.0, 0.0, 0.0, 0.0, 1.0, 0.0, 1.0, 0.0, 0.0, 0.0, 1.0, 1.0, 1.0, 1.0, 0.0, 1.0, 1.0, 0.0, 0.0, 0.0, 1.0, 0.0, 0.0, 0.0, 1.0, 1.0, 1.0, 0.0, 0.0, 0.0, 0.0, 0.0, 0.0, 1.0, 0.0, 1.0, 0.0, 1.0, 0.0, 0.0, 1.0, 1.0, 0.0, 1.0, 1.0, 0.0, 1.0, 1.0, 1.0, 1.0, 1.0, 1.0, 1.0, 0.0, 1.0, 1.0, 1.0, 0.0, 0.0, 1.0, 1.0, 0.0, 0.0, 1.0, 0.0, 0.0, 1.0, 0.0, 0.0, 0.0, 1.0, 0.0, 0.0, 1.0, 0.0, 1.0, 0.0, 0.0, 0.0, 0.0, 1.0, 0.0, 0.0, 0.0, 1.0, 1.0, 0.0, 1.0, 1.0, 0.0, 1.0, 1.0, 0.0, 0.0, 1.0, 1.0, 0.0, 1.0, 1.0, 0.0, 0.0, 0.0, 0.0, 0.0, 1.0, 1.0, 0.0, 0.0, 0.0]","stage1_test_f1":0.9188217031957775,"stage2/stage_number":2,"stage3_test_f1":0.9093178275997614,"_wandb":{"runtime":43},"stage2/purpose":"train channel-pruning model with masking","train_acc":92.67488532110092,"model_param_count_pruned":13981,"lr_loaded_weights":0.0001,"model_param_count":13981,"stage3_test_acc":90.83814048184594,"stage2/test_acc":67.1530369867662,"_step":25,"block3_Pruned_%":53.125,"stage2/block4_Pruned_%":41.40625,"stage2/Total_Pruned_%":46.875,"val_acc":94.14893617021276}