{"lr":0.001,"_timestamp":1.7757699593473008e+09,"train_acc":89.88909693216189,"stage3_test_acc":89.68442483881914,"lr_gumbel_bin":0.001,"val_loss":0.716610362593877,"stage":3,"stage1_test_f1":0.9197352496137098,"stage2_test_acc":87.54665761791652,"_runtime":13,"bin_keep_ratio":0.23076923191547394,"stage_3_separableconvcnn/confusion_matrix_table":{"size":1366,"path":"media/table/stage_3_separableconvcnn/confusion_matrix_table_7_f15aa03d83aac1e54839.table.json","log_mode":"IMMUTABLE","_latest_artifact_path":"wandb-client-artifact://oxo8zyzhysfwid4kuyhc5sab6js851b2d1pbm91ng53e9yqtqqoc3mglh5ltav7ejbgqrmfakxbd4fvwdrq9jiwi8y3bn67fjo8txotfj5nyoxaiumumdeoqqn120dr3:latest/stage_3_separableconvcnn/confusion_matrix_table.table.json","ncols":3,"sha256":"f15aa03d83aac1e548398211c36d5bf88d72b3ff01a7ca8b06853b896206b792","nrows":36,"artifact_path":"wandb-client-artifact://fd5pkxtxbyw2mgcgvgj02kmj63fygv3658ajr2zyaxbpffqm4jry2yme8egcsjr6lgdeh0i5e1080v6v00nhkp0x5py6x7150o08js03t9o5clfsfbl6t06oakib2os0/stage_3_separableconvcnn/confusion_matrix_table.table.json","_type":"table-file"},"stage1/use_pretrain_model":false,"stage1/test_f1":0.9197352496137098,"lr_backbone":0.0001,"stage_1_separableconvcnn/confusion_matrix_table":{"nrows":36,"size":1366,"_latest_artifact_path":"wandb-client-artifact://630ddeh3ylrvbcsv698qcq2ruusxtyj0ba5ngtxtywasr8p667o8bolwv8zjt38e75jd2crupjcjt051mllx2dckftt0z1c5vuexbgnhp1bf8juxqqo1h5fg5jo9nm6e:latest/stage_1_separableconvcnn/confusion_matrix_table.table.json","_type":"table-file","path":"media/table/stage_1_separableconvcnn/confusion_matrix_table_1_2b3b07e28ea0905122ac.table.json","sha256":"2b3b07e28ea0905122ac401c49b592fc20691227510774fa51c55f0ff17409cc","ncols":3,"artifact_path":"wandb-client-artifact://p4bsc691ay4t2dfjappayr6ro5050c91kvhpvso0sf699p2ue5wrd2kcor0amw4f2qaywdduft9i2foe9o8h2x6rcng4ebrqz69sthuu83xachfdhpjq05bjgpyvnexe/stage_1_separableconvcnn/confusion_matrix_table.table.json","log_mode":"IMMUTABLE"},"best_val_loss":0.6622061262403621,"stage1/test_acc":91.75432643366135,"stage2_test_loss":0.32676658253771673,"stage3_test_loss":0.2887888415285216,"train_loss":0.22488059788774933,"stage1_test_loss":0.22306190427325723,"_wandb":{"runtime":13},"stage1/test_loss":0.22306190427325723,"stage2_test_f1":0.8768360266241308,"val_acc":80.92909535452323,"mask_l1":0.20000000298023224,"stage1_test_acc":91.75432643366135,"epoch":10,"stage3_test_f1":0.8980347215288528,"stage2_hard_bin_mask_str":"[1.0, 1.0, 1.0, 1.0, 1.0, 1.0, 1.0, 1.0, 1.0, 1.0, 1.0, 1.0, 1.0, 1.0, 0.0, 0.0, 0.0, 0.0, 0.0, 1.0, 0.0, 0.0, 0.0, 0.0, 0.0, 0.0, 0.0, 0.0, 0.0, 0.0, 0.0, 0.0, 0.0, 0.0, 0.0, 0.0, 0.0, 0.0, 0.0, 0.0, 0.0, 0.0, 0.0, 0.0, 0.0, 0.0, 0.0, 0.0, 0.0, 0.0, 0.0, 0.0, 0.0, 0.0, 0.0, 0.0, 0.0, 0.0, 0.0, 0.0, 0.0, 0.0, 0.0, 0.0, 0.0]","_step":8}