{"_runtime":18,"stage_1_separableconvcnn/confusion_matrix_table":{"artifact_path":"wandb-client-artifact://plbtjf158vbgpuayngk13buhq1qnrygtallel9gtfif05jdh3jsl77ubt7hppr8rj5a27udygg431j5e4s5vhu2jnx0jyu70zrgntueda19zzoqf5x2amqm3o59r8oz5/stage_1_separableconvcnn/confusion_matrix_table.table.json","_latest_artifact_path":"wandb-client-artifact://r23hx6olglb6w6lwz88atj6l44uobcb0onnp36i5a8vidtyyiqgbgia9kdzsd9hdr7tkee6grqmc6e8jb5vllb1eqhsk9r5y8jmmelrdy3lb182g5zn45dv3x9j7v0n8:latest/stage_1_separableconvcnn/confusion_matrix_table.table.json","size":1368,"path":"media/table/stage_1_separableconvcnn/confusion_matrix_table_1_02c5a6fac2b98a2cce23.table.json","sha256":"02c5a6fac2b98a2cce23216035c71184f8282e95afab8b7a4923ed0654b10cea","ncols":3,"log_mode":"IMMUTABLE","_type":"table-file","nrows":36},"stage":3,"stage_3_separableconvcnn/confusion_matrix_table":{"artifact_path":"wandb-client-artifact://5330k6dba22hui4m6twxz9xet31fx8zfe24406z5wlvxvmvestqllf779ubjdfovj3z20e050oq3xvzbs0lhkr4nkbs8gdxobmad86dofi0au469e4ctaxdwlqquh6nu/stage_3_separableconvcnn/confusion_matrix_table.table.json","ncols":3,"path":"media/table/stage_3_separableconvcnn/confusion_matrix_table_10_5808c013522abce967e8.table.json","_latest_artifact_path":"wandb-client-artifact://5u8ymfjoptr1v182r7lqv42rt0fa14u2ojfddqy5gputlh4gojhlux0vdhkv5m0gbl0zlcrjx7t8xzpp71e7zqmwl0ef5k8bc0dtefm4pfdubkpehw7bv2d7vgji8fin:latest/stage_3_separableconvcnn/confusion_matrix_table.table.json","_type":"table-file","nrows":36,"log_mode":"IMMUTABLE","sha256":"5808c013522abce967e8d94e1089e6d21061a59885b0f56a2ccd767dc1695481","size":1367},"train_acc":96.22022536014833,"val_acc":83.87096774193549,"mask_l1":0.140625,"stage2_test_f1":0.8829984430248506,"stage1/use_pretrain_model":false,"lr_backbone":0.0001,"stage1/test_f1":0.8992012196111356,"stage2_test_loss":0.48895730156230877,"stage3_test_loss":0.4779827397550236,"_wandb":{"runtime":18},"stage1/test_loss":0.4559599839993571,"best_val_loss":0.2526398720629404,"stage2_test_acc":88.15744825246013,"stage1_test_f1":0.8992012196111356,"stage3_test_acc":89.88802171700034,"_step":11,"epoch":25,"bin_keep_ratio":0.3984375,"lr_gumbel_bin":0.001,"stage1_test_acc":89.85408890397014,"stage1/test_acc":89.85408890397014,"_timestamp":1.7764296898423064e+09,"val_loss":0.49627015165045113,"train_loss":0.09060093784294869,"stage2_hard_bin_mask_str":"[0.0, 0.0, 0.0, 0.0, 0.0, 0.0, 1.0, 0.0, 1.0, 1.0, 1.0, 1.0, 1.0, 1.0, 1.0, 1.0, 1.0, 1.0, 1.0, 1.0, 1.0, 1.0, 1.0, 1.0, 1.0, 1.0, 1.0, 1.0, 0.0, 1.0, 1.0, 1.0, 1.0, 1.0, 1.0, 1.0, 1.0, 1.0, 1.0, 1.0, 1.0, 1.0, 1.0, 1.0, 1.0, 1.0, 1.0, 1.0, 1.0, 1.0, 1.0, 1.0, 1.0, 1.0, 1.0, 1.0, 0.0, 1.0, 0.0, 1.0, 0.0, 0.0, 0.0, 1.0, 0.0, 0.0, 0.0, 0.0, 0.0, 0.0, 0.0, 0.0, 0.0, 0.0, 0.0, 0.0, 0.0, 0.0, 0.0, 0.0, 0.0, 0.0, 0.0, 0.0, 0.0, 0.0, 0.0, 0.0, 0.0, 0.0, 0.0, 0.0, 0.0, 0.0, 0.0, 0.0, 0.0, 0.0, 0.0, 0.0, 0.0, 0.0, 0.0, 0.0, 0.0, 0.0, 0.0, 0.0, 0.0, 0.0, 0.0, 0.0, 0.0, 0.0, 0.0, 0.0, 0.0, 0.0, 0.0, 0.0, 0.0, 0.0, 0.0, 0.0, 0.0, 0.0, 0.0, 0.0]","stage3_test_f1":0.8997013904246455,"lr":0.001,"stage1_test_loss":0.4559599839993571}