{"stage1_test_f1":0.903082410668676,"stage3_test_loss":0.38771589389309963,"_timestamp":1.7766113938896637e+09,"stage3_test_acc":87.24126230064472,"bin_keep_ratio":0.20000000298023224,"mask_l1":0.13846154510974884,"stage2_test_loss":0.470444680350576,"_wandb":{"runtime":16},"lr":0.001,"lr_backbone":0.0001,"val_acc":79.16666666666667,"stage1/test_loss":0.2619451821396462,"_step":10,"lr_gumbel_bin":0.001,"stage1_test_acc":90.09161859518154,"stage2_test_acc":85.13742789277231,"stage":3,"stage2_test_f1":0.8517210601513986,"_runtime":16,"stage3_test_f1":0.8746249643780727,"train_loss":0.19394062514403998,"stage1/test_f1":0.903082410668676,"stage_3_separableconvcnn/confusion_matrix_table":{"log_mode":"IMMUTABLE","path":"media/table/stage_3_separableconvcnn/confusion_matrix_table_9_0f2f8aefb0d0a579f8ae.table.json","_type":"table-file","nrows":36,"ncols":3,"sha256":"0f2f8aefb0d0a579f8ae309c7001af125b5387fc2e01c6d6653d655c441f8af3","size":1368,"_latest_artifact_path":"wandb-client-artifact://bv7odbqwpwqradhbe3yxtt2aurk74ty7kl4grukve7sswqrcwfcjb90e1om2gr6b3zoa5wssuu7mkla5hj60vjdcg4b2980r6a5gp33pha3wukr17slaae39c33kyc5s:latest/stage_3_separableconvcnn/confusion_matrix_table.table.json","artifact_path":"wandb-client-artifact://vvzfth1yp9cn45omh9zast0ozezcjfbj2imor5h5ok1lwx7ys4osensr361jf1brj48i3zb9hkvygbkbmidehth1xesojfapejzuyghcje78z2cweus787o8vjpuh4la/stage_3_separableconvcnn/confusion_matrix_table.table.json"},"stage1/test_acc":90.09161859518154,"stage1/use_pretrain_model":false,"train_acc":91.77707373271889,"stage2_hard_bin_mask_str":"[1.0, 1.0, 1.0, 1.0, 1.0, 1.0, 1.0, 1.0, 0.0, 1.0, 1.0, 1.0, 0.0, 1.0, 1.0, 0.0, 0.0, 0.0, 0.0, 0.0, 0.0, 0.0, 0.0, 0.0, 0.0, 0.0, 0.0, 0.0, 0.0, 0.0, 0.0, 0.0, 0.0, 0.0, 0.0, 0.0, 0.0, 0.0, 0.0, 0.0, 0.0, 0.0, 0.0, 0.0, 0.0, 0.0, 0.0, 0.0, 0.0, 0.0, 0.0, 0.0, 0.0, 0.0, 0.0, 0.0, 0.0, 0.0, 0.0, 0.0, 0.0, 0.0, 0.0, 0.0, 0.0]","stage1_test_loss":0.2619451821396462,"best_val_loss":0.3286568399737863,"stage_1_separableconvcnn/confusion_matrix_table":{"path":"media/table/stage_1_separableconvcnn/confusion_matrix_table_1_7564a7f0cb013ffdab37.table.json","ncols":3,"nrows":36,"size":1368,"artifact_path":"wandb-client-artifact://o5i8ztck8kgwdrxut6yllh5jo3xz93ij54ae5epnzx6kevmrf1xa3b8vx3d582e63vor8ixs6k6g8sww4djx40mu0b69sytyp7c7kr55wnte1qcwt6ru6selgiugs6g7/stage_1_separableconvcnn/confusion_matrix_table.table.json","_type":"table-file","_latest_artifact_path":"wandb-client-artifact://jkv7ljr2o43jels3c9lia7cmayuzbx2yerq5yfygkvjybl99iccehu547fyn1ws9hi8u2o9pivzr6wpwuslzvbvgkeuc5qxu3f9wgrhg7n8fl04tztkcb635sc5bhukt:latest/stage_1_separableconvcnn/confusion_matrix_table.table.json","sha256":"7564a7f0cb013ffdab37b14a0d596fcd5b0e85878f66aeb5e1b86ab4c6ab1b99","log_mode":"IMMUTABLE"},"val_loss":0.5522183039609123,"epoch":25}