{"val_loss":0.6558270630277747,"_runtime":13,"_timestamp":1.7764203063614829e+09,"stage3_test_loss":0.46793690673344157,"stage3_test_acc":84.8320325755005,"stage2_test_acc":83.3050559891415,"epoch":15,"stage2_test_f1":0.8318232767151995,"stage_1_separableconvcnn/confusion_matrix_table":{"size":1366,"_type":"table-file","ncols":3,"artifact_path":"wandb-client-artifact://zvgmtlhidh3wbvbbg78uw6leq2fudy8oh3qyosqqriua3lob7amo56txetrpurcsoevg2u3v7b52zidq4vjeqg5grhr0m26e4skhq42qjbhxr1sv0q56kauzdifg5aae/stage_1_separableconvcnn/confusion_matrix_table.table.json","log_mode":"IMMUTABLE","nrows":36,"sha256":"ba1709b9ded253dca6f14b8d1a777336f0cb86899167c45d58f90d5e787020ac","path":"media/table/stage_1_separableconvcnn/confusion_matrix_table_1_ba1709b9ded253dca6f1.table.json","_latest_artifact_path":"wandb-client-artifact://wr8b9fh7cb8c7fbpy4mr4opfxsjh1s6l7nv4mhegm4xuwpolkixk57zrxn5bj9nn7uh05ctuq24w8d1tod08cp94mta5tazzpxndwtlj09af5i3j94xhrt7j3sztlm1x:latest/stage_1_separableconvcnn/confusion_matrix_table.table.json"},"stage3_test_f1":0.8485134024651094,"mask_l1":0.03125,"stage2_hard_bin_mask_str":"[0.0, 0.0, 0.0, 0.0, 0.0, 0.0, 0.0, 0.0, 0.0, 0.0, 1.0, 1.0, 1.0, 0.0, 0.0, 0.0, 0.0, 1.0, 1.0, 1.0, 0.0, 0.0, 0.0, 1.0, 1.0, 0.0, 1.0, 1.0, 1.0, 1.0, 0.0, 0.0, 0.0, 0.0, 1.0, 1.0, 1.0, 1.0, 1.0, 1.0, 0.0, 1.0, 1.0, 1.0, 0.0, 0.0, 1.0, 1.0, 0.0, 1.0, 1.0, 1.0, 1.0, 0.0, 0.0, 0.0, 1.0, 1.0, 1.0, 1.0, 0.0, 0.0, 1.0, 1.0, 0.0, 0.0, 0.0, 0.0, 0.0, 0.0, 0.0, 0.0, 0.0, 0.0, 0.0, 0.0, 0.0, 0.0, 0.0, 0.0, 0.0, 0.0, 0.0, 0.0, 0.0, 0.0, 0.0, 0.0, 0.0, 0.0, 0.0, 0.0, 0.0, 0.0, 0.0, 0.0, 0.0, 0.0, 0.0, 0.0, 0.0, 0.0, 0.0, 0.0, 0.0, 0.0, 0.0, 0.0, 0.0, 0.0, 0.0, 0.0, 0.0, 0.0, 0.0, 0.0, 0.0, 0.0, 0.0, 0.0, 0.0, 0.0, 0.0, 0.0, 0.0, 0.0, 0.0, 0.0]","train_loss":0.18065455136003025,"stage1_test_loss":0.25057173036076164,"stage":3,"bin_keep_ratio":0.2578125,"lr_backbone":0.0001,"best_val_loss":0.22172603540535835,"_wandb":{"runtime":13},"lr":0.001,"lr_gumbel_bin":0.001,"stage1_test_acc":91.72039362063116,"stage1/test_loss":0.25057173036076164,"stage1/use_pretrain_model":false,"stage1/test_f1":0.9190924499938599,"val_acc":79.2507204610951,"stage1_test_f1":0.9190924499938599,"stage_3_separableconvcnn/confusion_matrix_table":{"path":"media/table/stage_3_separableconvcnn/confusion_matrix_table_7_6d604c1846d0353d5651.table.json","nrows":36,"sha256":"6d604c1846d0353d5651fa8d314b466dc97a360c5ef7616c8f33c893d54098b0","size":1369,"_latest_artifact_path":"wandb-client-artifact://99ueprr43e7q5u43pqasdwmdiubssq4utpoez9mwkl2lg2qg4q4a1q7q9mcnlm3rxuyb8clambunqe9lq7s42g6mn035ehymtxtqepxkgzggu7ngdy5y86d4bt1w5tfk:latest/stage_3_separableconvcnn/confusion_matrix_table.table.json","_type":"table-file","artifact_path":"wandb-client-artifact://8zkze5jpsjxtkk8iky5cp736g0k97g7lbff2jx58p0eyxtcv9b0afpueo1xsbm3fjf360ibho8j0yov11sgzwx5f62heikp2m5orwsvtcvx28mzjykxf95mxbnnj31hh/stage_3_separableconvcnn/confusion_matrix_table.table.json","log_mode":"IMMUTABLE","ncols":3},"stage2_test_loss":0.5445023961663865,"_step":8,"train_acc":91.86295503211991,"stage1/test_acc":91.72039362063116}