{"stage1/train_acc":71.68517436197156,"stage1/stage_number":1,"test_loss":0.6333714375555485,"stage1/epoch":21,"_timestamp":1.7753176364225638e+09,"_runtime":66,"stage1/lr":0.001,"stage1/best_val_loss":0.6228746493759129,"stage1/val_loss":0.6406654431798836,"stage1/use_pretrain_model":false,"best_val_loss":0.6228746493759129,"_step":23,"stage1/test_loss":0.6333714375555485,"stage1/train_loss":0.5071843669169739,"stage1_test_acc":78.887171561051,"stage_1_separableconvcnn/confusion_matrix_table":{"sha256":"6d42cb29b0df787ab41725e58e23f5398ace45566311fb8f15a12fceb5e6c38c","ncols":3,"nrows":64,"_type":"table-file","artifact_path":"wandb-client-artifact://bz36esm22u0cmq4li8cn61cn1qo1u7kyv3gnewvvpz59fe6kw9bujjv5nasdp35pgyrewp5z030i5dzvto6i4vx683x5wawmaxqyoelvqv7rjubd92l4lpz41v8gzsf9/stage_1_separableconvcnn/confusion_matrix_table.table.json","_latest_artifact_path":"wandb-client-artifact://yxyolq5cg4o6ts8t45s6gz3a70p8tf1517zfjxbuhet07oafxsp7l7ry638ll8evsa0d8k4huxdrpm5h90vl3pshqumjjodwnmz0eu4u3e61mf3bo7mzzrws1n3vlpj6:latest/stage_1_separableconvcnn/confusion_matrix_table.table.json","path":"media/table/stage_1_separableconvcnn/confusion_matrix_table_23_6d42cb29b0df787ab417.table.json","size":2013,"log_mode":"IMMUTABLE"},"stage1/val_acc":71.61470451372732,"stage1/test_acc":78.887171561051,"test_acc":78.887171561051,"stage1/test_f1":0.6862220458406068,"stage1_test_f1":0.6862220458406068,"stage1/purpose":"train baseline model","stage1_test_loss":0.6333714375555485,"_wandb":{"runtime":66},"best_epoch":11,"test_f1_macro":0.6862220458406068}