{"stage2_test_f1":0.8523916216994291,"_wandb":{"runtime":18},"_timestamp":1.7764178118672333e+09,"stage1/test_loss":0.25057173036076164,"_runtime":18,"_step":11,"val_acc":89.62536023054756,"stage":3,"stage3_test_loss":0.473203952428961,"stage_1_separableconvcnn/confusion_matrix_table":{"_latest_artifact_path":"wandb-client-artifact://5sygm50s65h6odce7kvrnt8baimww2ler10vgp7aid85fc1tuhgttagx7kx9ve46jvl8xhe3l4h7mtna6091uojllo5rw6zorwythht0h6lqvpb8bocx1htgwd7xbyeu:latest/stage_1_separableconvcnn/confusion_matrix_table.table.json","log_mode":"IMMUTABLE","path":"media/table/stage_1_separableconvcnn/confusion_matrix_table_1_ba1709b9ded253dca6f1.table.json","ncols":3,"nrows":36,"sha256":"ba1709b9ded253dca6f14b8d1a777336f0cb86899167c45d58f90d5e787020ac","_type":"table-file","artifact_path":"wandb-client-artifact://zoqy2lzjab3wg6ru1irhkrqdueig24y3e62mcs74x7h8q360o2ix32wt22am9r9mwl04jluff7krqquvpfiv8lvsef3kzlca9z1p1sqnxnr4rfof928o7lyr36zonxif/stage_1_separableconvcnn/confusion_matrix_table.table.json","size":1366},"train_loss":0.17310289265554687,"val_loss":0.29179615177080287,"stage1/test_acc":91.72039362063116,"lr_backbone":0.0001,"train_acc":92.03426124197001,"stage1_test_loss":0.25057173036076164,"bin_keep_ratio":0.2265625,"lr":0.001,"stage1/test_f1":0.9190924499938599,"best_val_loss":0.263478827991547,"mask_l1":0.015625,"stage3_test_f1":0.8658484395072428,"stage2_test_acc":85.13742789277231,"stage_3_separableconvcnn/confusion_matrix_table":{"_type":"table-file","size":1370,"artifact_path":"wandb-client-artifact://dk7nelqjrstlozqyfm6g5ihjyqnzjngnb5euuref6wnakjotpbvi3v2e8twkb396slqaddk01ipjb1or8scuc8jjxyk41spacty2uogwdplh1asi652ii0sgb0oxa91p/stage_3_separableconvcnn/confusion_matrix_table.table.json","_latest_artifact_path":"wandb-client-artifact://z9a3zbj329q1ifyj5kasidvwmvd917e0s5t07a0rmzr1pt2253dgoo872joxnsdwryccd37dlsnk1nmdtnsweldbtmm8cpelcwctmm2788smsox7r09i8jvwas14a74w:latest/stage_3_separableconvcnn/confusion_matrix_table.table.json","path":"media/table/stage_3_separableconvcnn/confusion_matrix_table_10_da85f420bd2993447755.table.json","ncols":3,"sha256":"da85f420bd299344775540202398281002d80033659d8889a1c7254c892155a3","nrows":36,"log_mode":"IMMUTABLE"},"stage3_test_acc":86.49474041398032,"stage1_test_acc":91.72039362063116,"lr_gumbel_bin":0.001,"epoch":30,"stage2_test_loss":0.4602324433898421,"stage1_test_f1":0.9190924499938599,"stage2_hard_bin_mask_str":"[0.0, 0.0, 0.0, 0.0, 0.0, 0.0, 0.0, 1.0, 1.0, 1.0, 0.0, 1.0, 0.0, 1.0, 1.0, 0.0, 0.0, 1.0, 0.0, 1.0, 1.0, 0.0, 1.0, 1.0, 0.0, 0.0, 1.0, 1.0, 0.0, 0.0, 0.0, 0.0, 0.0, 1.0, 1.0, 1.0, 0.0, 1.0, 0.0, 0.0, 1.0, 1.0, 1.0, 1.0, 1.0, 0.0, 0.0, 1.0, 1.0, 1.0, 0.0, 0.0, 0.0, 1.0, 1.0, 1.0, 0.0, 0.0, 0.0, 0.0, 0.0, 0.0, 0.0, 1.0, 0.0, 0.0, 0.0, 0.0, 0.0, 0.0, 0.0, 0.0, 0.0, 0.0, 0.0, 0.0, 0.0, 0.0, 0.0, 0.0, 0.0, 0.0, 0.0, 0.0, 0.0, 0.0, 0.0, 0.0, 0.0, 0.0, 0.0, 0.0, 0.0, 0.0, 0.0, 0.0, 0.0, 0.0, 0.0, 0.0, 0.0, 0.0, 0.0, 0.0, 0.0, 0.0, 0.0, 0.0, 0.0, 0.0, 0.0, 0.0, 0.0, 0.0, 0.0, 0.0, 0.0, 0.0, 0.0, 0.0, 0.0, 0.0, 0.0, 0.0, 0.0, 0.0, 0.0, 0.0]","stage1/use_pretrain_model":false}