{"val_loss":0.35971407357417595,"train_loss":0.06791421714726469,"epoch":30,"stage2_test_loss":0.5155514709270346,"best_val_loss":0.16879889458865802,"stage1/use_pretrain_model":false,"stage3_test_loss":0.40890606661372375,"stage2_test_f1":0.8852004990546266,"stage":3,"train_acc":97.06176009128512,"_wandb":{"runtime":19},"stage1_test_loss":0.4559599839993571,"stage2_hard_bin_mask_str":"[0.0, 0.0, 0.0, 1.0, 0.0, 0.0, 1.0, 1.0, 1.0, 1.0, 1.0, 1.0, 1.0, 1.0, 1.0, 1.0, 1.0, 1.0, 1.0, 0.0, 1.0, 1.0, 1.0, 1.0, 1.0, 1.0, 1.0, 1.0, 1.0, 1.0, 1.0, 1.0, 1.0, 1.0, 1.0, 0.0, 1.0, 1.0, 1.0, 1.0, 1.0, 1.0, 1.0, 1.0, 1.0, 1.0, 1.0, 1.0, 1.0, 1.0, 1.0, 1.0, 1.0, 1.0, 1.0, 1.0, 0.0, 1.0, 1.0, 1.0, 1.0, 0.0, 0.0, 1.0, 0.0, 0.0, 0.0, 0.0, 0.0, 0.0, 0.0, 0.0, 0.0, 0.0, 0.0, 0.0, 0.0, 0.0, 0.0, 0.0, 0.0, 0.0, 0.0, 0.0, 0.0, 0.0, 0.0, 0.0, 0.0, 0.0, 0.0, 0.0, 0.0, 0.0, 0.0, 0.0, 0.0, 0.0, 0.0, 0.0, 0.0, 0.0, 0.0, 0.0, 0.0, 0.0, 0.0, 0.0, 0.0, 0.0, 0.0, 0.0, 0.0, 0.0, 0.0, 0.0, 0.0, 0.0, 0.0, 0.0, 0.0, 0.0, 0.0, 0.0, 0.0, 0.0, 0.0, 0.0]","stage1_test_acc":89.85408890397014,"stage3_test_f1":0.9062107967015356,"stage1_test_f1":0.8992012196111356,"lr_gumbel_bin":0.001,"stage1/test_f1":0.8992012196111356,"_runtime":19,"bin_keep_ratio":0.421875,"stage1/test_loss":0.4559599839993571,"lr":0.001,"lr_backbone":0.0001,"mask_l1":0.2578125,"val_acc":85.63049853372434,"_step":11,"stage1/test_acc":89.85408890397014,"stage3_test_acc":90.49881235154395,"stage2_test_acc":88.39497794367153,"_timestamp":1.776425639059695e+09,"stage_3_separableconvcnn/confusion_matrix_table":{"ncols":3,"nrows":36,"_latest_artifact_path":"wandb-client-artifact://gb35d0tzgu37lgdg86khozskxvjcr86jirojowxyw0vswpe7yj38ytb17znt54i9h8rqmz74nxueb53q259lpdgyz2cc5puj954mvgt0bifezq90lhn7vedl5iv2yik2:latest/stage_3_separableconvcnn/confusion_matrix_table.table.json","artifact_path":"wandb-client-artifact://lxkimzv366vk4v3w8mom45jb04wzoazq9pvva7wybdhevr4n9gkwhoebtb7cuba39ff7aaos2oigcts7zfke11fsy2v4ek1yizn6q8vubvvlez9y6o2j4nsxqbfcjdl1/stage_3_separableconvcnn/confusion_matrix_table.table.json","sha256":"42396dfc58d25e00966fa2f31df5da943a1e0c8a6ed2efce198ed1a6ac087780","size":1367,"path":"media/table/stage_3_separableconvcnn/confusion_matrix_table_10_42396dfc58d25e00966f.table.json","_type":"table-file","log_mode":"IMMUTABLE"},"stage_1_separableconvcnn/confusion_matrix_table":{"size":1368,"_latest_artifact_path":"wandb-client-artifact://gukqhrky89kiav8rql5jvj1e0iy721n23ngmf7epg7h6dc5vnt2e4kf2yigi04cysocpwbm4jp5mjbmh87j6qhsm4cdf7t182v4pjcyhinvg9opd1fawtlcw0qv2lxqu:latest/stage_1_separableconvcnn/confusion_matrix_table.table.json","nrows":36,"path":"media/table/stage_1_separableconvcnn/confusion_matrix_table_1_02c5a6fac2b98a2cce23.table.json","sha256":"02c5a6fac2b98a2cce23216035c71184f8282e95afab8b7a4923ed0654b10cea","log_mode":"IMMUTABLE","artifact_path":"wandb-client-artifact://rgmx0usog7zo5l2dc9tg5if7jj816llyjjdjqycp68f0fygm5zf0gszkymqztrxu73yrkz4kf842g9y3k2izpyj1f4ccqwu4oyhrpmnhefebs5lwwn11gskzgg5mnw53/stage_1_separableconvcnn/confusion_matrix_table.table.json","ncols":3,"_type":"table-file"}}