{"epoch":10,"stage3_test_loss":0.2904686590654741,"lr_gumbel_bin":0.001,"lr":0.001,"val_acc":85.13931888544892,"bin_keep_ratio":0.4765625,"_timestamp":1.7757741000804799e+09,"stage2_hard_bin_mask_str":"[0.0, 0.0, 1.0, 1.0, 1.0, 1.0, 1.0, 1.0, 1.0, 1.0, 1.0, 1.0, 1.0, 1.0, 1.0, 1.0, 1.0, 1.0, 1.0, 1.0, 1.0, 1.0, 1.0, 1.0, 1.0, 1.0, 1.0, 1.0, 1.0, 1.0, 1.0, 1.0, 1.0, 1.0, 1.0, 1.0, 1.0, 1.0, 1.0, 1.0, 1.0, 1.0, 1.0, 1.0, 1.0, 1.0, 1.0, 1.0, 1.0, 1.0, 1.0, 1.0, 1.0, 1.0, 1.0, 1.0, 1.0, 1.0, 1.0, 1.0, 1.0, 0.0, 1.0, 1.0, 0.0, 0.0, 0.0, 0.0, 0.0, 0.0, 0.0, 0.0, 0.0, 0.0, 0.0, 0.0, 0.0, 0.0, 0.0, 0.0, 0.0, 0.0, 0.0, 0.0, 0.0, 0.0, 0.0, 0.0, 0.0, 0.0, 0.0, 0.0, 0.0, 0.0, 0.0, 0.0, 0.0, 0.0, 0.0, 0.0, 0.0, 0.0, 0.0, 0.0, 0.0, 0.0, 0.0, 0.0, 0.0, 0.0, 0.0, 0.0, 0.0, 0.0, 0.0, 0.0, 0.0, 0.0, 0.0, 0.0, 0.0, 0.0, 0.0, 0.0, 0.0, 0.0, 0.0, 0.0]","stage1/test_acc":83.4068544282321,"lr_backbone":0.0001,"stage3_test_f1":0.8883141849598233,"train_loss":0.17684608143947086,"stage_1_separableconvcnn/confusion_matrix_table":{"size":1365,"log_mode":"IMMUTABLE","artifact_path":"wandb-client-artifact://yrmkn4m7bk8pvaq5ily0lku89be0tzze6i92us7hqw42hghdjcp4yyqd1anm1f6q6mcaziss12t77nhprgobt1y5gc9v3a9gzre2mzszp7hh6gd0w5u0c4fn88068jq1/stage_1_separableconvcnn/confusion_matrix_table.table.json","nrows":36,"sha256":"f3aab2e547084ad044047dca3b6d12867565d0f6e1e08201762dfdc92f954e70","_latest_artifact_path":"wandb-client-artifact://w1jp1pfm5kva04cynq7n0lmm6oopy973b7sqh5uqjmpcjyd5xlzv5yh14ar3cmfz31m7o7ds2wead60sb53fmqr3jb3brdngd3nvgm996sjc5zjxl0k0d2tujm4sgrcv:latest/stage_1_separableconvcnn/confusion_matrix_table.table.json","path":"media/table/stage_1_separableconvcnn/confusion_matrix_table_1_f3aab2e547084ad04404.table.json","ncols":3,"_type":"table-file"},"_wandb":{"runtime":19},"best_val_loss":0.34675770721199345,"stage3_test_acc":88.39497794367153,"stage1_test_loss":0.4129540924705828,"val_loss":0.35966353962665004,"stage1/use_pretrain_model":false,"stage1_test_f1":0.8308489119377521,"stage":3,"stage1/test_f1":0.8308489119377521,"stage_3_separableconvcnn/confusion_matrix_table":{"log_mode":"IMMUTABLE","ncols":3,"size":1368,"artifact_path":"wandb-client-artifact://jd1v743jb5uyz2ul03mpynlef27uxfghcvmnilxlc2h8cbw4w55qt0be4c6elahzi5plxm7hwrdbvg4uzzzr05d3c020tla0kbj2alb9eak1bbd7cvy6ynd1ibypdo4x/stage_3_separableconvcnn/confusion_matrix_table.table.json","sha256":"6d0395253eec500abe3909ced0d52b9da87f293ce79a5542a1538458fa4e693f","nrows":36,"_type":"table-file","_latest_artifact_path":"wandb-client-artifact://0q3wk8pd0rjiattu75jpnpuykwiqktdtzm76vgku19hmx6e9e3a8c3myiwdkrkovpshoil8s4wg2dybuqxalfgih2kcqqvyrn0im0isn3unno4do9kv2cjgnffdcr1kt:latest/stage_3_separableconvcnn/confusion_matrix_table.table.json","path":"media/table/stage_3_separableconvcnn/confusion_matrix_table_10_6d0395253eec500abe39.table.json"},"stage2_test_f1":0.8694783585324495,"stage1_test_acc":83.4068544282321,"_runtime":19,"stage2_test_acc":86.46080760095012,"stage1/test_loss":0.4129540924705828,"_step":11,"mask_l1":0.4765625,"train_acc":92.4029022620572,"stage2_test_loss":0.352453033240641}