{"stage2/test_loss":0.7950494075008793,"stage1_test_f1":0.6782045044792259,"stage_1_separableconvcnn/confusion_matrix_table":{"_type":"table-file","nrows":64,"log_mode":"IMMUTABLE","_latest_artifact_path":"wandb-client-artifact://mt9s90ecdmvpfxj8js3w1ezxtkjejbm295jpstikjmntb47g4qzquo9fqfknkrpsv1vuil18xf480d6h4fbbe9qb00bxopdn9la3xxtidffluzswt3h8n68agc60kjuq:latest/stage_1_separableconvcnn/confusion_matrix_table.table.json","sha256":"6b5920f7eaf9da6e880b6c5a9bd2bc2d3ed87b55ba1b5511761e1c5b3b00df0f","artifact_path":"wandb-client-artifact://8lukklyx2ikb3obhkkd0ms7njjzmnkcfzycdsj2fnyer7sx37p593otra3d5bph0l800hmdle7ropuhbx7w8svqltkkk1l99imb7mdu0e5rf48spah7irr6n09wcyypk/stage_1_separableconvcnn/confusion_matrix_table.table.json","size":2015,"path":"media/table/stage_1_separableconvcnn/confusion_matrix_table_1_6b5920f7eaf9da6e880b.table.json","ncols":3},"stage2/block4_Pruned_%":57.03125,"stage2/raw_hard_mask_block3":"[0.0, 0.0, 0.0, 0.0, 0.0, 0.0, 0.0, 0.0, 0.0, 0.0, 0.0, 0.0, 0.0, 0.0, 0.0, 1.0, 0.0, 0.0, 0.0, 1.0, 1.0, 0.0, 0.0, 0.0, 0.0, 1.0, 0.0, 1.0, 0.0, 1.0, 0.0, 1.0, 0.0, 0.0, 0.0, 0.0, 0.0, 0.0, 0.0, 1.0, 0.0, 0.0, 0.0, 0.0, 1.0, 0.0, 0.0, 0.0, 0.0, 0.0, 0.0, 0.0, 0.0, 0.0, 1.0, 1.0, 0.0, 0.0, 0.0, 0.0, 1.0, 0.0, 1.0, 0.0, 0.0, 0.0, 0.0, 0.0, 0.0, 0.0, 0.0, 0.0, 0.0, 0.0, 0.0, 0.0, 0.0, 1.0, 0.0, 0.0, 1.0, 0.0, 0.0, 0.0, 1.0, 1.0, 0.0, 1.0, 0.0, 0.0, 0.0, 1.0, 1.0, 0.0, 1.0, 0.0, 0.0, 0.0, 0.0, 1.0, 1.0, 0.0, 0.0, 1.0, 0.0, 0.0, 0.0, 1.0, 0.0, 0.0, 0.0, 0.0, 0.0, 0.0, 0.0, 1.0, 1.0, 0.0, 0.0, 0.0, 1.0, 0.0, 0.0, 0.0, 1.0, 0.0, 0.0, 0.0]","block2_Pruned_%":67.1875,"stage3_test_loss":0.6591064140868519,"stage":3,"stage2/purpose":"train channel-pruning model with masking","stage2/raw_hard_mask_block2":"[1.0, 0.0, 0.0, 1.0, 1.0, 0.0, 0.0, 0.0, 0.0, 0.0, 1.0, 0.0, 0.0, 0.0, 1.0, 1.0, 1.0, 1.0, 1.0, 1.0, 0.0, 0.0, 1.0, 0.0, 1.0, 0.0, 0.0, 0.0, 0.0, 0.0, 0.0, 0.0, 1.0, 0.0, 0.0, 0.0, 1.0, 0.0, 0.0, 0.0, 0.0, 0.0, 0.0, 0.0, 0.0, 0.0, 0.0, 1.0, 1.0, 1.0, 1.0, 0.0, 0.0, 0.0, 0.0, 1.0, 1.0, 0.0, 0.0, 0.0, 0.0, 0.0, 0.0, 1.0]","model_param_count_pruned":7722,"stage2/mask_l1":0.3490230441093445,"stage3_test_acc":78.81504379185986,"stage2/final_mask_keep_ratio_block3":0.2265625,"stage1/test_loss":0.6365662128654477,"stage2_test_f1":0.6160586090569713,"stage1/test_f1":0.6782045044792259,"stage2/train_acc":50.303735552838155,"model_param_count_dense":36998,"stage2/final_mask_keep_ratio_block2":0.328125,"_wandb":{"runtime":153},"stage2/test_f1":0.6160586090569713,"model_param_count":7722,"stage_3_prunedseparableconvcnn/confusion_matrix_table":{"_latest_artifact_path":"wandb-client-artifact://mv3e55hpo7r9dbxs5ztox0jt1fzzm1maec5grkh9vo5vvdl7512fp9dmgjt0up2t7mvnk3bkjqxu8il2txhrb73w7gtb20r0abh3iunl4vi6qmxwc1jiapfphwrlb83v:latest/stage_3_prunedseparableconvcnn/confusion_matrix_table.table.json","sha256":"406996e26ff56238df71d92b93f9881a5fc6d46a4a85cc2be2f17707ee17868e","size":2015,"path":"media/table/stage_3_prunedseparableconvcnn/confusion_matrix_table_12_406996e26ff56238df71.table.json","ncols":3,"nrows":64,"_type":"table-file","log_mode":"IMMUTABLE","artifact_path":"wandb-client-artifact://8oe5pkbqh841dj56xgrz72abt7mvhl1ejhpluqmltfjw7sv1aqzvpj53is9a6i0f6b30bnyhslgupqupsx25ywnxh3zjh5zwh64dituqgizvvctotqnvkfn2gdkz75l9/stage_3_prunedseparableconvcnn/confusion_matrix_table.table.json"},"stage1_test_loss":0.6365662128654477,"stage2/train_loss":1.2589444061655635,"stage2/raw_hard_mask_block4":"[1.0, 0.0, 0.0, 0.0, 0.0, 0.0, 1.0, 1.0, 1.0, 1.0, 0.0, 1.0, 1.0, 0.0, 0.0, 0.0, 1.0, 0.0, 1.0, 0.0, 0.0, 1.0, 0.0, 0.0, 1.0, 1.0, 0.0, 0.0, 1.0, 1.0, 1.0, 0.0, 1.0, 0.0, 0.0, 0.0, 0.0, 0.0, 0.0, 0.0, 0.0, 0.0, 1.0, 1.0, 0.0, 1.0, 1.0, 0.0, 1.0, 1.0, 0.0, 1.0, 0.0, 1.0, 0.0, 1.0, 0.0, 1.0, 0.0, 0.0, 1.0, 1.0, 0.0, 0.0, 0.0, 1.0, 1.0, 1.0, 1.0, 1.0, 0.0, 0.0, 0.0, 1.0, 0.0, 0.0, 1.0, 0.0, 0.0, 1.0, 0.0, 0.0, 1.0, 0.0, 1.0, 0.0, 0.0, 1.0, 0.0, 1.0, 1.0, 0.0, 1.0, 0.0, 1.0, 0.0, 0.0, 1.0, 0.0, 1.0, 0.0, 0.0, 1.0, 0.0, 0.0, 1.0, 0.0, 0.0, 1.0, 0.0, 0.0, 0.0, 1.0, 0.0, 0.0, 0.0, 0.0, 1.0, 1.0, 1.0, 0.0, 1.0, 0.0, 1.0, 0.0, 0.0, 0.0, 1.0]","stage2/lr_gumbel":0.001,"train_acc":63.094158021379826,"stage3_test_f1":0.682147336163284,"train_loss":0.7129052596296118,"lr_loaded_weights":0.0001,"stage2/block3_Pruned_%":77.34375,"stage2/final_mask_keep_ratio_block4":0.4296875,"_runtime":153,"stage2/stage_number":2,"val_acc":59.23658624414836,"stage2/val_loss":1.1857562751747697,"stage2/epoch":20,"stage2/best_epoch":10,"_timestamp":1.7753812061297712e+09,"stage2_test_loss":0.7950494075008793,"Total_Pruned_%":67.1875,"best_val_loss":0.9424159611821131,"model_param_reduction_pct":79.12860154602951,"stage1_test_acc":78.7017001545595,"_step":14,"stage2/block2_Pruned_%":67.1875,"stage2/val_acc":47.101188332733166,"stage2_test_acc":75.5177743431221,"block3_Pruned_%":77.34375,"epoch":25,"stage2/lr_backbone":0.0001,"stage2/best_val_loss":1.088811046921782,"final_summary_log_path":"/home/qphan/master-thesis/models/wear_best_model_three_stage_channel_subject1_val_final_summary_val_1.txt","stage1/test_acc":78.7017001545595,"stage2/test_acc":75.5177743431221,"stage1/use_pretrain_model":false,"block4_Pruned_%":57.03125,"stage2/Total_Pruned_%":67.1875,"val_loss":0.9435559385407516}