{"stage1_test_acc":80.370942812983,"stage1/stage_number":1,"stage1_test_f1":0.7256325129686612,"_wandb":{"runtime":57},"stage1/train_loss":0.427608412669371,"stage1/lr":0.001,"stage1/test_acc":80.370942812983,"best_epoch":8,"stage1/test_f1":0.7256325129686612,"stage1/purpose":"train baseline model","stage_1_separableconvcnn/confusion_matrix_table":{"artifact_path":"wandb-client-artifact://um8v5hi9c63a4bdv0zji0ymfp73xi21hrbraak2a1g67i7umspl4vp4ijxzvgdd72utac8mzkhrmyzrteeqgwobufqqqvvsy1q79azzinaitwuxum0q9ijua21nzl0wx/stage_1_separableconvcnn/confusion_matrix_table.table.json","size":2010,"nrows":64,"log_mode":"IMMUTABLE","_latest_artifact_path":"wandb-client-artifact://rjxufdm71gq5xrr734yt2et34u9hrtp0or7rgzvk2tsibgvp56zej1g0fb9d18alugkojyn4zwpw9jue2v8edw2nwjmqmzauk3kwz20lxo93vrrrhggphio8hhuycqpr:latest/stage_1_separableconvcnn/confusion_matrix_table.table.json","path":"media/table/stage_1_separableconvcnn/confusion_matrix_table_5_cc22361e4539ed99a4c1.table.json","_type":"table-file","sha256":"cc22361e4539ed99a4c17d2a24879277be05bff39731ccff2d6cfae8c8c11b71","ncols":3},"stage1/val_acc":71.31639722863741,"test_acc":80.370942812983,"best_val_loss":0.7469548415642137,"test_loss":0.5530463382555676,"stage1/epoch":15,"test_f1_macro":0.7256325129686612,"stage1/train_acc":73.19055228592588,"_step":5,"stage1/val_loss":0.7538175346944954,"stage1/test_loss":0.5530463382555676,"stage1_test_loss":0.5530463382555676,"_runtime":57,"_timestamp":1.7766706892292302e+09,"stage1/best_val_loss":0.7469548415642137,"stage1/use_pretrain_model":false}