{"stage1/test_acc":90.93993892093654,"lr":0.001,"train_acc":95.67198177676538,"lr_backbone":0.0001,"stage3_test_f1":0.9041611965629741,"val_loss":0.36685235736672994,"stage1_test_acc":90.93993892093654,"stage1/use_pretrain_model":false,"stage1_test_loss":0.2537910104408076,"stage":3,"lr_gumbel_bin":0.001,"_step":8,"stage3_test_loss":0.32385045929878176,"stage2_test_loss":0.3694286211957876,"stage3_test_acc":90.49881235154395,"epoch":10,"stage_1_separableconvcnn/confusion_matrix_table":{"size":1365,"nrows":36,"sha256":"3e3d42bff713e031374cdc68ec4be2b385aa8d5138a0b4cfa77b4597d07c46d0","ncols":3,"log_mode":"IMMUTABLE","_type":"table-file","artifact_path":"wandb-client-artifact://9k93vp1bpsuhevf2hz51k3l1ohvuv5uip51dkdrk2e1ursalp9fy3n275qedfiskunudyqe0ilgn8utbf45ef8ih3k022j7vfa0onjflfdcehnm5zynrjqhdo8z5c7sg/stage_1_separableconvcnn/confusion_matrix_table.table.json","path":"media/table/stage_1_separableconvcnn/confusion_matrix_table_1_3e3d42bff713e031374c.table.json","_latest_artifact_path":"wandb-client-artifact://f5t244hj0yf1plxa2nycpu52oy4p91i3krscyj8t2ngsa8zkbbbzpkls4lde96tw5upz832jcskl0plxs0r46vxrq17gom0n7024crvdd6ekl0wbu4xcvvppkujeekki:latest/stage_1_separableconvcnn/confusion_matrix_table.table.json"},"_timestamp":1.7757794214191391e+09,"stage1_test_f1":0.9107699674134211,"train_loss":0.10692447254217839,"_wandb":{"runtime":12},"best_val_loss":0.20387739711432226,"mask_l1":0.296875,"stage2_test_acc":88.53070919579233,"bin_keep_ratio":0.4140625,"_runtime":12,"stage1/test_f1":0.9107699674134211,"val_acc":87.8048780487805,"stage_3_separableconvcnn/confusion_matrix_table":{"path":"media/table/stage_3_separableconvcnn/confusion_matrix_table_7_00ffc658c6d91ae1a97a.table.json","size":1367,"_latest_artifact_path":"wandb-client-artifact://9uu2j8c2qhlqbww44qik481w11pxqby4qvrl717x5gft044ifksuyhkgdwvypxfg20jx9njkoucgczczcpo1gbnr3ly2i0dt6ighgh3m3hlzx3umrlhet5at6y8wg8ae:latest/stage_3_separableconvcnn/confusion_matrix_table.table.json","artifact_path":"wandb-client-artifact://xi7rxq91txmxcqd9xdfr6dkqgc0yoimndd6l72rkdk3i2afkapbvwbpt6b3e91qw4dd423j1bov8w61ajlp0hrzimfdypff4o3w8tbymzxd7hybz0y2x5ol1pwze4m9i/stage_3_separableconvcnn/confusion_matrix_table.table.json","nrows":36,"log_mode":"IMMUTABLE","sha256":"00ffc658c6d91ae1a97a5a7b496ef4732d9023bdc5200ae3774411b7c0f4c7c8","ncols":3,"_type":"table-file"},"stage1/test_loss":0.2537910104408076,"stage2_test_f1":0.885441068896304,"stage2_hard_bin_mask_str":"[1.0, 1.0, 1.0, 1.0, 1.0, 1.0, 1.0, 1.0, 1.0, 1.0, 1.0, 1.0, 1.0, 1.0, 1.0, 1.0, 1.0, 1.0, 1.0, 1.0, 1.0, 1.0, 1.0, 1.0, 1.0, 1.0, 1.0, 1.0, 1.0, 1.0, 0.0, 1.0, 1.0, 1.0, 0.0, 0.0, 1.0, 1.0, 1.0, 1.0, 0.0, 0.0, 1.0, 1.0, 1.0, 1.0, 1.0, 1.0, 1.0, 0.0, 1.0, 1.0, 0.0, 1.0, 1.0, 0.0, 1.0, 1.0, 0.0, 0.0, 0.0, 0.0, 0.0, 0.0, 0.0, 1.0, 0.0, 0.0, 0.0, 0.0, 0.0, 0.0, 0.0, 0.0, 0.0, 0.0, 0.0, 1.0, 0.0, 0.0, 0.0, 0.0, 0.0, 0.0, 0.0, 0.0, 0.0, 0.0, 0.0, 0.0, 1.0, 0.0, 0.0, 0.0, 0.0, 0.0, 0.0, 0.0, 0.0, 0.0, 0.0, 0.0, 0.0, 0.0, 0.0, 0.0, 0.0, 0.0, 0.0, 0.0, 0.0, 0.0, 0.0, 0.0, 0.0, 0.0, 0.0, 0.0, 0.0, 0.0, 0.0, 0.0, 0.0, 0.0, 0.0, 0.0, 0.0, 0.0]"}