{"lr_gumbel_bin":0.001,"stage2_test_loss":1.1022464467854551,"stage2_test_f1":0.5458092649671265,"_step":11,"best_val_loss":1.540111669851321,"stage_1_separableconvcnn/confusion_matrix_table":{"path":"media/table/stage_1_separableconvcnn/confusion_matrix_table_0_9e055cb65400c65af3ab.table.json","_latest_artifact_path":"wandb-client-artifact://5j4bvs916ys1wv6gx7hhjhdf8lgl472b7rz290t0lahitx6tjbvbxv1khkdi4hu7mtcyk1mzmsdzj8l8jt9dqmhxah3knahu5qt5aay60dmx75ggu8uxhcqfzsg7t9cq:latest/stage_1_separableconvcnn/confusion_matrix_table.table.json","size":2015,"_type":"table-file","log_mode":"IMMUTABLE","artifact_path":"wandb-client-artifact://lxhrawcvym6cqlijh8ocxr98axe17f0hrq7hxye8pkynl2182axtczhd1ur3f3uib8ha0xskhu388s342wjnfu4agtxlp1wee6ohyymkyhiadrx4mjmtsbtt64ce1ut5/stage_1_separableconvcnn/confusion_matrix_table.table.json","ncols":3,"nrows":64,"sha256":"9e055cb65400c65af3ab0ea257bdeab9e79608d992ca34da56b5b152897597c0"},"train_acc":53.73342082761638,"train_loss":0.9206350623403328,"lr":0.001,"_runtime":193,"stage3_test_acc":66.36785162287481,"stage2_hard_bin_mask_str":"[1.0, 1.0, 1.0, 0.0, 0.0, 0.0, 0.0, 0.0, 0.0, 0.0, 0.0, 0.0, 0.0, 0.0, 0.0, 0.0, 0.0, 0.0, 0.0, 0.0, 0.0, 0.0, 0.0, 0.0, 0.0, 0.0, 0.0, 0.0, 0.0, 0.0, 0.0, 0.0, 0.0, 0.0, 0.0, 0.0, 0.0, 0.0, 0.0, 0.0, 0.0, 0.0, 0.0, 0.0, 0.0, 0.0, 0.0, 0.0, 0.0, 0.0, 0.0]","_wandb":{"runtime":193},"_timestamp":1.775895171417759e+09,"lr_backbone":0.0001,"stage_3_separableconvcnn/confusion_matrix_table":{"ncols":3,"_type":"table-file","artifact_path":"wandb-client-artifact://oxctms04et0jh3bh3id8ooqp50jgan5sveo0x6txnckqod21bsui0p9hxke7h4m30alyqm665q1nk63yd1rher0vetpi1ge0d9o1rokc7gfqtxs55dr4ud28at6xhmf6/stage_3_separableconvcnn/confusion_matrix_table.table.json","sha256":"4943b3971a9a787d8fecf8859d79df9183e33f924d2079caace7fcf5e3b6bfde","size":2028,"log_mode":"IMMUTABLE","nrows":64,"_latest_artifact_path":"wandb-client-artifact://nbijymnftab5wtqm59a5na8g834hpfad11870wvyfy2579mcdeslq258sys6pl3mz9mi4u0qs48p36ihqibtwz5cdsoyedzi14v362zkiqyi1z2ftt3b7hcsigap5oo8:latest/stage_3_separableconvcnn/confusion_matrix_table.table.json","path":"media/table/stage_3_separableconvcnn/confusion_matrix_table_10_4943b3971a9a787d8fec.table.json"},"val_acc":46.426332288401255,"stage1_test_loss":0.6650419088014311,"stage2_test_acc":63.091190108191654,"stage1_test_acc":78.16589386913962,"bin_keep_ratio":0.05882352963089943,"stage":3,"epoch":20,"stage3_test_loss":1.0010237876776873,"stage3_test_f1":0.5707158288919179,"val_loss":1.6126345813834928,"mask_l1":0.03921568766236305,"stage1_test_f1":0.670081033504409}