{"stage2_test_loss":0.7616857971406855,"lr_loaded_weights":0.0001,"stage2/test_f1":0.6358142456647743,"stage1/use_pretrain_model":false,"stage2/final_mask_keep_ratio_block2":0.28125,"stage1/test_acc":78.37197320968573,"block4_Pruned_%":56.25,"_step":14,"stage2/best_val_loss":0.7754394085704609,"stage3_test_loss":0.7162727706583427,"stage2/purpose":"train channel-pruning model with masking","stage":3,"stage1_test_loss":0.6435405399859535,"stage2/block2_Pruned_%":71.875,"stage2/mask_l1":0.3111516237258911,"stage2_test_acc":75.77537351880474,"stage2/val_acc":64.4754615038271,"stage2/train_acc":52.1050372624761,"_wandb":{"runtime":171},"_timestamp":1.77537924651387e+09,"stage2/lr_gumbel":0.001,"stage2/raw_hard_mask_block4":"[1.0, 0.0, 0.0, 1.0, 1.0, 0.0, 1.0, 1.0, 0.0, 0.0, 0.0, 0.0, 0.0, 1.0, 0.0, 0.0, 1.0, 1.0, 0.0, 0.0, 0.0, 1.0, 1.0, 1.0, 0.0, 1.0, 1.0, 1.0, 0.0, 1.0, 1.0, 0.0, 0.0, 1.0, 1.0, 0.0, 1.0, 1.0, 0.0, 0.0, 0.0, 0.0, 0.0, 0.0, 0.0, 0.0, 1.0, 0.0, 0.0, 0.0, 0.0, 0.0, 0.0, 1.0, 0.0, 0.0, 0.0, 0.0, 0.0, 0.0, 0.0, 1.0, 0.0, 1.0, 1.0, 0.0, 1.0, 1.0, 0.0, 0.0, 0.0, 1.0, 1.0, 0.0, 1.0, 1.0, 0.0, 0.0, 1.0, 0.0, 0.0, 0.0, 0.0, 0.0, 0.0, 0.0, 1.0, 1.0, 0.0, 0.0, 1.0, 0.0, 0.0, 1.0, 0.0, 1.0, 1.0, 0.0, 1.0, 1.0, 0.0, 0.0, 0.0, 1.0, 1.0, 1.0, 1.0, 0.0, 1.0, 1.0, 0.0, 0.0, 0.0, 1.0, 0.0, 1.0, 1.0, 1.0, 0.0, 1.0, 1.0, 1.0, 1.0, 0.0, 1.0, 1.0, 0.0, 0.0]","stage2/raw_hard_mask_block2":"[0.0, 0.0, 1.0, 1.0, 1.0, 0.0, 1.0, 1.0, 0.0, 1.0, 0.0, 0.0, 0.0, 0.0, 1.0, 0.0, 0.0, 0.0, 0.0, 0.0, 0.0, 0.0, 1.0, 0.0, 0.0, 0.0, 0.0, 0.0, 0.0, 0.0, 0.0, 0.0, 1.0, 0.0, 0.0, 0.0, 0.0, 0.0, 0.0, 0.0, 0.0, 0.0, 1.0, 0.0, 0.0, 0.0, 0.0, 1.0, 1.0, 1.0, 0.0, 1.0, 0.0, 0.0, 0.0, 0.0, 0.0, 1.0, 0.0, 1.0, 1.0, 1.0, 0.0, 0.0]","_runtime":171,"final_summary_log_path":"/home/qphan/master-thesis/models/wear_best_model_three_stage_channel_subject11_val_final_summary_val_11.txt","model_param_count":7145,"stage1_test_acc":78.37197320968573,"stage1/test_f1":0.6788417622107312,"stage2/epoch":30,"best_val_loss":0.7795492578390105,"stage2/val_loss":0.802738976526883,"stage_3_prunedseparableconvcnn/confusion_matrix_table":{"_type":"table-file","nrows":64,"_latest_artifact_path":"wandb-client-artifact://v0ejg3apght8s7t7rzqb5tcly6nku4ke72ie2ftm6rzi3vggif7eq6wylo7hginh71d0y044qbcqp2dgns3o3kbxb2mh6442gbdq1kt1seks6amyau8eqhkwvgzkxr30:latest/stage_3_prunedseparableconvcnn/confusion_matrix_table.table.json","log_mode":"IMMUTABLE","path":"media/table/stage_3_prunedseparableconvcnn/confusion_matrix_table_12_1bcd5e756c1d24246390.table.json","ncols":3,"artifact_path":"wandb-client-artifact://y9kscn9tsfovoqhids4zmkh2pc0c2bjfmkqlgkwbknsgf1cmb31cslhhbjiyj2onu079onbs95wuen1iq0ne7hzdbgu00o1894ip4mmhx539ko6uxk1ymw3apatljsg0/stage_3_prunedseparableconvcnn/confusion_matrix_table.table.json","size":2017,"sha256":"1bcd5e756c1d2424639028d665d7e4743eb6ec1c526c8eeb2e3c08756056e64f"},"block2_Pruned_%":71.875,"block3_Pruned_%":82.03125,"stage3_test_acc":77.31066460587326,"Total_Pruned_%":69.6875,"stage3_test_f1":0.6586634554094923,"stage2/best_epoch":21,"stage2/test_loss":0.7616857971406855,"val_acc":67.31202161188654,"stage2/lr_backbone":0.0001,"stage_1_separableconvcnn/confusion_matrix_table":{"path":"media/table/stage_1_separableconvcnn/confusion_matrix_table_1_a9e697e2119585023eba.table.json","_type":"table-file","_latest_artifact_path":"wandb-client-artifact://cyfuwl7tqqzdrirbmbjqemjzp8r9hhb6jktlktn110ku95bjh4vjdwis3eoxzn7jszqeiqvq4by85ijegdseyvnbe83xkeds6j6cxre8o7h94nxgrfi31e0bk7obv7vs:latest/stage_1_separableconvcnn/confusion_matrix_table.table.json","nrows":64,"ncols":3,"artifact_path":"wandb-client-artifact://itk83lcshgz2v22oa47uhv3qobhg7jwf2j1dtfnkxj638fm45tssr6x54vy77pq0cr5e1ulvuyg6a5aojbhps9eebe8jhfagzs4fjgt9alz5jna6wwd34yqk4qfujon5/stage_1_separableconvcnn/confusion_matrix_table.table.json","sha256":"a9e697e2119585023eba2e26192d1547a0ce353f171d14a3bf5a2c82a6538330","log_mode":"IMMUTABLE","size":2014},"stage2/stage_number":2,"val_loss":0.8041645839159578,"stage2/block4_Pruned_%":56.25,"stage2/final_mask_keep_ratio_block4":0.4375,"stage2_test_f1":0.6358142456647743,"train_acc":57.91876390026923,"model_param_count_pruned":7145,"stage2/raw_hard_mask_block3":"[0.0, 1.0, 0.0, 0.0, 0.0, 1.0, 0.0, 0.0, 0.0, 1.0, 0.0, 0.0, 0.0, 0.0, 0.0, 0.0, 0.0, 0.0, 1.0, 0.0, 0.0, 0.0, 0.0, 0.0, 0.0, 0.0, 0.0, 0.0, 0.0, 0.0, 1.0, 0.0, 0.0, 0.0, 0.0, 1.0, 0.0, 1.0, 0.0, 0.0, 0.0, 0.0, 0.0, 0.0, 0.0, 0.0, 0.0, 0.0, 0.0, 0.0, 1.0, 0.0, 0.0, 1.0, 0.0, 0.0, 1.0, 0.0, 1.0, 0.0, 0.0, 1.0, 0.0, 1.0, 0.0, 0.0, 0.0, 1.0, 1.0, 0.0, 0.0, 0.0, 0.0, 1.0, 0.0, 0.0, 0.0, 1.0, 0.0, 0.0, 0.0, 0.0, 0.0, 0.0, 0.0, 0.0, 0.0, 0.0, 1.0, 0.0, 0.0, 0.0, 0.0, 0.0, 0.0, 0.0, 1.0, 0.0, 0.0, 0.0, 1.0, 0.0, 0.0, 1.0, 0.0, 0.0, 1.0, 0.0, 0.0, 0.0, 0.0, 0.0, 0.0, 0.0, 0.0, 0.0, 0.0, 0.0, 0.0, 0.0, 0.0, 0.0, 0.0, 0.0, 0.0, 0.0, 0.0, 1.0]","stage1/test_loss":0.6435405399859535,"epoch":15,"stage2/test_acc":75.77537351880474,"stage2/block3_Pruned_%":82.03125,"model_param_reduction_pct":80.68814530515162,"model_param_count_dense":36998,"stage2/train_loss":1.1193025960882799,"stage2/Total_Pruned_%":69.6875,"stage1_test_f1":0.6788417622107312,"stage2/final_mask_keep_ratio_block3":0.1796875,"train_loss":0.7718386984121702}