{"stage_3_separableconvcnn/confusion_matrix_table":{"sha256":"f679b4127a8721f9185ab12124344b5dd1b00e519919e145fc7592efd349659f","_type":"table-file","size":1368,"path":"media/table/stage_3_separableconvcnn/confusion_matrix_table_9_f679b4127a8721f9185a.table.json","ncols":3,"log_mode":"IMMUTABLE","_latest_artifact_path":"wandb-client-artifact://1g7s6t346hpcswh2ieaoqqs09w1p97kglg2ntbdy6jp5csswr5jwg1nd3wk179e8pmj0ctbgvxkxl40u2ziz77bt1bgi6aq8cic6k43qej6hqglhynx3i1x380zk6p4p:latest/stage_3_separableconvcnn/confusion_matrix_table.table.json","artifact_path":"wandb-client-artifact://yzhfxau0llcfngxd4zdewsk8y958ot7i1du5o99owkhllz8qsei2y5g2kj27mlmv9ue50emwp5ruxbaapb2qmw29rlmtwytxlwzk1790s1de60ogmutlgpvtkku9xfbj/stage_3_separableconvcnn/confusion_matrix_table.table.json","nrows":36},"train_loss":0.16861749964471717,"stage3_test_loss":0.47591939426956664,"bin_keep_ratio":0.234375,"stage1/use_pretrain_model":false,"stage2_test_f1":0.8554404957478222,"_runtime":16,"stage1/test_f1":0.9190924499938599,"stage3_test_acc":86.73227010519172,"lr_backbone":0.0001,"stage1_test_loss":0.25057173036076164,"mask_l1":0.015625,"epoch":25,"_step":10,"stage":3,"stage2_test_acc":85.5106888361045,"stage1_test_f1":0.9190924499938599,"lr":0.001,"train_acc":92.37687366167023,"val_loss":0.27784244822203524,"stage1/test_loss":0.25057173036076164,"stage_1_separableconvcnn/confusion_matrix_table":{"_latest_artifact_path":"wandb-client-artifact://m1rbb9063yezwuaibrshivpuow0kjryct4tqk71q71jsxmaf9i61a97bzyjcfhrrqi1mcuy2pjtzy08ivwa505ytl3kshckahze06yg3e8uj03gv3l9b86rkxnklwbzc:latest/stage_1_separableconvcnn/confusion_matrix_table.table.json","size":1366,"sha256":"ba1709b9ded253dca6f14b8d1a777336f0cb86899167c45d58f90d5e787020ac","_type":"table-file","nrows":36,"path":"media/table/stage_1_separableconvcnn/confusion_matrix_table_1_ba1709b9ded253dca6f1.table.json","artifact_path":"wandb-client-artifact://2qbxau3k77uhves1wsdob74ju82zlbts29h4kase1ajdyhfy3krsvy3xhmdjiublqsmps84y5qcl36jtq48j461xkmt7023v7jd3c9vijbo3o3wdsp3a6si8wkj7xyxp/stage_1_separableconvcnn/confusion_matrix_table.table.json","log_mode":"IMMUTABLE","ncols":3},"stage1_test_acc":91.72039362063116,"stage1/test_acc":91.72039362063116,"lr_gumbel_bin":0.001,"_timestamp":1.776415503638271e+09,"val_acc":87.03170028818444,"stage2_hard_bin_mask_str":"[0.0, 0.0, 0.0, 1.0, 1.0, 1.0, 1.0, 1.0, 1.0, 0.0, 0.0, 1.0, 1.0, 0.0, 1.0, 0.0, 0.0, 0.0, 1.0, 1.0, 1.0, 1.0, 0.0, 1.0, 1.0, 0.0, 0.0, 0.0, 1.0, 0.0, 1.0, 0.0, 1.0, 1.0, 1.0, 0.0, 0.0, 0.0, 0.0, 0.0, 1.0, 0.0, 1.0, 0.0, 1.0, 0.0, 0.0, 0.0, 1.0, 0.0, 1.0, 0.0, 1.0, 1.0, 1.0, 0.0, 1.0, 0.0, 0.0, 0.0, 1.0, 0.0, 0.0, 0.0, 0.0, 0.0, 0.0, 0.0, 0.0, 0.0, 0.0, 0.0, 0.0, 0.0, 0.0, 0.0, 0.0, 0.0, 0.0, 0.0, 0.0, 0.0, 0.0, 0.0, 0.0, 0.0, 0.0, 0.0, 0.0, 0.0, 0.0, 0.0, 0.0, 0.0, 0.0, 0.0, 0.0, 0.0, 0.0, 0.0, 0.0, 0.0, 0.0, 0.0, 0.0, 0.0, 0.0, 0.0, 0.0, 0.0, 0.0, 0.0, 0.0, 0.0, 0.0, 0.0, 0.0, 0.0, 0.0, 0.0, 0.0, 0.0, 0.0, 0.0, 0.0, 0.0, 0.0, 0.0]","best_val_loss":0.2445711019225971,"stage2_test_loss":0.4616010334819282,"_wandb":{"runtime":16},"stage3_test_f1":0.8692847134349928}