{"train_loss":0.4356067589098962,"stage2_test_f1":0.7260480099182509,"stage3_test_loss":0.5923352385153787,"_step":14,"best_val_loss":0.583200188279984,"stage2_test_loss":0.5496044729630444,"stage1_test_f1":0.7122302966661915,"stage2_test_acc":82.90571870170015,"mask_l1":0.4000000059604645,"stage":3,"stage1_test_loss":0.5811286288575067,"epoch":20,"_timestamp":1.776456564783015e+09,"train_acc":71.9774011299435,"stage3_test_f1":0.7073642868162715,"lr_gumbel_bin":0.001,"stage3_test_acc":81.2982998454405,"lr_backbone":0.0001,"stage2_hard_bin_mask_str":"[0.0, 1.0, 1.0, 1.0, 1.0, 1.0, 1.0, 1.0, 1.0, 1.0, 1.0, 1.0, 1.0, 1.0, 0.0, 1.0, 1.0, 1.0, 1.0, 1.0, 1.0, 1.0, 1.0, 1.0, 1.0, 1.0, 1.0, 1.0, 1.0, 1.0, 1.0, 1.0, 1.0, 1.0, 1.0, 1.0, 1.0, 1.0, 0.0, 1.0, 1.0, 1.0, 1.0, 1.0, 1.0, 1.0, 0.0, 1.0, 1.0, 1.0, 0.0, 0.0, 0.0, 0.0, 0.0, 0.0, 0.0, 0.0, 0.0, 0.0, 0.0, 0.0, 0.0, 0.0, 0.0, 0.0, 0.0, 0.0, 0.0, 0.0, 0.0, 0.0, 0.0, 0.0, 0.0, 0.0, 0.0, 0.0, 0.0, 0.0, 0.0, 0.0, 0.0, 0.0, 0.0, 0.0, 0.0, 0.0, 0.0, 0.0, 0.0, 0.0, 0.0, 0.0, 0.0, 0.0, 0.0, 0.0, 0.0, 0.0]","val_acc":73.80176826430898,"_runtime":258,"stage_3_separableconvcnn/confusion_matrix_table":{"_type":"table-file","nrows":64,"artifact_path":"wandb-client-artifact://f3ro6gxc5q69l1mfapwp7lursh1bisru92rlhkge6majap3c73j52pnu9j170gut73q8rgqcp75d4jcnqqkqzuafrsmjuhv2trzxho3khf1kmc099xp42fsz0gudg5on/stage_3_separableconvcnn/confusion_matrix_table.table.json","path":"media/table/stage_3_separableconvcnn/confusion_matrix_table_13_366cdff652d6e319d011.table.json","log_mode":"IMMUTABLE","_latest_artifact_path":"wandb-client-artifact://bq5fwp8hrezhefx0yh2tepps2zbwhyqfvnyszd1ficlwwfhrcodkln2nmeg0z2bdxe29h9m291cohaudnvox80inaxkebsnysw9f1yx3n0fp465dr047qqjogqay2729:latest/stage_3_separableconvcnn/confusion_matrix_table.table.json","ncols":3,"sha256":"366cdff652d6e319d011566da8aea37e39e84c76eb862108d5c82e150eb0d78d","size":2014},"_wandb":{"runtime":258},"stage1_test_acc":81.71045852653272,"stage_1_separableconvcnn/confusion_matrix_table":{"sha256":"3c90f81d8dc907a3620a4304579daf6738a363fa92e53658b34946ea5bda7349","_latest_artifact_path":"wandb-client-artifact://dv5qgmm7u4jlqni5wcftmm7695jel61mj3jmm8od1f06mfudd3hlrpgpbi0tp0k0vy6co5r8bjpe6aam0i8lsvh9nycm3iptmdtrh2fz6me7p96qpdkub4429w12j30a:latest/stage_1_separableconvcnn/confusion_matrix_table.table.json","_type":"table-file","log_mode":"IMMUTABLE","nrows":64,"size":2016,"ncols":3,"path":"media/table/stage_1_separableconvcnn/confusion_matrix_table_0_3c90f81d8dc907a3620a.table.json","artifact_path":"wandb-client-artifact://om4v7n683ttwa8g1vghcjqcl2mrrcunuxyc6ejalwkx18fvnyigvpghef4bla7wmachdcnygeesupaubc7zk58qxwc1j5vb7fsq5d7zu7mgt0hpulfzu6kytnrn0128f/stage_1_separableconvcnn/confusion_matrix_table.table.json"},"bin_keep_ratio":0.46000000834465027,"val_loss":0.6396656606212889,"lr":0.001}