{"model_param_reduction_pct":65.51209721167407,"block4_Pruned_%":39.84375,"stage2/train_loss":0.6525650049134883,"stage2/test_loss":0.5029062578229901,"stage3_test_loss":0.3193913929328031,"stage2/stage_number":2,"stage2/block3_Pruned_%":60.9375,"stage2_test_loss":0.5029062578229901,"stage1/use_pretrain_model":false,"stage2/purpose":"train channel-pruning model with masking","val_loss":0.34601061601264804,"model_param_count":12715,"stage2/raw_hard_mask_block4":"[1.0, 0.0, 1.0, 1.0, 1.0, 0.0, 0.0, 0.0, 1.0, 0.0, 1.0, 1.0, 1.0, 0.0, 0.0, 1.0, 0.0, 1.0, 0.0, 1.0, 1.0, 1.0, 1.0, 0.0, 1.0, 0.0, 0.0, 0.0, 1.0, 0.0, 1.0, 1.0, 1.0, 1.0, 1.0, 1.0, 1.0, 1.0, 1.0, 0.0, 1.0, 0.0, 1.0, 1.0, 0.0, 1.0, 0.0, 1.0, 1.0, 1.0, 0.0, 1.0, 1.0, 1.0, 0.0, 1.0, 1.0, 1.0, 0.0, 1.0, 0.0, 0.0, 1.0, 0.0, 1.0, 1.0, 1.0, 0.0, 1.0, 0.0, 1.0, 1.0, 0.0, 1.0, 1.0, 1.0, 0.0, 0.0, 1.0, 1.0, 0.0, 0.0, 1.0, 0.0, 0.0, 1.0, 1.0, 0.0, 1.0, 1.0, 1.0, 1.0, 1.0, 0.0, 1.0, 1.0, 0.0, 1.0, 0.0, 1.0, 1.0, 1.0, 0.0, 0.0, 1.0, 0.0, 0.0, 0.0, 0.0, 1.0, 0.0, 1.0, 1.0, 0.0, 1.0, 1.0, 1.0, 0.0, 1.0, 1.0, 0.0, 1.0, 0.0, 1.0, 1.0, 0.0, 0.0, 0.0]","epoch":45,"val_acc":87.00980392156863,"stage2/train_acc":75.08640552995392,"stage2/raw_hard_mask_block3":"[0.0, 1.0, 0.0, 0.0, 0.0, 0.0, 1.0, 1.0, 1.0, 0.0, 1.0, 0.0, 1.0, 0.0, 1.0, 1.0, 1.0, 1.0, 0.0, 1.0, 1.0, 1.0, 0.0, 0.0, 0.0, 0.0, 1.0, 0.0, 0.0, 1.0, 0.0, 1.0, 0.0, 1.0, 1.0, 0.0, 0.0, 1.0, 0.0, 1.0, 0.0, 0.0, 0.0, 1.0, 1.0, 1.0, 0.0, 0.0, 0.0, 1.0, 0.0, 0.0, 1.0, 0.0, 0.0, 1.0, 0.0, 0.0, 0.0, 0.0, 0.0, 0.0, 0.0, 0.0, 0.0, 0.0, 0.0, 0.0, 0.0, 1.0, 0.0, 0.0, 1.0, 0.0, 0.0, 0.0, 1.0, 1.0, 1.0, 0.0, 1.0, 0.0, 1.0, 0.0, 1.0, 1.0, 0.0, 1.0, 0.0, 0.0, 0.0, 0.0, 0.0, 0.0, 0.0, 1.0, 1.0, 0.0, 1.0, 0.0, 0.0, 0.0, 1.0, 0.0, 1.0, 1.0, 1.0, 1.0, 0.0, 0.0, 0.0, 0.0, 1.0, 0.0, 0.0, 0.0, 0.0, 0.0, 0.0, 0.0, 0.0, 0.0, 1.0, 1.0, 0.0, 1.0, 1.0, 1.0]","stage1/test_loss":0.2619451821396462,"stage2/block2_Pruned_%":51.5625,"_step":24,"stage2/mask_l1":0.46077650785446167,"stage2/best_epoch":44,"stage2/epoch":50,"stage1_test_acc":90.09161859518154,"_timestamp":1.7758521601353023e+09,"stage":3,"stage1/test_f1":0.903082410668676,"stage1/test_acc":90.09161859518154,"stage1_test_loss":0.2619451821396462,"stage2/test_f1":0.8072718031612043,"stage2/lr_gumbel":0.001,"model_param_count_dense":36868,"Total_Pruned_%":50.625,"stage2/val_loss":0.5887335246684504,"lr_loaded_weights":0.0001,"stage2/final_mask_keep_ratio_block2":0.484375,"stage2/test_acc":80.25110281642348,"stage1_test_f1":0.903082410668676,"stage3_test_acc":88.80217170003394,"stage2/final_mask_keep_ratio_block3":0.390625,"stage_3_prunedseparableconvcnn/confusion_matrix_table":{"path":"media/table/stage_3_prunedseparableconvcnn/confusion_matrix_table_22_0d50df48083c7e00821b.table.json","ncols":3,"_latest_artifact_path":"wandb-client-artifact://1pc2ex5k5acok7gtcqlcy3anjoxi4qtm7cfluow52sjxzzbk90aaijfp4788prbfljlokfvzrhgxm6ksjvi5uybntdjtlbh41xvklz0ieuqe99at3ptrlz3jvi8vr8d2:latest/stage_3_prunedseparableconvcnn/confusion_matrix_table.table.json","artifact_path":"wandb-client-artifact://4suzlen7j5eqrlfaso28xhprr18mslcbvw08bydsxbcptqsqncg8z1mr6v2ckbage70bnuzixab0lyrqv5v7ytl7bpc9oxs12j9i9tc65348y83sy7glho03wpj1z05l/stage_3_prunedseparableconvcnn/confusion_matrix_table.table.json","sha256":"0d50df48083c7e00821b0fc3755c91b6813c52fcb9a38a5b4e3e8fdfc1617540","nrows":36,"_type":"table-file","size":1368,"log_mode":"IMMUTABLE"},"block2_Pruned_%":51.5625,"stage2_test_f1":0.8072718031612043,"stage2/raw_hard_mask_block2":"[1.0, 0.0, 0.0, 0.0, 1.0, 0.0, 0.0, 1.0, 0.0, 0.0, 0.0, 1.0, 0.0, 0.0, 0.0, 0.0, 0.0, 1.0, 0.0, 0.0, 1.0, 1.0, 1.0, 1.0, 0.0, 0.0, 0.0, 0.0, 1.0, 0.0, 1.0, 0.0, 1.0, 1.0, 1.0, 0.0, 1.0, 1.0, 1.0, 0.0, 1.0, 0.0, 0.0, 1.0, 0.0, 1.0, 1.0, 1.0, 0.0, 0.0, 0.0, 1.0, 1.0, 1.0, 1.0, 0.0, 1.0, 1.0, 1.0, 0.0, 1.0, 1.0, 0.0, 0.0]","_runtime":46,"stage2/Total_Pruned_%":50.625,"train_acc":91.4458525345622,"stage_1_separableconvcnn/confusion_matrix_table":{"size":1368,"artifact_path":"wandb-client-artifact://hcpd5kcc6zz4c8n1iv15rxicsj9t03oysul5qvp3ujq8kf3t44avuo7fgd6x6d0cr1ennffk8he4eksgkb759596hur1f7fw87su3kvjnbwzsgmkx1cmcxtc8g9ridwr/stage_1_separableconvcnn/confusion_matrix_table.table.json","sha256":"7564a7f0cb013ffdab37b14a0d596fcd5b0e85878f66aeb5e1b86ab4c6ab1b99","path":"media/table/stage_1_separableconvcnn/confusion_matrix_table_1_7564a7f0cb013ffdab37.table.json","log_mode":"IMMUTABLE","ncols":3,"nrows":36,"_latest_artifact_path":"wandb-client-artifact://6a83ma8i17gm7ct7one9h5nqmb8n9nflnu4q7agxps319plb8ua3jczso07cgofmh9vjpxo93pac2mazgd8bpyh6zimvsung9fgmsuy1pkf7zdupo7l9tjwvxuucy8xl:latest/stage_1_separableconvcnn/confusion_matrix_table.table.json","_type":"table-file"},"model_param_count_pruned":12715,"stage2_test_acc":80.25110281642348,"best_val_loss":0.3345546915250666,"stage2/lr_backbone":0.0001,"_wandb":{"runtime":46},"block3_Pruned_%":60.9375,"stage2/val_acc":77.94117647058823,"final_summary_log_path":"/home/qphan/master-thesis/models/uci_best_model_three_stage_channel_subject21_val_final_summary_val_21.txt","stage3_test_f1":0.889925169624676,"train_loss":0.20808596139953983,"stage2/final_mask_keep_ratio_block4":0.6015625,"stage2/block4_Pruned_%":39.84375,"stage2/best_val_loss":0.5569592650030174}