{"bin_keep_ratio":0.6171875,"train_acc":95.5798749289369,"train_loss":0.10629000079952024,"val_loss":0.45361321075716093,"val_acc":87.34177215189874,"stage1/test_acc":89.61655921275874,"stage3_test_loss":0.2815153396928244,"stage1/test_loss":0.30762790839500526,"epoch":15,"stage_3_separableconvcnn/confusion_matrix_table":{"sha256":"5ae127fb43a9ede62d43713d2964be2c8a4c18af4008fa8853349b1225db8cbb","size":1367,"nrows":36,"artifact_path":"wandb-client-artifact://4j6pguejcwlt93nmvqms4o6n1mqkzpkdmjw9me5ytwn28412jg2scoreyhnb4afxdd0w4pk28xohewkc2by76m8omruyix5xho5tk3r4b0c8omyjznr7o3ne2lf50sm2/stage_3_separableconvcnn/confusion_matrix_table.table.json","log_mode":"IMMUTABLE","ncols":3,"_latest_artifact_path":"wandb-client-artifact://9t6ftsw25lz8ddbcgumekychyho5pdw0vklddysqtfkg45hcetamndfhqhrqegw22nycj4cqerr2z8gykc6d4s3acra2alqu03hwnhwfvtycsf29zkt0awvq848vwt3t:latest/stage_3_separableconvcnn/confusion_matrix_table.table.json","path":"media/table/stage_3_separableconvcnn/confusion_matrix_table_7_5ae127fb43a9ede62d43.table.json","_type":"table-file"},"stage2_test_acc":89.88802171700034,"lr":0.001,"_step":8,"_runtime":13,"stage1_test_f1":0.8961242757189599,"lr_gumbel_bin":0.001,"stage1_test_acc":89.61655921275874,"stage1/test_f1":0.8961242757189599,"stage2_test_f1":0.9006132430474284,"best_val_loss":0.22321536062686909,"_wandb":{"runtime":13},"stage2_test_loss":0.37348624013586146,"stage3_test_f1":0.9026325355822403,"stage":3,"mask_l1":0.5,"lr_backbone":0.0001,"_timestamp":1.7757745564964614e+09,"stage2_hard_bin_mask_str":"[0.0, 0.0, 1.0, 1.0, 1.0, 1.0, 1.0, 1.0, 1.0, 1.0, 1.0, 1.0, 1.0, 1.0, 1.0, 1.0, 1.0, 1.0, 1.0, 1.0, 1.0, 1.0, 1.0, 1.0, 1.0, 1.0, 1.0, 1.0, 1.0, 1.0, 1.0, 1.0, 1.0, 1.0, 1.0, 1.0, 1.0, 1.0, 1.0, 1.0, 1.0, 1.0, 1.0, 1.0, 1.0, 1.0, 1.0, 1.0, 1.0, 1.0, 1.0, 1.0, 1.0, 1.0, 1.0, 1.0, 1.0, 1.0, 1.0, 1.0, 1.0, 1.0, 1.0, 1.0, 0.0, 0.0, 0.0, 1.0, 0.0, 0.0, 0.0, 1.0, 0.0, 0.0, 0.0, 0.0, 1.0, 0.0, 0.0, 0.0, 0.0, 0.0, 0.0, 0.0, 1.0, 0.0, 0.0, 0.0, 0.0, 1.0, 1.0, 0.0, 0.0, 0.0, 0.0, 0.0, 0.0, 0.0, 1.0, 0.0, 1.0, 0.0, 0.0, 0.0, 0.0, 1.0, 1.0, 0.0, 0.0, 1.0, 0.0, 0.0, 1.0, 1.0, 0.0, 1.0, 1.0, 0.0, 1.0, 0.0, 1.0, 0.0, 0.0, 0.0, 0.0, 0.0, 0.0, 0.0]","stage_1_separableconvcnn/confusion_matrix_table":{"_type":"table-file","log_mode":"IMMUTABLE","artifact_path":"wandb-client-artifact://9hxze4brkmbf9xlnphc4qquzs8ecuvjb200v0c606rqntlxx0gifiseyy6tnsyhbwj2faa3zdurf8g4juaok33j7czddknvcan6cjfnys3bwhj1vmoj52ozhihvcveg5/stage_1_separableconvcnn/confusion_matrix_table.table.json","sha256":"6e0f583a980f4a62f8a486c70ad35b762f0b913d7d32e7115e69715abc10ca24","path":"media/table/stage_1_separableconvcnn/confusion_matrix_table_1_6e0f583a980f4a62f8a4.table.json","_latest_artifact_path":"wandb-client-artifact://g06m94q8pubhdtvq9tlzupc5df01limvm493rpmw9xj08zjvkie8xb8ppi7y5l28fvvmmdctfzf9ed7obd6w5efvp2wl160ly3jd3q1joss4zw4sohugoqqhgje8cj4w:latest/stage_1_separableconvcnn/confusion_matrix_table.table.json","ncols":3,"size":1367,"nrows":36},"stage1_test_loss":0.30762790839500526,"stage3_test_acc":90.02375296912113,"stage1/use_pretrain_model":false}