{"stage1/purpose":"train baseline model","stage1/stage_number":1,"stage1/epoch":15,"stage1/best_val_loss":0.39837985270791393,"_timestamp":1.7763657169322398e+09,"stage1/train_loss":0.4320019955555749,"stage1/val_loss":0.399174159879593,"best_epoch":9,"stage1/train_acc":73.91372579790887,"stage1_test_loss":0.5018010108288817,"stage1/use_pretrain_model":false,"stage_1_separableconvcnn/confusion_matrix_table":{"_type":"table-file","ncols":3,"size":2011,"_latest_artifact_path":"wandb-client-artifact://xcdquh4ulmqv2vsdaomg3b5eop7232uwxnsgygtsnq3adoxi76rcdo3jdb6dxot2ze0vsuuftmetcab6tjssa7v0llu0bgt05bnx9u90poe0urzq3n24sloorkb5c5by:latest/stage_1_separableconvcnn/confusion_matrix_table.table.json","nrows":64,"path":"media/table/stage_1_separableconvcnn/confusion_matrix_table_5_881de464ef77822363db.table.json","sha256":"881de464ef77822363db28f389320a140cc172a5aeee7a716fc702c77c948db0","log_mode":"IMMUTABLE","artifact_path":"wandb-client-artifact://izw7ror9pc38a4ip988uwkpiw96a5jr5pepsx4zy606zguxirqj98dafaoj00h3hchx2318z1btaq1kgbccqdbr0erqt0tz9h6q3ft73x0iy00wcn4s8b1atwsw2ckgo/stage_1_separableconvcnn/confusion_matrix_table.table.json"},"stage1/val_acc":78.21742605915267,"_step":5,"stage1/test_f1":0.7374803611071392,"best_val_loss":0.39837985270791393,"stage1_test_acc":83.43122102009274,"_wandb":{"runtime":60},"stage1/lr":0.001,"test_loss":0.5018010108288817,"test_f1_macro":0.7374803611071392,"stage1_test_f1":0.7374803611071392,"stage1/test_acc":83.43122102009274,"stage1/test_loss":0.5018010108288817,"test_acc":83.43122102009274,"_runtime":60}